"Term_id"	"Group"	"QC"
"1"	"GO:0000002"	"cellular component organization"	"+"
"2"	"GO:0000012"	"stress response"	"0.953492699707865"
"3"	"GO:0000017"	"transport"	"0.853741352641622"
"4"	"GO:0000018"	"cell cycle"	"0.934091334342871"
"5"	"GO:0000019"	"cell cycle"	"0.978566485977123"
"6"	"GO:0000022"	"cell cycle"	"0.992482116135903"
"7"	"GO:0000023"	"metabolic process"	"0.99080804801949"
"8"	"GO:0000025"	"metabolic process"	"0.987400128914061"
"9"	"GO:0000027"	"cellular component organization"	"0.979448492308431"
"10"	"GO:0000028"	"cellular component organization"	"+"
"11"	"GO:0000030"	"metabolic process"	"+"
"12"	"GO:0000038"	"metabolic process"	"0.953508839035284"
"13"	"GO:0000041"	"transport"	"+"
"14"	"GO:0000045"	"cellular component organization"	"+"
"15"	"GO:0000049"	"gene regulation"	"+"
"16"	"GO:0000050"	"metabolic process"	"0.903661922678513"
"17"	"GO:0000052"	"metabolic process"	"0.932286929235148"
"18"	"GO:0000053"	"metabolic process"	"0.955124115718562"
"19"	"GO:0000054"	"transport"	"+"
"20"	"GO:0000055"	"transport"	"0.945407141726944"
"21"	"GO:0000056"	"transport"	"0.911451954858778"
"22"	"GO:0000062"	"metabolic process"	"+"
"23"	"GO:0000070"	"cell cycle"	"+"
"24"	"GO:0000075"	"cell cycle"	"+"
"25"	"GO:0000076"	"cell cycle"	"+"
"26"	"GO:0000077"	"cell cycle"	"+"
"27"	"GO:0000079"	"protein modification/signaling"	"+"
"28"	"GO:0000082"	"cell cycle"	"+"
"29"	"GO:0000086"	"cell cycle"	"+"
"30"	"GO:0000096"	"metabolic process"	"+"
"31"	"GO:0000097"	"metabolic process"	"+"
"32"	"GO:0000098"	"metabolic process"	"0.97439344702718"
"33"	"GO:0000101"	"transport"	"0.868261476164812"
"34"	"GO:0000103"	"metabolic process"	"0.878381333242741"
"35"	"GO:0000105"	"metabolic process"	"0.927531980800305"
"36"	"GO:0000122"	"gene regulation"	"+"
"37"	"GO:0000123"	"gene regulation"	"+"
"38"	"GO:0000132"	"cell cycle"	"0.77952474759101"
"39"	"GO:0000139"	"ER/endosome/lysosome related process"	"+"
"40"	"GO:0000149"	"transport"	"+"
"41"	"GO:0000154"	"gene regulation"	"+"
"42"	"GO:0000165"	"protein modification/signaling"	"+"
"43"	"GO:0000175"	"cell cycle"	"+"
"44"	"GO:0000183"	"gene regulation"	"0.728288085410116"
"45"	"GO:0000184"	"gene regulation"	"+"
"46"	"GO:0000209"	"protein modification/signaling"	"+"
"47"	"GO:0000212"	"cell cycle"	"+"
"48"	"GO:0000217"	"gene regulation"	"+"
"49"	"GO:0000226"	"cellular component organization"	"+"
"50"	"GO:0000244"	"cellular component organization"	"0.690822415100793"
"51"	"GO:0000245"	"gene regulation"	"0.483309677998648"
"52"	"GO:0000255"	"metabolic process"	"0.963970968930808"
"53"	"GO:0000256"	"metabolic process"	"0.993199440414123"
"54"	"GO:0000266"	"cellular component organization"	"0.934602422194522"
"55"	"GO:0000270"	"metabolic process"	"0.614426852487623"
"56"	"GO:0000271"	"metabolic process"	"0.938975128557844"
"57"	"GO:0000272"	"metabolic process"	"0.985297558185485"
"58"	"GO:0000278"	"cell cycle"	"+"
"59"	"GO:0000280"	"cell cycle"	"+"
"60"	"GO:0000281"	"cell cycle"	"+"
"61"	"GO:0000287"	"protein modification/signaling"	"+"
"62"	"GO:0000288"	"gene regulation"	"+"
"63"	"GO:0000289"	"gene regulation"	"+"
"64"	"GO:0000290"	"gene regulation"	"0.959094807800135"
"65"	"GO:0000296"	"transport"	"0.969885103961374"
"66"	"GO:0000301"	"ER/endosome/lysosome related process"	"0.924979910397383"
"67"	"GO:0000302"	"stress response"	"+"
"68"	"GO:0000303"	"stress response"	"0.902261202210841"
"69"	"GO:0000304"	"stress response"	"0.661057276223628"
"70"	"GO:0000305"	"stress response"	"0.898619935822287"
"71"	"GO:0000320"	"cell cycle"	"0.945578511394398"
"72"	"GO:0000338"	"protein modification/signaling"	"+"
"73"	"GO:0000348"	"cellular component organization"	"0.531705385705172"
"74"	"GO:0000349"	"cellular component organization"	"0.444099110483116"
"75"	"GO:0000350"	"cellular component organization"	"0.609160304142121"
"76"	"GO:0000353"	"cellular component organization"	"0.482809036058675"
"77"	"GO:0000354"	"cellular component organization"	"0.437201015666613"
"78"	"GO:0000365"	"gene regulation"	"0.438912316582826"
"79"	"GO:0000375"	"gene regulation"	"0.882556214397198"
"80"	"GO:0000377"	"gene regulation"	"+"
"81"	"GO:0000378"	"metabolic process"	"0.497362067819523"
"82"	"GO:0000379"	"gene regulation"	"0.852287151078614"
"83"	"GO:0000380"	"gene regulation"	"+"
"84"	"GO:0000381"	"gene regulation"	"+"
"85"	"GO:0000387"	"cellular component organization"	"0.64772327443342"
"86"	"GO:0000388"	"cellular component organization"	"0.811488047807012"
"87"	"GO:0000389"	"cellular component organization"	"0.567545624513795"
"88"	"GO:0000390"	"gene regulation"	"0.662265871207246"
"89"	"GO:0000393"	"cellular component organization"	"0.571061554299458"
"90"	"GO:0000394"	"gene regulation"	"0.910594497230852"
"91"	"GO:0000395"	"cellular component organization"	"0.461829709375692"
"92"	"GO:0000398"	"gene regulation"	"+"
"93"	"GO:0000407"	"cellular component organization"	"+"
"94"	"GO:0000409"	"gene regulation"	"0.952515010692227"
"95"	"GO:0000411"	"gene regulation"	"0.776316135616199"
"96"	"GO:0000413"	"protein modification/signaling"	"+"
"97"	"GO:0000422"	"metabolic process"	"+"
"98"	"GO:0000423"	"cellular component organization"	"+"
"99"	"GO:0000425"	"metabolic process"	"0.628456277444026"
"100"	"GO:0000429"	"gene regulation"	"0.609835375938768"
"101"	"GO:0000430"	"gene regulation"	"0.729887096139752"
"102"	"GO:0000431"	"gene regulation"	"0.790383353845232"
"103"	"GO:0000432"	"gene regulation"	"0.664980032797298"
"104"	"GO:0000435"	"gene regulation"	"0.822392272577527"
"105"	"GO:0000436"	"gene regulation"	"0.659932624011185"
"106"	"GO:0000447"	"gene regulation"	"0.912585242633086"
"107"	"GO:0000448"	"gene regulation"	"0.881110468085982"
"108"	"GO:0000451"	"metabolic process"	"0.387345795790589"
"109"	"GO:0000454"	"metabolic process"	"0.507865963305542"
"110"	"GO:0000455"	"metabolic process"	"0.575852549119569"
"111"	"GO:0000460"	"metabolic process"	"+"
"112"	"GO:0000461"	"gene regulation"	"0.914630917341859"
"113"	"GO:0000462"	"gene regulation"	"0.867039315847505"
"114"	"GO:0000463"	"gene regulation"	"+"
"115"	"GO:0000466"	"gene regulation"	"+"
"116"	"GO:0000467"	"gene regulation"	"0.841053332382831"
"117"	"GO:0000470"	"metabolic process"	"+"
"118"	"GO:0000472"	"gene regulation"	"0.965004359365319"
"119"	"GO:0000479"	"gene regulation"	"0.843298404480567"
"120"	"GO:0000480"	"gene regulation"	"0.897088324582638"
"121"	"GO:0000481"	"metabolic process"	"0.624670570867161"
"122"	"GO:0000491"	"cellular component organization"	"+"
"123"	"GO:0000492"	"cellular component organization"	"0.948733699903875"
"124"	"GO:0000493"	"cellular component organization"	"0.972792290973005"
"125"	"GO:0000494"	"gene regulation"	"0.55251795775738"
"126"	"GO:0000495"	"metabolic process"	"0.559119849922274"
"127"	"GO:0000502"	"metabolic process"	"+"
"128"	"GO:0000512"	"gene regulation"	"0.844121038647103"
"129"	"GO:0000578"	"morphogenesis/development"	"0.907813750489757"
"130"	"GO:0000706"	"cell cycle"	"0.792926984666167"
"131"	"GO:0000707"	"cell cycle"	"0.943960401370453"
"132"	"GO:0000708"	"cell cycle"	"0.937429963417703"
"133"	"GO:0000709"	"cell cycle"	"0.873487244879864"
"134"	"GO:0000710"	"stress response"	"0.783302974088973"
"135"	"GO:0000711"	"cell cycle"	"0.851401480566652"
"136"	"GO:0000712"	"cell cycle"	"0.979240029791166"
"137"	"GO:0000715"	"cellular component organization"	"0.437808820125699"
"138"	"GO:0000717"	"cell cycle"	"0.623224358034791"
"139"	"GO:0000720"	"stress response"	"0.873039851733866"
"140"	"GO:0000722"	"cell cycle"	"+"
"141"	"GO:0000723"	"cell cycle"	"+"
"142"	"GO:0000724"	"stress response"	"+"
"143"	"GO:0000725"	"stress response"	"+"
"144"	"GO:0000727"	"stress response"	"+"
"145"	"GO:0000729"	"stress response"	"+"
"146"	"GO:0000730"	"cell cycle"	"0.792218857247106"
"147"	"GO:0000731"	"stress response"	"0.736388592315376"
"148"	"GO:0000732"	"stress response"	"0.599845442369435"
"149"	"GO:0000741"	"cellular component organization"	"0.818728996453468"
"150"	"GO:0000768"	"morphogenesis/development"	"+"
"151"	"GO:0000774"	"other"	"+"
"152"	"GO:0000819"	"cell cycle"	"+"
"153"	"GO:0000820"	"metabolic process"	"0.876120224371888"
"154"	"GO:0000821"	"metabolic process"	"0.914142461342629"
"155"	"GO:0000902"	"morphogenesis/development"	"+"
"156"	"GO:0000910"	"cell cycle"	"0.890694296556779"
"157"	"GO:0000912"	"cellular component organization"	"0.710130233734402"
"158"	"GO:0000915"	"cellular component organization"	"0.510842188998884"
"159"	"GO:0000916"	"cell cycle"	"0.39816910533106"
"160"	"GO:0000917"	"cellular component organization"	"0.496644943783185"
"161"	"GO:0000921"	"cellular component organization"	"0.929277521522367"
"162"	"GO:0000932"	"other"	"+"
"163"	"GO:0000956"	"gene regulation"	"+"
"164"	"GO:0000957"	"metabolic process"	"0.784812915133261"
"165"	"GO:0000958"	"gene regulation"	"0.6600812835702"
"166"	"GO:0000959"	"metabolic process"	"+"
"167"	"GO:0000960"	"metabolic process"	"0.64995293057657"
"168"	"GO:0000961"	"metabolic process"	"0.496813569098758"
"169"	"GO:0000962"	"metabolic process"	"0.831416775636877"
"170"	"GO:0000963"	"gene regulation"	"0.968687094612053"
"171"	"GO:0000964"	"gene regulation"	"0.924483163860431"
"172"	"GO:0000965"	"gene regulation"	"0.87313680952858"
"173"	"GO:0000966"	"gene regulation"	"+"
"174"	"GO:0000967"	"gene regulation"	"0.729320503515742"
"175"	"GO:0000968"	"gene regulation"	"0.678615971858353"
"176"	"GO:0000972"	"gene regulation"	"0.592979079243196"
"177"	"GO:0000973"	"gene regulation"	"0.673185682822715"
"178"	"GO:0000979"	"gene regulation"	"+"
"179"	"GO:0001046"	"gene regulation"	"+"
"180"	"GO:0001079"	"gene regulation"	"0.63346145600195"
"181"	"GO:0001080"	"gene regulation"	"0.649310946579848"
"182"	"GO:0001099"	"gene regulation"	"+"
"183"	"GO:0001100"	"cell cycle"	"0.912815322897564"
"184"	"GO:0001101"	"response to stimulus"	"+"
"185"	"GO:0001109"	"gene regulation"	"0.913811451784634"
"186"	"GO:0001111"	"gene regulation"	"0.906929136232806"
"187"	"GO:0001112"	"gene regulation"	"0.749958722708993"
"188"	"GO:0001113"	"gene regulation"	"0.845704755857935"
"189"	"GO:0001120"	"cellular component organization"	"0.603235792245102"
"190"	"GO:0001172"	"gene regulation"	"0.847786480410797"
"191"	"GO:0001173"	"gene regulation"	"0.947535162669338"
"192"	"GO:0001174"	"gene regulation"	"0.936692442859771"
"193"	"GO:0001178"	"gene regulation"	"0.944885816085138"
"194"	"GO:0001188"	"gene regulation"	"0.880646620893926"
"195"	"GO:0001192"	"gene regulation"	"0.334946449931013"
"196"	"GO:0001193"	"gene regulation"	"0.416794000021829"
"197"	"GO:0001216"	"gene regulation"	"+"
"198"	"GO:0001217"	"gene regulation"	"+"
"199"	"GO:0001221"	"gene regulation"	"+"
"200"	"GO:0001223"	"gene regulation"	"+"
"201"	"GO:0001227"	"gene regulation"	"+"
"202"	"GO:0001228"	"gene regulation"	"+"
"203"	"GO:0001325"	"cell cycle"	"0.465998538939274"
"204"	"GO:0001408"	"transport"	"0.957499425756068"
"205"	"GO:0001501"	"morphogenesis/development"	"+"
"206"	"GO:0001502"	"morphogenesis/development"	"0.858975345701447"
"207"	"GO:0001503"	"morphogenesis/development"	"+"
"208"	"GO:0001504"	"neural related process"	"+"
"209"	"GO:0001507"	"neural related process"	"0.640166958706626"
"210"	"GO:0001508"	"neural related process"	"+"
"211"	"GO:0001510"	"gene regulation"	"0.417436870676218"
"212"	"GO:0001514"	"gene regulation"	"0.559794357278868"
"213"	"GO:0001516"	"metabolic process"	"0.861469632418617"
"214"	"GO:0001519"	"metabolic process"	"0.724550803926492"
"215"	"GO:0001522"	"metabolic process"	"+"
"216"	"GO:0001523"	"metabolic process"	"0.927383938127695"
"217"	"GO:0001525"	"morphogenesis/development"	"+"
"218"	"GO:0001533"	"morphogenesis/development"	"+"
"219"	"GO:0001539"	"other"	"+"
"220"	"GO:0001541"	"morphogenesis/development"	"0.946094478838805"
"221"	"GO:0001542"	"multicellular organismal process"	"0.843909011458274"
"222"	"GO:0001543"	"multicellular organismal process"	"0.456990805131102"
"223"	"GO:0001544"	"cell cycle"	"0.417808518776202"
"224"	"GO:0001545"	"multicellular organismal process"	"0.47560856681342"
"225"	"GO:0001546"	"morphogenesis/development"	"0.463574141066857"
"226"	"GO:0001547"	"morphogenesis/development"	"0.532301114460652"
"227"	"GO:0001549"	"morphogenesis/development"	"0.892558657550213"
"228"	"GO:0001550"	"multicellular organismal process"	"0.463681427537373"
"229"	"GO:0001552"	"morphogenesis/development"	"0.896993818056065"
"230"	"GO:0001553"	"morphogenesis/development"	"0.600238729183556"
"231"	"GO:0001554"	"morphogenesis/development"	"0.584573449575972"
"232"	"GO:0001555"	"morphogenesis/development"	"0.715367404916307"
"233"	"GO:0001556"	"morphogenesis/development"	"+"
"234"	"GO:0001558"	"cellular component organization"	"+"
"235"	"GO:0001560"	"cellular component organization"	"0.233484431495965"
"236"	"GO:0001561"	"metabolic process"	"0.820322565394056"
"237"	"GO:0001562"	"response to stimulus"	"+"
"238"	"GO:0001568"	"morphogenesis/development"	"+"
"239"	"GO:0001569"	"morphogenesis/development"	"+"
"240"	"GO:0001570"	"morphogenesis/development"	"+"
"241"	"GO:0001572"	"metabolic process"	"0.987752014395902"
"242"	"GO:0001573"	"metabolic process"	"0.963830392185259"
"243"	"GO:0001574"	"metabolic process"	"0.964878253218784"
"244"	"GO:0001575"	"metabolic process"	"0.925377700689694"
"245"	"GO:0001576"	"metabolic process"	"0.902860870874342"
"246"	"GO:0001578"	"cellular component organization"	"0.95497312323954"
"247"	"GO:0001579"	"transport"	"0.931583083968578"
"248"	"GO:0001580"	"neural related process"	"0.489868284523211"
"249"	"GO:0001581"	"neural related process"	"0.407559752404679"
"250"	"GO:0001582"	"neural related process"	"0.49379037309055"
"251"	"GO:0001618"	"viral related process"	"+"
"252"	"GO:0001649"	"morphogenesis/development"	"+"
"253"	"GO:0001650"	"cellular component organization"	"+"
"254"	"GO:0001654"	"morphogenesis/development"	"+"
"255"	"GO:0001655"	"morphogenesis/development"	"+"
"256"	"GO:0001656"	"morphogenesis/development"	"+"
"257"	"GO:0001657"	"morphogenesis/development"	"+"
"258"	"GO:0001658"	"morphogenesis/development"	"0.963018340211039"
"259"	"GO:0001659"	"response to stimulus"	"+"
"260"	"GO:0001660"	"stress response"	"0.338272367500763"
"261"	"GO:0001661"	"neural related process"	"0.546287912907295"
"262"	"GO:0001662"	"neural related process"	"0.658931342153526"
"263"	"GO:0001664"	"receptor related process"	"+"
"264"	"GO:0001666"	"stress response"	"+"
"265"	"GO:0001667"	"other"	"+"
"266"	"GO:0001675"	"morphogenesis/development"	"0.723119992675303"
"267"	"GO:0001676"	"metabolic process"	"+"
"268"	"GO:0001678"	"metabolic process"	"0.578205328217199"
"269"	"GO:0001680"	"gene regulation"	"0.701118467785685"
"270"	"GO:0001682"	"gene regulation"	"+"
"271"	"GO:0001692"	"metabolic process"	"0.738310428202792"
"272"	"GO:0001694"	"metabolic process"	"0.626272789488592"
"273"	"GO:0001695"	"metabolic process"	"0.693162512499956"
"274"	"GO:0001696"	"transport"	"0.546377709304091"
"275"	"GO:0001698"	"transport"	"0.461811925797111"
"276"	"GO:0001701"	"morphogenesis/development"	"+"
"277"	"GO:0001702"	"morphogenesis/development"	"0.907856711256838"
"278"	"GO:0001704"	"morphogenesis/development"	"+"
"279"	"GO:0001705"	"morphogenesis/development"	"0.989844829750073"
"280"	"GO:0001706"	"morphogenesis/development"	"0.936802547304217"
"281"	"GO:0001707"	"morphogenesis/development"	"+"
"282"	"GO:0001708"	"morphogenesis/development"	"0.853245980734253"
"283"	"GO:0001709"	"morphogenesis/development"	"0.713119661287002"
"284"	"GO:0001710"	"morphogenesis/development"	"0.945667611992672"
"285"	"GO:0001711"	"morphogenesis/development"	"0.958239052658099"
"286"	"GO:0001712"	"morphogenesis/development"	"0.92023992037215"
"287"	"GO:0001714"	"morphogenesis/development"	"0.86498376822211"
"288"	"GO:0001715"	"morphogenesis/development"	"0.806573235541568"
"289"	"GO:0001717"	"metabolic process"	"0.762166705327938"
"290"	"GO:0001726"	"cellular component organization"	"+"
"291"	"GO:0001731"	"cellular component organization"	"+"
"292"	"GO:0001732"	"cellular component organization"	"+"
"293"	"GO:0001736"	"cellular component organization"	"+"
"294"	"GO:0001738"	"morphogenesis/development"	"+"
"295"	"GO:0001743"	"morphogenesis/development"	"0.991175039097366"
"296"	"GO:0001754"	"morphogenesis/development"	"0.7805511232159"
"297"	"GO:0001755"	"morphogenesis/development"	"+"
"298"	"GO:0001756"	"morphogenesis/development"	"+"
"299"	"GO:0001757"	"morphogenesis/development"	"0.773328601112454"
"300"	"GO:0001759"	"morphogenesis/development"	"0.898148242093715"
"301"	"GO:0001762"	"transport"	"0.902717801259571"
"302"	"GO:0001763"	"morphogenesis/development"	"+"
"303"	"GO:0001764"	"neural related process"	"+"
"304"	"GO:0001765"	"cellular component organization"	"0.950302022086144"
"305"	"GO:0001766"	"cellular component organization"	"0.788621760019342"
"306"	"GO:0001767"	"immune system process"	"0.471515336584578"
"307"	"GO:0001768"	"immune system process"	"0.490130973108684"
"308"	"GO:0001770"	"immune system process"	"0.477923795185057"
"309"	"GO:0001771"	"immune system process"	"0.391218362462499"
"310"	"GO:0001773"	"immune system process"	"+"
"311"	"GO:0001774"	"immune system process"	"+"
"312"	"GO:0001775"	"immune system process"	"0.446304986658725"
"313"	"GO:0001776"	"immune system process"	"+"
"314"	"GO:0001777"	"immune system process"	"0.740639116353402"
"315"	"GO:0001778"	"stress response"	"+"
"316"	"GO:0001779"	"immune system process"	"+"
"317"	"GO:0001780"	"immune system process"	"+"
"318"	"GO:0001781"	"cell death"	"0.301284847571728"
"319"	"GO:0001782"	"immune system process"	"+"
"320"	"GO:0001783"	"immune system process"	"0.758269272760535"
"321"	"GO:0001786"	"protein modification/signaling"	"+"
"322"	"GO:0001787"	"immune system process"	"0.964062132038027"
"323"	"GO:0001788"	"immune system process"	"0.985596739442919"
"324"	"GO:0001794"	"immune system process"	"0.933768310245659"
"325"	"GO:0001796"	"immune system process"	"0.974045410018356"
"326"	"GO:0001797"	"immune system process"	"0.96269745807109"
"327"	"GO:0001798"	"immune system process"	"0.976304378398969"
"328"	"GO:0001802"	"immune system process"	"0.962703570447881"
"329"	"GO:0001803"	"immune system process"	"0.972651878590119"
"330"	"GO:0001805"	"immune system process"	"0.979771201556877"
"331"	"GO:0001806"	"immune system process"	"0.976119870333726"
"332"	"GO:0001807"	"immune system process"	"0.982066573154266"
"333"	"GO:0001808"	"immune system process"	"0.966082267736256"
"334"	"GO:0001809"	"immune system process"	"0.957095812973098"
"335"	"GO:0001810"	"immune system process"	"0.981497866351912"
"336"	"GO:0001811"	"immune system process"	"0.960826459036263"
"337"	"GO:0001812"	"immune system process"	"0.978484373682987"
"338"	"GO:0001813"	"immune system process"	"0.966428387648634"
"339"	"GO:0001814"	"immune system process"	"0.950160046414168"
"340"	"GO:0001815"	"immune system process"	"0.951782435105778"
"341"	"GO:0001816"	"immune system process"	"+"
"342"	"GO:0001817"	"immune system process"	"+"
"343"	"GO:0001818"	"immune system process"	"+"
"344"	"GO:0001819"	"immune system process"	"+"
"345"	"GO:0001820"	"neural related process"	"0.272571646399362"
"346"	"GO:0001821"	"immune system process"	"0.361066424217949"
"347"	"GO:0001822"	"morphogenesis/development"	"+"
"348"	"GO:0001823"	"morphogenesis/development"	"0.990337969064209"
"349"	"GO:0001824"	"morphogenesis/development"	"+"
"350"	"GO:0001825"	"morphogenesis/development"	"+"
"351"	"GO:0001826"	"morphogenesis/development"	"0.93956044085224"
"352"	"GO:0001827"	"morphogenesis/development"	"0.479267266032567"
"353"	"GO:0001828"	"cell cycle"	"0.624169524808988"
"354"	"GO:0001829"	"morphogenesis/development"	"0.982087305543001"
"355"	"GO:0001830"	"morphogenesis/development"	"0.844754755910621"
"356"	"GO:0001831"	"morphogenesis/development"	"0.924765862682523"
"357"	"GO:0001832"	"cell cycle"	"0.820010629820121"
"358"	"GO:0001833"	"cell cycle"	"+"
"359"	"GO:0001834"	"cell cycle"	"0.984773140434319"
"360"	"GO:0001835"	"morphogenesis/development"	"0.666082075729207"
"361"	"GO:0001836"	"cell death"	"+"
"362"	"GO:0001837"	"morphogenesis/development"	"+"
"363"	"GO:0001838"	"morphogenesis/development"	"0.958357185025884"
"364"	"GO:0001839"	"morphogenesis/development"	"0.669309550872032"
"365"	"GO:0001840"	"morphogenesis/development"	"0.826196528119407"
"366"	"GO:0001841"	"morphogenesis/development"	"0.962493360285338"
"367"	"GO:0001842"	"morphogenesis/development"	"0.952727644053402"
"368"	"GO:0001843"	"morphogenesis/development"	"+"
"369"	"GO:0001845"	"cellular component organization"	"0.508439185566318"
"370"	"GO:0001865"	"immune system process"	"0.941393681138679"
"371"	"GO:0001866"	"immune system process"	"0.945523359936152"
"372"	"GO:0001867"	"immune system process"	"0.851408694711166"
"373"	"GO:0001868"	"immune system process"	"0.922542254005333"
"374"	"GO:0001869"	"immune system process"	"0.907400149898702"
"375"	"GO:0001878"	"response to stimulus"	"0.613206437119916"
"376"	"GO:0001879"	"response to stimulus"	"0.421647176507265"
"377"	"GO:0001880"	"morphogenesis/development"	"0.962291216982814"
"378"	"GO:0001881"	"metabolic process"	"0.484852556399759"
"379"	"GO:0001885"	"morphogenesis/development"	"+"
"380"	"GO:0001886"	"morphogenesis/development"	"0.713833896987237"
"381"	"GO:0001887"	"metabolic process"	"0.955814440606166"
"382"	"GO:0001889"	"morphogenesis/development"	"+"
"383"	"GO:0001890"	"morphogenesis/development"	"+"
"384"	"GO:0001892"	"morphogenesis/development"	"0.966449679192383"
"385"	"GO:0001893"	"morphogenesis/development"	"+"
"386"	"GO:0001894"	"multicellular organismal process"	"+"
"387"	"GO:0001895"	"multicellular organismal process"	"0.728198379818601"
"388"	"GO:0001905"	"immune system process"	"0.780775146795945"
"389"	"GO:0001906"	"immune system process"	"+"
"390"	"GO:0001909"	"immune system process"	"+"
"391"	"GO:0001910"	"immune system process"	"+"
"392"	"GO:0001911"	"immune system process"	"+"
"393"	"GO:0001912"	"immune system process"	"+"
"394"	"GO:0001913"	"immune system process"	"+"
"395"	"GO:0001914"	"immune system process"	"+"
"396"	"GO:0001915"	"immune system process"	"0.931146699960769"
"397"	"GO:0001916"	"immune system process"	"0.971586440759841"
"398"	"GO:0001919"	"metabolic process"	"0.339096051350974"
"399"	"GO:0001920"	"metabolic process"	"0.291884692709606"
"400"	"GO:0001921"	"metabolic process"	"0.352018809081808"
"401"	"GO:0001922"	"immune system process"	"0.881942520148065"
"402"	"GO:0001923"	"immune system process"	"0.665550399204902"
"403"	"GO:0001927"	"cellular component organization"	"0.906693169125074"
"404"	"GO:0001928"	"cellular component organization"	"0.8034156584241"
"405"	"GO:0001932"	"protein modification/signaling"	"0.91941914717659"
"406"	"GO:0001933"	"protein modification/signaling"	"+"
"407"	"GO:0001934"	"protein modification/signaling"	"+"
"408"	"GO:0001935"	"cell cycle"	"+"
"409"	"GO:0001936"	"cell cycle"	"+"
"410"	"GO:0001937"	"cell cycle"	"+"
"411"	"GO:0001938"	"cell cycle"	"+"
"412"	"GO:0001941"	"neural related process"	"0.92291164732355"
"413"	"GO:0001942"	"morphogenesis/development"	"+"
"414"	"GO:0001944"	"morphogenesis/development"	"+"
"415"	"GO:0001945"	"morphogenesis/development"	"+"
"416"	"GO:0001946"	"morphogenesis/development"	"0.960291054671579"
"417"	"GO:0001947"	"morphogenesis/development"	"0.880587571824739"
"418"	"GO:0001949"	"morphogenesis/development"	"0.920354565448899"
"419"	"GO:0001951"	"multicellular organismal process"	"0.765301790478432"
"420"	"GO:0001952"	"cell adhesion"	"+"
"421"	"GO:0001953"	"cell adhesion"	"+"
"422"	"GO:0001954"	"cell adhesion"	"+"
"423"	"GO:0001955"	"morphogenesis/development"	"0.846066515101449"
"424"	"GO:0001956"	"neural related process"	"0.795811082845333"
"425"	"GO:0001957"	"multicellular organismal process"	"0.501112271531906"
"426"	"GO:0001958"	"morphogenesis/development"	"0.784785132197413"
"427"	"GO:0001959"	"immune system process"	"+"
"428"	"GO:0001960"	"immune system process"	"+"
"429"	"GO:0001961"	"immune system process"	"+"
"430"	"GO:0001963"	"neural related process"	"+"
"431"	"GO:0001964"	"neural related process"	"0.990500315007269"
"432"	"GO:0001965"	"protein modification/signaling"	"+"
"433"	"GO:0001966"	"neural related process"	"0.846587298763733"
"434"	"GO:0001967"	"neural related process"	"0.606845096648876"
"435"	"GO:0001969"	"immune system process"	"0.635038557696651"
"436"	"GO:0001970"	"immune system process"	"0.526119146010972"
"437"	"GO:0001971"	"immune system process"	"0.644221447818638"
"438"	"GO:0001973"	"receptor related process"	"0.82419119713265"
"439"	"GO:0001974"	"morphogenesis/development"	"+"
"440"	"GO:0001975"	"response to stimulus"	"0.736308126022538"
"441"	"GO:0001976"	"multicellular organismal process"	"0.514541252140285"
"442"	"GO:0001977"	"multicellular organismal process"	"0.828421327964107"
"443"	"GO:0001978"	"multicellular organismal process"	"0.723243907846502"
"444"	"GO:0001979"	"multicellular organismal process"	"0.492293180215975"
"445"	"GO:0001980"	"multicellular organismal process"	"0.774461807351502"
"446"	"GO:0001983"	"multicellular organismal process"	"0.444878910422967"
"447"	"GO:0001984"	"multicellular organismal process"	"0.558459244503513"
"448"	"GO:0001985"	"multicellular organismal process"	"0.837127233471077"
"449"	"GO:0001990"	"multicellular organismal process"	"+"
"450"	"GO:0001991"	"multicellular organismal process"	"0.760807732984265"
"451"	"GO:0001992"	"multicellular organismal process"	"0.524087038392799"
"452"	"GO:0001993"	"multicellular organismal process"	"0.713271142484994"
"453"	"GO:0001994"	"multicellular organismal process"	"0.768538880662436"
"454"	"GO:0001996"	"multicellular organismal process"	"0.920205796899777"
"455"	"GO:0001997"	"multicellular organismal process"	"0.867007888236012"
"456"	"GO:0001998"	"multicellular organismal process"	"0.802886711768954"
"457"	"GO:0001999"	"multicellular organismal process"	"0.946677338386296"
"458"	"GO:0002001"	"transport"	"0.839808161790924"
"459"	"GO:0002002"	"metabolic process"	"0.371900552993701"
"460"	"GO:0002003"	"metabolic process"	"0.767967923450692"
"461"	"GO:0002007"	"stress response"	"0.273911267773743"
"462"	"GO:0002009"	"morphogenesis/development"	"+"
"463"	"GO:0002011"	"morphogenesis/development"	"0.808779736973009"
"464"	"GO:0002014"	"multicellular organismal process"	"0.529273081054094"
"465"	"GO:0002016"	"multicellular organismal process"	"0.930689408366654"
"466"	"GO:0002017"	"multicellular organismal process"	"0.807552562703534"
"467"	"GO:0002018"	"transport"	"0.390490544200333"
"468"	"GO:0002019"	"multicellular organismal process"	"0.913329354850562"
"469"	"GO:0002020"	"metabolic process"	"+"
"470"	"GO:0002021"	"multicellular organismal process"	"0.791018779344293"
"471"	"GO:0002023"	"multicellular organismal process"	"0.463621944298273"
"472"	"GO:0002024"	"multicellular organismal process"	"0.364321335758829"
"473"	"GO:0002025"	"multicellular organismal process"	"0.790440173694944"
"474"	"GO:0002026"	"multicellular organismal process"	"0.882193760953814"
"475"	"GO:0002027"	"multicellular organismal process"	"+"
"476"	"GO:0002028"	"transport"	"+"
"477"	"GO:0002029"	"receptor related process"	"+"
"478"	"GO:0002030"	"protein modification/signaling"	"0.686088972636021"
"479"	"GO:0002031"	"receptor related process"	"0.634174456923963"
"480"	"GO:0002033"	"multicellular organismal process"	"0.78761895407279"
"481"	"GO:0002034"	"multicellular organismal process"	"0.839172402258999"
"482"	"GO:0002035"	"multicellular organismal process"	"0.704255434890152"
"483"	"GO:0002036"	"neural related process"	"0.737746687226633"
"484"	"GO:0002037"	"transport"	"0.514135974022521"
"485"	"GO:0002038"	"neural related process"	"0.759200671055875"
"486"	"GO:0002039"	"protein modification/signaling"	"+"
"487"	"GO:0002040"	"morphogenesis/development"	"+"
"488"	"GO:0002041"	"morphogenesis/development"	"0.939079111080026"
"489"	"GO:0002042"	"multicellular organismal process"	"+"
"490"	"GO:0002043"	"cell cycle"	"+"
"491"	"GO:0002051"	"morphogenesis/development"	"0.955519149831965"
"492"	"GO:0002052"	"neural related process"	"0.547841956000054"
"493"	"GO:0002053"	"cell cycle"	"+"
"494"	"GO:0002062"	"morphogenesis/development"	"+"
"495"	"GO:0002063"	"morphogenesis/development"	"+"
"496"	"GO:0002064"	"morphogenesis/development"	"+"
"497"	"GO:0002065"	"morphogenesis/development"	"+"
"498"	"GO:0002066"	"morphogenesis/development"	"0.988767537533298"
"499"	"GO:0002067"	"morphogenesis/development"	"+"
"500"	"GO:0002068"	"morphogenesis/development"	"0.990503432238345"
"501"	"GO:0002069"	"morphogenesis/development"	"0.911316768241492"
"502"	"GO:0002070"	"morphogenesis/development"	"0.953268108053157"
"503"	"GO:0002071"	"morphogenesis/development"	"0.92994455993682"
"504"	"GO:0002072"	"morphogenesis/development"	"0.950921012633044"
"505"	"GO:0002074"	"morphogenesis/development"	"0.909030455049574"
"506"	"GO:0002076"	"morphogenesis/development"	"+"
"507"	"GO:0002077"	"metabolic process"	"0.429313419448952"
"508"	"GO:0002082"	"metabolic process"	"0.895434748499198"
"509"	"GO:0002084"	"metabolic process"	"0.665469018336748"
"510"	"GO:0002085"	"morphogenesis/development"	"0.866276212864936"
"511"	"GO:0002086"	"multicellular organismal process"	"0.882794540829524"
"512"	"GO:0002087"	"neural related process"	"0.813556490868595"
"513"	"GO:0002088"	"morphogenesis/development"	"+"
"514"	"GO:0002089"	"morphogenesis/development"	"0.974586003655686"
"515"	"GO:0002090"	"receptor related process"	"+"
"516"	"GO:0002091"	"receptor related process"	"0.498280729153143"
"517"	"GO:0002092"	"receptor related process"	"+"
"518"	"GO:0002093"	"morphogenesis/development"	"0.696432533580583"
"519"	"GO:0002097"	"gene regulation"	"0.584927437556865"
"520"	"GO:0002098"	"gene regulation"	"0.614654826078414"
"521"	"GO:0002100"	"gene regulation"	"0.690975983345213"
"522"	"GO:0002101"	"gene regulation"	"0.721081843952546"
"523"	"GO:0002102"	"cellular component organization"	"+"
"524"	"GO:0002115"	"transport"	"0.750145461852472"
"525"	"GO:0002118"	"neural related process"	"0.406457371183555"
"526"	"GO:0002121"	"multicellular organismal process"	"0.708561404105509"
"527"	"GO:0002125"	"multicellular organismal process"	"0.705220064176156"
"528"	"GO:0002127"	"gene regulation"	"0.79310268758947"
"529"	"GO:0002128"	"metabolic process"	"0.379314076023451"
"530"	"GO:0002130"	"gene regulation"	"0.65867112456773"
"531"	"GO:0002138"	"metabolic process"	"0.843158761885097"
"532"	"GO:0002143"	"metabolic process"	"0.299920298782135"
"533"	"GO:0002148"	"metabolic process"	"0.702601048572736"
"534"	"GO:0002149"	"metabolic process"	"0.426527584542142"
"535"	"GO:0002152"	"metabolic process"	"0.947167509957788"
"536"	"GO:0002154"	"receptor related process"	"0.841853024106951"
"537"	"GO:0002155"	"receptor related process"	"0.5175566638082"
"538"	"GO:0002157"	"protein modification/signaling"	"0.425108519141613"
"539"	"GO:0002158"	"morphogenesis/development"	"0.272807092294404"
"540"	"GO:0002159"	"cellular component organization"	"0.630638209061981"
"541"	"GO:0002174"	"cell cycle"	"0.924638753805034"
"542"	"GO:0002175"	"ER/endosome/lysosome related process"	"0.415953137937483"
"543"	"GO:0002176"	"cell cycle"	"0.960041565546183"
"544"	"GO:0002181"	"gene regulation"	"+"
"545"	"GO:0002182"	"gene regulation"	"0.466719782767969"
"546"	"GO:0002183"	"gene regulation"	"+"
"547"	"GO:0002184"	"gene regulation"	"0.44865936959919"
"548"	"GO:0002188"	"gene regulation"	"0.505345138560084"
"549"	"GO:0002190"	"gene regulation"	"0.917457923870689"
"550"	"GO:0002191"	"gene regulation"	"0.797671704760442"
"551"	"GO:0002192"	"gene regulation"	"0.598922566425228"
"552"	"GO:0002194"	"cell cycle"	"0.341549941297624"
"553"	"GO:0002200"	"immune system process"	"+"
"554"	"GO:0002204"	"immune system process"	"0.922644738552991"
"555"	"GO:0002208"	"immune system process"	"0.940671175554293"
"556"	"GO:0002209"	"neural related process"	"0.519455513295487"
"557"	"GO:0002215"	"stress response"	"0.68859744986449"
"558"	"GO:0002218"	"immune system process"	"+"
"559"	"GO:0002220"	"immune system process"	"+"
"560"	"GO:0002221"	"immune system process"	"+"
"561"	"GO:0002222"	"receptor related process"	"0.494962925861533"
"562"	"GO:0002223"	"receptor related process"	"+"
"563"	"GO:0002224"	"immune system process"	"+"
"564"	"GO:0002225"	"immune system process"	"0.958386790768735"
"565"	"GO:0002227"	"immune system process"	"0.801951214864152"
"566"	"GO:0002228"	"immune system process"	"+"
"567"	"GO:0002230"	"viral related process"	"+"
"568"	"GO:0002232"	"immune system process"	"0.967809717798779"
"569"	"GO:0002237"	"response to stimulus"	"+"
"570"	"GO:0002238"	"response to stimulus"	"0.646424004154328"
"571"	"GO:0002244"	"immune system process"	"+"
"572"	"GO:0002246"	"stress response"	"0.673435373665025"
"573"	"GO:0002248"	"multicellular organismal process"	"0.801017749311252"
"574"	"GO:0002249"	"immune system process"	"0.9471059134269"
"575"	"GO:0002250"	"immune system process"	"+"
"576"	"GO:0002251"	"immune system process"	"0.957460009329405"
"577"	"GO:0002252"	"immune system process"	"+"
"578"	"GO:0002253"	"immune system process"	"+"
"579"	"GO:0002254"	"stress response"	"0.310286635710098"
"580"	"GO:0002260"	"immune system process"	"+"
"581"	"GO:0002262"	"immune system process"	"+"
"582"	"GO:0002263"	"immune system process"	"+"
"583"	"GO:0002264"	"immune system process"	"0.878424699225866"
"584"	"GO:0002265"	"neural related process"	"0.697195812882943"
"585"	"GO:0002266"	"immune system process"	"0.569871251183299"
"586"	"GO:0002268"	"immune system process"	"0.369556110059248"
"587"	"GO:0002269"	"immune system process"	"+"
"588"	"GO:0002270"	"immune system process"	"0.854194658715925"
"589"	"GO:0002273"	"neural related process"	"0.451633928048867"
"590"	"GO:0002274"	"immune system process"	"+"
"591"	"GO:0002275"	"immune system process"	"+"
"592"	"GO:0002276"	"immune system process"	"0.954850042550601"
"593"	"GO:0002277"	"immune system process"	"0.963448608970326"
"594"	"GO:0002278"	"immune system process"	"0.979622350524748"
"595"	"GO:0002279"	"immune system process"	"0.934901255498695"
"596"	"GO:0002280"	"immune system process"	"0.971276994961546"
"597"	"GO:0002281"	"immune system process"	"+"
"598"	"GO:0002282"	"immune system process"	"0.965769514499886"
"599"	"GO:0002283"	"immune system process"	"0.975056411256395"
"600"	"GO:0002285"	"immune system process"	"+"
"601"	"GO:0002286"	"immune system process"	"+"
"602"	"GO:0002287"	"immune system process"	"+"
"603"	"GO:0002291"	"immune system process"	"0.942378047759373"
"604"	"GO:0002292"	"immune system process"	"+"
"605"	"GO:0002293"	"immune system process"	"+"
"606"	"GO:0002294"	"immune system process"	"+"
"607"	"GO:0002295"	"immune system process"	"0.938151497457021"
"608"	"GO:0002296"	"immune system process"	"0.792203773340844"
"609"	"GO:0002298"	"immune system process"	"0.929719960212115"
"610"	"GO:0002299"	"immune system process"	"0.913022829042868"
"611"	"GO:0002300"	"immune system process"	"0.889756285912101"
"612"	"GO:0002302"	"immune system process"	"0.936987317903697"
"613"	"GO:0002304"	"immune system process"	"0.886234310960824"
"614"	"GO:0002305"	"immune system process"	"0.918740640405293"
"615"	"GO:0002309"	"immune system process"	"0.902733182059987"
"616"	"GO:0002312"	"immune system process"	"0.958786288563156"
"617"	"GO:0002313"	"immune system process"	"+"
"618"	"GO:0002314"	"immune system process"	"0.876836065345528"
"619"	"GO:0002315"	"immune system process"	"0.763273184151859"
"620"	"GO:0002316"	"immune system process"	"0.878943324928661"
"621"	"GO:0002317"	"immune system process"	"0.898469914226293"
"622"	"GO:0002318"	"immune system process"	"0.765830869967079"
"623"	"GO:0002319"	"immune system process"	"0.776142458248997"
"624"	"GO:0002320"	"immune system process"	"+"
"625"	"GO:0002322"	"immune system process"	"0.958395857018188"
"626"	"GO:0002323"	"immune system process"	"0.985763672827178"
"627"	"GO:0002325"	"immune system process"	"0.981997983163363"
"628"	"GO:0002326"	"immune system process"	"0.894592424478438"
"629"	"GO:0002327"	"immune system process"	"0.96078386410462"
"630"	"GO:0002328"	"immune system process"	"+"
"631"	"GO:0002329"	"immune system process"	"0.907746947573277"
"632"	"GO:0002331"	"immune system process"	"0.87688332725631"
"633"	"GO:0002332"	"immune system process"	"0.870258381056852"
"634"	"GO:0002333"	"immune system process"	"0.888740530620182"
"635"	"GO:0002334"	"immune system process"	"0.855891421546632"
"636"	"GO:0002335"	"immune system process"	"0.966540117434876"
"637"	"GO:0002336"	"immune system process"	"0.882375455609002"
"638"	"GO:0002337"	"immune system process"	"0.785589813785825"
"639"	"GO:0002339"	"immune system process"	"0.919687262378145"
"640"	"GO:0002343"	"immune system process"	"0.92240062249083"
"641"	"GO:0002344"	"immune system process"	"0.908687425560859"
"642"	"GO:0002347"	"response to stimulus"	"+"
"643"	"GO:0002349"	"immune system process"	"0.912962720384874"
"644"	"GO:0002351"	"immune system process"	"0.816977102289464"
"645"	"GO:0002352"	"immune system process"	"0.728753734677275"
"646"	"GO:0002353"	"stress response"	"0.277227472215875"
"647"	"GO:0002355"	"immune system process"	"0.439251665404446"
"648"	"GO:0002357"	"stress response"	"0.677255343860138"
"649"	"GO:0002358"	"immune system process"	"0.534576220567169"
"650"	"GO:0002360"	"immune system process"	"0.939682746509159"
"651"	"GO:0002361"	"immune system process"	"0.973547515478231"
"652"	"GO:0002362"	"immune system process"	"0.922216909116734"
"653"	"GO:0002363"	"immune system process"	"0.951661165867546"
"654"	"GO:0002364"	"immune system process"	"0.861106712921613"
"655"	"GO:0002366"	"immune system process"	"+"
"656"	"GO:0002367"	"immune system process"	"+"
"657"	"GO:0002368"	"immune system process"	"0.975340520616376"
"658"	"GO:0002369"	"immune system process"	"+"
"659"	"GO:0002370"	"immune system process"	"0.905760237052065"
"660"	"GO:0002371"	"immune system process"	"0.9886814590183"
"661"	"GO:0002372"	"immune system process"	"0.988141267055339"
"662"	"GO:0002373"	"immune system process"	"0.981862684617194"
"663"	"GO:0002376"	"immune system process"	"0.860569899606655"
"664"	"GO:0002377"	"immune system process"	"0.915147594318601"
"665"	"GO:0002381"	"immune system process"	"0.947840449308744"
"666"	"GO:0002383"	"immune system process"	"0.962197028814287"
"667"	"GO:0002384"	"immune system process"	"0.953361571744721"
"668"	"GO:0002385"	"immune system process"	"+"
"669"	"GO:0002387"	"immune system process"	"0.911607462164956"
"670"	"GO:0002395"	"immune system process"	"0.956342981181883"
"671"	"GO:0002396"	"cellular component organization"	"0.659995247946505"
"672"	"GO:0002397"	"cellular component organization"	"0.807422562742786"
"673"	"GO:0002398"	"cellular component organization"	"0.811060138864824"
"674"	"GO:0002399"	"cellular component organization"	"0.774570785737039"
"675"	"GO:0002404"	"immune system process"	"0.882943345951544"
"676"	"GO:0002406"	"immune system process"	"0.816327168370544"
"677"	"GO:0002407"	"neural related process"	"+"
"678"	"GO:0002408"	"neural related process"	"0.711664660947805"
"679"	"GO:0002412"	"transport"	"0.679510273848387"
"680"	"GO:0002413"	"immune system process"	"0.926130199871144"
"681"	"GO:0002414"	"transport"	"0.769874494496171"
"682"	"GO:0002415"	"transport"	"0.587970329229441"
"683"	"GO:0002416"	"transport"	"0.472327606695764"
"684"	"GO:0002418"	"immune system process"	"0.839947785643078"
"685"	"GO:0002419"	"immune system process"	"0.880084032042933"
"686"	"GO:0002420"	"immune system process"	"0.921805291234806"
"687"	"GO:0002423"	"immune system process"	"0.834475080215087"
"688"	"GO:0002424"	"immune system process"	"0.848097319200117"
"689"	"GO:0002426"	"immune system process"	"0.969587487668646"
"690"	"GO:0002428"	"immune system process"	"0.919380326897435"
"691"	"GO:0002429"	"immune system process"	"+"
"692"	"GO:0002430"	"immune system process"	"0.520833053246673"
"693"	"GO:0002431"	"immune system process"	"+"
"694"	"GO:0002432"	"immune system process"	"0.725168707743591"
"695"	"GO:0002433"	"immune system process"	"0.836766502057741"
"696"	"GO:0002434"	"immune system process"	"0.77536915017872"
"697"	"GO:0002435"	"immune system process"	"0.707652014408292"
"698"	"GO:0002436"	"immune system process"	"0.953801500053282"
"699"	"GO:0002437"	"immune system process"	"+"
"700"	"GO:0002438"	"immune system process"	"+"
"701"	"GO:0002439"	"immune system process"	"0.531165369921122"
"702"	"GO:0002440"	"immune system process"	"+"
"703"	"GO:0002441"	"transport"	"0.377814846692646"
"704"	"GO:0002442"	"transport"	"0.611741660622191"
"705"	"GO:0002443"	"immune system process"	"+"
"706"	"GO:0002444"	"immune system process"	"+"
"707"	"GO:0002445"	"immune system process"	"0.920047616706242"
"708"	"GO:0002446"	"immune system process"	"+"
"709"	"GO:0002447"	"immune system process"	"0.990269019307381"
"710"	"GO:0002448"	"immune system process"	"0.982424621970286"
"711"	"GO:0002449"	"immune system process"	"+"
"712"	"GO:0002450"	"immune system process"	"0.932621182751597"
"713"	"GO:0002451"	"immune system process"	"0.961903664876717"
"714"	"GO:0002455"	"immune system process"	"0.984150386091397"
"715"	"GO:0002456"	"immune system process"	"+"
"716"	"GO:0002457"	"immune system process"	"0.943428185812487"
"717"	"GO:0002458"	"immune system process"	"0.970007910239146"
"718"	"GO:0002460"	"immune system process"	"+"
"719"	"GO:0002461"	"immune system process"	"0.938021082038539"
"720"	"GO:0002465"	"immune system process"	"0.92384559302297"
"721"	"GO:0002467"	"immune system process"	"+"
"722"	"GO:0002468"	"immune system process"	"0.913065154225905"
"723"	"GO:0002469"	"immune system process"	"0.861531285318217"
"724"	"GO:0002470"	"immune system process"	"0.862551425215259"
"725"	"GO:0002472"	"immune system process"	"0.908732035014056"
"726"	"GO:0002474"	"immune system process"	"+"
"727"	"GO:0002475"	"immune system process"	"0.938537266833338"
"728"	"GO:0002476"	"immune system process"	"0.866626908180199"
"729"	"GO:0002477"	"immune system process"	"0.907568014385176"
"730"	"GO:0002478"	"immune system process"	"+"
"731"	"GO:0002479"	"immune system process"	"0.579340475044462"
"732"	"GO:0002480"	"immune system process"	"0.756515206986613"
"733"	"GO:0002481"	"immune system process"	"0.598702158518108"
"734"	"GO:0002483"	"immune system process"	"+"
"735"	"GO:0002484"	"immune system process"	"0.815579582376203"
"736"	"GO:0002485"	"immune system process"	"0.689496512757218"
"737"	"GO:0002486"	"immune system process"	"0.807923061995292"
"738"	"GO:0002488"	"immune system process"	"0.76999686787115"
"739"	"GO:0002489"	"immune system process"	"0.665938076765619"
"740"	"GO:0002491"	"immune system process"	"0.81122077428028"
"741"	"GO:0002495"	"immune system process"	"0.935935621536844"
"742"	"GO:0002501"	"cellular component organization"	"0.570173091060336"
"743"	"GO:0002502"	"cellular component organization"	"0.64415524753861"
"744"	"GO:0002503"	"cellular component organization"	"0.663242995104491"
"745"	"GO:0002504"	"immune system process"	"0.941700226184326"
"746"	"GO:0002505"	"immune system process"	"0.864642696271041"
"747"	"GO:0002507"	"immune system process"	"+"
"748"	"GO:0002508"	"immune system process"	"0.727366736153908"
"749"	"GO:0002509"	"immune system process"	"0.916795408603535"
"750"	"GO:0002510"	"immune system process"	"0.800615002659983"
"751"	"GO:0002513"	"immune system process"	"0.925187225320219"
"752"	"GO:0002514"	"immune system process"	"0.929479697716777"
"753"	"GO:0002517"	"immune system process"	"0.941424597177761"
"754"	"GO:0002518"	"immune system process"	"0.829968891749799"
"755"	"GO:0002519"	"immune system process"	"0.991272107903"
"756"	"GO:0002520"	"immune system process"	"+"
"757"	"GO:0002521"	"immune system process"	"+"
"758"	"GO:0002522"	"immune system process"	"0.984035403207892"
"759"	"GO:0002523"	"immune system process"	"0.968968315450873"
"760"	"GO:0002524"	"immune system process"	"0.981293476381868"
"761"	"GO:0002525"	"immune system process"	"0.522767488570565"
"762"	"GO:0002526"	"immune system process"	"+"
"763"	"GO:0002528"	"multicellular organismal process"	"0.733848901465769"
"764"	"GO:0002532"	"immune system process"	"+"
"765"	"GO:0002534"	"immune system process"	"0.948583923332051"
"766"	"GO:0002536"	"immune system process"	"0.868663685988128"
"767"	"GO:0002537"	"immune system process"	"0.758000664441771"
"768"	"GO:0002538"	"immune system process"	"0.771220790701884"
"769"	"GO:0002540"	"immune system process"	"0.87209143809946"
"770"	"GO:0002541"	"stress response"	"0.352505059441354"
"771"	"GO:0002542"	"immune system process"	"0.318735983288271"
"772"	"GO:0002543"	"stress response"	"0.487997422289289"
"773"	"GO:0002544"	"stress response"	"+"
"774"	"GO:0002545"	"stress response"	"0.660581257320471"
"775"	"GO:0002548"	"immune system process"	"+"
"776"	"GO:0002551"	"immune system process"	"0.911653633409658"
"777"	"GO:0002552"	"transport"	"0.645553682304376"
"778"	"GO:0002553"	"transport"	"0.542597952857783"
"779"	"GO:0002554"	"transport"	"0.721551939798389"
"780"	"GO:0002562"	"immune system process"	"0.962175780443556"
"781"	"GO:0002566"	"immune system process"	"0.967267796640564"
"782"	"GO:0002568"	"immune system process"	"0.937028126184286"
"783"	"GO:0002572"	"immune system process"	"0.902916472987406"
"784"	"GO:0002573"	"immune system process"	"+"
"785"	"GO:0002574"	"morphogenesis/development"	"0.808929321092086"
"786"	"GO:0002575"	"immune system process"	"0.902491971196216"
"787"	"GO:0002576"	"transport"	"0.740877264393309"
"788"	"GO:0002577"	"immune system process"	"0.944803378730749"
"789"	"GO:0002578"	"immune system process"	"0.956331275228862"
"790"	"GO:0002579"	"immune system process"	"0.960615240857094"
"791"	"GO:0002580"	"immune system process"	"0.834374659623228"
"792"	"GO:0002581"	"immune system process"	"0.828648579013805"
"793"	"GO:0002582"	"immune system process"	"0.891859869140893"
"794"	"GO:0002583"	"immune system process"	"0.905439815672062"
"795"	"GO:0002584"	"immune system process"	"0.905445795803118"
"796"	"GO:0002585"	"immune system process"	"0.890664567054276"
"797"	"GO:0002586"	"immune system process"	"0.869953528548839"
"798"	"GO:0002587"	"immune system process"	"0.747393211464408"
"799"	"GO:0002588"	"immune system process"	"0.822847531771319"
"800"	"GO:0002589"	"immune system process"	"0.883568481186206"
"801"	"GO:0002590"	"immune system process"	"0.888975282092592"
"802"	"GO:0002604"	"immune system process"	"0.940970696978526"
"803"	"GO:0002605"	"immune system process"	"0.920716374311189"
"804"	"GO:0002606"	"immune system process"	"0.941198244612492"
"805"	"GO:0002616"	"immune system process"	"0.939806534921226"
"806"	"GO:0002617"	"immune system process"	"0.965386972797213"
"807"	"GO:0002622"	"immune system process"	"0.968543031272384"
"808"	"GO:0002625"	"immune system process"	"0.965512715604729"
"809"	"GO:0002634"	"immune system process"	"0.90518771738581"
"810"	"GO:0002635"	"immune system process"	"0.887751975886245"
"811"	"GO:0002636"	"immune system process"	"0.860964760302315"
"812"	"GO:0002637"	"immune system process"	"0.955559666002222"
"813"	"GO:0002638"	"immune system process"	"0.935268211910179"
"814"	"GO:0002639"	"immune system process"	"0.950152118014206"
"815"	"GO:0002643"	"immune system process"	"0.969595565608785"
"816"	"GO:0002644"	"immune system process"	"0.817732787148648"
"817"	"GO:0002645"	"immune system process"	"0.967987418658547"
"818"	"GO:0002646"	"immune system process"	"0.90057559636893"
"819"	"GO:0002648"	"immune system process"	"0.69681080839435"
"820"	"GO:0002649"	"immune system process"	"0.883206622119024"
"821"	"GO:0002651"	"immune system process"	"0.825337697398991"
"822"	"GO:0002652"	"immune system process"	"0.95927559516593"
"823"	"GO:0002654"	"immune system process"	"0.92371360199797"
"824"	"GO:0002658"	"immune system process"	"0.92958753729979"
"825"	"GO:0002660"	"immune system process"	"0.926239727176508"
"826"	"GO:0002661"	"immune system process"	"0.881981748380162"
"827"	"GO:0002663"	"immune system process"	"0.758552346393234"
"828"	"GO:0002664"	"immune system process"	"0.966107364358528"
"829"	"GO:0002666"	"immune system process"	"0.927549411040935"
"830"	"GO:0002667"	"immune system process"	"0.964471005259464"
"831"	"GO:0002669"	"immune system process"	"0.970786392329376"
"832"	"GO:0002673"	"immune system process"	"+"
"833"	"GO:0002674"	"immune system process"	"0.887182168584525"
"834"	"GO:0002675"	"immune system process"	"+"
"835"	"GO:0002676"	"immune system process"	"0.901327749159171"
"836"	"GO:0002677"	"immune system process"	"0.708268389387131"
"837"	"GO:0002678"	"immune system process"	"0.847782006841032"
"838"	"GO:0002679"	"immune system process"	"0.832935663979167"
"839"	"GO:0002681"	"immune system process"	"0.923550807830685"
"840"	"GO:0002682"	"immune system process"	"0.945326133891863"
"841"	"GO:0002683"	"immune system process"	"+"
"842"	"GO:0002684"	"immune system process"	"0.855569132039332"
"843"	"GO:0002685"	"immune system process"	"+"
"844"	"GO:0002686"	"immune system process"	"+"
"845"	"GO:0002687"	"immune system process"	"+"
"846"	"GO:0002688"	"immune system process"	"+"
"847"	"GO:0002689"	"immune system process"	"0.925945932948758"
"848"	"GO:0002690"	"immune system process"	"+"
"849"	"GO:0002691"	"immune system process"	"0.95273301122659"
"850"	"GO:0002692"	"immune system process"	"0.942188170520983"
"851"	"GO:0002693"	"immune system process"	"0.959419649783985"
"852"	"GO:0002694"	"immune system process"	"+"
"853"	"GO:0002695"	"immune system process"	"+"
"854"	"GO:0002696"	"immune system process"	"+"
"855"	"GO:0002697"	"immune system process"	"+"
"856"	"GO:0002698"	"immune system process"	"+"
"857"	"GO:0002699"	"immune system process"	"+"
"858"	"GO:0002700"	"immune system process"	"+"
"859"	"GO:0002701"	"immune system process"	"0.972038105796312"
"860"	"GO:0002702"	"immune system process"	"+"
"861"	"GO:0002703"	"immune system process"	"+"
"862"	"GO:0002704"	"immune system process"	"+"
"863"	"GO:0002705"	"immune system process"	"+"
"864"	"GO:0002706"	"immune system process"	"+"
"865"	"GO:0002707"	"immune system process"	"+"
"866"	"GO:0002708"	"immune system process"	"+"
"867"	"GO:0002709"	"immune system process"	"+"
"868"	"GO:0002710"	"immune system process"	"+"
"869"	"GO:0002711"	"immune system process"	"+"
"870"	"GO:0002712"	"immune system process"	"0.976476276211868"
"871"	"GO:0002713"	"immune system process"	"0.964073711152819"
"872"	"GO:0002714"	"immune system process"	"0.972855130899096"
"873"	"GO:0002715"	"immune system process"	"+"
"874"	"GO:0002716"	"immune system process"	"0.961457098301665"
"875"	"GO:0002717"	"immune system process"	"0.983059513888959"
"876"	"GO:0002718"	"immune system process"	"+"
"877"	"GO:0002719"	"immune system process"	"0.980388921711754"
"878"	"GO:0002720"	"immune system process"	"+"
"879"	"GO:0002721"	"immune system process"	"0.960669065341497"
"880"	"GO:0002724"	"immune system process"	"+"
"881"	"GO:0002725"	"immune system process"	"+"
"882"	"GO:0002726"	"immune system process"	"+"
"883"	"GO:0002727"	"immune system process"	"0.976227259862546"
"884"	"GO:0002728"	"immune system process"	"0.952058651483604"
"885"	"GO:0002729"	"immune system process"	"0.962715727916773"
"886"	"GO:0002730"	"immune system process"	"0.986383866601015"
"887"	"GO:0002731"	"immune system process"	"0.977302614601664"
"888"	"GO:0002732"	"immune system process"	"0.986822794182795"
"889"	"GO:0002733"	"immune system process"	"0.990370063762551"
"890"	"GO:0002735"	"immune system process"	"0.986069250473494"
"891"	"GO:0002736"	"immune system process"	"0.973594626432533"
"892"	"GO:0002737"	"immune system process"	"0.981609149995282"
"893"	"GO:0002747"	"immune system process"	"0.707827203016194"
"894"	"GO:0002752"	"immune system process"	"+"
"895"	"GO:0002753"	"immune system process"	"0.843026748911772"
"896"	"GO:0002755"	"immune system process"	"+"
"897"	"GO:0002756"	"immune system process"	"+"
"898"	"GO:0002757"	"immune system process"	"+"
"899"	"GO:0002758"	"immune system process"	"+"
"900"	"GO:0002759"	"immune system process"	"0.936411531258842"
"901"	"GO:0002760"	"immune system process"	"0.953577168732237"
"902"	"GO:0002761"	"immune system process"	"+"
"903"	"GO:0002762"	"immune system process"	"+"
"904"	"GO:0002763"	"immune system process"	"+"
"905"	"GO:0002764"	"immune system process"	"+"
"906"	"GO:0002765"	"immune system process"	"0.92169036441277"
"907"	"GO:0002767"	"immune system process"	"0.828117713163094"
"908"	"GO:0002768"	"immune system process"	"+"
"909"	"GO:0002769"	"immune system process"	"0.76533598514921"
"910"	"GO:0002774"	"immune system process"	"0.826443906368476"
"911"	"GO:0002775"	"immune system process"	"0.897181053583826"
"912"	"GO:0002777"	"immune system process"	"0.508648788913587"
"913"	"GO:0002778"	"immune system process"	"0.930302538840683"
"914"	"GO:0002780"	"immune system process"	"0.613000928114559"
"915"	"GO:0002784"	"immune system process"	"0.944827930722071"
"916"	"GO:0002785"	"immune system process"	"0.813879828699258"
"917"	"GO:0002786"	"immune system process"	"0.948397210990304"
"918"	"GO:0002787"	"immune system process"	"0.847756605900151"
"919"	"GO:0002790"	"transport"	"0.946749777655217"
"920"	"GO:0002791"	"transport"	"0.953952375838805"
"921"	"GO:0002792"	"transport"	"0.939810050391704"
"922"	"GO:0002793"	"transport"	"0.95508142239122"
"923"	"GO:0002803"	"immune system process"	"0.913060683149174"
"924"	"GO:0002805"	"immune system process"	"0.964743002188783"
"925"	"GO:0002807"	"immune system process"	"0.897230646092808"
"926"	"GO:0002808"	"immune system process"	"0.945419392970305"
"927"	"GO:0002812"	"metabolic process"	"0.578693309035183"
"928"	"GO:0002815"	"metabolic process"	"0.547404169017618"
"929"	"GO:0002816"	"immune system process"	"0.899871205565359"
"930"	"GO:0002819"	"immune system process"	"+"
"931"	"GO:0002820"	"immune system process"	"+"
"932"	"GO:0002821"	"immune system process"	"+"
"933"	"GO:0002822"	"immune system process"	"+"
"934"	"GO:0002823"	"immune system process"	"+"
"935"	"GO:0002824"	"immune system process"	"+"
"936"	"GO:0002825"	"immune system process"	"+"
"937"	"GO:0002826"	"immune system process"	"0.978304673617846"
"938"	"GO:0002827"	"immune system process"	"0.981061604237798"
"939"	"GO:0002828"	"immune system process"	"+"
"940"	"GO:0002829"	"immune system process"	"0.990852006717685"
"941"	"GO:0002830"	"immune system process"	"+"
"942"	"GO:0002831"	"response to stimulus"	"+"
"943"	"GO:0002832"	"response to stimulus"	"+"
"944"	"GO:0002833"	"response to stimulus"	"+"
"945"	"GO:0002834"	"immune system process"	"0.665934852816049"
"946"	"GO:0002835"	"immune system process"	"0.844857600988583"
"947"	"GO:0002836"	"immune system process"	"0.770836535879391"
"948"	"GO:0002837"	"immune system process"	"0.88509006064085"
"949"	"GO:0002838"	"immune system process"	"0.959697062593909"
"950"	"GO:0002839"	"immune system process"	"0.945944850824553"
"951"	"GO:0002840"	"immune system process"	"0.905811000992962"
"952"	"GO:0002841"	"immune system process"	"0.920090951040307"
"953"	"GO:0002842"	"immune system process"	"0.870438602306574"
"954"	"GO:0002843"	"immune system process"	"0.923437305131977"
"955"	"GO:0002845"	"immune system process"	"0.840004721475218"
"956"	"GO:0002849"	"immune system process"	"0.971732325009293"
"957"	"GO:0002851"	"immune system process"	"0.922413858869586"
"958"	"GO:0002852"	"immune system process"	"0.921086029425358"
"959"	"GO:0002854"	"immune system process"	"0.864029132568454"
"960"	"GO:0002855"	"immune system process"	"0.972877041497292"
"961"	"GO:0002856"	"immune system process"	"0.939205422094871"
"962"	"GO:0002857"	"immune system process"	"0.968209630536343"
"963"	"GO:0002858"	"immune system process"	"0.973528048846183"
"964"	"GO:0002859"	"immune system process"	"0.91079507430629"
"965"	"GO:0002860"	"immune system process"	"0.938528547325471"
"966"	"GO:0002861"	"immune system process"	"+"
"967"	"GO:0002862"	"immune system process"	"0.947786537780285"
"968"	"GO:0002863"	"immune system process"	"0.96523982893047"
"969"	"GO:0002864"	"immune system process"	"0.988541564321888"
"970"	"GO:0002865"	"immune system process"	"0.966972068710376"
"971"	"GO:0002866"	"immune system process"	"0.97055320473864"
"972"	"GO:0002870"	"immune system process"	"0.868367451498323"
"973"	"GO:0002874"	"immune system process"	"0.956519554141128"
"974"	"GO:0002875"	"immune system process"	"0.893464612081263"
"975"	"GO:0002876"	"immune system process"	"0.9220736043767"
"976"	"GO:0002877"	"immune system process"	"0.920978835551988"
"977"	"GO:0002879"	"immune system process"	"0.930377947886602"
"978"	"GO:0002880"	"immune system process"	"0.924301153065505"
"979"	"GO:0002882"	"immune system process"	"0.884836418607887"
"980"	"GO:0002883"	"immune system process"	"0.992571475753967"
"981"	"GO:0002884"	"immune system process"	"0.979952011336533"
"982"	"GO:0002885"	"immune system process"	"0.983555320467515"
"983"	"GO:0002886"	"immune system process"	"0.978320857011434"
"984"	"GO:0002887"	"immune system process"	"0.978908895770366"
"985"	"GO:0002888"	"immune system process"	"+"
"986"	"GO:0002889"	"immune system process"	"0.960820665992575"
"987"	"GO:0002890"	"immune system process"	"0.961278747110285"
"988"	"GO:0002891"	"immune system process"	"0.956361891611828"
"989"	"GO:0002892"	"immune system process"	"0.970802760951374"
"990"	"GO:0002893"	"immune system process"	"0.950267511706212"
"991"	"GO:0002894"	"immune system process"	"0.946320779343855"
"992"	"GO:0002895"	"immune system process"	"0.889979832120775"
"993"	"GO:0002897"	"immune system process"	"0.819556395581151"
"994"	"GO:0002901"	"cell death"	"0.635131224458065"
"995"	"GO:0002902"	"immune system process"	"0.561128824802922"
"996"	"GO:0002903"	"cell death"	"0.610672441707786"
"997"	"GO:0002904"	"cell death"	"0.587449713285764"
"998"	"GO:0002905"	"immune system process"	"0.781421564995371"
"999"	"GO:0002906"	"immune system process"	"0.807396925522312"
"1000"	"GO:0002911"	"immune system process"	"0.966428840483824"
"1001"	"GO:0002913"	"immune system process"	"0.960093728608515"
"1002"	"GO:0002920"	"immune system process"	"0.986207793589481"
"1003"	"GO:0002921"	"immune system process"	"0.976632905498679"
"1004"	"GO:0002922"	"immune system process"	"0.978758097910325"
"1005"	"GO:0002923"	"immune system process"	"0.966799412937861"
"1006"	"GO:0002924"	"immune system process"	"0.948004232235975"
"1007"	"GO:0002925"	"immune system process"	"0.95104709077432"
"1008"	"GO:0002926"	"metabolic process"	"0.487380179399958"
"1009"	"GO:0002930"	"morphogenesis/development"	"0.926953989334354"
"1010"	"GO:0002931"	"stress response"	"+"
"1011"	"GO:0002933"	"metabolic process"	"0.89552664209948"
"1012"	"GO:0002934"	"cellular component organization"	"0.54852734320664"
"1013"	"GO:0002939"	"metabolic process"	"0.494080477817588"
"1014"	"GO:0002940"	"gene regulation"	"0.595235000555"
"1015"	"GO:0002941"	"cell cycle"	"0.941128375213029"
"1016"	"GO:0002943"	"gene regulation"	"0.588222226560017"
"1017"	"GO:0002946"	"gene regulation"	"0.769840805545003"
"1018"	"GO:0002949"	"protein modification/signaling"	"0.375854905723131"
"1019"	"GO:0003002"	"morphogenesis/development"	"0.926582031525716"
"1020"	"GO:0003006"	"morphogenesis/development"	"0.788826714316509"
"1021"	"GO:0003007"	"morphogenesis/development"	"+"
"1022"	"GO:0003008"	"multicellular organismal process"	"0.261006621974079"
"1023"	"GO:0003009"	"multicellular organismal process"	"0.441277869760579"
"1024"	"GO:0003010"	"multicellular organismal process"	"0.805670628733439"
"1025"	"GO:0003011"	"multicellular organismal process"	"0.82129152965791"
"1026"	"GO:0003012"	"multicellular organismal process"	"+"
"1027"	"GO:0003013"	"multicellular organismal process"	"+"
"1028"	"GO:0003014"	"multicellular organismal process"	"+"
"1029"	"GO:0003015"	"multicellular organismal process"	"+"
"1030"	"GO:0003016"	"multicellular organismal process"	"0.389659767677625"
"1031"	"GO:0003017"	"multicellular organismal process"	"0.963164569909079"
"1032"	"GO:0003018"	"multicellular organismal process"	"+"
"1033"	"GO:0003025"	"multicellular organismal process"	"0.560160530289451"
"1034"	"GO:0003026"	"multicellular organismal process"	"0.532628203986697"
"1035"	"GO:0003027"	"multicellular organismal process"	"0.3912999455201"
"1036"	"GO:0003029"	"stress response"	"0.250185390854412"
"1037"	"GO:0003032"	"response to stimulus"	"0.676863701993859"
"1038"	"GO:0003044"	"multicellular organismal process"	"0.848804225247614"
"1039"	"GO:0003050"	"multicellular organismal process"	"0.724464201949215"
"1040"	"GO:0003051"	"multicellular organismal process"	"0.616275783582861"
"1041"	"GO:0003056"	"multicellular organismal process"	"0.931619484477198"
"1042"	"GO:0003057"	"multicellular organismal process"	"0.950160785317728"
"1043"	"GO:0003058"	"multicellular organismal process"	"0.855206118558963"
"1044"	"GO:0003062"	"multicellular organismal process"	"0.89632056210965"
"1045"	"GO:0003064"	"multicellular organismal process"	"0.754717465261535"
"1046"	"GO:0003065"	"multicellular organismal process"	"0.737456938926642"
"1047"	"GO:0003068"	"multicellular organismal process"	"0.457220411413565"
"1048"	"GO:0003069"	"multicellular organismal process"	"0.632275171945206"
"1049"	"GO:0003070"	"neural related process"	"0.540504617495984"
"1050"	"GO:0003071"	"multicellular organismal process"	"0.914976268969101"
"1051"	"GO:0003072"	"multicellular organismal process"	"0.930970030447036"
"1052"	"GO:0003073"	"multicellular organismal process"	"0.838818953795916"
"1053"	"GO:0003081"	"multicellular organismal process"	"0.930918260681604"
"1054"	"GO:0003084"	"multicellular organismal process"	"0.8595051763945"
"1055"	"GO:0003085"	"multicellular organismal process"	"0.817965575970511"
"1056"	"GO:0003091"	"multicellular organismal process"	"0.630806361591144"
"1057"	"GO:0003092"	"multicellular organismal process"	"0.861503623913"
"1058"	"GO:0003093"	"multicellular organismal process"	"0.86401431660062"
"1059"	"GO:0003094"	"multicellular organismal process"	"0.500268912539448"
"1060"	"GO:0003095"	"multicellular organismal process"	"0.839237716874936"
"1061"	"GO:0003096"	"transport"	"+"
"1062"	"GO:0003097"	"transport"	"0.88879080653669"
"1063"	"GO:0003099"	"multicellular organismal process"	"0.934513270432581"
"1064"	"GO:0003100"	"multicellular organismal process"	"0.922969678866772"
"1065"	"GO:0003104"	"multicellular organismal process"	"0.615144451530788"
"1066"	"GO:0003105"	"multicellular organismal process"	"0.796982498112243"
"1067"	"GO:0003108"	"multicellular organismal process"	"0.923617155765379"
"1068"	"GO:0003116"	"multicellular organismal process"	"0.743075784030519"
"1069"	"GO:0003117"	"multicellular organismal process"	"0.861270865169129"
"1070"	"GO:0003127"	"response to stimulus"	"0.342683631696304"
"1071"	"GO:0003128"	"morphogenesis/development"	"0.883020303360651"
"1072"	"GO:0003129"	"morphogenesis/development"	"0.919885965019277"
"1073"	"GO:0003131"	"protein modification/signaling"	"0.311148267147461"
"1074"	"GO:0003133"	"protein modification/signaling"	"0.568884901637326"
"1075"	"GO:0003138"	"morphogenesis/development"	"0.638508568759902"
"1076"	"GO:0003139"	"morphogenesis/development"	"0.734038324604706"
"1077"	"GO:0003140"	"morphogenesis/development"	"0.600532690566273"
"1078"	"GO:0003142"	"morphogenesis/development"	"0.949712935352427"
"1079"	"GO:0003143"	"morphogenesis/development"	"0.942190226306499"
"1080"	"GO:0003144"	"morphogenesis/development"	"0.962556780831136"
"1081"	"GO:0003147"	"morphogenesis/development"	"0.666902345231484"
"1082"	"GO:0003148"	"morphogenesis/development"	"+"
"1083"	"GO:0003149"	"morphogenesis/development"	"0.862775784856345"
"1084"	"GO:0003150"	"morphogenesis/development"	"0.832224046362645"
"1085"	"GO:0003151"	"morphogenesis/development"	"+"
"1086"	"GO:0003156"	"morphogenesis/development"	"0.884787827422561"
"1087"	"GO:0003157"	"morphogenesis/development"	"+"
"1088"	"GO:0003158"	"morphogenesis/development"	"+"
"1089"	"GO:0003159"	"morphogenesis/development"	"0.966436241901839"
"1090"	"GO:0003160"	"morphogenesis/development"	"0.942504767839109"
"1091"	"GO:0003161"	"morphogenesis/development"	"0.946042094610753"
"1092"	"GO:0003162"	"morphogenesis/development"	"0.81081646253688"
"1093"	"GO:0003163"	"morphogenesis/development"	"0.894222797150153"
"1094"	"GO:0003164"	"morphogenesis/development"	"0.898620847299127"
"1095"	"GO:0003165"	"morphogenesis/development"	"0.64274236082677"
"1096"	"GO:0003166"	"morphogenesis/development"	"0.901066010955615"
"1097"	"GO:0003167"	"morphogenesis/development"	"0.740190669549376"
"1098"	"GO:0003168"	"morphogenesis/development"	"0.472529843488744"
"1099"	"GO:0003169"	"morphogenesis/development"	"0.964631595271655"
"1100"	"GO:0003170"	"morphogenesis/development"	"+"
"1101"	"GO:0003171"	"morphogenesis/development"	"0.98924440694059"
"1102"	"GO:0003172"	"morphogenesis/development"	"0.989942567871569"
"1103"	"GO:0003174"	"morphogenesis/development"	"+"
"1104"	"GO:0003175"	"morphogenesis/development"	"0.996404916892959"
"1105"	"GO:0003176"	"morphogenesis/development"	"+"
"1106"	"GO:0003177"	"morphogenesis/development"	"+"
"1107"	"GO:0003178"	"morphogenesis/development"	"0.993394693890242"
"1108"	"GO:0003179"	"morphogenesis/development"	"0.965196548945434"
"1109"	"GO:0003180"	"morphogenesis/development"	"0.975863852109228"
"1110"	"GO:0003181"	"morphogenesis/development"	"+"
"1111"	"GO:0003182"	"morphogenesis/development"	"0.968341860925027"
"1112"	"GO:0003183"	"morphogenesis/development"	"0.966643035943626"
"1113"	"GO:0003184"	"morphogenesis/development"	"0.991889698111551"
"1114"	"GO:0003185"	"morphogenesis/development"	"0.871445709203176"
"1115"	"GO:0003186"	"morphogenesis/development"	"0.978635277257556"
"1116"	"GO:0003188"	"morphogenesis/development"	"0.987915705596093"
"1117"	"GO:0003189"	"morphogenesis/development"	"0.967487646112067"
"1118"	"GO:0003190"	"morphogenesis/development"	"0.980625847005606"
"1119"	"GO:0003192"	"morphogenesis/development"	"0.98371861036014"
"1120"	"GO:0003193"	"morphogenesis/development"	"0.966127821576507"
"1121"	"GO:0003195"	"morphogenesis/development"	"0.959453680088931"
"1122"	"GO:0003197"	"morphogenesis/development"	"0.986115599051565"
"1123"	"GO:0003198"	"morphogenesis/development"	"0.908576869357424"
"1124"	"GO:0003199"	"morphogenesis/development"	"0.831250272627259"
"1125"	"GO:0003203"	"morphogenesis/development"	"0.9647239192085"
"1126"	"GO:0003205"	"morphogenesis/development"	"+"
"1127"	"GO:0003206"	"morphogenesis/development"	"+"
"1128"	"GO:0003207"	"morphogenesis/development"	"0.975103160203648"
"1129"	"GO:0003208"	"morphogenesis/development"	"0.95890509665905"
"1130"	"GO:0003209"	"morphogenesis/development"	"0.932805096720877"
"1131"	"GO:0003210"	"morphogenesis/development"	"0.956992239044921"
"1132"	"GO:0003211"	"morphogenesis/development"	"0.968468084697126"
"1133"	"GO:0003213"	"morphogenesis/development"	"0.892200440500736"
"1134"	"GO:0003214"	"morphogenesis/development"	"0.967442347700741"
"1135"	"GO:0003215"	"morphogenesis/development"	"0.975967387577419"
"1136"	"GO:0003218"	"morphogenesis/development"	"0.961553982412039"
"1137"	"GO:0003219"	"morphogenesis/development"	"0.964893830467021"
"1138"	"GO:0003220"	"morphogenesis/development"	"0.624758884913333"
"1139"	"GO:0003221"	"morphogenesis/development"	"0.88920861547724"
"1140"	"GO:0003222"	"morphogenesis/development"	"0.879400388837587"
"1141"	"GO:0003223"	"morphogenesis/development"	"0.85316607846783"
"1142"	"GO:0003226"	"morphogenesis/development"	"0.738285893291672"
"1143"	"GO:0003228"	"morphogenesis/development"	"0.967422577125008"
"1144"	"GO:0003229"	"morphogenesis/development"	"0.972194121912055"
"1145"	"GO:0003230"	"morphogenesis/development"	"0.967388175822084"
"1146"	"GO:0003231"	"morphogenesis/development"	"+"
"1147"	"GO:0003235"	"morphogenesis/development"	"0.981463813113598"
"1148"	"GO:0003236"	"morphogenesis/development"	"0.940470369179662"
"1149"	"GO:0003241"	"morphogenesis/development"	"0.821366545456096"
"1150"	"GO:0003242"	"morphogenesis/development"	"0.808622259044429"
"1151"	"GO:0003245"	"morphogenesis/development"	"0.641613534928568"
"1152"	"GO:0003249"	"cell cycle"	"0.809626612214974"
"1153"	"GO:0003250"	"cell cycle"	"0.831948101880592"
"1154"	"GO:0003251"	"cell cycle"	"0.832747245000483"
"1155"	"GO:0003252"	"cell cycle"	"0.773981640664219"
"1156"	"GO:0003253"	"morphogenesis/development"	"0.628000618796193"
"1157"	"GO:0003254"	"other"	"0.821847939962901"
"1158"	"GO:0003259"	"morphogenesis/development"	"0.657090518268704"
"1159"	"GO:0003260"	"morphogenesis/development"	"0.621486065725185"
"1160"	"GO:0003263"	"cell cycle"	"0.898553591917672"
"1161"	"GO:0003264"	"cell cycle"	"0.685902742705526"
"1162"	"GO:0003266"	"cell cycle"	"0.75101758415911"
"1163"	"GO:0003270"	"protein modification/signaling"	"0.303759161477191"
"1164"	"GO:0003271"	"protein modification/signaling"	"0.528212851198109"
"1165"	"GO:0003272"	"morphogenesis/development"	"0.990336129246067"
"1166"	"GO:0003273"	"morphogenesis/development"	"0.684115368623858"
"1167"	"GO:0003274"	"morphogenesis/development"	"0.351257648372762"
"1168"	"GO:0003275"	"cell death"	"0.577210025293527"
"1169"	"GO:0003278"	"cell death"	"0.851797769647274"
"1170"	"GO:0003279"	"morphogenesis/development"	"+"
"1171"	"GO:0003281"	"morphogenesis/development"	"+"
"1172"	"GO:0003283"	"morphogenesis/development"	"0.982305208506596"
"1173"	"GO:0003284"	"morphogenesis/development"	"0.975094847780951"
"1174"	"GO:0003285"	"morphogenesis/development"	"0.978890747728924"
"1175"	"GO:0003289"	"morphogenesis/development"	"0.928285080300045"
"1176"	"GO:0003290"	"morphogenesis/development"	"0.874781637726723"
"1177"	"GO:0003292"	"morphogenesis/development"	"0.833065331472223"
"1178"	"GO:0003294"	"morphogenesis/development"	"0.553022275671213"
"1179"	"GO:0003298"	"multicellular organismal process"	"0.834818603570063"
"1180"	"GO:0003299"	"multicellular organismal process"	"0.729923591803152"
"1181"	"GO:0003300"	"multicellular organismal process"	"+"
"1182"	"GO:0003301"	"multicellular organismal process"	"0.789793939943969"
"1183"	"GO:0003306"	"protein modification/signaling"	"0.553859503987416"
"1184"	"GO:0003307"	"protein modification/signaling"	"0.672913891832638"
"1185"	"GO:0003308"	"protein modification/signaling"	"0.787770163544418"
"1186"	"GO:0003309"	"morphogenesis/development"	"0.93377464890806"
"1187"	"GO:0003310"	"morphogenesis/development"	"0.841556752472427"
"1188"	"GO:0003311"	"morphogenesis/development"	"0.871050214999412"
"1189"	"GO:0003312"	"morphogenesis/development"	"0.86651827612633"
"1190"	"GO:0003318"	"morphogenesis/development"	"0.765112485474576"
"1191"	"GO:0003321"	"multicellular organismal process"	"0.799695663046831"
"1192"	"GO:0003322"	"morphogenesis/development"	"0.957238417770557"
"1193"	"GO:0003323"	"morphogenesis/development"	"0.970646562702738"
"1194"	"GO:0003326"	"morphogenesis/development"	"0.799024423663674"
"1195"	"GO:0003327"	"morphogenesis/development"	"0.857153031411584"
"1196"	"GO:0003329"	"morphogenesis/development"	"0.868990993136085"
"1197"	"GO:0003330"	"transport"	"0.59831797126578"
"1198"	"GO:0003331"	"transport"	"0.570101442961762"
"1199"	"GO:0003332"	"transport"	"0.543326195048016"
"1200"	"GO:0003333"	"transport"	"0.858911062590188"
"1201"	"GO:0003334"	"morphogenesis/development"	"0.957734913433651"
"1202"	"GO:0003335"	"morphogenesis/development"	"0.975183413186888"
"1203"	"GO:0003336"	"morphogenesis/development"	"0.431207199719426"
"1204"	"GO:0003337"	"morphogenesis/development"	"0.856986424004931"
"1205"	"GO:0003338"	"morphogenesis/development"	"0.967560811806479"
"1206"	"GO:0003339"	"morphogenesis/development"	"0.689043663661593"
"1207"	"GO:0003340"	"morphogenesis/development"	"0.703700312990901"
"1208"	"GO:0003341"	"other"	"0.853690335799173"
"1209"	"GO:0003342"	"morphogenesis/development"	"0.997068337548466"
"1210"	"GO:0003343"	"morphogenesis/development"	"0.996240987870643"
"1211"	"GO:0003344"	"morphogenesis/development"	"0.948533084957192"
"1212"	"GO:0003345"	"morphogenesis/development"	"0.538836049765363"
"1213"	"GO:0003348"	"morphogenesis/development"	"0.956008408818397"
"1214"	"GO:0003350"	"morphogenesis/development"	"0.983980258137893"
"1215"	"GO:0003351"	"transport"	"0.377748947662791"
"1216"	"GO:0003352"	"other"	"0.695548839797397"
"1217"	"GO:0003353"	"other"	"0.519031616737563"
"1218"	"GO:0003354"	"other"	"0.42709452084319"
"1219"	"GO:0003356"	"other"	"0.278794652746051"
"1220"	"GO:0003357"	"neural related process"	"0.590761282347971"
"1221"	"GO:0003358"	"neural related process"	"0.575480371620473"
"1222"	"GO:0003359"	"morphogenesis/development"	"0.531489861189717"
"1223"	"GO:0003360"	"morphogenesis/development"	"0.943786796756298"
"1224"	"GO:0003363"	"cellular component organization"	"0.563951080116192"
"1225"	"GO:0003365"	"cellular component organization"	"0.377715523708051"
"1226"	"GO:0003366"	"cell adhesion"	"0.270635214775159"
"1227"	"GO:0003376"	"receptor related process"	"0.364047111344768"
"1228"	"GO:0003382"	"morphogenesis/development"	"0.872855428162374"
"1229"	"GO:0003383"	"cellular component organization"	"0.399941138111095"
"1230"	"GO:0003400"	"ER/endosome/lysosome related process"	"0.443356404775101"
"1231"	"GO:0003401"	"morphogenesis/development"	"+"
"1232"	"GO:0003404"	"morphogenesis/development"	"0.975772821351954"
"1233"	"GO:0003406"	"morphogenesis/development"	"0.758920383874878"
"1234"	"GO:0003407"	"morphogenesis/development"	"0.901713741251679"
"1235"	"GO:0003408"	"morphogenesis/development"	"0.98608472104956"
"1236"	"GO:0003409"	"morphogenesis/development"	"0.769727330290904"
"1237"	"GO:0003412"	"cellular component organization"	"0.383475311274221"
"1238"	"GO:0003413"	"morphogenesis/development"	"0.874921642203529"
"1239"	"GO:0003414"	"morphogenesis/development"	"0.928318275890787"
"1240"	"GO:0003415"	"morphogenesis/development"	"0.854360045148075"
"1241"	"GO:0003416"	"morphogenesis/development"	"0.82766637321478"
"1242"	"GO:0003417"	"morphogenesis/development"	"+"
"1243"	"GO:0003418"	"morphogenesis/development"	"0.897965133678523"
"1244"	"GO:0003419"	"cell cycle"	"0.980652245056329"
"1245"	"GO:0003421"	"multicellular organismal process"	"0.618175952067712"
"1246"	"GO:0003422"	"morphogenesis/development"	"0.747064245905182"
"1247"	"GO:0003429"	"morphogenesis/development"	"0.883662934138896"
"1248"	"GO:0003430"	"morphogenesis/development"	"0.734562096916425"
"1249"	"GO:0003431"	"morphogenesis/development"	"0.971480998094907"
"1250"	"GO:0003433"	"morphogenesis/development"	"0.940481585538288"
"1251"	"GO:0003676"	"gene regulation"	"+"
"1252"	"GO:0003682"	"gene regulation"	"+"
"1253"	"GO:0003684"	"stress response"	"+"
"1254"	"GO:0003688"	"cell cycle"	"+"
"1255"	"GO:0003697"	"gene regulation"	"+"
"1256"	"GO:0003707"	"receptor related process"	"+"
"1257"	"GO:0003712"	"gene regulation"	"+"
"1258"	"GO:0003713"	"gene regulation"	"+"
"1259"	"GO:0003714"	"gene regulation"	"+"
"1260"	"GO:0003723"	"gene regulation"	"+"
"1261"	"GO:0003724"	"gene regulation"	"+"
"1262"	"GO:0003725"	"immune system process"	"+"
"1263"	"GO:0003727"	"gene regulation"	"+"
"1264"	"GO:0003729"	"gene regulation"	"+"
"1265"	"GO:0003774"	"other"	"+"
"1266"	"GO:0003779"	"cellular component organization"	"+"
"1267"	"GO:0003887"	"cell cycle"	"+"
"1268"	"GO:0003899"	"gene regulation"	"+"
"1269"	"GO:0003925"	"protein modification/signaling"	"+"
"1270"	"GO:0003955"	"metabolic process"	"+"
"1271"	"GO:0004029"	"metabolic process"	"+"
"1272"	"GO:0004129"	"metabolic process"	"+"
"1273"	"GO:0004175"	"cell death"	"+"
"1274"	"GO:0004364"	"metabolic process"	"+"
"1275"	"GO:0004386"	"cell cycle"	"+"
"1276"	"GO:0004402"	"gene regulation"	"+"
"1277"	"GO:0004497"	"metabolic process"	"+"
"1278"	"GO:0004518"	"metabolic process"	"+"
"1279"	"GO:0004519"	"metabolic process"	"+"
"1280"	"GO:0004529"	"cell cycle"	"+"
"1281"	"GO:0004549"	"gene regulation"	"+"
"1282"	"GO:0004602"	"metabolic process"	"+"
"1283"	"GO:0004672"	"protein modification/signaling"	"+"
"1284"	"GO:0004674"	"protein modification/signaling"	"+"
"1285"	"GO:0004675"	"receptor related process"	"+"
"1286"	"GO:0004706"	"protein modification/signaling"	"+"
"1287"	"GO:0004708"	"protein modification/signaling"	"+"
"1288"	"GO:0004709"	"protein modification/signaling"	"+"
"1289"	"GO:0004712"	"protein modification/signaling"	"+"
"1290"	"GO:0004713"	"protein modification/signaling"	"+"
"1291"	"GO:0004714"	"receptor related process"	"+"
"1292"	"GO:0004715"	"protein modification/signaling"	"+"
"1293"	"GO:0004721"	"protein modification/signaling"	"+"
"1294"	"GO:0004725"	"protein modification/signaling"	"+"
"1295"	"GO:0004857"	"protein modification/signaling"	"+"
"1296"	"GO:0004859"	"metabolic process"	"+"
"1297"	"GO:0004867"	"cell death"	"+"
"1298"	"GO:0004896"	"immune system process"	"+"
"1299"	"GO:0005001"	"receptor related process"	"+"
"1300"	"GO:0005080"	"protein modification/signaling"	"+"
"1301"	"GO:0005085"	"protein modification/signaling"	"+"
"1302"	"GO:0005102"	"receptor related process"	"+"
"1303"	"GO:0005112"	"receptor related process"	"+"
"1304"	"GO:0005125"	"immune system process"	"+"
"1305"	"GO:0005126"	"immune system process"	"+"
"1306"	"GO:0005154"	"receptor related process"	"+"
"1307"	"GO:0005161"	"receptor related process"	"+"
"1308"	"GO:0005164"	"immune system process"	"+"
"1309"	"GO:0005172"	"receptor related process"	"+"
"1310"	"GO:0005178"	"cell adhesion"	"+"
"1311"	"GO:0005200"	"cellular component organization"	"+"
"1312"	"GO:0005215"	"transport"	"+"
"1313"	"GO:0005342"	"transport"	"+"
"1314"	"GO:0005346"	"transport"	"+"
"1315"	"GO:0005484"	"receptor related process"	"+"
"1316"	"GO:0005496"	"protein modification/signaling"	"+"
"1317"	"GO:0005509"	"other"	"+"
"1318"	"GO:0005513"	"response to stimulus"	"0.330775098879505"
"1319"	"GO:0005516"	"protein modification/signaling"	"+"
"1320"	"GO:0005518"	"cellular component organization"	"+"
"1321"	"GO:0005525"	"protein modification/signaling"	"+"
"1322"	"GO:0005543"	"protein modification/signaling"	"+"
"1323"	"GO:0005548"	"transport"	"+"
"1324"	"GO:0005604"	"cellular component organization"	"+"
"1325"	"GO:0005635"	"cellular component organization"	"+"
"1326"	"GO:0005643"	"cellular component organization"	"+"
"1327"	"GO:0005667"	"gene regulation"	"+"
"1328"	"GO:0005681"	"gene regulation"	"+"
"1329"	"GO:0005684"	"gene regulation"	"+"
"1330"	"GO:0005689"	"gene regulation"	"+"
"1331"	"GO:0005769"	"ER/endosome/lysosome related process"	"+"
"1332"	"GO:0005770"	"ER/endosome/lysosome related process"	"+"
"1333"	"GO:0005774"	"cellular component organization"	"+"
"1334"	"GO:0005788"	"ER/endosome/lysosome related process"	"+"
"1335"	"GO:0005793"	"ER/endosome/lysosome related process"	"+"
"1336"	"GO:0005795"	"ER/endosome/lysosome related process"	"+"
"1337"	"GO:0005802"	"ER/endosome/lysosome related process"	"+"
"1338"	"GO:0005811"	"cellular component organization"	"+"
"1339"	"GO:0005838"	"metabolic process"	"+"
"1340"	"GO:0005839"	"metabolic process"	"+"
"1341"	"GO:0005874"	"cellular component organization"	"+"
"1342"	"GO:0005884"	"cellular component organization"	"+"
"1343"	"GO:0005902"	"cellular component organization"	"+"
"1344"	"GO:0005903"	"cellular component organization"	"+"
"1345"	"GO:0005912"	"cell adhesion"	"+"
"1346"	"GO:0005938"	"cellular component organization"	"+"
"1347"	"GO:0005975"	"metabolic process"	"+"
"1348"	"GO:0005976"	"metabolic process"	"+"
"1349"	"GO:0005977"	"metabolic process"	"0.948961949329018"
"1350"	"GO:0005978"	"metabolic process"	"0.968401215750826"
"1351"	"GO:0005979"	"metabolic process"	"0.962314804322784"
"1352"	"GO:0005980"	"metabolic process"	"0.984184102408669"
"1353"	"GO:0005981"	"metabolic process"	"0.937228776087998"
"1354"	"GO:0005982"	"metabolic process"	"0.935964886777801"
"1355"	"GO:0005983"	"metabolic process"	"0.989775953083217"
"1356"	"GO:0005984"	"metabolic process"	"0.950050639983656"
"1357"	"GO:0005985"	"metabolic process"	"0.992048604539602"
"1358"	"GO:0005986"	"metabolic process"	"0.970297094943882"
"1359"	"GO:0005987"	"metabolic process"	"0.986977092555385"
"1360"	"GO:0005988"	"metabolic process"	"0.983933096112082"
"1361"	"GO:0005989"	"metabolic process"	"0.971786395514933"
"1362"	"GO:0005990"	"metabolic process"	"0.988288788509495"
"1363"	"GO:0005991"	"metabolic process"	"0.528716983931592"
"1364"	"GO:0005993"	"metabolic process"	"0.953478780912552"
"1365"	"GO:0005996"	"metabolic process"	"+"
"1366"	"GO:0005997"	"metabolic process"	"0.995740132290056"
"1367"	"GO:0005998"	"metabolic process"	"0.993682922077613"
"1368"	"GO:0006000"	"metabolic process"	"0.980950696734652"
"1369"	"GO:0006001"	"metabolic process"	"0.978836341187488"
"1370"	"GO:0006002"	"metabolic process"	"0.98621975307455"
"1371"	"GO:0006003"	"metabolic process"	"0.984238970986837"
"1372"	"GO:0006004"	"metabolic process"	"0.983365794171838"
"1373"	"GO:0006006"	"metabolic process"	"+"
"1374"	"GO:0006007"	"metabolic process"	"0.976427250096576"
"1375"	"GO:0006011"	"metabolic process"	"0.987286497361676"
"1376"	"GO:0006012"	"metabolic process"	"0.969419859393012"
"1377"	"GO:0006013"	"metabolic process"	"0.948025146849572"
"1378"	"GO:0006014"	"metabolic process"	"0.979026585518316"
"1379"	"GO:0006015"	"metabolic process"	"0.978329899133784"
"1380"	"GO:0006020"	"metabolic process"	"0.895230111688558"
"1381"	"GO:0006021"	"metabolic process"	"0.944558323648731"
"1382"	"GO:0006022"	"metabolic process"	"0.942440917686159"
"1383"	"GO:0006023"	"metabolic process"	"+"
"1384"	"GO:0006024"	"metabolic process"	"+"
"1385"	"GO:0006026"	"metabolic process"	"0.92556729684754"
"1386"	"GO:0006027"	"metabolic process"	"0.901109732822243"
"1387"	"GO:0006029"	"metabolic process"	"+"
"1388"	"GO:0006030"	"metabolic process"	"0.97073160348242"
"1389"	"GO:0006032"	"metabolic process"	"0.968565651682005"
"1390"	"GO:0006040"	"metabolic process"	"+"
"1391"	"GO:0006041"	"metabolic process"	"0.989605649847788"
"1392"	"GO:0006043"	"metabolic process"	"0.973364017571482"
"1393"	"GO:0006044"	"metabolic process"	"0.903515372204628"
"1394"	"GO:0006045"	"metabolic process"	"0.915077631796662"
"1395"	"GO:0006046"	"metabolic process"	"0.95771538361121"
"1396"	"GO:0006047"	"metabolic process"	"0.944242654118345"
"1397"	"GO:0006048"	"metabolic process"	"0.967290476146404"
"1398"	"GO:0006049"	"metabolic process"	"0.973203618101843"
"1399"	"GO:0006050"	"metabolic process"	"0.986414651839771"
"1400"	"GO:0006051"	"metabolic process"	"0.989034242471828"
"1401"	"GO:0006054"	"metabolic process"	"0.988976928064399"
"1402"	"GO:0006055"	"metabolic process"	"0.963433675767207"
"1403"	"GO:0006059"	"metabolic process"	"0.983169102269074"
"1404"	"GO:0006060"	"metabolic process"	"0.978646560498524"
"1405"	"GO:0006062"	"metabolic process"	"0.98034643312281"
"1406"	"GO:0006063"	"metabolic process"	"+"
"1407"	"GO:0006064"	"metabolic process"	"0.987998017293793"
"1408"	"GO:0006065"	"metabolic process"	"0.924265466215523"
"1409"	"GO:0006066"	"metabolic process"	"+"
"1410"	"GO:0006067"	"metabolic process"	"+"
"1411"	"GO:0006068"	"metabolic process"	"0.985306202548845"
"1412"	"GO:0006071"	"metabolic process"	"0.991291674391097"
"1413"	"GO:0006072"	"metabolic process"	"0.999040656946604"
"1414"	"GO:0006081"	"metabolic process"	"0.960408784573177"
"1415"	"GO:0006082"	"metabolic process"	"0.964811470878761"
"1416"	"GO:0006083"	"metabolic process"	"0.967340607333116"
"1417"	"GO:0006084"	"metabolic process"	"+"
"1418"	"GO:0006085"	"metabolic process"	"+"
"1419"	"GO:0006086"	"metabolic process"	"0.963540869320141"
"1420"	"GO:0006089"	"metabolic process"	"0.993559622476945"
"1421"	"GO:0006090"	"metabolic process"	"+"
"1422"	"GO:0006091"	"metabolic process"	"+"
"1423"	"GO:0006094"	"metabolic process"	"0.953625682956139"
"1424"	"GO:0006096"	"metabolic process"	"+"
"1425"	"GO:0006097"	"metabolic process"	"0.957172036369675"
"1426"	"GO:0006098"	"metabolic process"	"0.966912968738247"
"1427"	"GO:0006099"	"metabolic process"	"+"
"1428"	"GO:0006101"	"metabolic process"	"0.986962744331763"
"1429"	"GO:0006102"	"metabolic process"	"0.988627981405395"
"1430"	"GO:0006103"	"metabolic process"	"+"
"1431"	"GO:0006104"	"metabolic process"	"0.992944533785586"
"1432"	"GO:0006105"	"metabolic process"	"0.953774139379513"
"1433"	"GO:0006106"	"metabolic process"	"0.969729586976073"
"1434"	"GO:0006107"	"metabolic process"	"0.983377712407036"
"1435"	"GO:0006108"	"metabolic process"	"0.979178565859498"
"1436"	"GO:0006109"	"metabolic process"	"+"
"1437"	"GO:0006110"	"metabolic process"	"0.950837271446795"
"1438"	"GO:0006111"	"metabolic process"	"0.914263983419751"
"1439"	"GO:0006112"	"metabolic process"	"0.934472116621295"
"1440"	"GO:0006113"	"metabolic process"	"0.964716862207509"
"1441"	"GO:0006114"	"metabolic process"	"0.987539546192587"
"1442"	"GO:0006116"	"metabolic process"	"0.989978204141517"
"1443"	"GO:0006117"	"metabolic process"	"0.978819494641296"
"1444"	"GO:0006119"	"metabolic process"	"+"
"1445"	"GO:0006120"	"metabolic process"	"+"
"1446"	"GO:0006121"	"metabolic process"	"0.930902815232314"
"1447"	"GO:0006122"	"metabolic process"	"+"
"1448"	"GO:0006123"	"metabolic process"	"+"
"1449"	"GO:0006127"	"metabolic process"	"0.866311103581438"
"1450"	"GO:0006140"	"metabolic process"	"0.945949117865794"
"1451"	"GO:0006144"	"metabolic process"	"+"
"1452"	"GO:0006145"	"metabolic process"	"0.956600244821755"
"1453"	"GO:0006147"	"metabolic process"	"0.855277642243666"
"1454"	"GO:0006148"	"metabolic process"	"0.93298234667629"
"1455"	"GO:0006149"	"metabolic process"	"0.969089697119111"
"1456"	"GO:0006152"	"metabolic process"	"0.95589982748645"
"1457"	"GO:0006154"	"metabolic process"	"0.910956966162229"
"1458"	"GO:0006157"	"metabolic process"	"0.954361095767388"
"1459"	"GO:0006161"	"metabolic process"	"0.978929529171019"
"1460"	"GO:0006163"	"metabolic process"	"+"
"1461"	"GO:0006164"	"metabolic process"	"+"
"1462"	"GO:0006166"	"metabolic process"	"0.90717629355191"
"1463"	"GO:0006167"	"metabolic process"	"0.952851093782227"
"1464"	"GO:0006168"	"metabolic process"	"0.807393468281117"
"1465"	"GO:0006170"	"metabolic process"	"0.926153736652631"
"1466"	"GO:0006171"	"metabolic process"	"0.955068499016436"
"1467"	"GO:0006172"	"metabolic process"	"0.982921851705688"
"1468"	"GO:0006173"	"metabolic process"	"0.952004356807156"
"1469"	"GO:0006175"	"metabolic process"	"0.929450967071353"
"1470"	"GO:0006177"	"metabolic process"	"0.96804865440814"
"1471"	"GO:0006178"	"metabolic process"	"0.870048136846942"
"1472"	"GO:0006182"	"metabolic process"	"0.940424514002822"
"1473"	"GO:0006183"	"metabolic process"	"0.971989410374876"
"1474"	"GO:0006185"	"metabolic process"	"0.962239334340976"
"1475"	"GO:0006188"	"metabolic process"	"+"
"1476"	"GO:0006189"	"metabolic process"	"0.953015261774685"
"1477"	"GO:0006193"	"metabolic process"	"0.983499355407166"
"1478"	"GO:0006195"	"metabolic process"	"0.956174467178599"
"1479"	"GO:0006196"	"metabolic process"	"0.986262505956436"
"1480"	"GO:0006198"	"metabolic process"	"0.964267806706198"
"1481"	"GO:0006203"	"metabolic process"	"0.965068059047307"
"1482"	"GO:0006204"	"metabolic process"	"0.984240703706376"
"1483"	"GO:0006206"	"metabolic process"	"0.926749531604352"
"1484"	"GO:0006207"	"metabolic process"	"0.920325698295153"
"1485"	"GO:0006208"	"metabolic process"	"0.963755031292823"
"1486"	"GO:0006210"	"metabolic process"	"0.899591195022985"
"1487"	"GO:0006212"	"metabolic process"	"0.888747840029268"
"1488"	"GO:0006213"	"metabolic process"	"0.803021493422804"
"1489"	"GO:0006214"	"metabolic process"	"0.890359656234709"
"1490"	"GO:0006216"	"metabolic process"	"0.845599715017558"
"1491"	"GO:0006218"	"metabolic process"	"0.9469592496262"
"1492"	"GO:0006220"	"metabolic process"	"+"
"1493"	"GO:0006221"	"metabolic process"	"0.932225057544843"
"1494"	"GO:0006222"	"metabolic process"	"0.965587147605686"
"1495"	"GO:0006225"	"metabolic process"	"0.958891967259749"
"1496"	"GO:0006226"	"metabolic process"	"0.938308318020953"
"1497"	"GO:0006227"	"metabolic process"	"0.953871873686453"
"1498"	"GO:0006228"	"metabolic process"	"0.969245655792973"
"1499"	"GO:0006231"	"metabolic process"	"0.952657945859372"
"1500"	"GO:0006233"	"metabolic process"	"0.961309463199021"
"1501"	"GO:0006235"	"metabolic process"	"0.945656948487373"
"1502"	"GO:0006241"	"metabolic process"	"0.964442481361026"
"1503"	"GO:0006244"	"metabolic process"	"0.963918383485502"
"1504"	"GO:0006248"	"metabolic process"	"0.981733656207034"
"1505"	"GO:0006249"	"metabolic process"	"0.982071892826164"
"1506"	"GO:0006253"	"metabolic process"	"0.981905985019985"
"1507"	"GO:0006254"	"metabolic process"	"0.975868829305766"
"1508"	"GO:0006256"	"metabolic process"	"0.990432423866844"
"1509"	"GO:0006258"	"metabolic process"	"0.964994633453571"
"1510"	"GO:0006259"	"cell cycle"	"0.80982861989903"
"1511"	"GO:0006260"	"cell cycle"	"+"
"1512"	"GO:0006261"	"cell cycle"	"+"
"1513"	"GO:0006264"	"cell cycle"	"+"
"1514"	"GO:0006265"	"cell cycle"	"0.802157498813308"
"1515"	"GO:0006266"	"cell cycle"	"+"
"1516"	"GO:0006268"	"cell cycle"	"+"
"1517"	"GO:0006269"	"stress response"	"0.349482815285811"
"1518"	"GO:0006270"	"cell cycle"	"+"
"1519"	"GO:0006271"	"cell cycle"	"+"
"1520"	"GO:0006272"	"cell cycle"	"0.846173661213675"
"1521"	"GO:0006273"	"cell cycle"	"0.812124231022762"
"1522"	"GO:0006274"	"cell cycle"	"0.734365672912666"
"1523"	"GO:0006275"	"cell cycle"	"+"
"1524"	"GO:0006278"	"cell cycle"	"0.962681134090945"
"1525"	"GO:0006281"	"stress response"	"+"
"1526"	"GO:0006282"	"stress response"	"+"
"1527"	"GO:0006283"	"stress response"	"0.962635448161036"
"1528"	"GO:0006284"	"stress response"	"+"
"1529"	"GO:0006285"	"metabolic process"	"0.531219117895693"
"1530"	"GO:0006287"	"stress response"	"0.749233220795831"
"1531"	"GO:0006288"	"stress response"	"0.311977894224835"
"1532"	"GO:0006289"	"stress response"	"+"
"1533"	"GO:0006290"	"stress response"	"0.982392551723557"
"1534"	"GO:0006294"	"cellular component organization"	"0.497589381498058"
"1535"	"GO:0006297"	"stress response"	"0.682876029901417"
"1536"	"GO:0006298"	"stress response"	"+"
"1537"	"GO:0006301"	"stress response"	"+"
"1538"	"GO:0006302"	"stress response"	"+"
"1539"	"GO:0006303"	"stress response"	"+"
"1540"	"GO:0006304"	"gene regulation"	"+"
"1541"	"GO:0006307"	"stress response"	"0.914471307761137"
"1542"	"GO:0006308"	"metabolic process"	"0.701294873226607"
"1543"	"GO:0006309"	"metabolic process"	"0.537639268319929"
"1544"	"GO:0006310"	"cell cycle"	"+"
"1545"	"GO:0006311"	"cell cycle"	"0.468809819605132"
"1546"	"GO:0006312"	"cell cycle"	"0.990891684471046"
"1547"	"GO:0006313"	"cell cycle"	"0.434835659062994"
"1548"	"GO:0006325"	"cell cycle"	"+"
"1549"	"GO:0006334"	"cellular component organization"	"+"
"1550"	"GO:0006335"	"cellular component organization"	"0.392721788467326"
"1551"	"GO:0006337"	"gene regulation"	"0.790081403285901"
"1552"	"GO:0006338"	"cell cycle"	"+"
"1553"	"GO:0006346"	"gene regulation"	"0.91899628743499"
"1554"	"GO:0006351"	"gene regulation"	"0.972393336259669"
"1555"	"GO:0006352"	"gene regulation"	"+"
"1556"	"GO:0006353"	"gene regulation"	"+"
"1557"	"GO:0006354"	"gene regulation"	"+"
"1558"	"GO:0006355"	"gene regulation"	"+"
"1559"	"GO:0006356"	"gene regulation"	"+"
"1560"	"GO:0006357"	"gene regulation"	"0.953073716481384"
"1561"	"GO:0006359"	"gene regulation"	"+"
"1562"	"GO:0006360"	"gene regulation"	"+"
"1563"	"GO:0006361"	"gene regulation"	"0.984005729619925"
"1564"	"GO:0006362"	"gene regulation"	"0.931426352741832"
"1565"	"GO:0006363"	"gene regulation"	"0.957233980647113"
"1566"	"GO:0006364"	"gene regulation"	"+"
"1567"	"GO:0006366"	"gene regulation"	"+"
"1568"	"GO:0006367"	"gene regulation"	"+"
"1569"	"GO:0006368"	"gene regulation"	"+"
"1570"	"GO:0006369"	"gene regulation"	"0.988889528235125"
"1571"	"GO:0006370"	"gene regulation"	"0.741597861889561"
"1572"	"GO:0006376"	"gene regulation"	"0.491097268532897"
"1573"	"GO:0006382"	"gene regulation"	"0.711158515508841"
"1574"	"GO:0006383"	"gene regulation"	"0.802407883462717"
"1575"	"GO:0006384"	"gene regulation"	"0.952798935620238"
"1576"	"GO:0006386"	"gene regulation"	"0.861912561798816"
"1577"	"GO:0006388"	"gene regulation"	"+"
"1578"	"GO:0006390"	"gene regulation"	"0.599208112032475"
"1579"	"GO:0006391"	"gene regulation"	"0.945835086736194"
"1580"	"GO:0006392"	"gene regulation"	"0.851453798693682"
"1581"	"GO:0006393"	"gene regulation"	"0.951967143902045"
"1582"	"GO:0006396"	"gene regulation"	"+"
"1583"	"GO:0006397"	"gene regulation"	"+"
"1584"	"GO:0006398"	"gene regulation"	"0.849706157564548"
"1585"	"GO:0006399"	"metabolic process"	"+"
"1586"	"GO:0006400"	"gene regulation"	"0.847544308672893"
"1587"	"GO:0006401"	"metabolic process"	"0.950043517493617"
"1588"	"GO:0006402"	"metabolic process"	"+"
"1589"	"GO:0006403"	"transport"	"+"
"1590"	"GO:0006404"	"transport"	"0.817662584366321"
"1591"	"GO:0006405"	"transport"	"+"
"1592"	"GO:0006406"	"transport"	"+"
"1593"	"GO:0006408"	"transport"	"0.847108953852817"
"1594"	"GO:0006409"	"transport"	"0.568473314202552"
"1595"	"GO:0006412"	"metabolic process"	"0.834731446892169"
"1596"	"GO:0006413"	"gene regulation"	"+"
"1597"	"GO:0006414"	"gene regulation"	"0.589032187627411"
"1598"	"GO:0006415"	"gene regulation"	"+"
"1599"	"GO:0006417"	"gene regulation"	"0.484668263367405"
"1600"	"GO:0006418"	"metabolic process"	"+"
"1601"	"GO:0006419"	"metabolic process"	"0.909812184465128"
"1602"	"GO:0006420"	"metabolic process"	"0.610297548424535"
"1603"	"GO:0006421"	"metabolic process"	"0.834648968089951"
"1604"	"GO:0006422"	"metabolic process"	"0.892012520296716"
"1605"	"GO:0006423"	"metabolic process"	"0.575198585088887"
"1606"	"GO:0006424"	"metabolic process"	"0.615498396321169"
"1607"	"GO:0006425"	"metabolic process"	"0.543331405911128"
"1608"	"GO:0006426"	"metabolic process"	"0.82235840632989"
"1609"	"GO:0006427"	"metabolic process"	"0.813870746752485"
"1610"	"GO:0006428"	"metabolic process"	"0.579700498116686"
"1611"	"GO:0006429"	"metabolic process"	"0.622117175033372"
"1612"	"GO:0006430"	"metabolic process"	"0.734412125003344"
"1613"	"GO:0006431"	"metabolic process"	"0.65944486977132"
"1614"	"GO:0006432"	"metabolic process"	"0.613337131074019"
"1615"	"GO:0006433"	"metabolic process"	"0.853972608303875"
"1616"	"GO:0006434"	"metabolic process"	"0.846467574073468"
"1617"	"GO:0006435"	"metabolic process"	"0.872819595249642"
"1618"	"GO:0006436"	"metabolic process"	"0.641559731527769"
"1619"	"GO:0006437"	"metabolic process"	"0.583261617976046"
"1620"	"GO:0006438"	"metabolic process"	"0.643857000560799"
"1621"	"GO:0006446"	"gene regulation"	"+"
"1622"	"GO:0006447"	"gene regulation"	"0.640560528029298"
"1623"	"GO:0006448"	"gene regulation"	"0.942870054746772"
"1624"	"GO:0006449"	"gene regulation"	"0.977727831954682"
"1625"	"GO:0006450"	"gene regulation"	"0.591604104425605"
"1626"	"GO:0006451"	"gene regulation"	"0.818066409256374"
"1627"	"GO:0006452"	"gene regulation"	"0.681557036777082"
"1628"	"GO:0006457"	"protein modification/signaling"	"+"
"1629"	"GO:0006458"	"protein modification/signaling"	"+"
"1630"	"GO:0006463"	"cellular component organization"	"0.605038538439083"
"1631"	"GO:0006465"	"protein modification/signaling"	"+"
"1632"	"GO:0006468"	"protein modification/signaling"	"0.86763917717066"
"1633"	"GO:0006469"	"protein modification/signaling"	"+"
"1634"	"GO:0006470"	"protein modification/signaling"	"+"
"1635"	"GO:0006473"	"protein modification/signaling"	"+"
"1636"	"GO:0006474"	"protein modification/signaling"	"+"
"1637"	"GO:0006475"	"protein modification/signaling"	"0.752512892020451"
"1638"	"GO:0006476"	"protein modification/signaling"	"+"
"1639"	"GO:0006477"	"protein modification/signaling"	"0.625517788021519"
"1640"	"GO:0006478"	"protein modification/signaling"	"0.855987330799568"
"1641"	"GO:0006479"	"protein modification/signaling"	"+"
"1642"	"GO:0006480"	"protein modification/signaling"	"0.900316844100596"
"1643"	"GO:0006481"	"protein modification/signaling"	"0.860037023793692"
"1644"	"GO:0006482"	"protein modification/signaling"	"+"
"1645"	"GO:0006486"	"protein modification/signaling"	"0.818311119101559"
"1646"	"GO:0006487"	"protein modification/signaling"	"+"
"1647"	"GO:0006488"	"metabolic process"	"+"
"1648"	"GO:0006489"	"metabolic process"	"0.994755964344507"
"1649"	"GO:0006491"	"metabolic process"	"0.799192739694472"
"1650"	"GO:0006493"	"protein modification/signaling"	"+"
"1651"	"GO:0006497"	"protein modification/signaling"	"+"
"1652"	"GO:0006498"	"protein modification/signaling"	"0.938152481499314"
"1653"	"GO:0006499"	"protein modification/signaling"	"0.941719417312494"
"1654"	"GO:0006500"	"protein modification/signaling"	"0.752279237330806"
"1655"	"GO:0006501"	"protein modification/signaling"	"0.438558426477328"
"1656"	"GO:0006505"	"metabolic process"	"0.862639277481921"
"1657"	"GO:0006506"	"metabolic process"	"0.907853927441441"
"1658"	"GO:0006508"	"metabolic process"	"0.826025315315242"
"1659"	"GO:0006509"	"metabolic process"	"0.92888297833781"
"1660"	"GO:0006511"	"metabolic process"	"+"
"1661"	"GO:0006513"	"protein modification/signaling"	"+"
"1662"	"GO:0006515"	"metabolic process"	"0.785077203955622"
"1663"	"GO:0006516"	"metabolic process"	"+"
"1664"	"GO:0006517"	"metabolic process"	"+"
"1665"	"GO:0006518"	"metabolic process"	"+"
"1666"	"GO:0006520"	"metabolic process"	"+"
"1667"	"GO:0006521"	"metabolic process"	"0.929725537782104"
"1668"	"GO:0006522"	"metabolic process"	"0.991034470126635"
"1669"	"GO:0006524"	"metabolic process"	"0.982723540892627"
"1670"	"GO:0006525"	"metabolic process"	"0.96880912530001"
"1671"	"GO:0006526"	"metabolic process"	"0.955280597361517"
"1672"	"GO:0006527"	"metabolic process"	"0.953634358396509"
"1673"	"GO:0006528"	"metabolic process"	"0.973889375800288"
"1674"	"GO:0006529"	"metabolic process"	"0.939185736708204"
"1675"	"GO:0006530"	"metabolic process"	"0.968285183269589"
"1676"	"GO:0006531"	"metabolic process"	"0.980260558515096"
"1677"	"GO:0006532"	"metabolic process"	"0.943779561294497"
"1678"	"GO:0006533"	"metabolic process"	"0.966942156745441"
"1679"	"GO:0006534"	"metabolic process"	"+"
"1680"	"GO:0006535"	"metabolic process"	"0.922638162492381"
"1681"	"GO:0006536"	"metabolic process"	"0.951286096162561"
"1682"	"GO:0006537"	"metabolic process"	"0.923703194273138"
"1683"	"GO:0006538"	"metabolic process"	"0.95013016197852"
"1684"	"GO:0006540"	"metabolic process"	"0.383619750005298"
"1685"	"GO:0006541"	"metabolic process"	"+"
"1686"	"GO:0006542"	"metabolic process"	"0.913780581183721"
"1687"	"GO:0006543"	"metabolic process"	"0.947818117647509"
"1688"	"GO:0006544"	"metabolic process"	"0.985769295034447"
"1689"	"GO:0006545"	"metabolic process"	"0.966296722434469"
"1690"	"GO:0006546"	"metabolic process"	"0.882217549371635"
"1691"	"GO:0006547"	"metabolic process"	"0.987284923799845"
"1692"	"GO:0006548"	"metabolic process"	"0.971493978893952"
"1693"	"GO:0006549"	"metabolic process"	"0.979625231745717"
"1694"	"GO:0006550"	"metabolic process"	"0.978066510061034"
"1695"	"GO:0006551"	"metabolic process"	"0.976394765330221"
"1696"	"GO:0006552"	"metabolic process"	"0.968580510855717"
"1697"	"GO:0006553"	"metabolic process"	"0.981374086491483"
"1698"	"GO:0006554"	"metabolic process"	"0.988832797090475"
"1699"	"GO:0006555"	"metabolic process"	"0.971148888558715"
"1700"	"GO:0006556"	"metabolic process"	"0.949563362497396"
"1701"	"GO:0006558"	"metabolic process"	"0.967344261123302"
"1702"	"GO:0006559"	"metabolic process"	"0.949750693780815"
"1703"	"GO:0006560"	"metabolic process"	"0.894016538538686"
"1704"	"GO:0006561"	"metabolic process"	"0.914195895047398"
"1705"	"GO:0006562"	"metabolic process"	"0.954739366794755"
"1706"	"GO:0006563"	"metabolic process"	"+"
"1707"	"GO:0006564"	"metabolic process"	"0.953386908525378"
"1708"	"GO:0006565"	"metabolic process"	"0.973898138404652"
"1709"	"GO:0006566"	"metabolic process"	"0.953719268504318"
"1710"	"GO:0006567"	"metabolic process"	"0.925249208464106"
"1711"	"GO:0006568"	"metabolic process"	"0.974450268505989"
"1712"	"GO:0006569"	"metabolic process"	"0.9753287795869"
"1713"	"GO:0006570"	"metabolic process"	"0.942859257894087"
"1714"	"GO:0006571"	"metabolic process"	"0.943683433277187"
"1715"	"GO:0006572"	"metabolic process"	"0.92925232447742"
"1716"	"GO:0006573"	"metabolic process"	"0.991004363982141"
"1717"	"GO:0006574"	"metabolic process"	"0.982148956443151"
"1718"	"GO:0006575"	"metabolic process"	"0.9588286562546"
"1719"	"GO:0006576"	"metabolic process"	"+"
"1720"	"GO:0006577"	"metabolic process"	"0.991711445160092"
"1721"	"GO:0006578"	"metabolic process"	"0.990226113063497"
"1722"	"GO:0006579"	"metabolic process"	"0.996750044507077"
"1723"	"GO:0006580"	"metabolic process"	"0.970948370810404"
"1724"	"GO:0006581"	"metabolic process"	"0.613092109989258"
"1725"	"GO:0006582"	"metabolic process"	"0.629244016603245"
"1726"	"GO:0006583"	"metabolic process"	"0.907041882725197"
"1727"	"GO:0006584"	"metabolic process"	"0.916654359466629"
"1728"	"GO:0006585"	"metabolic process"	"0.910586102584842"
"1729"	"GO:0006586"	"metabolic process"	"0.993167982671065"
"1730"	"GO:0006589"	"metabolic process"	"0.884728696718539"
"1731"	"GO:0006590"	"metabolic process"	"0.640868586930698"
"1732"	"GO:0006591"	"metabolic process"	"0.934583104950414"
"1733"	"GO:0006592"	"metabolic process"	"0.920826102822764"
"1734"	"GO:0006593"	"metabolic process"	"0.916666425972498"
"1735"	"GO:0006595"	"metabolic process"	"0.984570480447902"
"1736"	"GO:0006596"	"metabolic process"	"0.987151872964423"
"1737"	"GO:0006597"	"metabolic process"	"0.936387005762056"
"1738"	"GO:0006598"	"metabolic process"	"0.989136195704218"
"1739"	"GO:0006599"	"metabolic process"	"0.952060428345029"
"1740"	"GO:0006600"	"metabolic process"	"0.94228570250417"
"1741"	"GO:0006601"	"metabolic process"	"0.831650277784699"
"1742"	"GO:0006603"	"metabolic process"	"0.90685240765412"
"1743"	"GO:0006605"	"transport"	"+"
"1744"	"GO:0006606"	"transport"	"+"
"1745"	"GO:0006607"	"transport"	"0.974469648021308"
"1746"	"GO:0006610"	"transport"	"0.601083785594602"
"1747"	"GO:0006611"	"transport"	"+"
"1748"	"GO:0006612"	"transport"	"+"
"1749"	"GO:0006613"	"transport"	"0.564591387421223"
"1750"	"GO:0006614"	"transport"	"0.556285562010582"
"1751"	"GO:0006616"	"ER/endosome/lysosome related process"	"0.867109023212664"
"1752"	"GO:0006617"	"cellular component organization"	"0.450369566151298"
"1753"	"GO:0006620"	"ER/endosome/lysosome related process"	"+"
"1754"	"GO:0006621"	"ER/endosome/lysosome related process"	"0.943897178388943"
"1755"	"GO:0006622"	"ER/endosome/lysosome related process"	"+"
"1756"	"GO:0006623"	"transport"	"+"
"1757"	"GO:0006624"	"metabolic process"	"0.905867930524384"
"1758"	"GO:0006625"	"ER/endosome/lysosome related process"	"0.402769409921181"
"1759"	"GO:0006626"	"transport"	"+"
"1760"	"GO:0006627"	"metabolic process"	"0.530922736131789"
"1761"	"GO:0006629"	"metabolic process"	"0.903270253183506"
"1762"	"GO:0006631"	"metabolic process"	"+"
"1763"	"GO:0006633"	"metabolic process"	"+"
"1764"	"GO:0006635"	"metabolic process"	"+"
"1765"	"GO:0006636"	"metabolic process"	"0.924625388577823"
"1766"	"GO:0006637"	"metabolic process"	"0.991191262802321"
"1767"	"GO:0006638"	"metabolic process"	"0.929396712762224"
"1768"	"GO:0006639"	"metabolic process"	"+"
"1769"	"GO:0006640"	"metabolic process"	"0.990105746871556"
"1770"	"GO:0006641"	"metabolic process"	"+"
"1771"	"GO:0006642"	"metabolic process"	"0.83784015339334"
"1772"	"GO:0006643"	"metabolic process"	"+"
"1773"	"GO:0006644"	"metabolic process"	"+"
"1774"	"GO:0006646"	"metabolic process"	"0.98973101875843"
"1775"	"GO:0006649"	"transport"	"0.428090561993286"
"1776"	"GO:0006650"	"metabolic process"	"+"
"1777"	"GO:0006651"	"metabolic process"	"0.976117368734361"
"1778"	"GO:0006654"	"metabolic process"	"0.985003483905464"
"1779"	"GO:0006655"	"metabolic process"	"0.982044512405181"
"1780"	"GO:0006656"	"metabolic process"	"+"
"1781"	"GO:0006657"	"metabolic process"	"0.935990226082775"
"1782"	"GO:0006658"	"metabolic process"	"+"
"1783"	"GO:0006659"	"metabolic process"	"0.987130938312705"
"1784"	"GO:0006660"	"metabolic process"	"0.994304188873223"
"1785"	"GO:0006661"	"metabolic process"	"+"
"1786"	"GO:0006662"	"metabolic process"	"0.97186569842415"
"1787"	"GO:0006663"	"immune system process"	"0.410789984341467"
"1788"	"GO:0006664"	"metabolic process"	"0.943178522054306"
"1789"	"GO:0006665"	"metabolic process"	"+"
"1790"	"GO:0006666"	"metabolic process"	"0.962606435191244"
"1791"	"GO:0006667"	"metabolic process"	"0.976208227125845"
"1792"	"GO:0006668"	"metabolic process"	"0.974829644244074"
"1793"	"GO:0006669"	"metabolic process"	"0.936852349909072"
"1794"	"GO:0006670"	"metabolic process"	"0.975583514510885"
"1795"	"GO:0006671"	"metabolic process"	"0.972355875593126"
"1796"	"GO:0006672"	"metabolic process"	"0.986938241990438"
"1797"	"GO:0006677"	"metabolic process"	"0.99326956706807"
"1798"	"GO:0006678"	"metabolic process"	"0.988665275757245"
"1799"	"GO:0006679"	"metabolic process"	"0.969365785174577"
"1800"	"GO:0006680"	"metabolic process"	"0.987304255605845"
"1801"	"GO:0006681"	"metabolic process"	"0.986975114906362"
"1802"	"GO:0006682"	"metabolic process"	"0.977377955476355"
"1803"	"GO:0006683"	"metabolic process"	"0.984572567442408"
"1804"	"GO:0006684"	"metabolic process"	"0.979623492794548"
"1805"	"GO:0006685"	"metabolic process"	"0.986301703740999"
"1806"	"GO:0006686"	"metabolic process"	"0.966836403941452"
"1807"	"GO:0006687"	"metabolic process"	"0.966328640730606"
"1808"	"GO:0006688"	"metabolic process"	"0.949233463508466"
"1809"	"GO:0006689"	"metabolic process"	"0.960709517722774"
"1810"	"GO:0006690"	"immune system process"	"0.466197515361488"
"1811"	"GO:0006691"	"immune system process"	"+"
"1812"	"GO:0006692"	"metabolic process"	"+"
"1813"	"GO:0006693"	"metabolic process"	"0.878404239260282"
"1814"	"GO:0006694"	"metabolic process"	"0.870233182880323"
"1815"	"GO:0006695"	"metabolic process"	"+"
"1816"	"GO:0006699"	"metabolic process"	"0.937673430961865"
"1817"	"GO:0006700"	"metabolic process"	"0.969899068097511"
"1818"	"GO:0006701"	"metabolic process"	"0.903268230233589"
"1819"	"GO:0006702"	"metabolic process"	"0.863493195592183"
"1820"	"GO:0006703"	"metabolic process"	"0.914919244171752"
"1821"	"GO:0006704"	"metabolic process"	"0.974889423860816"
"1822"	"GO:0006705"	"metabolic process"	"0.958199250512261"
"1823"	"GO:0006706"	"metabolic process"	"0.934300427588699"
"1824"	"GO:0006707"	"metabolic process"	"0.966917797573632"
"1825"	"GO:0006710"	"metabolic process"	"0.894078597447203"
"1826"	"GO:0006711"	"metabolic process"	"0.925892207197629"
"1827"	"GO:0006713"	"metabolic process"	"0.956745061920367"
"1828"	"GO:0006714"	"metabolic process"	"0.993942873451878"
"1829"	"GO:0006720"	"metabolic process"	"+"
"1830"	"GO:0006721"	"metabolic process"	"+"
"1831"	"GO:0006722"	"metabolic process"	"0.989828538839077"
"1832"	"GO:0006726"	"metabolic process"	"0.675862042451824"
"1833"	"GO:0006729"	"metabolic process"	"0.960076621403014"
"1834"	"GO:0006730"	"metabolic process"	"+"
"1835"	"GO:0006734"	"metabolic process"	"+"
"1836"	"GO:0006735"	"metabolic process"	"0.966508517213072"
"1837"	"GO:0006738"	"metabolic process"	"0.969347789335007"
"1838"	"GO:0006739"	"metabolic process"	"+"
"1839"	"GO:0006740"	"metabolic process"	"+"
"1840"	"GO:0006741"	"metabolic process"	"0.972971351846159"
"1841"	"GO:0006742"	"metabolic process"	"0.977689989030619"
"1842"	"GO:0006743"	"metabolic process"	"0.990018222411117"
"1843"	"GO:0006744"	"metabolic process"	"0.979471408136078"
"1844"	"GO:0006747"	"metabolic process"	"0.978097969447591"
"1845"	"GO:0006749"	"metabolic process"	"+"
"1846"	"GO:0006750"	"metabolic process"	"0.935720151538075"
"1847"	"GO:0006751"	"metabolic process"	"0.984060240326476"
"1848"	"GO:0006753"	"metabolic process"	"+"
"1849"	"GO:0006754"	"metabolic process"	"+"
"1850"	"GO:0006760"	"metabolic process"	"+"
"1851"	"GO:0006766"	"metabolic process"	"+"
"1852"	"GO:0006767"	"metabolic process"	"+"
"1853"	"GO:0006768"	"metabolic process"	"0.926870205065468"
"1854"	"GO:0006769"	"metabolic process"	"0.970839309373328"
"1855"	"GO:0006771"	"metabolic process"	"0.98262726067609"
"1856"	"GO:0006772"	"metabolic process"	"0.964235214792479"
"1857"	"GO:0006775"	"metabolic process"	"0.955649514419947"
"1858"	"GO:0006776"	"metabolic process"	"0.955433354647975"
"1859"	"GO:0006777"	"metabolic process"	"0.863889847733918"
"1860"	"GO:0006778"	"metabolic process"	"+"
"1861"	"GO:0006779"	"metabolic process"	"0.928411928659654"
"1862"	"GO:0006780"	"metabolic process"	"0.947635097714033"
"1863"	"GO:0006781"	"metabolic process"	"0.944930287350596"
"1864"	"GO:0006782"	"metabolic process"	"0.981840215777829"
"1865"	"GO:0006783"	"metabolic process"	"0.946308000619004"
"1866"	"GO:0006784"	"metabolic process"	"0.977716603668042"
"1867"	"GO:0006787"	"metabolic process"	"0.95351437993943"
"1868"	"GO:0006788"	"metabolic process"	"0.96654506249737"
"1869"	"GO:0006789"	"metabolic process"	"0.9931184823382"
"1870"	"GO:0006790"	"metabolic process"	"+"
"1871"	"GO:0006793"	"metabolic process"	"0.689925896784394"
"1872"	"GO:0006796"	"metabolic process"	"0.689715905582633"
"1873"	"GO:0006801"	"stress response"	"0.308918316560394"
"1874"	"GO:0006805"	"metabolic process"	"+"
"1875"	"GO:0006808"	"response to stimulus"	"0.218731683022727"
"1876"	"GO:0006809"	"metabolic process"	"+"
"1877"	"GO:0006810"	"transport"	"0.943974920785254"
"1878"	"GO:0006811"	"transport"	"0.943723546049376"
"1879"	"GO:0006812"	"transport"	"0.934081182680723"
"1880"	"GO:0006813"	"transport"	"0.869694888053396"
"1881"	"GO:0006814"	"transport"	"+"
"1882"	"GO:0006816"	"transport"	"+"
"1883"	"GO:0006817"	"transport"	"+"
"1884"	"GO:0006820"	"transport"	"0.96503768341415"
"1885"	"GO:0006821"	"transport"	"0.948243722516981"
"1886"	"GO:0006824"	"transport"	"0.800140790125124"
"1887"	"GO:0006825"	"transport"	"+"
"1888"	"GO:0006826"	"transport"	"+"
"1889"	"GO:0006828"	"transport"	"0.927007269872745"
"1890"	"GO:0006829"	"transport"	"0.974454706352238"
"1891"	"GO:0006833"	"transport"	"+"
"1892"	"GO:0006835"	"transport"	"+"
"1893"	"GO:0006836"	"neural related process"	"+"
"1894"	"GO:0006837"	"neural related process"	"0.650111553533334"
"1895"	"GO:0006839"	"transport"	"+"
"1896"	"GO:0006842"	"transport"	"0.975790621746532"
"1897"	"GO:0006843"	"transport"	"0.87433610183834"
"1898"	"GO:0006844"	"transport"	"0.898576909289283"
"1899"	"GO:0006846"	"transport"	"0.947345235999004"
"1900"	"GO:0006848"	"transport"	"0.980555679382351"
"1901"	"GO:0006850"	"transport"	"0.829709046769714"
"1902"	"GO:0006851"	"transport"	"0.84940372193466"
"1903"	"GO:0006853"	"transport"	"0.783997715337034"
"1904"	"GO:0006855"	"transport"	"+"
"1905"	"GO:0006857"	"transport"	"+"
"1906"	"GO:0006858"	"transport"	"0.689460172494894"
"1907"	"GO:0006862"	"transport"	"0.919207932807981"
"1908"	"GO:0006863"	"transport"	"0.923433599839694"
"1909"	"GO:0006864"	"transport"	"0.696393337976115"
"1910"	"GO:0006865"	"transport"	"0.857189969352083"
"1911"	"GO:0006867"	"transport"	"0.94058551729454"
"1912"	"GO:0006868"	"transport"	"0.966010531982211"
"1913"	"GO:0006869"	"transport"	"+"
"1914"	"GO:0006873"	"other"	"0.904452362304178"
"1915"	"GO:0006874"	"other"	"0.927297029360845"
"1916"	"GO:0006878"	"other"	"0.856872190693274"
"1917"	"GO:0006879"	"response to stimulus"	"+"
"1918"	"GO:0006880"	"other"	"0.53394490298138"
"1919"	"GO:0006882"	"other"	"0.535011586288733"
"1920"	"GO:0006883"	"other"	"+"
"1921"	"GO:0006884"	"cellular component organization"	"0.475010221977516"
"1922"	"GO:0006885"	"other"	"+"
"1923"	"GO:0006886"	"transport"	"+"
"1924"	"GO:0006887"	"transport"	"+"
"1925"	"GO:0006888"	"ER/endosome/lysosome related process"	"+"
"1926"	"GO:0006890"	"ER/endosome/lysosome related process"	"+"
"1927"	"GO:0006891"	"ER/endosome/lysosome related process"	"+"
"1928"	"GO:0006892"	"ER/endosome/lysosome related process"	"+"
"1929"	"GO:0006893"	"transport"	"+"
"1930"	"GO:0006895"	"ER/endosome/lysosome related process"	"0.984873701102652"
"1931"	"GO:0006896"	"ER/endosome/lysosome related process"	"0.978361440945784"
"1932"	"GO:0006897"	"transport"	"+"
"1933"	"GO:0006898"	"receptor related process"	"+"
"1934"	"GO:0006900"	"viral related process"	"+"
"1935"	"GO:0006901"	"ER/endosome/lysosome related process"	"0.833231254459574"
"1936"	"GO:0006903"	"transport"	"0.623641174991143"
"1937"	"GO:0006904"	"transport"	"0.376738713290337"
"1938"	"GO:0006906"	"cellular component organization"	"0.737921253579498"
"1939"	"GO:0006907"	"transport"	"+"
"1940"	"GO:0006909"	"immune system process"	"+"
"1941"	"GO:0006910"	"immune system process"	"0.725025485271201"
"1942"	"GO:0006911"	"immune system process"	"0.305066427510832"
"1943"	"GO:0006913"	"transport"	"+"
"1944"	"GO:0006914"	"metabolic process"	"+"
"1945"	"GO:0006915"	"cell death"	"0.967450879315769"
"1946"	"GO:0006921"	"cell death"	"0.496492942193193"
"1947"	"GO:0006924"	"cell death"	"0.724393829196613"
"1948"	"GO:0006925"	"cell death"	"+"
"1949"	"GO:0006929"	"response to stimulus"	"+"
"1950"	"GO:0006930"	"cellular component organization"	"0.808687311866467"
"1951"	"GO:0006931"	"cellular component organization"	"0.268130140917332"
"1952"	"GO:0006933"	"cellular component organization"	"0.276137406492469"
"1953"	"GO:0006935"	"response to stimulus"	"+"
"1954"	"GO:0006936"	"multicellular organismal process"	"+"
"1955"	"GO:0006937"	"multicellular organismal process"	"0.959542944411284"
"1956"	"GO:0006939"	"multicellular organismal process"	"0.945227419341605"
"1957"	"GO:0006940"	"multicellular organismal process"	"0.974936357939084"
"1958"	"GO:0006941"	"multicellular organismal process"	"0.756094239649095"
"1959"	"GO:0006942"	"multicellular organismal process"	"0.907706601656734"
"1960"	"GO:0006949"	"morphogenesis/development"	"+"
"1961"	"GO:0006950"	"stress response"	"0.684077973595873"
"1962"	"GO:0006952"	"stress response"	"0.629462320352018"
"1963"	"GO:0006953"	"stress response"	"+"
"1964"	"GO:0006954"	"immune system process"	"+"
"1965"	"GO:0006955"	"immune system process"	"0.932877397287864"
"1966"	"GO:0006956"	"immune system process"	"0.935066022069663"
"1967"	"GO:0006957"	"immune system process"	"0.954012048707011"
"1968"	"GO:0006958"	"immune system process"	"0.981007130590432"
"1969"	"GO:0006959"	"immune system process"	"+"
"1970"	"GO:0006963"	"immune system process"	"0.831576178139671"
"1971"	"GO:0006965"	"immune system process"	"0.820782717052861"
"1972"	"GO:0006968"	"immune system process"	"0.848051627363368"
"1973"	"GO:0006970"	"stress response"	"+"
"1974"	"GO:0006971"	"stress response"	"+"
"1975"	"GO:0006972"	"stress response"	"+"
"1976"	"GO:0006974"	"stress response"	"+"
"1977"	"GO:0006977"	"cell cycle"	"0.666298198178904"
"1978"	"GO:0006978"	"stress response"	"0.95034820870998"
"1979"	"GO:0006979"	"stress response"	"+"
"1980"	"GO:0006982"	"stress response"	"0.912129739393531"
"1981"	"GO:0006983"	"ER/endosome/lysosome related process"	"0.505825233456611"
"1982"	"GO:0006984"	"ER/endosome/lysosome related process"	"+"
"1983"	"GO:0006986"	"stress response"	"+"
"1984"	"GO:0006991"	"stress response"	"0.936421475374132"
"1985"	"GO:0006995"	"stress response"	"+"
"1986"	"GO:0006996"	"cellular component organization"	"0.973673072783037"
"1987"	"GO:0006997"	"cellular component organization"	"+"
"1988"	"GO:0006998"	"cellular component organization"	"+"
"1989"	"GO:0006999"	"cellular component organization"	"+"
"1990"	"GO:0007000"	"cellular component organization"	"+"
"1991"	"GO:0007004"	"cell cycle"	"0.983162416277065"
"1992"	"GO:0007005"	"cellular component organization"	"+"
"1993"	"GO:0007006"	"cellular component organization"	"+"
"1994"	"GO:0007007"	"cellular component organization"	"+"
"1995"	"GO:0007008"	"cellular component organization"	"0.974436662666468"
"1996"	"GO:0007009"	"cellular component organization"	"+"
"1997"	"GO:0007010"	"cellular component organization"	"0.972227961369617"
"1998"	"GO:0007014"	"cellular component organization"	"0.573917908329217"
"1999"	"GO:0007015"	"cellular component organization"	"+"
"2000"	"GO:0007017"	"cellular component organization"	"0.59533698644235"
"2001"	"GO:0007018"	"other"	"0.468041576920242"
"2002"	"GO:0007019"	"cellular component organization"	"0.950665292377221"
"2003"	"GO:0007020"	"cellular component organization"	"+"
"2004"	"GO:0007021"	"cellular component organization"	"0.984509020766855"
"2005"	"GO:0007023"	"protein modification/signaling"	"0.597508141310486"
"2006"	"GO:0007026"	"cellular component organization"	"0.73571170010184"
"2007"	"GO:0007028"	"cellular component organization"	"0.73573989230237"
"2008"	"GO:0007029"	"ER/endosome/lysosome related process"	"+"
"2009"	"GO:0007030"	"ER/endosome/lysosome related process"	"+"
"2010"	"GO:0007031"	"cellular component organization"	"0.711732120580083"
"2011"	"GO:0007032"	"ER/endosome/lysosome related process"	"+"
"2012"	"GO:0007033"	"cellular component organization"	"+"
"2013"	"GO:0007034"	"transport"	"+"
"2014"	"GO:0007035"	"cellular component organization"	"+"
"2015"	"GO:0007039"	"metabolic process"	"+"
"2016"	"GO:0007040"	"ER/endosome/lysosome related process"	"+"
"2017"	"GO:0007041"	"ER/endosome/lysosome related process"	"+"
"2018"	"GO:0007042"	"cellular component organization"	"0.664109911727618"
"2019"	"GO:0007043"	"cellular component organization"	"0.942223136537276"
"2020"	"GO:0007044"	"cellular component organization"	"+"
"2021"	"GO:0007049"	"cell cycle"	"0.913376677911267"
"2022"	"GO:0007051"	"cell cycle"	"+"
"2023"	"GO:0007052"	"cell cycle"	"+"
"2024"	"GO:0007056"	"cell cycle"	"0.844285643780681"
"2025"	"GO:0007057"	"cell cycle"	"0.853905942426222"
"2026"	"GO:0007059"	"cell cycle"	"+"
"2027"	"GO:0007060"	"cell cycle"	"0.992844901770245"
"2028"	"GO:0007062"	"cell cycle"	"+"
"2029"	"GO:0007063"	"cell cycle"	"0.993756725744032"
"2030"	"GO:0007064"	"cell cycle"	"+"
"2031"	"GO:0007066"	"cell cycle"	"0.984511239063848"
"2032"	"GO:0007076"	"cell cycle"	"+"
"2033"	"GO:0007077"	"cellular component organization"	"0.605290735578221"
"2034"	"GO:0007079"	"cell cycle"	"0.900161806393452"
"2035"	"GO:0007080"	"cell cycle"	"0.979783345341476"
"2036"	"GO:0007084"	"cell cycle"	"0.4971120066858"
"2037"	"GO:0007088"	"cell cycle"	"+"
"2038"	"GO:0007089"	"cell cycle"	"0.931732271352168"
"2039"	"GO:0007091"	"cell cycle"	"+"
"2040"	"GO:0007093"	"cell cycle"	"+"
"2041"	"GO:0007094"	"cell cycle"	"+"
"2042"	"GO:0007095"	"cell cycle"	"+"
"2043"	"GO:0007096"	"cell cycle"	"+"
"2044"	"GO:0007097"	"transport"	"+"
"2045"	"GO:0007098"	"cell cycle"	"+"
"2046"	"GO:0007099"	"cell cycle"	"0.473795708238927"
"2047"	"GO:0007100"	"cell cycle"	"0.976601718205629"
"2048"	"GO:0007112"	"cell cycle"	"0.96460244099266"
"2049"	"GO:0007113"	"cell cycle"	"0.887406649926371"
"2050"	"GO:0007124"	"response to stimulus"	"0.305662867619892"
"2051"	"GO:0007127"	"cell cycle"	"+"
"2052"	"GO:0007129"	"cell cycle"	"0.980079451818709"
"2053"	"GO:0007130"	"cell cycle"	"0.941568930593005"
"2054"	"GO:0007131"	"cell cycle"	"0.985176855167587"
"2055"	"GO:0007135"	"cell cycle"	"0.938432802290054"
"2056"	"GO:0007140"	"cell cycle"	"0.942068426573405"
"2057"	"GO:0007141"	"cell cycle"	"0.971510172896996"
"2058"	"GO:0007143"	"cell cycle"	"+"
"2059"	"GO:0007144"	"cell cycle"	"0.991840751572355"
"2060"	"GO:0007147"	"cell cycle"	"0.911337716351823"
"2061"	"GO:0007155"	"cell adhesion"	"0.911999193326307"
"2062"	"GO:0007156"	"cell adhesion"	"+"
"2063"	"GO:0007157"	"cell adhesion"	"0.8075915939525"
"2064"	"GO:0007158"	"neural related process"	"+"
"2065"	"GO:0007159"	"immune system process"	"+"
"2066"	"GO:0007160"	"cell adhesion"	"+"
"2067"	"GO:0007161"	"cell adhesion"	"0.539691532069246"
"2068"	"GO:0007162"	"cell adhesion"	"+"
"2069"	"GO:0007163"	"cellular component organization"	"+"
"2070"	"GO:0007164"	"multicellular organismal process"	"+"
"2071"	"GO:0007166"	"protein modification/signaling"	"0.540240492465289"
"2072"	"GO:0007167"	"receptor related process"	"+"
"2073"	"GO:0007168"	"receptor related process"	"0.88720361450379"
"2074"	"GO:0007169"	"receptor related process"	"0.964184535174596"
"2075"	"GO:0007171"	"protein modification/signaling"	"0.62658235586053"
"2076"	"GO:0007172"	"cellular component organization"	"0.380362043950548"
"2077"	"GO:0007173"	"receptor related process"	"+"
"2078"	"GO:0007174"	"receptor related process"	"0.625018131533597"
"2079"	"GO:0007175"	"protein modification/signaling"	"0.64606971036701"
"2080"	"GO:0007176"	"protein modification/signaling"	"0.561842571465754"
"2081"	"GO:0007178"	"receptor related process"	"0.354967283059953"
"2082"	"GO:0007179"	"immune system process"	"+"
"2083"	"GO:0007181"	"cellular component organization"	"0.502394893427403"
"2084"	"GO:0007185"	"receptor related process"	"0.725615735092144"
"2085"	"GO:0007186"	"receptor related process"	"0.428222568595754"
"2086"	"GO:0007187"	"receptor related process"	"0.656822950530913"
"2087"	"GO:0007188"	"receptor related process"	"0.520700437767869"
"2088"	"GO:0007189"	"receptor related process"	"0.485189548046378"
"2089"	"GO:0007190"	"metabolic process"	"0.259778808393076"
"2090"	"GO:0007191"	"receptor related process"	"0.828532724254596"
"2091"	"GO:0007193"	"receptor related process"	"0.635993425403396"
"2092"	"GO:0007194"	"metabolic process"	"0.401181589319181"
"2093"	"GO:0007195"	"receptor related process"	"0.673648178009119"
"2094"	"GO:0007196"	"receptor related process"	"0.693343452545766"
"2095"	"GO:0007197"	"neural related process"	"0.662543379461693"
"2096"	"GO:0007198"	"receptor related process"	"0.806337147916427"
"2097"	"GO:0007199"	"receptor related process"	"0.792091552601677"
"2098"	"GO:0007200"	"receptor related process"	"0.491475148013063"
"2099"	"GO:0007204"	"other"	"0.431368267554188"
"2100"	"GO:0007206"	"receptor related process"	"0.510444921209246"
"2101"	"GO:0007207"	"neural related process"	"0.729710810484704"
"2102"	"GO:0007208"	"receptor related process"	"0.669166078223811"
"2103"	"GO:0007210"	"receptor related process"	"0.463451026831409"
"2104"	"GO:0007212"	"neural related process"	"0.362507859225828"
"2105"	"GO:0007213"	"neural related process"	"+"
"2106"	"GO:0007214"	"neural related process"	"0.687627576425189"
"2107"	"GO:0007215"	"neural related process"	"0.866350291103627"
"2108"	"GO:0007216"	"receptor related process"	"0.545637884326519"
"2109"	"GO:0007217"	"receptor related process"	"0.557302961298985"
"2110"	"GO:0007218"	"receptor related process"	"0.562232294022735"
"2111"	"GO:0007219"	"protein modification/signaling"	"+"
"2112"	"GO:0007220"	"metabolic process"	"0.425121461120175"
"2113"	"GO:0007221"	"gene regulation"	"0.487652422997393"
"2114"	"GO:0007223"	"protein modification/signaling"	"+"
"2115"	"GO:0007224"	"protein modification/signaling"	"0.642597699498491"
"2116"	"GO:0007225"	"protein modification/signaling"	"0.406789079026005"
"2117"	"GO:0007229"	"protein modification/signaling"	"+"
"2118"	"GO:0007231"	"stress response"	"0.598075622374088"
"2119"	"GO:0007249"	"immune system process"	"0.514891756214771"
"2120"	"GO:0007250"	"immune system process"	"+"
"2121"	"GO:0007252"	"immune system process"	"+"
"2122"	"GO:0007253"	"gene regulation"	"0.921410468094758"
"2123"	"GO:0007254"	"stress response"	"+"
"2124"	"GO:0007258"	"protein modification/signaling"	"0.739455309284958"
"2125"	"GO:0007259"	"receptor related process"	"0.569998627708149"
"2126"	"GO:0007260"	"protein modification/signaling"	"+"
"2127"	"GO:0007263"	"protein modification/signaling"	"0.550315763392442"
"2128"	"GO:0007264"	"protein modification/signaling"	"0.950996298291143"
"2129"	"GO:0007265"	"protein modification/signaling"	"+"
"2130"	"GO:0007266"	"protein modification/signaling"	"+"
"2131"	"GO:0007267"	"protein modification/signaling"	"0.720783165951838"
"2132"	"GO:0007268"	"neural related process"	"0.97378451635937"
"2133"	"GO:0007269"	"neural related process"	"0.901581761077957"
"2134"	"GO:0007270"	"neural related process"	"0.971324251063598"
"2135"	"GO:0007271"	"neural related process"	"0.984207199473123"
"2136"	"GO:0007272"	"neural related process"	"+"
"2137"	"GO:0007274"	"neural related process"	"0.990025819657141"
"2138"	"GO:0007275"	"morphogenesis/development"	"0.801535646383255"
"2139"	"GO:0007276"	"multicellular organismal process"	"0.42488387545409"
"2140"	"GO:0007281"	"morphogenesis/development"	"0.931306892285558"
"2141"	"GO:0007283"	"morphogenesis/development"	"0.687199942504913"
"2142"	"GO:0007284"	"cell cycle"	"0.950017547513783"
"2143"	"GO:0007286"	"morphogenesis/development"	"0.81804137020571"
"2144"	"GO:0007288"	"cellular component organization"	"0.48867363909724"
"2145"	"GO:0007289"	"morphogenesis/development"	"0.392029992931697"
"2146"	"GO:0007290"	"cellular component organization"	"0.475220852397425"
"2147"	"GO:0007291"	"morphogenesis/development"	"0.945510934215932"
"2148"	"GO:0007292"	"multicellular organismal process"	"+"
"2149"	"GO:0007296"	"morphogenesis/development"	"0.417127661555775"
"2150"	"GO:0007308"	"morphogenesis/development"	"0.971066431579083"
"2151"	"GO:0007309"	"morphogenesis/development"	"0.965810971823429"
"2152"	"GO:0007314"	"morphogenesis/development"	"0.966085941856463"
"2153"	"GO:0007315"	"cellular component organization"	"0.613582771428134"
"2154"	"GO:0007320"	"neural related process"	"0.582627153586809"
"2155"	"GO:0007321"	"multicellular organismal process"	"0.44960875440449"
"2156"	"GO:0007338"	"other"	"0.306862473363239"
"2157"	"GO:0007339"	"other"	"0.23393856384509"
"2158"	"GO:0007340"	"morphogenesis/development"	"0.232842043777648"
"2159"	"GO:0007341"	"morphogenesis/development"	"0.395906363640015"
"2160"	"GO:0007342"	"morphogenesis/development"	"0.244749848753689"
"2161"	"GO:0007343"	"morphogenesis/development"	"0.513272107904927"
"2162"	"GO:0007344"	"cellular component organization"	"0.549406811978242"
"2163"	"GO:0007346"	"cell cycle"	"+"
"2164"	"GO:0007349"	"morphogenesis/development"	"0.980113975880007"
"2165"	"GO:0007350"	"morphogenesis/development"	"0.961993848584922"
"2166"	"GO:0007351"	"morphogenesis/development"	"0.896736563734845"
"2167"	"GO:0007352"	"morphogenesis/development"	"0.71512983385415"
"2168"	"GO:0007354"	"morphogenesis/development"	"0.731787498846946"
"2169"	"GO:0007356"	"morphogenesis/development"	"0.748585803207802"
"2170"	"GO:0007368"	"morphogenesis/development"	"0.722386921746782"
"2171"	"GO:0007369"	"morphogenesis/development"	"+"
"2172"	"GO:0007371"	"morphogenesis/development"	"0.609460583138967"
"2173"	"GO:0007379"	"morphogenesis/development"	"0.835035483509331"
"2174"	"GO:0007386"	"morphogenesis/development"	"0.863046409566142"
"2175"	"GO:0007387"	"morphogenesis/development"	"0.711203866846033"
"2176"	"GO:0007388"	"morphogenesis/development"	"0.508735718788238"
"2177"	"GO:0007389"	"morphogenesis/development"	"+"
"2178"	"GO:0007398"	"morphogenesis/development"	"0.976005936075579"
"2179"	"GO:0007399"	"neural related process"	"0.569058308792873"
"2180"	"GO:0007400"	"morphogenesis/development"	"0.738426161995375"
"2181"	"GO:0007402"	"neural related process"	"0.762748387875829"
"2182"	"GO:0007403"	"morphogenesis/development"	"0.640133421848718"
"2183"	"GO:0007405"	"cell cycle"	"0.653625035491224"
"2184"	"GO:0007406"	"morphogenesis/development"	"0.642962150211907"
"2185"	"GO:0007409"	"neural related process"	"+"
"2186"	"GO:0007411"	"neural related process"	"+"
"2187"	"GO:0007412"	"neural related process"	"0.70545666990423"
"2188"	"GO:0007413"	"neural related process"	"0.984345049809859"
"2189"	"GO:0007416"	"neural related process"	"+"
"2190"	"GO:0007417"	"morphogenesis/development"	"0.744836979410931"
"2191"	"GO:0007418"	"morphogenesis/development"	"0.910412898141762"
"2192"	"GO:0007420"	"morphogenesis/development"	"0.945133051657831"
"2193"	"GO:0007422"	"neural related process"	"+"
"2194"	"GO:0007423"	"morphogenesis/development"	"0.749740671027959"
"2195"	"GO:0007431"	"morphogenesis/development"	"+"
"2196"	"GO:0007435"	"morphogenesis/development"	"0.949478178547278"
"2197"	"GO:0007439"	"morphogenesis/development"	"0.984301887712406"
"2198"	"GO:0007440"	"morphogenesis/development"	"0.984392819902049"
"2199"	"GO:0007442"	"morphogenesis/development"	"0.987407779379986"
"2200"	"GO:0007492"	"morphogenesis/development"	"+"
"2201"	"GO:0007493"	"morphogenesis/development"	"0.865939797836937"
"2202"	"GO:0007494"	"morphogenesis/development"	"0.964328741347304"
"2203"	"GO:0007495"	"morphogenesis/development"	"0.523558128313643"
"2204"	"GO:0007497"	"morphogenesis/development"	"0.86126967428989"
"2205"	"GO:0007498"	"morphogenesis/development"	"+"
"2206"	"GO:0007499"	"morphogenesis/development"	"0.417686934540236"
"2207"	"GO:0007500"	"morphogenesis/development"	"0.628907540805996"
"2208"	"GO:0007501"	"morphogenesis/development"	"0.924038893163677"
"2209"	"GO:0007506"	"morphogenesis/development"	"0.983091262830631"
"2210"	"GO:0007507"	"morphogenesis/development"	"+"
"2211"	"GO:0007509"	"multicellular organismal process"	"0.470323229701928"
"2212"	"GO:0007512"	"morphogenesis/development"	"0.979359270725039"
"2213"	"GO:0007517"	"morphogenesis/development"	"+"
"2214"	"GO:0007518"	"morphogenesis/development"	"0.905709258787397"
"2215"	"GO:0007519"	"morphogenesis/development"	"+"
"2216"	"GO:0007520"	"morphogenesis/development"	"+"
"2217"	"GO:0007521"	"morphogenesis/development"	"0.726721357935757"
"2218"	"GO:0007522"	"morphogenesis/development"	"0.872216795894808"
"2219"	"GO:0007525"	"morphogenesis/development"	"0.953087628784965"
"2220"	"GO:0007528"	"neural related process"	"0.835552222241392"
"2221"	"GO:0007529"	"neural related process"	"0.8075657552706"
"2222"	"GO:0007530"	"morphogenesis/development"	"0.864625150047269"
"2223"	"GO:0007538"	"morphogenesis/development"	"0.785563869312661"
"2224"	"GO:0007542"	"morphogenesis/development"	"0.498994887312346"
"2225"	"GO:0007548"	"morphogenesis/development"	"+"
"2226"	"GO:0007549"	"gene regulation"	"0.956134492697921"
"2227"	"GO:0007565"	"multicellular organismal process"	"+"
"2228"	"GO:0007566"	"multicellular organismal process"	"+"
"2229"	"GO:0007567"	"multicellular organismal process"	"0.818026227775501"
"2230"	"GO:0007584"	"response to stimulus"	"+"
"2231"	"GO:0007585"	"multicellular organismal process"	"0.326813841393781"
"2232"	"GO:0007586"	"multicellular organismal process"	"0.828665409665142"
"2233"	"GO:0007588"	"multicellular organismal process"	"0.614177809855458"
"2234"	"GO:0007589"	"multicellular organismal process"	"0.851906542394594"
"2235"	"GO:0007595"	"multicellular organismal process"	"+"
"2236"	"GO:0007596"	"multicellular organismal process"	"+"
"2237"	"GO:0007597"	"metabolic process"	"0.323679623076334"
"2238"	"GO:0007599"	"multicellular organismal process"	"+"
"2239"	"GO:0007600"	"neural related process"	"0.874764004411569"
"2240"	"GO:0007601"	"neural related process"	"0.601434857832782"
"2241"	"GO:0007602"	"response to stimulus"	"0.402110185983976"
"2242"	"GO:0007603"	"response to stimulus"	"0.298634890286825"
"2243"	"GO:0007604"	"stress response"	"0.323003059133311"
"2244"	"GO:0007605"	"neural related process"	"0.88361812671967"
"2245"	"GO:0007606"	"neural related process"	"0.528270097519741"
"2246"	"GO:0007608"	"neural related process"	"0.435974594237531"
"2247"	"GO:0007610"	"neural related process"	"+"
"2248"	"GO:0007611"	"neural related process"	"+"
"2249"	"GO:0007612"	"neural related process"	"+"
"2250"	"GO:0007613"	"neural related process"	"+"
"2251"	"GO:0007614"	"neural related process"	"0.970853130534899"
"2252"	"GO:0007616"	"neural related process"	"0.969263612341495"
"2253"	"GO:0007617"	"neural related process"	"0.915138251257044"
"2254"	"GO:0007618"	"other"	"0.314217245531781"
"2255"	"GO:0007619"	"neural related process"	"0.627571245743592"
"2256"	"GO:0007620"	"neural related process"	"0.608199212450408"
"2257"	"GO:0007621"	"multicellular organismal process"	"0.31228189495438"
"2258"	"GO:0007622"	"neural related process"	"0.913045800880772"
"2259"	"GO:0007623"	"other"	"+"
"2260"	"GO:0007624"	"neural related process"	"0.354064546677045"
"2261"	"GO:0007625"	"neural related process"	"0.846600389421316"
"2262"	"GO:0007626"	"neural related process"	"0.904825768724899"
"2263"	"GO:0007628"	"neural related process"	"0.951209992841338"
"2264"	"GO:0007630"	"neural related process"	"0.764040002473159"
"2265"	"GO:0007631"	"neural related process"	"+"
"2266"	"GO:0007632"	"neural related process"	"0.943715718900742"
"2267"	"GO:0007634"	"neural related process"	"0.384300913442338"
"2268"	"GO:0007635"	"neural related process"	"0.927990849250475"
"2269"	"GO:0007638"	"neural related process"	"0.958872061036751"
"2270"	"GO:0008013"	"cell adhesion"	"+"
"2271"	"GO:0008015"	"multicellular organismal process"	"+"
"2272"	"GO:0008016"	"multicellular organismal process"	"+"
"2273"	"GO:0008033"	"gene regulation"	"+"
"2274"	"GO:0008037"	"neural related process"	"0.303860315159537"
"2275"	"GO:0008038"	"neural related process"	"+"
"2276"	"GO:0008039"	"neural related process"	"0.899717817241269"
"2277"	"GO:0008045"	"neural related process"	"+"
"2278"	"GO:0008047"	"metabolic process"	"+"
"2279"	"GO:0008049"	"morphogenesis/development"	"0.356861929435265"
"2280"	"GO:0008050"	"neural related process"	"0.604896396022851"
"2281"	"GO:0008052"	"neural related process"	"0.72821081288338"
"2282"	"GO:0008053"	"cellular component organization"	"+"
"2283"	"GO:0008057"	"ER/endosome/lysosome related process"	"0.460079366801236"
"2284"	"GO:0008063"	"immune system process"	"0.625676511300736"
"2285"	"GO:0008064"	"cellular component organization"	"0.980897554962178"
"2286"	"GO:0008065"	"morphogenesis/development"	"0.581953359452043"
"2287"	"GO:0008066"	"neural related process"	"+"
"2288"	"GO:0008078"	"multicellular organismal process"	"0.405447604050976"
"2289"	"GO:0008083"	"protein modification/signaling"	"+"
"2290"	"GO:0008088"	"transport"	"+"
"2291"	"GO:0008089"	"transport"	"0.791439669232503"
"2292"	"GO:0008090"	"transport"	"0.718715237232271"
"2293"	"GO:0008092"	"cellular component organization"	"+"
"2294"	"GO:0008104"	"transport"	"0.803548149207041"
"2295"	"GO:0008134"	"gene regulation"	"+"
"2296"	"GO:0008135"	"gene regulation"	"+"
"2297"	"GO:0008137"	"metabolic process"	"+"
"2298"	"GO:0008138"	"protein modification/signaling"	"+"
"2299"	"GO:0008154"	"cellular component organization"	"0.986812256645462"
"2300"	"GO:0008156"	"cell cycle"	"+"
"2301"	"GO:0008186"	"other"	"+"
"2302"	"GO:0008191"	"metabolic process"	"+"
"2303"	"GO:0008194"	"metabolic process"	"+"
"2304"	"GO:0008202"	"metabolic process"	"+"
"2305"	"GO:0008203"	"metabolic process"	"0.937093366692252"
"2306"	"GO:0008206"	"metabolic process"	"0.913275110670373"
"2307"	"GO:0008207"	"metabolic process"	"0.974918387908161"
"2308"	"GO:0008209"	"metabolic process"	"0.957450562449088"
"2309"	"GO:0008210"	"metabolic process"	"0.973368345191505"
"2310"	"GO:0008211"	"metabolic process"	"0.940936545760153"
"2311"	"GO:0008212"	"metabolic process"	"0.916834983903402"
"2312"	"GO:0008213"	"protein modification/signaling"	"0.915412005349354"
"2313"	"GO:0008214"	"protein modification/signaling"	"0.871569810685056"
"2314"	"GO:0008215"	"metabolic process"	"0.926317534918931"
"2315"	"GO:0008216"	"metabolic process"	"0.989144800666691"
"2316"	"GO:0008217"	"multicellular organismal process"	"+"
"2317"	"GO:0008219"	"cell death"	"+"
"2318"	"GO:0008228"	"immune system process"	"0.737178779792217"
"2319"	"GO:0008234"	"cell death"	"+"
"2320"	"GO:0008238"	"protein modification/signaling"	"+"
"2321"	"GO:0008270"	"other"	"+"
"2322"	"GO:0008277"	"receptor related process"	"+"
"2323"	"GO:0008283"	"cell cycle"	"0.961245235063071"
"2324"	"GO:0008284"	"cell cycle"	"+"
"2325"	"GO:0008285"	"cell cycle"	"+"
"2326"	"GO:0008286"	"receptor related process"	"+"
"2327"	"GO:0008289"	"other"	"+"
"2328"	"GO:0008291"	"neural related process"	"0.496841140347991"
"2329"	"GO:0008292"	"metabolic process"	"0.776380470221125"
"2330"	"GO:0008295"	"metabolic process"	"0.9925082874361"
"2331"	"GO:0008298"	"transport"	"0.633545089070079"
"2332"	"GO:0008299"	"metabolic process"	"+"
"2333"	"GO:0008300"	"metabolic process"	"0.993812280113413"
"2334"	"GO:0008306"	"neural related process"	"0.991371872044392"
"2335"	"GO:0008315"	"cell cycle"	"0.98851690544611"
"2336"	"GO:0008333"	"ER/endosome/lysosome related process"	"0.851127651379328"
"2337"	"GO:0008334"	"gene regulation"	"0.926585714188576"
"2338"	"GO:0008340"	"multicellular organismal process"	"0.513317135858553"
"2339"	"GO:0008343"	"neural related process"	"0.861712119864362"
"2340"	"GO:0008344"	"neural related process"	"0.982462343440748"
"2341"	"GO:0008347"	"neural related process"	"0.80032041545804"
"2342"	"GO:0008348"	"immune system process"	"0.851438407941248"
"2343"	"GO:0008354"	"multicellular organismal process"	"0.386766406076807"
"2344"	"GO:0008355"	"neural related process"	"0.84912279847013"
"2345"	"GO:0008356"	"cell cycle"	"0.655320895618537"
"2346"	"GO:0008358"	"morphogenesis/development"	"0.699177737900468"
"2347"	"GO:0008360"	"cellular component organization"	"+"
"2348"	"GO:0008361"	"cellular component organization"	"+"
"2349"	"GO:0008366"	"neural related process"	"+"
"2350"	"GO:0008373"	"metabolic process"	"+"
"2351"	"GO:0008375"	"metabolic process"	"+"
"2352"	"GO:0008380"	"gene regulation"	"0.895445831747453"
"2353"	"GO:0008406"	"morphogenesis/development"	"+"
"2354"	"GO:0008514"	"transport"	"+"
"2355"	"GO:0008535"	"cellular component organization"	"0.941049140720772"
"2356"	"GO:0008542"	"neural related process"	"0.970572267055353"
"2357"	"GO:0008543"	"receptor related process"	"+"
"2358"	"GO:0008544"	"morphogenesis/development"	"+"
"2359"	"GO:0008569"	"cellular component organization"	"+"
"2360"	"GO:0008574"	"transport"	"+"
"2361"	"GO:0008582"	"neural related process"	"0.646644346525802"
"2362"	"GO:0008584"	"morphogenesis/development"	"+"
"2363"	"GO:0008585"	"morphogenesis/development"	"+"
"2364"	"GO:0008589"	"protein modification/signaling"	"0.717513689331608"
"2365"	"GO:0008591"	"protein modification/signaling"	"0.839329944467273"
"2366"	"GO:0008592"	"receptor related process"	"0.441036453044871"
"2367"	"GO:0008593"	"protein modification/signaling"	"+"
"2368"	"GO:0008594"	"morphogenesis/development"	"0.868519827975214"
"2369"	"GO:0008595"	"morphogenesis/development"	"0.786683517022917"
"2370"	"GO:0008608"	"cell cycle"	"+"
"2371"	"GO:0008610"	"metabolic process"	"0.929324427051506"
"2372"	"GO:0008611"	"metabolic process"	"0.945923195643408"
"2373"	"GO:0008612"	"metabolic process"	"0.640518040517533"
"2374"	"GO:0008614"	"metabolic process"	"0.970836473888101"
"2375"	"GO:0008615"	"metabolic process"	"0.986247933464029"
"2376"	"GO:0008617"	"metabolic process"	"0.971287205136348"
"2377"	"GO:0008625"	"cell death"	"+"
"2378"	"GO:0008626"	"cell death"	"0.502449817058473"
"2379"	"GO:0008627"	"cell death"	"0.728560725928114"
"2380"	"GO:0008628"	"cell death"	"0.549832785187247"
"2381"	"GO:0008630"	"cell death"	"+"
"2382"	"GO:0008631"	"cell death"	"+"
"2383"	"GO:0008637"	"cell death"	"+"
"2384"	"GO:0008643"	"transport"	"+"
"2385"	"GO:0008645"	"transport"	"+"
"2386"	"GO:0008652"	"metabolic process"	"+"
"2387"	"GO:0008653"	"metabolic process"	"0.814115894264373"
"2388"	"GO:0008654"	"metabolic process"	"+"
"2389"	"GO:0008655"	"metabolic process"	"0.850035203737546"
"2390"	"GO:0009048"	"gene regulation"	"0.906174522798836"
"2391"	"GO:0009051"	"metabolic process"	"0.961542565195858"
"2392"	"GO:0009052"	"metabolic process"	"0.977597287009814"
"2393"	"GO:0009056"	"metabolic process"	"0.954188264972154"
"2394"	"GO:0009057"	"metabolic process"	"0.954360159244085"
"2395"	"GO:0009060"	"metabolic process"	"+"
"2396"	"GO:0009062"	"metabolic process"	"0.963616304619028"
"2397"	"GO:0009063"	"metabolic process"	"+"
"2398"	"GO:0009064"	"metabolic process"	"0.929511667525263"
"2399"	"GO:0009065"	"metabolic process"	"0.952450393304077"
"2400"	"GO:0009066"	"metabolic process"	"0.971232750971281"
"2401"	"GO:0009067"	"metabolic process"	"+"
"2402"	"GO:0009068"	"metabolic process"	"0.971182328002505"
"2403"	"GO:0009069"	"metabolic process"	"+"
"2404"	"GO:0009070"	"metabolic process"	"+"
"2405"	"GO:0009071"	"metabolic process"	"0.962190512503853"
"2406"	"GO:0009072"	"metabolic process"	"0.975870822209776"
"2407"	"GO:0009073"	"metabolic process"	"0.96384172353056"
"2408"	"GO:0009074"	"metabolic process"	"0.964090220157288"
"2409"	"GO:0009078"	"metabolic process"	"0.957376532560019"
"2410"	"GO:0009080"	"metabolic process"	"0.939513279803509"
"2411"	"GO:0009081"	"metabolic process"	"0.961519306235158"
"2412"	"GO:0009082"	"metabolic process"	"0.810221309246897"
"2413"	"GO:0009083"	"metabolic process"	"+"
"2414"	"GO:0009084"	"metabolic process"	"0.839122167094522"
"2415"	"GO:0009085"	"metabolic process"	"0.897058502640651"
"2416"	"GO:0009086"	"metabolic process"	"+"
"2417"	"GO:0009087"	"metabolic process"	"0.96391303743791"
"2418"	"GO:0009092"	"metabolic process"	"0.946414533570497"
"2419"	"GO:0009093"	"metabolic process"	"0.971942756431746"
"2420"	"GO:0009095"	"metabolic process"	"0.918966680306966"
"2421"	"GO:0009097"	"metabolic process"	"0.927800389004018"
"2422"	"GO:0009098"	"metabolic process"	"0.897281040146645"
"2423"	"GO:0009099"	"metabolic process"	"0.937316158707522"
"2424"	"GO:0009100"	"metabolic process"	"+"
"2425"	"GO:0009101"	"metabolic process"	"0.805277759943332"
"2426"	"GO:0009104"	"metabolic process"	"0.88187915277952"
"2427"	"GO:0009106"	"metabolic process"	"0.964551225104454"
"2428"	"GO:0009107"	"metabolic process"	"0.930112998370514"
"2429"	"GO:0009110"	"metabolic process"	"0.960403736853523"
"2430"	"GO:0009111"	"metabolic process"	"0.910412360693334"
"2431"	"GO:0009112"	"metabolic process"	"+"
"2432"	"GO:0009113"	"metabolic process"	"0.957420597660453"
"2433"	"GO:0009114"	"metabolic process"	"0.957963698696189"
"2434"	"GO:0009115"	"metabolic process"	"0.977842735374273"
"2435"	"GO:0009116"	"metabolic process"	"+"
"2436"	"GO:0009117"	"metabolic process"	"0.950507910561596"
"2437"	"GO:0009119"	"metabolic process"	"0.962377296412446"
"2438"	"GO:0009120"	"metabolic process"	"+"
"2439"	"GO:0009123"	"metabolic process"	"+"
"2440"	"GO:0009124"	"metabolic process"	"+"
"2441"	"GO:0009125"	"metabolic process"	"+"
"2442"	"GO:0009126"	"metabolic process"	"0.975795263417251"
"2443"	"GO:0009127"	"metabolic process"	"0.966802218240883"
"2444"	"GO:0009128"	"metabolic process"	"0.981379528083035"
"2445"	"GO:0009129"	"metabolic process"	"0.982733015009004"
"2446"	"GO:0009130"	"metabolic process"	"+"
"2447"	"GO:0009131"	"metabolic process"	"0.972905719865176"
"2448"	"GO:0009132"	"metabolic process"	"+"
"2449"	"GO:0009133"	"metabolic process"	"+"
"2450"	"GO:0009134"	"metabolic process"	"0.978933202703569"
"2451"	"GO:0009135"	"metabolic process"	"0.979771037676533"
"2452"	"GO:0009136"	"metabolic process"	"0.987248359193713"
"2453"	"GO:0009137"	"metabolic process"	"0.97439325972037"
"2454"	"GO:0009138"	"metabolic process"	"0.989374443155084"
"2455"	"GO:0009139"	"metabolic process"	"0.979114851673338"
"2456"	"GO:0009140"	"metabolic process"	"0.984440175502462"
"2457"	"GO:0009141"	"metabolic process"	"+"
"2458"	"GO:0009142"	"metabolic process"	"+"
"2459"	"GO:0009143"	"metabolic process"	"0.976196069963802"
"2460"	"GO:0009144"	"metabolic process"	"+"
"2461"	"GO:0009145"	"metabolic process"	"+"
"2462"	"GO:0009146"	"metabolic process"	"0.972024833236281"
"2463"	"GO:0009147"	"metabolic process"	"+"
"2464"	"GO:0009148"	"metabolic process"	"+"
"2465"	"GO:0009149"	"metabolic process"	"0.975051205813847"
"2466"	"GO:0009150"	"metabolic process"	"+"
"2467"	"GO:0009151"	"metabolic process"	"+"
"2468"	"GO:0009152"	"metabolic process"	"+"
"2469"	"GO:0009153"	"metabolic process"	"0.918442217799129"
"2470"	"GO:0009154"	"metabolic process"	"0.957956390993413"
"2471"	"GO:0009155"	"metabolic process"	"0.951421445756651"
"2472"	"GO:0009156"	"metabolic process"	"+"
"2473"	"GO:0009157"	"metabolic process"	"0.964667483313519"
"2474"	"GO:0009158"	"metabolic process"	"+"
"2475"	"GO:0009159"	"metabolic process"	"0.985554125148442"
"2476"	"GO:0009161"	"metabolic process"	"0.979931186401622"
"2477"	"GO:0009162"	"metabolic process"	"0.990291438272148"
"2478"	"GO:0009163"	"metabolic process"	"0.894608543244041"
"2479"	"GO:0009164"	"metabolic process"	"0.938537027808678"
"2480"	"GO:0009165"	"metabolic process"	"+"
"2481"	"GO:0009166"	"metabolic process"	"+"
"2482"	"GO:0009167"	"metabolic process"	"0.979607334960672"
"2483"	"GO:0009168"	"metabolic process"	"0.975051518234228"
"2484"	"GO:0009169"	"metabolic process"	"0.979464695595999"
"2485"	"GO:0009170"	"metabolic process"	"0.982600811665481"
"2486"	"GO:0009171"	"metabolic process"	"0.95200319440128"
"2487"	"GO:0009172"	"metabolic process"	"0.981250554354656"
"2488"	"GO:0009173"	"metabolic process"	"0.987341987665156"
"2489"	"GO:0009174"	"metabolic process"	"+"
"2490"	"GO:0009175"	"metabolic process"	"0.989250551200882"
"2491"	"GO:0009176"	"metabolic process"	"0.984137535619717"
"2492"	"GO:0009177"	"metabolic process"	"0.956488900531665"
"2493"	"GO:0009178"	"metabolic process"	"0.968663212732571"
"2494"	"GO:0009179"	"metabolic process"	"0.972194641677575"
"2495"	"GO:0009180"	"metabolic process"	"0.986545708771115"
"2496"	"GO:0009181"	"metabolic process"	"0.970253650428166"
"2497"	"GO:0009182"	"metabolic process"	"0.987128488197818"
"2498"	"GO:0009183"	"metabolic process"	"0.961633961927005"
"2499"	"GO:0009184"	"metabolic process"	"0.977417730746647"
"2500"	"GO:0009185"	"metabolic process"	"+"
"2501"	"GO:0009186"	"metabolic process"	"0.984693254498816"
"2502"	"GO:0009187"	"metabolic process"	"0.764807057333903"
"2503"	"GO:0009188"	"metabolic process"	"0.987733797216035"
"2504"	"GO:0009189"	"metabolic process"	"0.978263410567803"
"2505"	"GO:0009190"	"metabolic process"	"0.87658539013162"
"2506"	"GO:0009191"	"metabolic process"	"0.981592394229129"
"2507"	"GO:0009192"	"metabolic process"	"0.986740309260284"
"2508"	"GO:0009193"	"metabolic process"	"0.988683254521549"
"2509"	"GO:0009194"	"metabolic process"	"0.97448770252447"
"2510"	"GO:0009195"	"metabolic process"	"0.983742000955373"
"2511"	"GO:0009196"	"metabolic process"	"0.976247068942182"
"2512"	"GO:0009197"	"metabolic process"	"0.955344567887826"
"2513"	"GO:0009199"	"metabolic process"	"+"
"2514"	"GO:0009200"	"metabolic process"	"0.978530390141623"
"2515"	"GO:0009201"	"metabolic process"	"+"
"2516"	"GO:0009202"	"metabolic process"	"0.98006377863522"
"2517"	"GO:0009203"	"metabolic process"	"0.980708370630462"
"2518"	"GO:0009204"	"metabolic process"	"0.975322151069384"
"2519"	"GO:0009205"	"metabolic process"	"+"
"2520"	"GO:0009206"	"metabolic process"	"+"
"2521"	"GO:0009207"	"metabolic process"	"0.980464316382166"
"2522"	"GO:0009208"	"metabolic process"	"0.982289823648144"
"2523"	"GO:0009209"	"metabolic process"	"0.961994681890901"
"2524"	"GO:0009210"	"metabolic process"	"0.971307412629393"
"2525"	"GO:0009211"	"metabolic process"	"0.982707562693487"
"2526"	"GO:0009212"	"metabolic process"	"0.964886565123659"
"2527"	"GO:0009213"	"metabolic process"	"0.978616996806193"
"2528"	"GO:0009214"	"metabolic process"	"0.890444372700647"
"2529"	"GO:0009215"	"metabolic process"	"0.974621877658753"
"2530"	"GO:0009216"	"metabolic process"	"0.944850774870575"
"2531"	"GO:0009217"	"metabolic process"	"0.962914845334823"
"2532"	"GO:0009218"	"metabolic process"	"0.965361433341479"
"2533"	"GO:0009219"	"metabolic process"	"0.960799014042865"
"2534"	"GO:0009220"	"metabolic process"	"0.935563257453821"
"2535"	"GO:0009221"	"metabolic process"	"0.935117521235285"
"2536"	"GO:0009222"	"metabolic process"	"0.976888514562612"
"2537"	"GO:0009223"	"metabolic process"	"0.946925161019812"
"2538"	"GO:0009224"	"metabolic process"	"0.95085485823743"
"2539"	"GO:0009225"	"metabolic process"	"+"
"2540"	"GO:0009226"	"metabolic process"	"0.967045801801666"
"2541"	"GO:0009227"	"metabolic process"	"0.973469945050135"
"2542"	"GO:0009229"	"metabolic process"	"0.941180618715771"
"2543"	"GO:0009231"	"metabolic process"	"0.985470665480477"
"2544"	"GO:0009233"	"metabolic process"	"0.904455844296372"
"2545"	"GO:0009234"	"metabolic process"	"0.902295112361013"
"2546"	"GO:0009235"	"metabolic process"	"0.954166988453356"
"2547"	"GO:0009237"	"metabolic process"	"0.607814444204566"
"2548"	"GO:0009240"	"metabolic process"	"0.989318550999299"
"2549"	"GO:0009247"	"metabolic process"	"+"
"2550"	"GO:0009249"	"protein modification/signaling"	"0.766721767611015"
"2551"	"GO:0009250"	"metabolic process"	"0.976350880729508"
"2552"	"GO:0009251"	"metabolic process"	"0.989985612086415"
"2553"	"GO:0009253"	"immune system process"	"0.684298490085005"
"2554"	"GO:0009256"	"metabolic process"	"0.985501283413625"
"2555"	"GO:0009257"	"metabolic process"	"0.95066850743701"
"2556"	"GO:0009258"	"metabolic process"	"0.986083436260062"
"2557"	"GO:0009259"	"metabolic process"	"+"
"2558"	"GO:0009260"	"metabolic process"	"+"
"2559"	"GO:0009261"	"metabolic process"	"0.969378198623969"
"2560"	"GO:0009262"	"metabolic process"	"+"
"2561"	"GO:0009263"	"metabolic process"	"0.950833974025868"
"2562"	"GO:0009264"	"metabolic process"	"0.964933291308379"
"2563"	"GO:0009265"	"metabolic process"	"0.925915419871162"
"2564"	"GO:0009266"	"response to stimulus"	"+"
"2565"	"GO:0009267"	"stress response"	"+"
"2566"	"GO:0009268"	"response to stimulus"	"0.771222979522174"
"2567"	"GO:0009298"	"metabolic process"	"0.96747960686226"
"2568"	"GO:0009299"	"gene regulation"	"+"
"2569"	"GO:0009301"	"gene regulation"	"+"
"2570"	"GO:0009303"	"metabolic process"	"+"
"2571"	"GO:0009304"	"gene regulation"	"0.88713585080496"
"2572"	"GO:0009306"	"transport"	"+"
"2573"	"GO:0009308"	"metabolic process"	"0.953032019046061"
"2574"	"GO:0009309"	"metabolic process"	"+"
"2575"	"GO:0009310"	"metabolic process"	"0.952436930029922"
"2576"	"GO:0009311"	"metabolic process"	"+"
"2577"	"GO:0009312"	"metabolic process"	"0.961145655979573"
"2578"	"GO:0009313"	"metabolic process"	"0.98478948929016"
"2579"	"GO:0009314"	"stress response"	"+"
"2580"	"GO:0009386"	"gene regulation"	"0.813870629307227"
"2581"	"GO:0009394"	"metabolic process"	"+"
"2582"	"GO:0009395"	"metabolic process"	"0.96389979744463"
"2583"	"GO:0009396"	"metabolic process"	"0.980138517379213"
"2584"	"GO:0009397"	"metabolic process"	"0.992011414732183"
"2585"	"GO:0009398"	"metabolic process"	"0.964875019091309"
"2586"	"GO:0009403"	"metabolic process"	"0.581686147167497"
"2587"	"GO:0009404"	"metabolic process"	"0.885310238811715"
"2588"	"GO:0009407"	"metabolic process"	"0.660786791399449"
"2589"	"GO:0009408"	"stress response"	"+"
"2590"	"GO:0009409"	"stress response"	"+"
"2591"	"GO:0009410"	"response to stimulus"	"+"
"2592"	"GO:0009411"	"stress response"	"+"
"2593"	"GO:0009414"	"stress response"	"0.675579368662492"
"2594"	"GO:0009415"	"response to stimulus"	"0.668697004048371"
"2595"	"GO:0009416"	"stress response"	"0.799412007132767"
"2596"	"GO:0009435"	"metabolic process"	"+"
"2597"	"GO:0009436"	"metabolic process"	"0.983273883921058"
"2598"	"GO:0009437"	"metabolic process"	"0.963375208643145"
"2599"	"GO:0009438"	"metabolic process"	"0.988948789345772"
"2600"	"GO:0009439"	"metabolic process"	"0.967830603362827"
"2601"	"GO:0009440"	"metabolic process"	"0.970544648330376"
"2602"	"GO:0009441"	"metabolic process"	"0.988308834708245"
"2603"	"GO:0009443"	"metabolic process"	"0.936519519952632"
"2604"	"GO:0009445"	"metabolic process"	"0.994450128473335"
"2605"	"GO:0009446"	"metabolic process"	"0.990250447338152"
"2606"	"GO:0009447"	"metabolic process"	"0.994864236573932"
"2607"	"GO:0009448"	"metabolic process"	"0.849631176317177"
"2608"	"GO:0009449"	"metabolic process"	"0.760115999275685"
"2609"	"GO:0009450"	"metabolic process"	"0.766839354710338"
"2610"	"GO:0009451"	"gene regulation"	"+"
"2611"	"GO:0009452"	"gene regulation"	"0.743097895098188"
"2612"	"GO:0009566"	"other"	"0.510612573418435"
"2613"	"GO:0009581"	"response to stimulus"	"0.579375868480415"
"2614"	"GO:0009582"	"response to stimulus"	"0.576375888697184"
"2615"	"GO:0009583"	"response to stimulus"	"0.433755887052094"
"2616"	"GO:0009584"	"response to stimulus"	"0.273069575579185"
"2617"	"GO:0009589"	"response to stimulus"	"0.433083159419627"
"2618"	"GO:0009590"	"response to stimulus"	"0.432462358328811"
"2619"	"GO:0009593"	"response to stimulus"	"0.42906303870968"
"2620"	"GO:0009595"	"response to stimulus"	"0.549595494741794"
"2621"	"GO:0009597"	"viral related process"	"0.376313184523195"
"2622"	"GO:0009605"	"response to stimulus"	"0.797019544263289"
"2623"	"GO:0009607"	"stress response"	"0.411003415361508"
"2624"	"GO:0009608"	"response to stimulus"	"0.535781694376952"
"2625"	"GO:0009609"	"response to stimulus"	"0.58223270858141"
"2626"	"GO:0009611"	"immune system process"	"+"
"2627"	"GO:0009612"	"response to stimulus"	"+"
"2628"	"GO:0009615"	"viral related process"	"+"
"2629"	"GO:0009617"	"immune system process"	"+"
"2630"	"GO:0009620"	"immune system process"	"0.403087353053019"
"2631"	"GO:0009624"	"response to stimulus"	"0.658322683954616"
"2632"	"GO:0009628"	"stress response"	"0.477956705492967"
"2633"	"GO:0009629"	"response to stimulus"	"0.950530342472789"
"2634"	"GO:0009631"	"stress response"	"0.785235321889757"
"2635"	"GO:0009635"	"response to stimulus"	"0.60165689118981"
"2636"	"GO:0009636"	"response to stimulus"	"+"
"2637"	"GO:0009637"	"response to stimulus"	"0.86135693712119"
"2638"	"GO:0009642"	"response to stimulus"	"0.798062229056207"
"2639"	"GO:0009644"	"response to stimulus"	"0.851850834146241"
"2640"	"GO:0009645"	"stress response"	"0.471861451263598"
"2641"	"GO:0009646"	"response to stimulus"	"0.811089079184907"
"2642"	"GO:0009648"	"response to stimulus"	"0.547751407899705"
"2643"	"GO:0009649"	"response to stimulus"	"+"
"2644"	"GO:0009650"	"stress response"	"0.948286893901954"
"2645"	"GO:0009651"	"stress response"	"0.91238552006752"
"2646"	"GO:0009653"	"morphogenesis/development"	"0.927049030302898"
"2647"	"GO:0009682"	"immune system process"	"0.83840687797131"
"2648"	"GO:0009683"	"metabolic process"	"0.831937294849179"
"2649"	"GO:0009692"	"metabolic process"	"0.944238988839523"
"2650"	"GO:0009698"	"metabolic process"	"0.989301428105877"
"2651"	"GO:0009712"	"metabolic process"	"0.934102116219605"
"2652"	"GO:0009713"	"metabolic process"	"0.943318123818285"
"2653"	"GO:0009719"	"response to stimulus"	"0.968550570429123"
"2654"	"GO:0009725"	"response to stimulus"	"+"
"2655"	"GO:0009730"	"response to stimulus"	"0.681411895630035"
"2656"	"GO:0009732"	"response to stimulus"	"0.629679292242555"
"2657"	"GO:0009737"	"response to stimulus"	"0.732383912360987"
"2658"	"GO:0009738"	"receptor related process"	"0.734299838486068"
"2659"	"GO:0009739"	"response to stimulus"	"0.879465807373523"
"2660"	"GO:0009740"	"protein modification/signaling"	"0.435715961900678"
"2661"	"GO:0009743"	"response to stimulus"	"+"
"2662"	"GO:0009744"	"response to stimulus"	"0.904667165870773"
"2663"	"GO:0009746"	"response to stimulus"	"0.912284041667994"
"2664"	"GO:0009749"	"response to stimulus"	"0.908840023767854"
"2665"	"GO:0009750"	"response to stimulus"	"0.941000852819225"
"2666"	"GO:0009751"	"response to stimulus"	"0.870950254329783"
"2667"	"GO:0009753"	"response to stimulus"	"0.789122165160465"
"2668"	"GO:0009755"	"protein modification/signaling"	"+"
"2669"	"GO:0009756"	"protein modification/signaling"	"0.335386745613138"
"2670"	"GO:0009757"	"protein modification/signaling"	"0.367131735313384"
"2671"	"GO:0009785"	"protein modification/signaling"	"0.260929397341248"
"2672"	"GO:0009786"	"cell cycle"	"0.922850408801458"
"2673"	"GO:0009787"	"receptor related process"	"0.497552295815129"
"2674"	"GO:0009789"	"protein modification/signaling"	"0.336709502521553"
"2675"	"GO:0009790"	"morphogenesis/development"	"0.940601757926668"
"2676"	"GO:0009791"	"morphogenesis/development"	"+"
"2677"	"GO:0009792"	"morphogenesis/development"	"+"
"2678"	"GO:0009794"	"cell cycle"	"0.980705215406236"
"2679"	"GO:0009798"	"morphogenesis/development"	"0.971119723679463"
"2680"	"GO:0009799"	"morphogenesis/development"	"0.465111432375742"
"2681"	"GO:0009804"	"metabolic process"	"0.988133055622575"
"2682"	"GO:0009810"	"metabolic process"	"0.99172401552832"
"2683"	"GO:0009812"	"metabolic process"	"0.991264716506121"
"2684"	"GO:0009820"	"metabolic process"	"0.976743225739394"
"2685"	"GO:0009822"	"metabolic process"	"0.941730011650321"
"2686"	"GO:0009826"	"multicellular organismal process"	"0.341567460370298"
"2687"	"GO:0009838"	"morphogenesis/development"	"0.624765960597388"
"2688"	"GO:0009850"	"metabolic process"	"0.915091582486618"
"2689"	"GO:0009855"	"morphogenesis/development"	"0.552115408448312"
"2690"	"GO:0009880"	"morphogenesis/development"	"0.973888843560998"
"2691"	"GO:0009886"	"morphogenesis/development"	"0.770128795717939"
"2692"	"GO:0009887"	"morphogenesis/development"	"+"
"2693"	"GO:0009888"	"morphogenesis/development"	"0.970688145878927"
"2694"	"GO:0009889"	"metabolic process"	"+"
"2695"	"GO:0009890"	"metabolic process"	"0.802260656958976"
"2696"	"GO:0009891"	"metabolic process"	"0.709927394596364"
"2697"	"GO:0009892"	"metabolic process"	"0.927443248824983"
"2698"	"GO:0009893"	"metabolic process"	"0.885506025525613"
"2699"	"GO:0009894"	"metabolic process"	"+"
"2700"	"GO:0009895"	"metabolic process"	"+"
"2701"	"GO:0009896"	"metabolic process"	"+"
"2702"	"GO:0009897"	"cellular component organization"	"+"
"2703"	"GO:0009912"	"morphogenesis/development"	"0.490148715906098"
"2704"	"GO:0009913"	"morphogenesis/development"	"+"
"2705"	"GO:0009914"	"transport"	"+"
"2706"	"GO:0009932"	"morphogenesis/development"	"0.792055580293335"
"2707"	"GO:0009946"	"morphogenesis/development"	"0.543471885671758"
"2708"	"GO:0009948"	"morphogenesis/development"	"0.94840055709269"
"2709"	"GO:0009949"	"morphogenesis/development"	"0.544548503444482"
"2710"	"GO:0009950"	"morphogenesis/development"	"0.80762439381609"
"2711"	"GO:0009952"	"morphogenesis/development"	"+"
"2712"	"GO:0009953"	"morphogenesis/development"	"0.828353359276187"
"2713"	"GO:0009954"	"morphogenesis/development"	"0.928032239774309"
"2714"	"GO:0009955"	"morphogenesis/development"	"0.793143723890552"
"2715"	"GO:0009956"	"morphogenesis/development"	"0.905491140451901"
"2716"	"GO:0009957"	"morphogenesis/development"	"0.826666185354438"
"2717"	"GO:0009966"	"protein modification/signaling"	"0.60096700009772"
"2718"	"GO:0009967"	"protein modification/signaling"	"0.717455810508983"
"2719"	"GO:0009968"	"protein modification/signaling"	"0.560389867993932"
"2720"	"GO:0009972"	"metabolic process"	"0.646848304461658"
"2721"	"GO:0009982"	"metabolic process"	"+"
"2722"	"GO:0009988"	"other"	"0.234968615377993"
"2723"	"GO:0009992"	"cellular component organization"	"0.304750251455518"
"2724"	"GO:0009994"	"morphogenesis/development"	"+"
"2725"	"GO:0009996"	"morphogenesis/development"	"0.887201034789101"
"2726"	"GO:0010001"	"morphogenesis/development"	"+"
"2727"	"GO:0010002"	"morphogenesis/development"	"0.892784860941119"
"2728"	"GO:0010021"	"metabolic process"	"0.954917179585788"
"2729"	"GO:0010025"	"metabolic process"	"0.96664241981349"
"2730"	"GO:0010032"	"cell cycle"	"0.993159378418244"
"2731"	"GO:0010034"	"response to stimulus"	"0.95307353047543"
"2732"	"GO:0010037"	"response to stimulus"	"0.959025097995605"
"2733"	"GO:0010038"	"response to stimulus"	"+"
"2734"	"GO:0010039"	"response to stimulus"	"+"
"2735"	"GO:0010040"	"response to stimulus"	"0.854658076989122"
"2736"	"GO:0010041"	"response to stimulus"	"0.742467616549423"
"2737"	"GO:0010042"	"response to stimulus"	"+"
"2738"	"GO:0010043"	"response to stimulus"	"0.942894319732466"
"2739"	"GO:0010044"	"response to stimulus"	"0.832900014185851"
"2740"	"GO:0010045"	"response to stimulus"	"0.800295594407779"
"2741"	"GO:0010046"	"response to stimulus"	"0.881095085876092"
"2742"	"GO:0010070"	"cell cycle"	"0.47159356130147"
"2743"	"GO:0010085"	"morphogenesis/development"	"0.42158133799586"
"2744"	"GO:0010092"	"morphogenesis/development"	"0.90463688268943"
"2745"	"GO:0010121"	"metabolic process"	"0.94553269556815"
"2746"	"GO:0010124"	"metabolic process"	"0.98145663084486"
"2747"	"GO:0010133"	"metabolic process"	"0.968030729683864"
"2748"	"GO:0010138"	"metabolic process"	"0.782252524955012"
"2749"	"GO:0010142"	"metabolic process"	"0.905334703765268"
"2750"	"GO:0010155"	"transport"	"+"
"2751"	"GO:0010157"	"response to stimulus"	"0.937467316137329"
"2752"	"GO:0010159"	"morphogenesis/development"	"0.650986003536346"
"2753"	"GO:0010160"	"morphogenesis/development"	"0.805976361478491"
"2754"	"GO:0010164"	"response to stimulus"	"0.938363842016896"
"2755"	"GO:0010165"	"stress response"	"+"
"2756"	"GO:0010166"	"metabolic process"	"0.98934861248036"
"2757"	"GO:0010171"	"morphogenesis/development"	"0.799508107943928"
"2758"	"GO:0010172"	"morphogenesis/development"	"0.704499490113053"
"2759"	"GO:0010182"	"metabolic process"	"0.375259943609593"
"2760"	"GO:0010185"	"immune system process"	"0.71893225412368"
"2761"	"GO:0010186"	"immune system process"	"0.59919258565372"
"2762"	"GO:0010189"	"metabolic process"	"0.815529564338504"
"2763"	"GO:0010193"	"stress response"	"0.791002452181206"
"2764"	"GO:0010212"	"stress response"	"+"
"2765"	"GO:0010224"	"stress response"	"0.526522315782108"
"2766"	"GO:0010225"	"stress response"	"0.937832731370838"
"2767"	"GO:0010226"	"response to stimulus"	"0.911504590019031"
"2768"	"GO:0010232"	"transport"	"+"
"2769"	"GO:0010248"	"transport"	"0.717341609798874"
"2770"	"GO:0010255"	"metabolic process"	"0.434937515743259"
"2771"	"GO:0010256"	"cellular component organization"	"+"
"2772"	"GO:0010257"	"cellular component organization"	"+"
"2773"	"GO:0010265"	"cellular component organization"	"0.91306470484762"
"2774"	"GO:0010266"	"response to stimulus"	"0.794188878599695"
"2775"	"GO:0010269"	"response to stimulus"	"0.949733419805742"
"2776"	"GO:0010272"	"response to stimulus"	"0.865895518640297"
"2777"	"GO:0010273"	"response to stimulus"	"0.279485193036221"
"2778"	"GO:0010286"	"stress response"	"0.79058137406962"
"2779"	"GO:0010288"	"response to stimulus"	"+"
"2780"	"GO:0010310"	"immune system process"	"+"
"2781"	"GO:0010312"	"transport"	"0.36357003159909"
"2782"	"GO:0010324"	"cellular component organization"	"0.571388037282381"
"2783"	"GO:0010332"	"stress response"	"+"
"2784"	"GO:0010335"	"stress response"	"0.87306975601879"
"2785"	"GO:0010351"	"transport"	"0.662686810958118"
"2786"	"GO:0010359"	"transport"	"0.806125528127582"
"2787"	"GO:0010360"	"transport"	"0.692060025277282"
"2788"	"GO:0010387"	"cellular component organization"	"0.97589138627615"
"2789"	"GO:0010389"	"cell cycle"	"+"
"2790"	"GO:0010421"	"cell death"	"0.816463977553058"
"2791"	"GO:0010430"	"metabolic process"	"0.833345063751918"
"2792"	"GO:0010446"	"response to stimulus"	"0.852676139640206"
"2793"	"GO:0010447"	"response to stimulus"	"0.820782960252128"
"2794"	"GO:0010453"	"morphogenesis/development"	"0.83121712651575"
"2795"	"GO:0010454"	"morphogenesis/development"	"0.637612188130948"
"2796"	"GO:0010455"	"morphogenesis/development"	"0.37405086568461"
"2797"	"GO:0010457"	"cell cycle"	"0.924229301881074"
"2798"	"GO:0010458"	"cell cycle"	"0.97264555536946"
"2799"	"GO:0010459"	"multicellular organismal process"	"0.927816840267059"
"2800"	"GO:0010460"	"multicellular organismal process"	"+"
"2801"	"GO:0010463"	"cell cycle"	"0.980636824198733"
"2802"	"GO:0010464"	"cell cycle"	"0.974284161140653"
"2803"	"GO:0010466"	"metabolic process"	"+"
"2804"	"GO:0010469"	"receptor related process"	"+"
"2805"	"GO:0010470"	"morphogenesis/development"	"+"
"2806"	"GO:0010476"	"receptor related process"	"0.50067219537489"
"2807"	"GO:0010481"	"cell cycle"	"0.97450078720754"
"2808"	"GO:0010482"	"cell cycle"	"0.972508996157013"
"2809"	"GO:0010496"	"transport"	"0.726434604926538"
"2810"	"GO:0010498"	"metabolic process"	"+"
"2811"	"GO:0010499"	"metabolic process"	"0.942364707393817"
"2812"	"GO:0010501"	"gene regulation"	"0.544999664222423"
"2813"	"GO:0010506"	"cell death"	"+"
"2814"	"GO:0010507"	"metabolic process"	"+"
"2815"	"GO:0010508"	"metabolic process"	"+"
"2816"	"GO:0010510"	"metabolic process"	"0.868568059190883"
"2817"	"GO:0010511"	"metabolic process"	"0.689325467795919"
"2818"	"GO:0010512"	"metabolic process"	"0.68076891817286"
"2819"	"GO:0010513"	"metabolic process"	"0.784592241253368"
"2820"	"GO:0010517"	"metabolic process"	"0.908161450645997"
"2821"	"GO:0010518"	"metabolic process"	"+"
"2822"	"GO:0010519"	"metabolic process"	"0.577642186969105"
"2823"	"GO:0010520"	"cell cycle"	"0.974314957375023"
"2824"	"GO:0010522"	"transport"	"0.535699503794251"
"2825"	"GO:0010523"	"ER/endosome/lysosome related process"	"0.615870828210677"
"2826"	"GO:0010524"	"transport"	"0.440693068106092"
"2827"	"GO:0010526"	"gene regulation"	"0.902481200774209"
"2828"	"GO:0010543"	"multicellular organismal process"	"+"
"2829"	"GO:0010544"	"stress response"	"0.515784418404655"
"2830"	"GO:0010557"	"metabolic process"	"0.538870056989518"
"2831"	"GO:0010558"	"metabolic process"	"+"
"2832"	"GO:0010559"	"metabolic process"	"0.684007047547812"
"2833"	"GO:0010560"	"metabolic process"	"0.765208013223776"
"2834"	"GO:0010561"	"metabolic process"	"0.604173611838977"
"2835"	"GO:0010562"	"metabolic process"	"0.780166584977565"
"2836"	"GO:0010563"	"metabolic process"	"+"
"2837"	"GO:0010564"	"cell cycle"	"+"
"2838"	"GO:0010565"	"metabolic process"	"0.962499579024687"
"2839"	"GO:0010566"	"metabolic process"	"0.903878757231933"
"2840"	"GO:0010569"	"stress response"	"0.940098929096988"
"2841"	"GO:0010570"	"multicellular organismal process"	"0.452038260099032"
"2842"	"GO:0010571"	"cell cycle"	"0.984497610441572"
"2843"	"GO:0010572"	"multicellular organismal process"	"0.902139114582118"
"2844"	"GO:0010573"	"gene regulation"	"+"
"2845"	"GO:0010574"	"gene regulation"	"+"
"2846"	"GO:0010575"	"gene regulation"	"+"
"2847"	"GO:0010585"	"transport"	"0.870968068170034"
"2848"	"GO:0010586"	"metabolic process"	"+"
"2849"	"GO:0010587"	"gene regulation"	"0.610555501140442"
"2850"	"GO:0010591"	"cellular component organization"	"+"
"2851"	"GO:0010592"	"cellular component organization"	"0.956603516635529"
"2852"	"GO:0010593"	"cellular component organization"	"0.899579149815527"
"2853"	"GO:0010594"	"multicellular organismal process"	"+"
"2854"	"GO:0010595"	"multicellular organismal process"	"+"
"2855"	"GO:0010596"	"multicellular organismal process"	"+"
"2856"	"GO:0010603"	"cellular component organization"	"0.813978229603657"
"2857"	"GO:0010604"	"metabolic process"	"0.903179796247705"
"2858"	"GO:0010605"	"metabolic process"	"0.897229217726514"
"2859"	"GO:0010606"	"cellular component organization"	"0.779727593294156"
"2860"	"GO:0010607"	"cellular component organization"	"0.934039172801656"
"2861"	"GO:0010608"	"gene regulation"	"0.668776340537013"
"2862"	"GO:0010609"	"gene regulation"	"0.641945697187382"
"2863"	"GO:0010610"	"stress response"	"0.48409743387864"
"2864"	"GO:0010611"	"multicellular organismal process"	"0.951998188587425"
"2865"	"GO:0010612"	"multicellular organismal process"	"0.583034540669666"
"2866"	"GO:0010613"	"multicellular organismal process"	"+"
"2867"	"GO:0010614"	"multicellular organismal process"	"+"
"2868"	"GO:0010615"	"multicellular organismal process"	"0.48220605333176"
"2869"	"GO:0010616"	"multicellular organismal process"	"0.502024778902319"
"2870"	"GO:0010621"	"gene regulation"	"0.818504931483811"
"2871"	"GO:0010623"	"cell death"	"+"
"2872"	"GO:0010624"	"cell cycle"	"0.704337253635259"
"2873"	"GO:0010625"	"neural related process"	"0.793390185129566"
"2874"	"GO:0010626"	"neural related process"	"0.410377657295047"
"2875"	"GO:0010628"	"gene regulation"	"+"
"2876"	"GO:0010629"	"gene regulation"	"+"
"2877"	"GO:0010631"	"multicellular organismal process"	"+"
"2878"	"GO:0010632"	"multicellular organismal process"	"+"
"2879"	"GO:0010633"	"multicellular organismal process"	"+"
"2880"	"GO:0010634"	"multicellular organismal process"	"+"
"2881"	"GO:0010635"	"cellular component organization"	"0.771346426109786"
"2882"	"GO:0010636"	"cellular component organization"	"0.619754642960089"
"2883"	"GO:0010637"	"cellular component organization"	"0.848665871815311"
"2884"	"GO:0010638"	"cellular component organization"	"+"
"2885"	"GO:0010639"	"cellular component organization"	"+"
"2886"	"GO:0010640"	"receptor related process"	"+"
"2887"	"GO:0010641"	"receptor related process"	"0.829756658210628"
"2888"	"GO:0010642"	"receptor related process"	"0.864329575108153"
"2889"	"GO:0010643"	"protein modification/signaling"	"0.25021633667206"
"2890"	"GO:0010644"	"other"	"0.251148068681411"
"2891"	"GO:0010645"	"protein modification/signaling"	"0.264342997671786"
"2892"	"GO:0010646"	"protein modification/signaling"	"0.70232732899021"
"2893"	"GO:0010647"	"protein modification/signaling"	"0.65182885033239"
"2894"	"GO:0010648"	"protein modification/signaling"	"0.601882662970719"
"2895"	"GO:0010649"	"protein modification/signaling"	"0.253800214269098"
"2896"	"GO:0010650"	"protein modification/signaling"	"0.203056040656171"
"2897"	"GO:0010651"	"protein modification/signaling"	"0.289547677040088"
"2898"	"GO:0010652"	"protein modification/signaling"	"0.252431370454986"
"2899"	"GO:0010656"	"cell death"	"0.888886600190601"
"2900"	"GO:0010657"	"cell death"	"+"
"2901"	"GO:0010658"	"cell death"	"0.950953191741748"
"2902"	"GO:0010659"	"cell death"	"+"
"2903"	"GO:0010660"	"cell death"	"+"
"2904"	"GO:0010661"	"cell death"	"0.890189702953616"
"2905"	"GO:0010662"	"cell death"	"0.962487122971404"
"2906"	"GO:0010663"	"cell death"	"0.913567219927284"
"2907"	"GO:0010664"	"cell death"	"0.934871839265944"
"2908"	"GO:0010665"	"cell death"	"0.95737647571764"
"2909"	"GO:0010666"	"cell death"	"0.900499511042118"
"2910"	"GO:0010667"	"cell death"	"0.936632335472684"
"2911"	"GO:0010668"	"morphogenesis/development"	"0.910965258372076"
"2912"	"GO:0010669"	"multicellular organismal process"	"0.950743977707426"
"2913"	"GO:0010692"	"metabolic process"	"0.723304502426503"
"2914"	"GO:0010694"	"metabolic process"	"0.785373800176973"
"2915"	"GO:0010700"	"transport"	"0.562820462906386"
"2916"	"GO:0010701"	"transport"	"0.306611390275867"
"2917"	"GO:0010705"	"cell cycle"	"0.816919308330854"
"2918"	"GO:0010706"	"metabolic process"	"0.941100711186123"
"2919"	"GO:0010707"	"metabolic process"	"0.939305091533631"
"2920"	"GO:0010710"	"metabolic process"	"0.820071955822879"
"2921"	"GO:0010711"	"metabolic process"	"0.895209519494772"
"2922"	"GO:0010712"	"metabolic process"	"+"
"2923"	"GO:0010713"	"metabolic process"	"+"
"2924"	"GO:0010714"	"metabolic process"	"0.876385280507566"
"2925"	"GO:0010715"	"cellular component organization"	"0.904548501076896"
"2926"	"GO:0010716"	"cellular component organization"	"0.865472163989996"
"2927"	"GO:0010717"	"morphogenesis/development"	"0.926509025021607"
"2928"	"GO:0010718"	"morphogenesis/development"	"+"
"2929"	"GO:0010719"	"morphogenesis/development"	"0.886069062876621"
"2930"	"GO:0010720"	"morphogenesis/development"	"+"
"2931"	"GO:0010721"	"morphogenesis/development"	"+"
"2932"	"GO:0010722"	"metabolic process"	"0.686252056660836"
"2933"	"GO:0010724"	"morphogenesis/development"	"0.725022724357844"
"2934"	"GO:0010725"	"morphogenesis/development"	"0.784206016061262"
"2935"	"GO:0010726"	"metabolic process"	"0.583455506956968"
"2936"	"GO:0010727"	"immune system process"	"0.572510903804059"
"2937"	"GO:0010728"	"stress response"	"0.349770545249674"
"2938"	"GO:0010729"	"stress response"	"0.286480074357465"
"2939"	"GO:0010730"	"stress response"	"0.328406175194218"
"2940"	"GO:0010731"	"protein modification/signaling"	"0.533149203754045"
"2941"	"GO:0010732"	"protein modification/signaling"	"0.620850969435184"
"2942"	"GO:0010734"	"protein modification/signaling"	"0.610012199062631"
"2943"	"GO:0010737"	"protein modification/signaling"	"0.831552658317943"
"2944"	"GO:0010738"	"protein modification/signaling"	"0.855579880494742"
"2945"	"GO:0010739"	"protein modification/signaling"	"0.868284438708527"
"2946"	"GO:0010742"	"morphogenesis/development"	"+"
"2947"	"GO:0010743"	"morphogenesis/development"	"+"
"2948"	"GO:0010744"	"morphogenesis/development"	"0.917185071380291"
"2949"	"GO:0010745"	"morphogenesis/development"	"+"
"2950"	"GO:0010746"	"transport"	"0.851415445315308"
"2951"	"GO:0010747"	"transport"	"0.838951777348973"
"2952"	"GO:0010748"	"transport"	"0.83623508031023"
"2953"	"GO:0010749"	"protein modification/signaling"	"0.883195423582787"
"2954"	"GO:0010750"	"protein modification/signaling"	"0.736517856703033"
"2955"	"GO:0010751"	"protein modification/signaling"	"0.856153721965122"
"2956"	"GO:0010752"	"protein modification/signaling"	"0.792915556382863"
"2957"	"GO:0010753"	"protein modification/signaling"	"0.622990788891695"
"2958"	"GO:0010754"	"protein modification/signaling"	"0.726939748765292"
"2959"	"GO:0010755"	"protein modification/signaling"	"+"
"2960"	"GO:0010756"	"protein modification/signaling"	"0.833742407250793"
"2961"	"GO:0010757"	"protein modification/signaling"	"0.864982585829672"
"2962"	"GO:0010758"	"immune system process"	"0.981713675431683"
"2963"	"GO:0010759"	"immune system process"	"0.971164747544283"
"2964"	"GO:0010760"	"immune system process"	"0.976224437728986"
"2965"	"GO:0010761"	"multicellular organismal process"	"+"
"2966"	"GO:0010762"	"multicellular organismal process"	"+"
"2967"	"GO:0010763"	"multicellular organismal process"	"0.736742795215511"
"2968"	"GO:0010764"	"multicellular organismal process"	"0.683484424118092"
"2969"	"GO:0010765"	"transport"	"+"
"2970"	"GO:0010766"	"transport"	"+"
"2971"	"GO:0010770"	"morphogenesis/development"	"0.846483733046475"
"2972"	"GO:0010774"	"cell cycle"	"0.95252612595883"
"2973"	"GO:0010780"	"cell cycle"	"0.880296481711264"
"2974"	"GO:0010789"	"cell cycle"	"0.987642234342721"
"2975"	"GO:0010792"	"stress response"	"0.800213810558759"
"2976"	"GO:0010793"	"transport"	"0.75842166919686"
"2977"	"GO:0010795"	"metabolic process"	"0.92701424148137"
"2978"	"GO:0010799"	"protein modification/signaling"	"0.96199404619855"
"2979"	"GO:0010800"	"protein modification/signaling"	"0.932394773025"
"2980"	"GO:0010801"	"protein modification/signaling"	"+"
"2981"	"GO:0010803"	"immune system process"	"+"
"2982"	"GO:0010804"	"immune system process"	"0.869084740138272"
"2983"	"GO:0010807"	"neural related process"	"0.616876501518742"
"2984"	"GO:0010808"	"neural related process"	"0.40337451343132"
"2985"	"GO:0010810"	"cell adhesion"	"+"
"2986"	"GO:0010811"	"cell adhesion"	"+"
"2987"	"GO:0010812"	"cell adhesion"	"+"
"2988"	"GO:0010813"	"neural related process"	"0.428945126436468"
"2989"	"GO:0010814"	"metabolic process"	"0.898140275041495"
"2990"	"GO:0010815"	"metabolic process"	"0.969777600421551"
"2991"	"GO:0010816"	"metabolic process"	"0.938345443846646"
"2992"	"GO:0010817"	"metabolic process"	"0.274450655528391"
"2993"	"GO:0010818"	"immune system process"	"+"
"2994"	"GO:0010819"	"immune system process"	"0.964595915542823"
"2995"	"GO:0010820"	"immune system process"	"0.970912371882062"
"2996"	"GO:0010821"	"cellular component organization"	"+"
"2997"	"GO:0010824"	"cell cycle"	"0.947219597074844"
"2998"	"GO:0010825"	"cell cycle"	"0.883933362033379"
"2999"	"GO:0010826"	"cell cycle"	"0.934527390168838"
"3000"	"GO:0010827"	"transport"	"0.937521317309833"
"3001"	"GO:0010828"	"transport"	"0.943166790677812"
"3002"	"GO:0010829"	"transport"	"0.869077229343623"
"3003"	"GO:0010830"	"morphogenesis/development"	"0.92527954297752"
"3004"	"GO:0010831"	"morphogenesis/development"	"0.831336380427113"
"3005"	"GO:0010832"	"morphogenesis/development"	"0.737550895632528"
"3006"	"GO:0010833"	"cell cycle"	"0.961193623127998"
"3007"	"GO:0010835"	"protein modification/signaling"	"0.657806060908174"
"3008"	"GO:0010836"	"protein modification/signaling"	"0.683362598379302"
"3009"	"GO:0010837"	"cell cycle"	"0.97893188088798"
"3010"	"GO:0010838"	"cell cycle"	"0.989029008047411"
"3011"	"GO:0010839"	"cell cycle"	"0.981740912168256"
"3012"	"GO:0010840"	"multicellular organismal process"	"0.409753740538282"
"3013"	"GO:0010841"	"multicellular organismal process"	"0.453499602019145"
"3014"	"GO:0010842"	"morphogenesis/development"	"0.917592151664458"
"3015"	"GO:0010845"	"cell cycle"	"0.969104655752509"
"3016"	"GO:0010849"	"transport"	"0.695404994236534"
"3017"	"GO:0010866"	"metabolic process"	"0.884345393959081"
"3018"	"GO:0010867"	"metabolic process"	"0.870052142860371"
"3019"	"GO:0010868"	"metabolic process"	"0.91003898989945"
"3020"	"GO:0010874"	"transport"	"+"
"3021"	"GO:0010875"	"transport"	"+"
"3022"	"GO:0010876"	"cellular component organization"	"+"
"3023"	"GO:0010877"	"transport"	"0.522165981372156"
"3024"	"GO:0010878"	"cellular component organization"	"0.875784271405184"
"3025"	"GO:0010879"	"transport"	"0.438193320224353"
"3026"	"GO:0010880"	"ER/endosome/lysosome related process"	"0.362276635733363"
"3027"	"GO:0010881"	"ER/endosome/lysosome related process"	"0.24084869517149"
"3028"	"GO:0010882"	"multicellular organismal process"	"0.547875322876037"
"3029"	"GO:0010883"	"cellular component organization"	"+"
"3030"	"GO:0010884"	"cellular component organization"	"+"
"3031"	"GO:0010885"	"cellular component organization"	"+"
"3032"	"GO:0010886"	"cellular component organization"	"0.757891699560926"
"3033"	"GO:0010887"	"cellular component organization"	"0.861726010401979"
"3034"	"GO:0010888"	"cellular component organization"	"+"
"3035"	"GO:0010889"	"cellular component organization"	"0.891189481393678"
"3036"	"GO:0010890"	"cellular component organization"	"0.801941703543351"
"3037"	"GO:0010891"	"cellular component organization"	"0.805602087890812"
"3038"	"GO:0010893"	"metabolic process"	"0.898818203981756"
"3039"	"GO:0010894"	"metabolic process"	"0.826580635577505"
"3040"	"GO:0010896"	"metabolic process"	"0.986071519821097"
"3041"	"GO:0010897"	"metabolic process"	"0.974810441992727"
"3042"	"GO:0010898"	"metabolic process"	"0.98848526126039"
"3043"	"GO:0010899"	"metabolic process"	"0.963696712836033"
"3044"	"GO:0010900"	"metabolic process"	"0.964563376062796"
"3045"	"GO:0010901"	"multicellular organismal process"	"0.261768689985414"
"3046"	"GO:0010902"	"cellular component organization"	"0.297382508369171"
"3047"	"GO:0010903"	"multicellular organismal process"	"0.326759772816823"
"3048"	"GO:0010904"	"metabolic process"	"0.830653027008996"
"3049"	"GO:0010905"	"metabolic process"	"0.910611924733485"
"3050"	"GO:0010906"	"metabolic process"	"0.917225482740786"
"3051"	"GO:0010907"	"metabolic process"	"0.931593489680072"
"3052"	"GO:0010908"	"metabolic process"	"0.67989082204302"
"3053"	"GO:0010909"	"metabolic process"	"0.561220434687654"
"3054"	"GO:0010911"	"metabolic process"	"0.298386332250829"
"3055"	"GO:0010912"	"metabolic process"	"0.369084138823712"
"3056"	"GO:0010915"	"multicellular organismal process"	"0.783675475058299"
"3057"	"GO:0010916"	"multicellular organismal process"	"0.882128981535388"
"3058"	"GO:0010917"	"transport"	"0.38096432136573"
"3059"	"GO:0010918"	"transport"	"0.734182061201957"
"3060"	"GO:0010919"	"metabolic process"	"0.882418477069051"
"3061"	"GO:0010920"	"metabolic process"	"0.852245612273536"
"3062"	"GO:0010921"	"protein modification/signaling"	"0.922875882438667"
"3063"	"GO:0010922"	"protein modification/signaling"	"+"
"3064"	"GO:0010923"	"metabolic process"	"0.684586378724187"
"3065"	"GO:0010924"	"metabolic process"	"0.844555598515053"
"3066"	"GO:0010925"	"metabolic process"	"0.792692527981873"
"3067"	"GO:0010927"	"morphogenesis/development"	"+"
"3068"	"GO:0010931"	"immune system process"	"0.933412246646439"
"3069"	"GO:0010932"	"immune system process"	"0.931266465654058"
"3070"	"GO:0010933"	"immune system process"	"0.824459439446607"
"3071"	"GO:0010934"	"immune system process"	"+"
"3072"	"GO:0010935"	"immune system process"	"+"
"3073"	"GO:0010936"	"immune system process"	"0.979936518459455"
"3074"	"GO:0010938"	"cellular component organization"	"0.905092103409425"
"3075"	"GO:0010944"	"gene regulation"	"0.956352760529075"
"3076"	"GO:0010948"	"cell cycle"	"+"
"3077"	"GO:0010949"	"multicellular organismal process"	"0.651014827115976"
"3078"	"GO:0010950"	"cell death"	"+"
"3079"	"GO:0010951"	"protein modification/signaling"	"+"
"3080"	"GO:0010952"	"metabolic process"	"+"
"3081"	"GO:0010954"	"protein modification/signaling"	"0.648871284618299"
"3082"	"GO:0010955"	"protein modification/signaling"	"0.901825093547757"
"3083"	"GO:0010956"	"metabolic process"	"0.753668853205752"
"3084"	"GO:0010957"	"metabolic process"	"0.637652750041396"
"3085"	"GO:0010958"	"transport"	"0.49758949107305"
"3086"	"GO:0010959"	"transport"	"0.929364180381592"
"3087"	"GO:0010960"	"other"	"0.798730232494513"
"3088"	"GO:0010961"	"other"	"0.685772498215701"
"3089"	"GO:0010962"	"metabolic process"	"0.917194877046421"
"3090"	"GO:0010965"	"cell cycle"	"+"
"3091"	"GO:0010966"	"transport"	"0.809557422079013"
"3092"	"GO:0010967"	"metabolic process"	"0.8259536157238"
"3093"	"GO:0010968"	"cellular component organization"	"0.826320442109574"
"3094"	"GO:0010970"	"transport"	"0.855699373177575"
"3095"	"GO:0010971"	"cell cycle"	"+"
"3096"	"GO:0010972"	"cell cycle"	"+"
"3097"	"GO:0010975"	"neural related process"	"+"
"3098"	"GO:0010976"	"neural related process"	"+"
"3099"	"GO:0010977"	"neural related process"	"+"
"3100"	"GO:0010979"	"metabolic process"	"0.60525247884766"
"3101"	"GO:0010980"	"metabolic process"	"0.486377483440817"
"3102"	"GO:0010982"	"multicellular organismal process"	"0.880025025121637"
"3103"	"GO:0010983"	"multicellular organismal process"	"0.86004786394333"
"3104"	"GO:0010984"	"multicellular organismal process"	"0.891790668684968"
"3105"	"GO:0010985"	"multicellular organismal process"	"0.871250307575272"
"3106"	"GO:0010986"	"multicellular organismal process"	"0.819114649672599"
"3107"	"GO:0010987"	"multicellular organismal process"	"0.896749600179015"
"3108"	"GO:0010988"	"multicellular organismal process"	"0.826157261088555"
"3109"	"GO:0010989"	"multicellular organismal process"	"0.836463205674805"
"3110"	"GO:0010992"	"other"	"+"
"3111"	"GO:0010994"	"cellular component organization"	"0.908905504668778"
"3112"	"GO:0010996"	"neural related process"	"0.459791425187737"
"3113"	"GO:0010998"	"stress response"	"0.753161656556339"
"3114"	"GO:0010999"	"stress response"	"0.600600996617244"
"3115"	"GO:0012501"	"cell death"	"0.955421567600493"
"3116"	"GO:0012502"	"cell death"	"0.387166580425745"
"3117"	"GO:0014002"	"neural related process"	"+"
"3118"	"GO:0014003"	"neural related process"	"0.976765134493564"
"3119"	"GO:0014004"	"immune system process"	"0.447995181326818"
"3120"	"GO:0014005"	"neural related process"	"0.76392185301575"
"3121"	"GO:0014006"	"morphogenesis/development"	"0.410789525053598"
"3122"	"GO:0014008"	"neural related process"	"0.653706620815521"
"3123"	"GO:0014009"	"cell cycle"	"+"
"3124"	"GO:0014010"	"cell cycle"	"0.686598499635547"
"3125"	"GO:0014011"	"cell cycle"	"0.5508928481818"
"3126"	"GO:0014012"	"neural related process"	"0.596701263953534"
"3127"	"GO:0014013"	"neural related process"	"+"
"3128"	"GO:0014014"	"neural related process"	"0.757510495056013"
"3129"	"GO:0014015"	"neural related process"	"+"
"3130"	"GO:0014016"	"morphogenesis/development"	"0.651165509581124"
"3131"	"GO:0014017"	"morphogenesis/development"	"0.694324808356847"
"3132"	"GO:0014020"	"morphogenesis/development"	"0.936664402704732"
"3133"	"GO:0014022"	"morphogenesis/development"	"0.799664847868267"
"3134"	"GO:0014028"	"morphogenesis/development"	"0.973870578414559"
"3135"	"GO:0014029"	"morphogenesis/development"	"0.965662689537185"
"3136"	"GO:0014031"	"morphogenesis/development"	"0.950062825803149"
"3137"	"GO:0014032"	"morphogenesis/development"	"+"
"3138"	"GO:0014033"	"morphogenesis/development"	"+"
"3139"	"GO:0014034"	"morphogenesis/development"	"0.965492191499553"
"3140"	"GO:0014036"	"morphogenesis/development"	"0.925180087259145"
"3141"	"GO:0014037"	"neural related process"	"+"
"3142"	"GO:0014038"	"neural related process"	"0.67839693350752"
"3143"	"GO:0014040"	"neural related process"	"0.925888523525599"
"3144"	"GO:0014041"	"neural related process"	"0.506873073081907"
"3145"	"GO:0014042"	"neural related process"	"0.667912477304024"
"3146"	"GO:0014043"	"neural related process"	"0.492899275244138"
"3147"	"GO:0014044"	"neural related process"	"0.968909817079732"
"3148"	"GO:0014045"	"morphogenesis/development"	"0.564626443563662"
"3149"	"GO:0014046"	"neural related process"	"0.83170053536312"
"3150"	"GO:0014047"	"neural related process"	"0.759147167983801"
"3151"	"GO:0014048"	"neural related process"	"0.613364082008791"
"3152"	"GO:0014049"	"neural related process"	"0.436828729491722"
"3153"	"GO:0014050"	"transport"	"0.532054979353484"
"3154"	"GO:0014051"	"neural related process"	"0.500299380194018"
"3155"	"GO:0014052"	"transport"	"0.443242752093744"
"3156"	"GO:0014053"	"transport"	"0.459826182462355"
"3157"	"GO:0014054"	"transport"	"0.430036637343446"
"3158"	"GO:0014055"	"neural related process"	"0.925187110443396"
"3159"	"GO:0014056"	"neural related process"	"0.945448050355939"
"3160"	"GO:0014057"	"neural related process"	"0.898551877666386"
"3161"	"GO:0014059"	"neural related process"	"0.876601715949736"
"3162"	"GO:0014060"	"transport"	"0.229379301307287"
"3163"	"GO:0014061"	"neural related process"	"0.382436140216366"
"3164"	"GO:0014062"	"transport"	"0.411230763171328"
"3165"	"GO:0014063"	"transport"	"0.574966775282471"
"3166"	"GO:0014064"	"transport"	"0.388671791615242"
"3167"	"GO:0014070"	"response to stimulus"	"+"
"3168"	"GO:0014072"	"response to stimulus"	"0.689590422531427"
"3169"	"GO:0014074"	"response to stimulus"	"+"
"3170"	"GO:0014075"	"response to stimulus"	"+"
"3171"	"GO:0014704"	"cell adhesion"	"+"
"3172"	"GO:0014706"	"morphogenesis/development"	"+"
"3173"	"GO:0014707"	"morphogenesis/development"	"0.889497394943953"
"3174"	"GO:0014717"	"cell cycle"	"0.240621915250752"
"3175"	"GO:0014718"	"morphogenesis/development"	"0.269354062029485"
"3176"	"GO:0014719"	"morphogenesis/development"	"0.291382949861468"
"3177"	"GO:0014721"	"multicellular organismal process"	"0.879885043331397"
"3178"	"GO:0014722"	"multicellular organismal process"	"0.411243047422189"
"3179"	"GO:0014723"	"multicellular organismal process"	"0.401609329068978"
"3180"	"GO:0014724"	"multicellular organismal process"	"0.782471338889928"
"3181"	"GO:0014728"	"multicellular organismal process"	"0.597752310687963"
"3182"	"GO:0014732"	"multicellular organismal process"	"0.494925177705355"
"3183"	"GO:0014733"	"multicellular organismal process"	"0.248839241177426"
"3184"	"GO:0014734"	"multicellular organismal process"	"0.410861761520043"
"3185"	"GO:0014735"	"multicellular organismal process"	"0.505398110525093"
"3186"	"GO:0014736"	"multicellular organismal process"	"0.475929184566325"
"3187"	"GO:0014737"	"multicellular organismal process"	"0.525890211117871"
"3188"	"GO:0014738"	"multicellular organismal process"	"0.850319166715358"
"3189"	"GO:0014740"	"multicellular organismal process"	"0.64814132928192"
"3190"	"GO:0014741"	"multicellular organismal process"	"0.891904816797927"
"3191"	"GO:0014742"	"multicellular organismal process"	"0.881554719970877"
"3192"	"GO:0014743"	"multicellular organismal process"	"0.93729922055864"
"3193"	"GO:0014744"	"multicellular organismal process"	"0.692973875201838"
"3194"	"GO:0014745"	"multicellular organismal process"	"0.80834149332587"
"3195"	"GO:0014805"	"immune system process"	"0.255944602977014"
"3196"	"GO:0014806"	"multicellular organismal process"	"0.859086140731043"
"3197"	"GO:0014807"	"morphogenesis/development"	"0.983331612343865"
"3198"	"GO:0014808"	"ER/endosome/lysosome related process"	"0.730026419883577"
"3199"	"GO:0014809"	"ER/endosome/lysosome related process"	"0.233992561401165"
"3200"	"GO:0014810"	"ER/endosome/lysosome related process"	"0.374276912116463"
"3201"	"GO:0014812"	"multicellular organismal process"	"+"
"3202"	"GO:0014816"	"morphogenesis/development"	"0.932142546811754"
"3203"	"GO:0014819"	"multicellular organismal process"	"0.481536158887072"
"3204"	"GO:0014820"	"multicellular organismal process"	"+"
"3205"	"GO:0014821"	"multicellular organismal process"	"0.928187609550797"
"3206"	"GO:0014822"	"stress response"	"0.784237247767069"
"3207"	"GO:0014823"	"response to stimulus"	"+"
"3208"	"GO:0014824"	"multicellular organismal process"	"0.946490601034756"
"3209"	"GO:0014826"	"multicellular organismal process"	"0.941935427431211"
"3210"	"GO:0014827"	"multicellular organismal process"	"0.894081345164654"
"3211"	"GO:0014828"	"multicellular organismal process"	"0.85740356725999"
"3212"	"GO:0014829"	"multicellular organismal process"	"+"
"3213"	"GO:0014831"	"multicellular organismal process"	"0.908874740930867"
"3214"	"GO:0014832"	"multicellular organismal process"	"0.853836900314895"
"3215"	"GO:0014834"	"cell cycle"	"0.404449847801713"
"3216"	"GO:0014835"	"morphogenesis/development"	"0.95082324633816"
"3217"	"GO:0014839"	"morphogenesis/development"	"0.543323269075152"
"3218"	"GO:0014841"	"cell cycle"	"+"
"3219"	"GO:0014842"	"cell cycle"	"0.859332742342616"
"3220"	"GO:0014843"	"cell cycle"	"0.455947376511462"
"3221"	"GO:0014846"	"multicellular organismal process"	"0.794834007661311"
"3222"	"GO:0014848"	"multicellular organismal process"	"0.837722419802651"
"3223"	"GO:0014849"	"multicellular organismal process"	"0.878838290875252"
"3224"	"GO:0014850"	"response to stimulus"	"+"
"3225"	"GO:0014852"	"multicellular organismal process"	"0.49190191360832"
"3226"	"GO:0014853"	"neural related process"	"0.898077195913322"
"3227"	"GO:0014854"	"response to stimulus"	"0.769619256529661"
"3228"	"GO:0014855"	"cell cycle"	"+"
"3229"	"GO:0014856"	"cell cycle"	"0.988768896422712"
"3230"	"GO:0014857"	"cell cycle"	"0.966429470284573"
"3231"	"GO:0014858"	"cell cycle"	"0.791200352754773"
"3232"	"GO:0014859"	"cell cycle"	"0.916981897079624"
"3233"	"GO:0014860"	"neural related process"	"0.510477903846736"
"3234"	"GO:0014861"	"multicellular organismal process"	"0.453056980445796"
"3235"	"GO:0014862"	"multicellular organismal process"	"0.488636325985787"
"3236"	"GO:0014866"	"cellular component organization"	"0.947758340765244"
"3237"	"GO:0014870"	"response to stimulus"	"0.809026757432885"
"3238"	"GO:0014873"	"response to stimulus"	"0.763191712148395"
"3239"	"GO:0014874"	"response to stimulus"	"0.732319170360917"
"3240"	"GO:0014876"	"stress response"	"0.533927904906005"
"3241"	"GO:0014877"	"response to stimulus"	"0.648998933673777"
"3242"	"GO:0014878"	"response to stimulus"	"0.767385086719458"
"3243"	"GO:0014883"	"multicellular organismal process"	"0.368284964142178"
"3244"	"GO:0014886"	"multicellular organismal process"	"0.261622442262541"
"3245"	"GO:0014887"	"multicellular organismal process"	"0.457430971870302"
"3246"	"GO:0014888"	"multicellular organismal process"	"0.25729708129299"
"3247"	"GO:0014889"	"multicellular organismal process"	"0.615268443177091"
"3248"	"GO:0014891"	"multicellular organismal process"	"0.626185405942846"
"3249"	"GO:0014894"	"response to stimulus"	"0.636722122016958"
"3250"	"GO:0014895"	"multicellular organismal process"	"0.741104981828386"
"3251"	"GO:0014896"	"multicellular organismal process"	"+"
"3252"	"GO:0014897"	"multicellular organismal process"	"0.814031569533942"
"3253"	"GO:0014898"	"multicellular organismal process"	"0.81502441270197"
"3254"	"GO:0014900"	"multicellular organismal process"	"0.825165277899396"
"3255"	"GO:0014901"	"cell cycle"	"0.402029508494746"
"3256"	"GO:0014902"	"morphogenesis/development"	"+"
"3257"	"GO:0014904"	"morphogenesis/development"	"0.929101258362871"
"3258"	"GO:0014905"	"morphogenesis/development"	"0.950659616912772"
"3259"	"GO:0014906"	"morphogenesis/development"	"0.88678844602943"
"3260"	"GO:0014908"	"morphogenesis/development"	"0.939803119670169"
"3261"	"GO:0014909"	"multicellular organismal process"	"0.953786188002294"
"3262"	"GO:0014910"	"multicellular organismal process"	"+"
"3263"	"GO:0014911"	"multicellular organismal process"	"0.861778900863578"
"3264"	"GO:0014912"	"multicellular organismal process"	"0.871092859938266"
"3265"	"GO:0014916"	"multicellular organismal process"	"0.89898605572926"
"3266"	"GO:0015012"	"metabolic process"	"0.887984568321123"
"3267"	"GO:0015014"	"metabolic process"	"0.937854627678264"
"3268"	"GO:0015015"	"metabolic process"	"0.844452798079645"
"3269"	"GO:0015031"	"transport"	"0.95859168559994"
"3270"	"GO:0015074"	"other"	"+"
"3271"	"GO:0015267"	"transport"	"+"
"3272"	"GO:0015291"	"transport"	"+"
"3273"	"GO:0015293"	"transport"	"+"
"3274"	"GO:0015399"	"transport"	"+"
"3275"	"GO:0015485"	"metabolic process"	"+"
"3276"	"GO:0015556"	"transport"	"+"
"3277"	"GO:0015631"	"cellular component organization"	"+"
"3278"	"GO:0015669"	"transport"	"0.768471910501762"
"3279"	"GO:0015670"	"transport"	"0.932484495059872"
"3280"	"GO:0015671"	"transport"	"0.826029146073594"
"3281"	"GO:0015675"	"transport"	"0.734511635036972"
"3282"	"GO:0015676"	"transport"	"0.759964877972272"
"3283"	"GO:0015677"	"transport"	"0.890432377201745"
"3284"	"GO:0015679"	"transport"	"0.518626790371344"
"3285"	"GO:0015680"	"metabolic process"	"0.609300170059967"
"3286"	"GO:0015689"	"transport"	"0.940563235507648"
"3287"	"GO:0015691"	"transport"	"0.92022578303205"
"3288"	"GO:0015692"	"transport"	"0.693840452134548"
"3289"	"GO:0015693"	"transport"	"+"
"3290"	"GO:0015694"	"transport"	"0.482309113046737"
"3291"	"GO:0015695"	"transport"	"0.723639884755889"
"3292"	"GO:0015697"	"transport"	"0.800915517354379"
"3293"	"GO:0015698"	"transport"	"+"
"3294"	"GO:0015700"	"transport"	"0.701436598706911"
"3295"	"GO:0015701"	"transport"	"0.965520722554619"
"3296"	"GO:0015705"	"transport"	"0.949252585840629"
"3297"	"GO:0015706"	"transport"	"0.800631540536757"
"3298"	"GO:0015707"	"transport"	"0.836501556110032"
"3299"	"GO:0015709"	"transport"	"0.964352065990289"
"3300"	"GO:0015711"	"transport"	"+"
"3301"	"GO:0015712"	"transport"	"0.953930523750425"
"3302"	"GO:0015718"	"transport"	"+"
"3303"	"GO:0015721"	"transport"	"0.95953057101702"
"3304"	"GO:0015722"	"transport"	"0.676251384581961"
"3305"	"GO:0015723"	"transport"	"0.877645196037139"
"3306"	"GO:0015724"	"transport"	"0.909293526354805"
"3307"	"GO:0015727"	"transport"	"0.772496216297559"
"3308"	"GO:0015728"	"transport"	"0.880440462797263"
"3309"	"GO:0015729"	"transport"	"0.983200817482136"
"3310"	"GO:0015730"	"transport"	"0.92138275326882"
"3311"	"GO:0015732"	"transport"	"+"
"3312"	"GO:0015734"	"transport"	"0.956417979747524"
"3313"	"GO:0015735"	"transport"	"0.876060762608758"
"3314"	"GO:0015736"	"transport"	"0.676210987476621"
"3315"	"GO:0015738"	"transport"	"0.876306149115479"
"3316"	"GO:0015739"	"transport"	"0.942963239250325"
"3317"	"GO:0015740"	"transport"	"0.964493192197853"
"3318"	"GO:0015741"	"transport"	"0.96836118608692"
"3319"	"GO:0015742"	"transport"	"0.960933314682965"
"3320"	"GO:0015743"	"transport"	"0.984744985208812"
"3321"	"GO:0015744"	"transport"	"0.988075993612433"
"3322"	"GO:0015746"	"transport"	"0.963734591249981"
"3323"	"GO:0015747"	"transport"	"0.981091761425895"
"3324"	"GO:0015748"	"transport"	"0.81411319714879"
"3325"	"GO:0015749"	"transport"	"+"
"3326"	"GO:0015750"	"transport"	"0.940074568805117"
"3327"	"GO:0015755"	"transport"	"0.904387891716467"
"3328"	"GO:0015756"	"transport"	"0.869225039212316"
"3329"	"GO:0015757"	"transport"	"0.89210068712288"
"3330"	"GO:0015760"	"transport"	"0.91358608872648"
"3331"	"GO:0015761"	"transport"	"0.653433278809565"
"3332"	"GO:0015766"	"transport"	"0.794442603061637"
"3333"	"GO:0015770"	"transport"	"0.846191332722568"
"3334"	"GO:0015772"	"transport"	"0.698757097955008"
"3335"	"GO:0015774"	"transport"	"0.732634235206546"
"3336"	"GO:0015779"	"transport"	"0.877606537957044"
"3337"	"GO:0015780"	"transport"	"0.895055101324704"
"3338"	"GO:0015782"	"transport"	"0.897872657980428"
"3339"	"GO:0015783"	"ER/endosome/lysosome related process"	"0.6584360533122"
"3340"	"GO:0015786"	"transport"	"0.923170595258659"
"3341"	"GO:0015787"	"transport"	"0.849125444805475"
"3342"	"GO:0015789"	"transport"	"0.756938963350266"
"3343"	"GO:0015790"	"transport"	"0.841762217993577"
"3344"	"GO:0015791"	"transport"	"0.946144126872743"
"3345"	"GO:0015793"	"transport"	"0.806394525995293"
"3346"	"GO:0015797"	"transport"	"0.744941924854643"
"3347"	"GO:0015798"	"transport"	"0.909392850106404"
"3348"	"GO:0015800"	"transport"	"0.675312677337683"
"3349"	"GO:0015801"	"transport"	"0.794828090404072"
"3350"	"GO:0015802"	"transport"	"0.945646527910336"
"3351"	"GO:0015803"	"transport"	"0.66673625194239"
"3352"	"GO:0015804"	"transport"	"+"
"3353"	"GO:0015805"	"transport"	"0.691564404692847"
"3354"	"GO:0015807"	"transport"	"0.83503301211266"
"3355"	"GO:0015808"	"transport"	"0.924964092883412"
"3356"	"GO:0015810"	"transport"	"0.932386655039106"
"3357"	"GO:0015811"	"transport"	"0.847238928677694"
"3358"	"GO:0015812"	"transport"	"0.78854758977319"
"3359"	"GO:0015813"	"transport"	"0.925693123105792"
"3360"	"GO:0015816"	"transport"	"0.85004382457838"
"3361"	"GO:0015817"	"transport"	"0.939043417823351"
"3362"	"GO:0015818"	"transport"	"0.939674785478711"
"3363"	"GO:0015819"	"transport"	"0.885299434295362"
"3364"	"GO:0015820"	"transport"	"0.930470822053304"
"3365"	"GO:0015821"	"transport"	"0.892530433114303"
"3366"	"GO:0015822"	"transport"	"0.93335588770174"
"3367"	"GO:0015823"	"transport"	"0.959175171846655"
"3368"	"GO:0015824"	"transport"	"0.944650279086533"
"3369"	"GO:0015825"	"transport"	"0.878156511066888"
"3370"	"GO:0015826"	"transport"	"0.864151818763005"
"3371"	"GO:0015827"	"transport"	"0.926244836054865"
"3372"	"GO:0015828"	"transport"	"0.917007207474858"
"3373"	"GO:0015829"	"transport"	"0.945306944518504"
"3374"	"GO:0015833"	"transport"	"+"
"3375"	"GO:0015835"	"transport"	"0.699715458247995"
"3376"	"GO:0015837"	"neural related process"	"0.725815298239001"
"3377"	"GO:0015838"	"transport"	"0.975390158175858"
"3378"	"GO:0015840"	"transport"	"0.945759204541767"
"3379"	"GO:0015842"	"neural related process"	"0.84460038992933"
"3380"	"GO:0015843"	"transport"	"0.904266419243341"
"3381"	"GO:0015844"	"neural related process"	"0.557746800456599"
"3382"	"GO:0015846"	"transport"	"0.937868148152075"
"3383"	"GO:0015847"	"transport"	"0.531406771432905"
"3384"	"GO:0015848"	"transport"	"0.931463529512822"
"3385"	"GO:0015849"	"transport"	"0.858845281053519"
"3386"	"GO:0015850"	"transport"	"+"
"3387"	"GO:0015851"	"transport"	"0.957941910148598"
"3388"	"GO:0015853"	"transport"	"0.941502028390927"
"3389"	"GO:0015854"	"transport"	"0.958734864922036"
"3390"	"GO:0015855"	"transport"	"0.946551675948354"
"3391"	"GO:0015857"	"transport"	"0.957759405410184"
"3392"	"GO:0015858"	"transport"	"0.899277408014442"
"3393"	"GO:0015860"	"transport"	"0.824407750512763"
"3394"	"GO:0015861"	"transport"	"0.904823203472786"
"3395"	"GO:0015862"	"transport"	"0.785568512793906"
"3396"	"GO:0015864"	"transport"	"0.900438777191897"
"3397"	"GO:0015865"	"transport"	"0.890371838966063"
"3398"	"GO:0015866"	"transport"	"0.81615763482609"
"3399"	"GO:0015867"	"transport"	"0.855259720102669"
"3400"	"GO:0015868"	"transport"	"0.878569188551499"
"3401"	"GO:0015870"	"neural related process"	"0.887533063367195"
"3402"	"GO:0015871"	"transport"	"0.668340493257359"
"3403"	"GO:0015872"	"neural related process"	"0.828123218449425"
"3404"	"GO:0015874"	"neural related process"	"0.620825871137809"
"3405"	"GO:0015876"	"transport"	"0.60873150435287"
"3406"	"GO:0015878"	"transport"	"0.653214834935552"
"3407"	"GO:0015879"	"transport"	"0.948319968922249"
"3408"	"GO:0015880"	"transport"	"0.678932924343434"
"3409"	"GO:0015881"	"transport"	"0.912620710403556"
"3410"	"GO:0015882"	"transport"	"0.854893638439248"
"3411"	"GO:0015883"	"transport"	"0.736633795672519"
"3412"	"GO:0015884"	"transport"	"0.839190709453612"
"3413"	"GO:0015886"	"transport"	"0.891794484243216"
"3414"	"GO:0015887"	"transport"	"0.733325401974677"
"3415"	"GO:0015888"	"transport"	"0.916400264075546"
"3416"	"GO:0015889"	"transport"	"0.94008325801975"
"3417"	"GO:0015891"	"transport"	"0.738110900279377"
"3418"	"GO:0015904"	"transport"	"0.629175209633044"
"3419"	"GO:0015908"	"transport"	"0.844047728907751"
"3420"	"GO:0015909"	"transport"	"0.788360622837694"
"3421"	"GO:0015910"	"transport"	"0.879009946560368"
"3422"	"GO:0015911"	"transport"	"0.930277948502827"
"3423"	"GO:0015912"	"transport"	"0.944435035983099"
"3424"	"GO:0015913"	"transport"	"0.88593659573772"
"3425"	"GO:0015914"	"transport"	"0.78171565093875"
"3426"	"GO:0015916"	"transport"	"0.92495023423767"
"3427"	"GO:0015917"	"transport"	"0.873194166916881"
"3428"	"GO:0015918"	"transport"	"0.929277635940423"
"3429"	"GO:0015919"	"transport"	"0.884743069189962"
"3430"	"GO:0015920"	"transport"	"0.614403327707156"
"3431"	"GO:0015931"	"transport"	"+"
"3432"	"GO:0015936"	"metabolic process"	"+"
"3433"	"GO:0015937"	"metabolic process"	"0.990156691840612"
"3434"	"GO:0015938"	"metabolic process"	"0.990983972621613"
"3435"	"GO:0015939"	"metabolic process"	"0.970856352921771"
"3436"	"GO:0015942"	"metabolic process"	"0.987943362827202"
"3437"	"GO:0015949"	"metabolic process"	"0.949381324809187"
"3438"	"GO:0015959"	"metabolic process"	"0.979344437232335"
"3439"	"GO:0015960"	"metabolic process"	"0.94307270372855"
"3440"	"GO:0015961"	"metabolic process"	"0.979231542766969"
"3441"	"GO:0015962"	"metabolic process"	"0.970991823495693"
"3442"	"GO:0015964"	"metabolic process"	"0.977389128004642"
"3443"	"GO:0015965"	"metabolic process"	"0.979498985479513"
"3444"	"GO:0015966"	"metabolic process"	"0.971857090563995"
"3445"	"GO:0015980"	"metabolic process"	"+"
"3446"	"GO:0015986"	"metabolic process"	"+"
"3447"	"GO:0015988"	"transport"	"0.66703726405164"
"3448"	"GO:0015990"	"transport"	"0.680635953498245"
"3449"	"GO:0015994"	"metabolic process"	"0.948618011073725"
"3450"	"GO:0015995"	"metabolic process"	"0.916066298025966"
"3451"	"GO:0016024"	"metabolic process"	"0.963509443498838"
"3452"	"GO:0016031"	"transport"	"0.775296283852368"
"3453"	"GO:0016032"	"viral related process"	"+"
"3454"	"GO:0016036"	"stress response"	"0.937471626522446"
"3455"	"GO:0016037"	"multicellular organismal process"	"0.24494913534041"
"3456"	"GO:0016038"	"multicellular organismal process"	"0.299980726752916"
"3457"	"GO:0016042"	"metabolic process"	"0.943791139783796"
"3458"	"GO:0016045"	"immune system process"	"0.62752659961882"
"3459"	"GO:0016046"	"response to stimulus"	"0.404098442951906"
"3460"	"GO:0016048"	"neural related process"	"0.857763003285945"
"3461"	"GO:0016049"	"cellular component organization"	"+"
"3462"	"GO:0016050"	"cellular component organization"	"+"
"3463"	"GO:0016051"	"metabolic process"	"+"
"3464"	"GO:0016052"	"metabolic process"	"0.982960070277598"
"3465"	"GO:0016053"	"metabolic process"	"+"
"3466"	"GO:0016054"	"metabolic process"	"+"
"3467"	"GO:0016055"	"protein modification/signaling"	"+"
"3468"	"GO:0016056"	"receptor related process"	"0.346098951857456"
"3469"	"GO:0016064"	"immune system process"	"0.987220421815743"
"3470"	"GO:0016068"	"immune system process"	"0.952610333421374"
"3471"	"GO:0016071"	"gene regulation"	"+"
"3472"	"GO:0016072"	"metabolic process"	"+"
"3473"	"GO:0016073"	"gene regulation"	"0.523988605323834"
"3474"	"GO:0016074"	"gene regulation"	"0.458928343548488"
"3475"	"GO:0016075"	"metabolic process"	"0.952712951700418"
"3476"	"GO:0016076"	"metabolic process"	"0.774075891364123"
"3477"	"GO:0016077"	"metabolic process"	"0.862116630013539"
"3478"	"GO:0016078"	"metabolic process"	"0.929997076106605"
"3479"	"GO:0016079"	"neural related process"	"+"
"3480"	"GO:0016080"	"neural related process"	"0.823892180130769"
"3481"	"GO:0016081"	"neural related process"	"0.568010639711038"
"3482"	"GO:0016082"	"neural related process"	"0.750019788448447"
"3483"	"GO:0016093"	"metabolic process"	"0.960542925511443"
"3484"	"GO:0016094"	"metabolic process"	"0.922945401898133"
"3485"	"GO:0016095"	"metabolic process"	"0.979664614023267"
"3486"	"GO:0016098"	"metabolic process"	"0.995358307517508"
"3487"	"GO:0016101"	"metabolic process"	"+"
"3488"	"GO:0016102"	"metabolic process"	"+"
"3489"	"GO:0016103"	"metabolic process"	"0.980646737686187"
"3490"	"GO:0016104"	"metabolic process"	"0.990175977719412"
"3491"	"GO:0016107"	"metabolic process"	"0.989577775335654"
"3492"	"GO:0016108"	"metabolic process"	"0.996190097384324"
"3493"	"GO:0016109"	"metabolic process"	"0.979482150306146"
"3494"	"GO:0016110"	"metabolic process"	"0.993766846190995"
"3495"	"GO:0016114"	"metabolic process"	"0.977513659895116"
"3496"	"GO:0016115"	"metabolic process"	"0.981143290817199"
"3497"	"GO:0016116"	"metabolic process"	"0.988802825531289"
"3498"	"GO:0016117"	"metabolic process"	"0.93119679791996"
"3499"	"GO:0016118"	"metabolic process"	"0.988050134630995"
"3500"	"GO:0016119"	"metabolic process"	"0.995280384802302"
"3501"	"GO:0016121"	"metabolic process"	"0.994975795525664"
"3502"	"GO:0016122"	"metabolic process"	"0.984803406027967"
"3503"	"GO:0016123"	"metabolic process"	"0.974629272860675"
"3504"	"GO:0016124"	"metabolic process"	"0.981114028951333"
"3505"	"GO:0016125"	"metabolic process"	"0.964782157135862"
"3506"	"GO:0016126"	"metabolic process"	"+"
"3507"	"GO:0016127"	"metabolic process"	"0.970265304781342"
"3508"	"GO:0016128"	"metabolic process"	"0.873993727176503"
"3509"	"GO:0016129"	"metabolic process"	"0.897107271511258"
"3510"	"GO:0016131"	"metabolic process"	"0.86787366351276"
"3511"	"GO:0016132"	"metabolic process"	"0.836337805071932"
"3512"	"GO:0016137"	"metabolic process"	"+"
"3513"	"GO:0016139"	"metabolic process"	"0.993808297344333"
"3514"	"GO:0016180"	"gene regulation"	"0.939192145162761"
"3515"	"GO:0016182"	"ER/endosome/lysosome related process"	"0.850269797479533"
"3516"	"GO:0016183"	"ER/endosome/lysosome related process"	"0.366018260450367"
"3517"	"GO:0016185"	"neural related process"	"0.474874905474889"
"3518"	"GO:0016188"	"neural related process"	"+"
"3519"	"GO:0016189"	"ER/endosome/lysosome related process"	"0.825078869725662"
"3520"	"GO:0016191"	"ER/endosome/lysosome related process"	"0.514856143757618"
"3521"	"GO:0016192"	"transport"	"0.789939457861919"
"3522"	"GO:0016197"	"ER/endosome/lysosome related process"	"+"
"3523"	"GO:0016198"	"neural related process"	"0.943140564064416"
"3524"	"GO:0016199"	"neural related process"	"0.96219424949245"
"3525"	"GO:0016202"	"morphogenesis/development"	"0.914661366574999"
"3526"	"GO:0016203"	"multicellular organismal process"	"0.460988758909156"
"3527"	"GO:0016208"	"metabolic process"	"+"
"3528"	"GO:0016226"	"cellular component organization"	"+"
"3529"	"GO:0016233"	"cell cycle"	"+"
"3530"	"GO:0016234"	"cellular component organization"	"+"
"3531"	"GO:0016236"	"metabolic process"	"+"
"3532"	"GO:0016237"	"cellular component organization"	"0.541043662368384"
"3533"	"GO:0016239"	"immune system process"	"+"
"3534"	"GO:0016240"	"other"	"0.455360410012982"
"3535"	"GO:0016241"	"immune system process"	"+"
"3536"	"GO:0016242"	"metabolic process"	"0.679163950039027"
"3537"	"GO:0016243"	"cellular component organization"	"0.951733741075434"
"3538"	"GO:0016255"	"protein modification/signaling"	"0.540585435232019"
"3539"	"GO:0016256"	"metabolic process"	"0.823937767084519"
"3540"	"GO:0016259"	"metabolic process"	"0.975731892180167"
"3541"	"GO:0016260"	"metabolic process"	"0.943326256266064"
"3542"	"GO:0016261"	"metabolic process"	"0.963656992588256"
"3543"	"GO:0016264"	"cellular component organization"	"0.508077357998245"
"3544"	"GO:0016266"	"protein modification/signaling"	"0.72917769593661"
"3545"	"GO:0016268"	"metabolic process"	"0.572278935290375"
"3546"	"GO:0016269"	"metabolic process"	"0.479195715223909"
"3547"	"GO:0016301"	"protein modification/signaling"	"+"
"3548"	"GO:0016310"	"protein modification/signaling"	"0.61380089366224"
"3549"	"GO:0016311"	"protein modification/signaling"	"+"
"3550"	"GO:0016320"	"ER/endosome/lysosome related process"	"0.582539816470933"
"3551"	"GO:0016321"	"cell cycle"	"0.995239226255498"
"3552"	"GO:0016322"	"neural related process"	"0.894618749367781"
"3553"	"GO:0016328"	"cellular component organization"	"+"
"3554"	"GO:0016331"	"morphogenesis/development"	"+"
"3555"	"GO:0016332"	"morphogenesis/development"	"0.475801208975402"
"3556"	"GO:0016333"	"morphogenesis/development"	"0.866309899613395"
"3557"	"GO:0016334"	"cellular component organization"	"0.470640525039024"
"3558"	"GO:0016338"	"cell adhesion"	"0.801518562976339"
"3559"	"GO:0016339"	"cell adhesion"	"0.87036072589441"
"3560"	"GO:0016340"	"cell adhesion"	"0.266361423623415"
"3561"	"GO:0016344"	"cell cycle"	"0.771587172318899"
"3562"	"GO:0016358"	"neural related process"	"0.934130601880595"
"3563"	"GO:0016405"	"metabolic process"	"+"
"3564"	"GO:0016408"	"metabolic process"	"+"
"3565"	"GO:0016411"	"metabolic process"	"+"
"3566"	"GO:0016441"	"gene regulation"	"0.759008348716308"
"3567"	"GO:0016444"	"immune system process"	"0.941947837976886"
"3568"	"GO:0016445"	"immune system process"	"0.967988287862189"
"3569"	"GO:0016446"	"immune system process"	"+"
"3570"	"GO:0016447"	"immune system process"	"+"
"3571"	"GO:0016476"	"morphogenesis/development"	"0.603457805704125"
"3572"	"GO:0016477"	"multicellular organismal process"	"+"
"3573"	"GO:0016479"	"gene regulation"	"0.960140901317722"
"3574"	"GO:0016480"	"gene regulation"	"0.906955026108097"
"3575"	"GO:0016482"	"transport"	"+"
"3576"	"GO:0016485"	"protein modification/signaling"	"+"
"3577"	"GO:0016486"	"metabolic process"	"+"
"3578"	"GO:0016487"	"metabolic process"	"0.988811579232608"
"3579"	"GO:0016488"	"metabolic process"	"0.985156468229965"
"3580"	"GO:0016491"	"metabolic process"	"+"
"3581"	"GO:0016525"	"morphogenesis/development"	"+"
"3582"	"GO:0016530"	"transport"	"+"
"3583"	"GO:0016538"	"cell cycle"	"+"
"3584"	"GO:0016539"	"metabolic process"	"0.713162753036777"
"3585"	"GO:0016540"	"protein modification/signaling"	"+"
"3586"	"GO:0016553"	"gene regulation"	"0.723067587070243"
"3587"	"GO:0016554"	"gene regulation"	"0.709622349907807"
"3588"	"GO:0016556"	"gene regulation"	"0.930575892417224"
"3589"	"GO:0016557"	"cellular component organization"	"0.717361918384186"
"3590"	"GO:0016558"	"ER/endosome/lysosome related process"	"0.544732665260097"
"3591"	"GO:0016559"	"cellular component organization"	"0.853371552826766"
"3592"	"GO:0016560"	"ER/endosome/lysosome related process"	"0.46819500630454"
"3593"	"GO:0016561"	"ER/endosome/lysosome related process"	"0.765408585014072"
"3594"	"GO:0016562"	"metabolic process"	"0.402893853883089"
"3595"	"GO:0016567"	"protein modification/signaling"	"0.905028183737029"
"3596"	"GO:0016579"	"protein modification/signaling"	"0.838621661148324"
"3597"	"GO:0016586"	"gene regulation"	"+"
"3598"	"GO:0016592"	"gene regulation"	"+"
"3599"	"GO:0016598"	"protein modification/signaling"	"0.476660378640709"
"3600"	"GO:0016601"	"protein modification/signaling"	"0.939855606040445"
"3601"	"GO:0016604"	"cellular component organization"	"+"
"3602"	"GO:0016605"	"cellular component organization"	"+"
"3603"	"GO:0016607"	"gene regulation"	"+"
"3604"	"GO:0016614"	"metabolic process"	"+"
"3605"	"GO:0016620"	"metabolic process"	"+"
"3606"	"GO:0016627"	"metabolic process"	"+"
"3607"	"GO:0016628"	"metabolic process"	"+"
"3608"	"GO:0016655"	"metabolic process"	"+"
"3609"	"GO:0016667"	"metabolic process"	"+"
"3610"	"GO:0016668"	"metabolic process"	"+"
"3611"	"GO:0016675"	"metabolic process"	"+"
"3612"	"GO:0016705"	"metabolic process"	"+"
"3613"	"GO:0016741"	"metabolic process"	"+"
"3614"	"GO:0016742"	"metabolic process"	"+"
"3615"	"GO:0016746"	"metabolic process"	"+"
"3616"	"GO:0016747"	"metabolic process"	"+"
"3617"	"GO:0016755"	"metabolic process"	"+"
"3618"	"GO:0016758"	"protein modification/signaling"	"+"
"3619"	"GO:0016765"	"metabolic process"	"+"
"3620"	"GO:0016772"	"protein modification/signaling"	"+"
"3621"	"GO:0016773"	"metabolic process"	"+"
"3622"	"GO:0016779"	"metabolic process"	"+"
"3623"	"GO:0016788"	"metabolic process"	"+"
"3624"	"GO:0016790"	"metabolic process"	"+"
"3625"	"GO:0016791"	"protein modification/signaling"	"+"
"3626"	"GO:0016796"	"cell cycle"	"+"
"3627"	"GO:0016817"	"metabolic process"	"+"
"3628"	"GO:0016818"	"metabolic process"	"+"
"3629"	"GO:0016829"	"metabolic process"	"+"
"3630"	"GO:0016835"	"metabolic process"	"+"
"3631"	"GO:0016853"	"metabolic process"	"+"
"3632"	"GO:0016879"	"metabolic process"	"+"
"3633"	"GO:0016884"	"metabolic process"	"+"
"3634"	"GO:0016887"	"metabolic process"	"+"
"3635"	"GO:0016903"	"metabolic process"	"+"
"3636"	"GO:0016922"	"receptor related process"	"+"
"3637"	"GO:0016925"	"protein modification/signaling"	"+"
"3638"	"GO:0016926"	"protein modification/signaling"	"0.944113647198508"
"3639"	"GO:0016973"	"transport"	"0.977887398465887"
"3640"	"GO:0016999"	"metabolic process"	"0.796915270164779"
"3641"	"GO:0017003"	"metabolic process"	"0.78467220802959"
"3642"	"GO:0017004"	"cellular component organization"	"+"
"3643"	"GO:0017006"	"metabolic process"	"0.850285366252415"
"3644"	"GO:0017014"	"protein modification/signaling"	"0.724979487673733"
"3645"	"GO:0017015"	"receptor related process"	"+"
"3646"	"GO:0017022"	"cellular component organization"	"+"
"3647"	"GO:0017038"	"transport"	"0.671331858301426"
"3648"	"GO:0017053"	"gene regulation"	"+"
"3649"	"GO:0017055"	"gene regulation"	"0.913297334296564"
"3650"	"GO:0017056"	"cellular component organization"	"+"
"3651"	"GO:0017062"	"cellular component organization"	"0.965100675154182"
"3652"	"GO:0017075"	"neural related process"	"+"
"3653"	"GO:0017076"	"other"	"+"
"3654"	"GO:0017085"	"response to stimulus"	"0.874042107537327"
"3655"	"GO:0017111"	"metabolic process"	"+"
"3656"	"GO:0017116"	"cell cycle"	"+"
"3657"	"GO:0017121"	"cellular component organization"	"0.418975258005808"
"3658"	"GO:0017124"	"protein modification/signaling"	"+"
"3659"	"GO:0017126"	"cellular component organization"	"0.835755950958572"
"3660"	"GO:0017134"	"response to stimulus"	"+"
"3661"	"GO:0017143"	"metabolic process"	"0.896924354318776"
"3662"	"GO:0017145"	"cell cycle"	"+"
"3663"	"GO:0017148"	"gene regulation"	"+"
"3664"	"GO:0017156"	"transport"	"0.756983387574354"
"3665"	"GO:0017157"	"transport"	"0.915749397112396"
"3666"	"GO:0017158"	"neural related process"	"0.651182012674322"
"3667"	"GO:0017183"	"protein modification/signaling"	"0.782849438285067"
"3668"	"GO:0017185"	"metabolic process"	"0.624965044045294"
"3669"	"GO:0017186"	"metabolic process"	"0.858268020003488"
"3670"	"GO:0017187"	"protein modification/signaling"	"0.859736163271769"
"3671"	"GO:0017190"	"protein modification/signaling"	"0.778427978765468"
"3672"	"GO:0017192"	"protein modification/signaling"	"0.640712112292547"
"3673"	"GO:0017196"	"protein modification/signaling"	"0.819675558336274"
"3674"	"GO:0018002"	"protein modification/signaling"	"0.614721311902544"
"3675"	"GO:0018003"	"metabolic process"	"0.712480629587485"
"3676"	"GO:0018008"	"protein modification/signaling"	"0.688220848115969"
"3677"	"GO:0018009"	"protein modification/signaling"	"0.742319381440854"
"3678"	"GO:0018013"	"protein modification/signaling"	"0.682198328952397"
"3679"	"GO:0018016"	"protein modification/signaling"	"0.785953219726994"
"3680"	"GO:0018021"	"protein modification/signaling"	"0.46636205778149"
"3681"	"GO:0018022"	"protein modification/signaling"	"0.883657403355352"
"3682"	"GO:0018023"	"protein modification/signaling"	"+"
"3683"	"GO:0018026"	"protein modification/signaling"	"0.861119582448037"
"3684"	"GO:0018027"	"protein modification/signaling"	"0.923003923824493"
"3685"	"GO:0018057"	"metabolic process"	"0.646584077766897"
"3686"	"GO:0018063"	"cellular component organization"	"0.894244400966257"
"3687"	"GO:0018076"	"protein modification/signaling"	"0.844755263300487"
"3688"	"GO:0018095"	"protein modification/signaling"	"0.740137560784001"
"3689"	"GO:0018103"	"metabolic process"	"0.493537036658771"
"3690"	"GO:0018105"	"protein modification/signaling"	"+"
"3691"	"GO:0018107"	"protein modification/signaling"	"+"
"3692"	"GO:0018108"	"protein modification/signaling"	"+"
"3693"	"GO:0018117"	"protein modification/signaling"	"0.738488901161814"
"3694"	"GO:0018119"	"protein modification/signaling"	"0.837815071845203"
"3695"	"GO:0018125"	"protein modification/signaling"	"0.846389639839567"
"3696"	"GO:0018126"	"metabolic process"	"0.818856912221645"
"3697"	"GO:0018146"	"metabolic process"	"0.967213374513567"
"3698"	"GO:0018149"	"protein modification/signaling"	"0.69582689029574"
"3699"	"GO:0018153"	"protein modification/signaling"	"0.483486405603279"
"3700"	"GO:0018158"	"protein modification/signaling"	"0.609982664484493"
"3701"	"GO:0018160"	"metabolic process"	"0.540659013833725"
"3702"	"GO:0018171"	"protein modification/signaling"	"0.836233897566618"
"3703"	"GO:0018175"	"protein modification/signaling"	"0.722609697057515"
"3704"	"GO:0018190"	"metabolic process"	"0.504178562045842"
"3705"	"GO:0018191"	"protein modification/signaling"	"0.705424742286165"
"3706"	"GO:0018193"	"protein modification/signaling"	"0.969609742804629"
"3707"	"GO:0018195"	"protein modification/signaling"	"0.956198430553437"
"3708"	"GO:0018197"	"protein modification/signaling"	"0.746460998131025"
"3709"	"GO:0018198"	"protein modification/signaling"	"+"
"3710"	"GO:0018199"	"protein modification/signaling"	"0.788661351156805"
"3711"	"GO:0018200"	"protein modification/signaling"	"0.86327605269805"
"3712"	"GO:0018201"	"protein modification/signaling"	"0.803445790736182"
"3713"	"GO:0018202"	"protein modification/signaling"	"0.954211477007726"
"3714"	"GO:0018205"	"protein modification/signaling"	"+"
"3715"	"GO:0018206"	"protein modification/signaling"	"0.83691065506019"
"3716"	"GO:0018208"	"protein modification/signaling"	"0.892164217233016"
"3717"	"GO:0018209"	"protein modification/signaling"	"+"
"3718"	"GO:0018210"	"protein modification/signaling"	"+"
"3719"	"GO:0018211"	"metabolic process"	"0.502809568792057"
"3720"	"GO:0018212"	"protein modification/signaling"	"+"
"3721"	"GO:0018214"	"protein modification/signaling"	"0.779598394435268"
"3722"	"GO:0018216"	"protein modification/signaling"	"+"
"3723"	"GO:0018217"	"protein modification/signaling"	"0.626341781726036"
"3724"	"GO:0018230"	"protein modification/signaling"	"0.821418097773353"
"3725"	"GO:0018231"	"protein modification/signaling"	"0.747704966747079"
"3726"	"GO:0018242"	"protein modification/signaling"	"0.962322207388681"
"3727"	"GO:0018243"	"protein modification/signaling"	"0.93418248961095"
"3728"	"GO:0018262"	"metabolic process"	"0.551191601811942"
"3729"	"GO:0018272"	"metabolic process"	"0.573013737340606"
"3730"	"GO:0018277"	"protein modification/signaling"	"0.719440191425777"
"3731"	"GO:0018279"	"protein modification/signaling"	"+"
"3732"	"GO:0018282"	"metabolic process"	"0.624277363050987"
"3733"	"GO:0018283"	"cellular component organization"	"0.762230406235109"
"3734"	"GO:0018293"	"metabolic process"	"0.834679964266843"
"3735"	"GO:0018317"	"metabolic process"	"0.503484098405996"
"3736"	"GO:0018335"	"metabolic process"	"0.551324604875268"
"3737"	"GO:0018342"	"protein modification/signaling"	"0.867380626966522"
"3738"	"GO:0018343"	"protein modification/signaling"	"0.875909575212939"
"3739"	"GO:0018344"	"protein modification/signaling"	"0.947697100285112"
"3740"	"GO:0018345"	"protein modification/signaling"	"0.903238057984003"
"3741"	"GO:0018352"	"metabolic process"	"0.737452849490713"
"3742"	"GO:0018364"	"protein modification/signaling"	"0.839420197944631"
"3743"	"GO:0018377"	"protein modification/signaling"	"0.931188867394188"
"3744"	"GO:0018393"	"protein modification/signaling"	"0.796781735558039"
"3745"	"GO:0018394"	"protein modification/signaling"	"0.910524990402508"
"3746"	"GO:0018395"	"metabolic process"	"0.683980870184801"
"3747"	"GO:0018401"	"metabolic process"	"0.943170439814321"
"3748"	"GO:0018406"	"metabolic process"	"0.684363585185201"
"3749"	"GO:0018410"	"protein modification/signaling"	"0.927863092784261"
"3750"	"GO:0018872"	"metabolic process"	"0.83559471513381"
"3751"	"GO:0018874"	"metabolic process"	"0.92540577310099"
"3752"	"GO:0018879"	"metabolic process"	"0.950340672601826"
"3753"	"GO:0018885"	"metabolic process"	"0.938285787028459"
"3754"	"GO:0018894"	"metabolic process"	"0.903194889033431"
"3755"	"GO:0018904"	"metabolic process"	"0.960234238179796"
"3756"	"GO:0018910"	"metabolic process"	"0.908178452865007"
"3757"	"GO:0018916"	"metabolic process"	"0.975607487623668"
"3758"	"GO:0018958"	"metabolic process"	"0.858483760522744"
"3759"	"GO:0018960"	"metabolic process"	"0.86063449072581"
"3760"	"GO:0018963"	"metabolic process"	"0.927564223169996"
"3761"	"GO:0018964"	"metabolic process"	"0.902303479471837"
"3762"	"GO:0018969"	"metabolic process"	"0.898184612389834"
"3763"	"GO:0018992"	"morphogenesis/development"	"0.734303450080165"
"3764"	"GO:0018993"	"morphogenesis/development"	"0.841537519542758"
"3765"	"GO:0019003"	"protein modification/signaling"	"+"
"3766"	"GO:0019042"	"viral related process"	"0.665620239393642"
"3767"	"GO:0019043"	"viral related process"	"0.316507527994928"
"3768"	"GO:0019045"	"viral related process"	"0.560235924824968"
"3769"	"GO:0019046"	"viral related process"	"0.540385223984925"
"3770"	"GO:0019048"	"viral related process"	"0.465911865296039"
"3771"	"GO:0019049"	"immune system process"	"0.272625470002935"
"3772"	"GO:0019054"	"viral related process"	"0.381789440968428"
"3773"	"GO:0019058"	"viral related process"	"+"
"3774"	"GO:0019060"	"viral related process"	"0.382808890527634"
"3775"	"GO:0019062"	"viral related process"	"0.319110062301331"
"3776"	"GO:0019064"	"viral related process"	"0.369239420324435"
"3777"	"GO:0019065"	"viral related process"	"0.40783389917495"
"3778"	"GO:0019068"	"viral related process"	"0.535665676658792"
"3779"	"GO:0019072"	"viral related process"	"0.678919652109273"
"3780"	"GO:0019074"	"viral related process"	"0.469025241000869"
"3781"	"GO:0019075"	"ER/endosome/lysosome related process"	"0.188287339413729"
"3782"	"GO:0019076"	"viral related process"	"+"
"3783"	"GO:0019079"	"viral related process"	"+"
"3784"	"GO:0019080"	"viral related process"	"+"
"3785"	"GO:0019081"	"viral related process"	"0.944053935401703"
"3786"	"GO:0019082"	"viral related process"	"+"
"3787"	"GO:0019083"	"viral related process"	"+"
"3788"	"GO:0019085"	"viral related process"	"0.401337736615938"
"3789"	"GO:0019086"	"viral related process"	"0.342034581911797"
"3790"	"GO:0019087"	"viral related process"	"0.25126529867929"
"3791"	"GO:0019098"	"neural related process"	"0.955075196314302"
"3792"	"GO:0019100"	"morphogenesis/development"	"0.63226050390567"
"3793"	"GO:0019101"	"morphogenesis/development"	"0.758089578151235"
"3794"	"GO:0019102"	"morphogenesis/development"	"0.867712269586074"
"3795"	"GO:0019184"	"metabolic process"	"+"
"3796"	"GO:0019198"	"receptor related process"	"+"
"3797"	"GO:0019199"	"receptor related process"	"+"
"3798"	"GO:0019207"	"protein modification/signaling"	"+"
"3799"	"GO:0019208"	"protein modification/signaling"	"+"
"3800"	"GO:0019210"	"protein modification/signaling"	"+"
"3801"	"GO:0019216"	"metabolic process"	"+"
"3802"	"GO:0019217"	"metabolic process"	"+"
"3803"	"GO:0019218"	"metabolic process"	"+"
"3804"	"GO:0019219"	"metabolic process"	"+"
"3805"	"GO:0019220"	"metabolic process"	"0.811829694306626"
"3806"	"GO:0019221"	"immune system process"	"+"
"3807"	"GO:0019226"	"neural related process"	"+"
"3808"	"GO:0019227"	"neural related process"	"0.984726591320098"
"3809"	"GO:0019228"	"neural related process"	"0.988043613029331"
"3810"	"GO:0019229"	"multicellular organismal process"	"0.974469157593877"
"3811"	"GO:0019230"	"neural related process"	"0.64413469766918"
"3812"	"GO:0019233"	"neural related process"	"+"
"3813"	"GO:0019236"	"response to stimulus"	"0.834279241071668"
"3814"	"GO:0019240"	"metabolic process"	"0.937105978925847"
"3815"	"GO:0019242"	"metabolic process"	"0.988553651981212"
"3816"	"GO:0019243"	"metabolic process"	"0.966460108194084"
"3817"	"GO:0019244"	"metabolic process"	"0.958267947473151"
"3818"	"GO:0019249"	"metabolic process"	"0.971873920911145"
"3819"	"GO:0019254"	"metabolic process"	"0.997392081248183"
"3820"	"GO:0019255"	"metabolic process"	"0.991074871105133"
"3821"	"GO:0019262"	"metabolic process"	"0.975261109838185"
"3822"	"GO:0019264"	"metabolic process"	"0.921001878603247"
"3823"	"GO:0019265"	"metabolic process"	"0.939034348260984"
"3824"	"GO:0019276"	"metabolic process"	"0.945728143408427"
"3825"	"GO:0019284"	"metabolic process"	"0.871550033536889"
"3826"	"GO:0019285"	"metabolic process"	"0.953630553257427"
"3827"	"GO:0019287"	"metabolic process"	"0.948097891247531"
"3828"	"GO:0019290"	"metabolic process"	"0.670546404697904"
"3829"	"GO:0019293"	"metabolic process"	"0.833089812422695"
"3830"	"GO:0019303"	"metabolic process"	"0.991658313073052"
"3831"	"GO:0019310"	"metabolic process"	"0.897560883953782"
"3832"	"GO:0019317"	"metabolic process"	"0.972658806408843"
"3833"	"GO:0019318"	"metabolic process"	"0.942684928246833"
"3834"	"GO:0019319"	"metabolic process"	"0.944396817496135"
"3835"	"GO:0019320"	"metabolic process"	"0.979770042687919"
"3836"	"GO:0019321"	"metabolic process"	"0.991781734300539"
"3837"	"GO:0019322"	"metabolic process"	"0.978981459914207"
"3838"	"GO:0019323"	"metabolic process"	"0.993639153229196"
"3839"	"GO:0019336"	"metabolic process"	"0.94112329664688"
"3840"	"GO:0019341"	"metabolic process"	"0.981999255374509"
"3841"	"GO:0019343"	"metabolic process"	"0.910414208376913"
"3842"	"GO:0019344"	"metabolic process"	"0.912358315802169"
"3843"	"GO:0019346"	"metabolic process"	"0.739988398999141"
"3844"	"GO:0019348"	"metabolic process"	"0.976783485121404"
"3845"	"GO:0019359"	"metabolic process"	"+"
"3846"	"GO:0019362"	"metabolic process"	"+"
"3847"	"GO:0019363"	"metabolic process"	"+"
"3848"	"GO:0019364"	"metabolic process"	"0.976121395969539"
"3849"	"GO:0019365"	"metabolic process"	"0.878128599145468"
"3850"	"GO:0019367"	"metabolic process"	"0.80154076131764"
"3851"	"GO:0019368"	"metabolic process"	"0.665817191997844"
"3852"	"GO:0019369"	"metabolic process"	"0.965501225538841"
"3853"	"GO:0019370"	"immune system process"	"0.770616262274529"
"3854"	"GO:0019371"	"metabolic process"	"0.939211943864571"
"3855"	"GO:0019372"	"metabolic process"	"0.938678749269718"
"3856"	"GO:0019373"	"metabolic process"	"0.971014601996223"
"3857"	"GO:0019374"	"metabolic process"	"0.970155242770844"
"3858"	"GO:0019375"	"metabolic process"	"0.959178808373961"
"3859"	"GO:0019376"	"metabolic process"	"0.976277200683873"
"3860"	"GO:0019377"	"metabolic process"	"0.977453330782869"
"3861"	"GO:0019388"	"metabolic process"	"0.982193763997079"
"3862"	"GO:0019395"	"metabolic process"	"0.930208724709799"
"3863"	"GO:0019400"	"metabolic process"	"0.99497358594164"
"3864"	"GO:0019401"	"metabolic process"	"0.989664130724706"
"3865"	"GO:0019402"	"metabolic process"	"0.991863728349332"
"3866"	"GO:0019405"	"metabolic process"	"0.991583557044714"
"3867"	"GO:0019407"	"metabolic process"	"0.977573375169349"
"3868"	"GO:0019408"	"metabolic process"	"0.974727345046764"
"3869"	"GO:0019413"	"metabolic process"	"0.948617095249237"
"3870"	"GO:0019417"	"metabolic process"	"0.957699523536678"
"3871"	"GO:0019418"	"metabolic process"	"0.959760649585367"
"3872"	"GO:0019427"	"metabolic process"	"0.956044479626208"
"3873"	"GO:0019430"	"stress response"	"0.86325511327766"
"3874"	"GO:0019432"	"metabolic process"	"0.979512486196555"
"3875"	"GO:0019433"	"metabolic process"	"0.988443812251393"
"3876"	"GO:0019440"	"metabolic process"	"0.906526744765055"
"3877"	"GO:0019441"	"metabolic process"	"0.982070090956782"
"3878"	"GO:0019442"	"metabolic process"	"0.97690024937846"
"3879"	"GO:0019448"	"metabolic process"	"0.954759293463595"
"3880"	"GO:0019449"	"metabolic process"	"0.962312579900968"
"3881"	"GO:0019452"	"metabolic process"	"0.973389070370456"
"3882"	"GO:0019464"	"metabolic process"	"0.806018214930217"
"3883"	"GO:0019470"	"metabolic process"	"0.974446676024036"
"3884"	"GO:0019471"	"metabolic process"	"0.88050436323211"
"3885"	"GO:0019474"	"metabolic process"	"0.965094849491128"
"3886"	"GO:0019477"	"metabolic process"	"0.955683857110061"
"3887"	"GO:0019478"	"metabolic process"	"0.94117445097686"
"3888"	"GO:0019481"	"metabolic process"	"0.961411152768813"
"3889"	"GO:0019482"	"metabolic process"	"0.883319141273856"
"3890"	"GO:0019483"	"metabolic process"	"0.752781983942352"
"3891"	"GO:0019493"	"metabolic process"	"0.943862923962321"
"3892"	"GO:0019509"	"metabolic process"	"0.805459022558278"
"3893"	"GO:0019511"	"metabolic process"	"+"
"3894"	"GO:0019518"	"metabolic process"	"0.910497278825493"
"3895"	"GO:0019519"	"metabolic process"	"0.989174892720131"
"3896"	"GO:0019520"	"metabolic process"	"0.992805137987731"
"3897"	"GO:0019521"	"metabolic process"	"0.98991133023593"
"3898"	"GO:0019527"	"metabolic process"	"0.983980101118214"
"3899"	"GO:0019530"	"metabolic process"	"0.975061292278269"
"3900"	"GO:0019532"	"transport"	"0.946797317495968"
"3901"	"GO:0019538"	"metabolic process"	"0.677519163774706"
"3902"	"GO:0019541"	"metabolic process"	"0.991649534562679"
"3903"	"GO:0019542"	"metabolic process"	"0.957604820566017"
"3904"	"GO:0019543"	"metabolic process"	"0.962478226455763"
"3905"	"GO:0019544"	"metabolic process"	"0.937289112757863"
"3906"	"GO:0019547"	"metabolic process"	"0.910445658675452"
"3907"	"GO:0019550"	"metabolic process"	"0.945761290840812"
"3908"	"GO:0019556"	"metabolic process"	"0.962697374562737"
"3909"	"GO:0019557"	"metabolic process"	"0.93113384890616"
"3910"	"GO:0019563"	"metabolic process"	"0.987394285355679"
"3911"	"GO:0019566"	"metabolic process"	"0.912008574966702"
"3912"	"GO:0019585"	"metabolic process"	"+"
"3913"	"GO:0019605"	"metabolic process"	"0.967869339187573"
"3914"	"GO:0019606"	"metabolic process"	"0.922719937413301"
"3915"	"GO:0019614"	"metabolic process"	"0.908027944077733"
"3916"	"GO:0019626"	"metabolic process"	"0.962110887465067"
"3917"	"GO:0019627"	"metabolic process"	"0.949094115219164"
"3918"	"GO:0019637"	"metabolic process"	"0.969086453379492"
"3919"	"GO:0019640"	"metabolic process"	"0.993366043929562"
"3920"	"GO:0019646"	"metabolic process"	"+"
"3921"	"GO:0019659"	"metabolic process"	"0.968725983934096"
"3922"	"GO:0019660"	"metabolic process"	"0.946202079973089"
"3923"	"GO:0019661"	"metabolic process"	"0.969543377984903"
"3924"	"GO:0019673"	"metabolic process"	"0.958673872881013"
"3925"	"GO:0019674"	"metabolic process"	"+"
"3926"	"GO:0019676"	"metabolic process"	"0.315816702188494"
"3927"	"GO:0019677"	"metabolic process"	"0.924666532803286"
"3928"	"GO:0019678"	"metabolic process"	"0.967231246563245"
"3929"	"GO:0019682"	"metabolic process"	"0.994232682603733"
"3930"	"GO:0019692"	"metabolic process"	"+"
"3931"	"GO:0019693"	"metabolic process"	"+"
"3932"	"GO:0019694"	"metabolic process"	"0.973654337109083"
"3933"	"GO:0019695"	"metabolic process"	"0.900675068181443"
"3934"	"GO:0019720"	"metabolic process"	"0.916032881607748"
"3935"	"GO:0019722"	"protein modification/signaling"	"+"
"3936"	"GO:0019724"	"immune system process"	"0.976635105187963"
"3937"	"GO:0019725"	"other"	"+"
"3938"	"GO:0019730"	"immune system process"	"+"
"3939"	"GO:0019731"	"immune system process"	"0.883313368986003"
"3940"	"GO:0019732"	"immune system process"	"0.812418817362016"
"3941"	"GO:0019740"	"stress response"	"0.527164379360239"
"3942"	"GO:0019742"	"metabolic process"	"0.977529118352675"
"3943"	"GO:0019747"	"metabolic process"	"0.946482016714438"
"3944"	"GO:0019748"	"metabolic process"	"0.354857846180381"
"3945"	"GO:0019751"	"metabolic process"	"+"
"3946"	"GO:0019752"	"metabolic process"	"+"
"3947"	"GO:0019755"	"transport"	"0.957705264443179"
"3948"	"GO:0019787"	"protein modification/signaling"	"+"
"3949"	"GO:0019805"	"metabolic process"	"0.964528866100119"
"3950"	"GO:0019827"	"morphogenesis/development"	"+"
"3951"	"GO:0019835"	"immune system process"	"0.514620911073296"
"3952"	"GO:0019838"	"response to stimulus"	"+"
"3953"	"GO:0019842"	"metabolic process"	"+"
"3954"	"GO:0019843"	"gene regulation"	"+"
"3955"	"GO:0019852"	"metabolic process"	"0.949057625793964"
"3956"	"GO:0019853"	"metabolic process"	"0.906492987815469"
"3957"	"GO:0019856"	"metabolic process"	"0.892639318036846"
"3958"	"GO:0019858"	"metabolic process"	"0.868134497913826"
"3959"	"GO:0019859"	"metabolic process"	"0.884855142821942"
"3960"	"GO:0019860"	"metabolic process"	"0.901053657793335"
"3961"	"GO:0019878"	"metabolic process"	"0.892020462875393"
"3962"	"GO:0019882"	"immune system process"	"+"
"3963"	"GO:0019883"	"immune system process"	"0.963465068312753"
"3964"	"GO:0019884"	"immune system process"	"0.970766625012108"
"3965"	"GO:0019885"	"immune system process"	"0.9462244299148"
"3966"	"GO:0019886"	"immune system process"	"0.947042550530207"
"3967"	"GO:0019887"	"protein modification/signaling"	"+"
"3968"	"GO:0019896"	"transport"	"0.75469572765371"
"3969"	"GO:0019898"	"cellular component organization"	"+"
"3970"	"GO:0019900"	"protein modification/signaling"	"+"
"3971"	"GO:0019901"	"protein modification/signaling"	"+"
"3972"	"GO:0019902"	"protein modification/signaling"	"+"
"3973"	"GO:0019904"	"protein modification/signaling"	"+"
"3974"	"GO:0019915"	"cellular component organization"	"+"
"3975"	"GO:0019918"	"protein modification/signaling"	"0.761279447415289"
"3976"	"GO:0019919"	"protein modification/signaling"	"0.802582857513572"
"3977"	"GO:0019933"	"protein modification/signaling"	"0.864435664929513"
"3978"	"GO:0019934"	"protein modification/signaling"	"0.730195812067573"
"3979"	"GO:0019941"	"metabolic process"	"+"
"3980"	"GO:0019953"	"multicellular organismal process"	"0.34285723081793"
"3981"	"GO:0019955"	"immune system process"	"+"
"3982"	"GO:0019985"	"stress response"	"0.890024619710044"
"3983"	"GO:0019988"	"metabolic process"	"0.487404272418188"
"3984"	"GO:0020027"	"metabolic process"	"0.760613693055819"
"3985"	"GO:0021501"	"morphogenesis/development"	"0.936676307935417"
"3986"	"GO:0021502"	"morphogenesis/development"	"0.948532456064422"
"3987"	"GO:0021503"	"morphogenesis/development"	"0.823856567058696"
"3988"	"GO:0021508"	"morphogenesis/development"	"0.874488099153367"
"3989"	"GO:0021509"	"morphogenesis/development"	"0.941060637421508"
"3990"	"GO:0021510"	"neural related process"	"0.677261958037585"
"3991"	"GO:0021511"	"neural related process"	"0.554305166197927"
"3992"	"GO:0021512"	"morphogenesis/development"	"0.551204669548117"
"3993"	"GO:0021513"	"morphogenesis/development"	"0.619699768968312"
"3994"	"GO:0021514"	"morphogenesis/development"	"0.448211422349012"
"3995"	"GO:0021515"	"neural related process"	"0.694040634571272"
"3996"	"GO:0021516"	"neural related process"	"0.573453532340989"
"3997"	"GO:0021517"	"neural related process"	"0.832428513328863"
"3998"	"GO:0021520"	"neural related process"	"0.53770869066369"
"3999"	"GO:0021521"	"morphogenesis/development"	"0.485219588046515"
"4000"	"GO:0021522"	"neural related process"	"0.775808592571962"
"4001"	"GO:0021523"	"neural related process"	"0.80879491177659"
"4002"	"GO:0021524"	"neural related process"	"0.749774174555229"
"4003"	"GO:0021526"	"neural related process"	"0.817410747614663"
"4004"	"GO:0021527"	"neural related process"	"0.766182796274421"
"4005"	"GO:0021528"	"neural related process"	"0.839161956066777"
"4006"	"GO:0021529"	"neural related process"	"0.770194579529687"
"4007"	"GO:0021530"	"neural related process"	"0.584608538478589"
"4008"	"GO:0021532"	"morphogenesis/development"	"0.830814231934681"
"4009"	"GO:0021533"	"morphogenesis/development"	"0.761091823634135"
"4010"	"GO:0021534"	"cell cycle"	"0.745622281174553"
"4011"	"GO:0021535"	"neural related process"	"0.432102030108856"
"4012"	"GO:0021536"	"neural related process"	"+"
"4013"	"GO:0021537"	"morphogenesis/development"	"+"
"4014"	"GO:0021538"	"morphogenesis/development"	"0.957900549273243"
"4015"	"GO:0021539"	"morphogenesis/development"	"0.970248253728811"
"4016"	"GO:0021540"	"neural related process"	"0.590242491575713"
"4017"	"GO:0021541"	"morphogenesis/development"	"0.632897298608706"
"4018"	"GO:0021542"	"neural related process"	"0.56892248042615"
"4019"	"GO:0021543"	"morphogenesis/development"	"0.960332455396066"
"4020"	"GO:0021544"	"morphogenesis/development"	"0.938425993839198"
"4021"	"GO:0021545"	"immune system process"	"+"
"4022"	"GO:0021546"	"morphogenesis/development"	"0.617397861818899"
"4023"	"GO:0021547"	"morphogenesis/development"	"0.901956648130706"
"4024"	"GO:0021548"	"morphogenesis/development"	"0.694275014049062"
"4025"	"GO:0021549"	"morphogenesis/development"	"0.84762114368039"
"4026"	"GO:0021550"	"morphogenesis/development"	"0.814078535842328"
"4027"	"GO:0021551"	"morphogenesis/development"	"0.453629892553777"
"4028"	"GO:0021553"	"morphogenesis/development"	"0.580471375475868"
"4029"	"GO:0021554"	"neural related process"	"0.646821660955044"
"4030"	"GO:0021555"	"morphogenesis/development"	"0.909969765974842"
"4031"	"GO:0021556"	"morphogenesis/development"	"0.532001465382734"
"4032"	"GO:0021557"	"morphogenesis/development"	"0.631395247320367"
"4033"	"GO:0021558"	"morphogenesis/development"	"0.839797949696004"
"4034"	"GO:0021559"	"neural related process"	"0.551970590500189"
"4035"	"GO:0021560"	"morphogenesis/development"	"0.663761340261494"
"4036"	"GO:0021561"	"neural related process"	"0.495344345861107"
"4037"	"GO:0021562"	"neural related process"	"0.739832143503456"
"4038"	"GO:0021563"	"morphogenesis/development"	"0.748555523687082"
"4039"	"GO:0021564"	"morphogenesis/development"	"0.849098127514493"
"4040"	"GO:0021566"	"morphogenesis/development"	"0.580615443432971"
"4041"	"GO:0021568"	"morphogenesis/development"	"0.827529680543529"
"4042"	"GO:0021569"	"morphogenesis/development"	"0.772582198965334"
"4043"	"GO:0021570"	"morphogenesis/development"	"0.664620198349039"
"4044"	"GO:0021571"	"morphogenesis/development"	"0.700570982722065"
"4045"	"GO:0021572"	"morphogenesis/development"	"0.788834457097508"
"4046"	"GO:0021575"	"morphogenesis/development"	"0.787987801585067"
"4047"	"GO:0021576"	"morphogenesis/development"	"0.8790537688206"
"4048"	"GO:0021577"	"morphogenesis/development"	"0.536957723886055"
"4049"	"GO:0021578"	"morphogenesis/development"	"0.610769197916844"
"4050"	"GO:0021586"	"morphogenesis/development"	"0.703510675985329"
"4051"	"GO:0021587"	"morphogenesis/development"	"0.661626222425629"
"4052"	"GO:0021588"	"morphogenesis/development"	"0.774449204613196"
"4053"	"GO:0021589"	"morphogenesis/development"	"0.403202731063809"
"4054"	"GO:0021590"	"morphogenesis/development"	"0.677985894000111"
"4055"	"GO:0021591"	"morphogenesis/development"	"+"
"4056"	"GO:0021592"	"morphogenesis/development"	"0.868232149585434"
"4057"	"GO:0021593"	"morphogenesis/development"	"0.668950966260689"
"4058"	"GO:0021594"	"morphogenesis/development"	"0.739830822398169"
"4059"	"GO:0021595"	"morphogenesis/development"	"0.559712532917238"
"4060"	"GO:0021598"	"morphogenesis/development"	"0.51937614243953"
"4061"	"GO:0021599"	"morphogenesis/development"	"0.767723556517002"
"4062"	"GO:0021602"	"immune system process"	"0.76495130480032"
"4063"	"GO:0021603"	"morphogenesis/development"	"0.423043421725708"
"4064"	"GO:0021604"	"immune system process"	"0.279083104714953"
"4065"	"GO:0021605"	"morphogenesis/development"	"0.461441692967529"
"4066"	"GO:0021610"	"neural related process"	"0.544017344625987"
"4067"	"GO:0021612"	"neural related process"	"0.428061462644802"
"4068"	"GO:0021615"	"morphogenesis/development"	"0.723762408918467"
"4069"	"GO:0021618"	"morphogenesis/development"	"0.434191509190325"
"4070"	"GO:0021622"	"morphogenesis/development"	"0.702578271236845"
"4071"	"GO:0021623"	"morphogenesis/development"	"0.741421509876735"
"4072"	"GO:0021626"	"neural related process"	"0.685103148372307"
"4073"	"GO:0021627"	"neural related process"	"0.564904466847358"
"4074"	"GO:0021628"	"neural related process"	"0.490134140800944"
"4075"	"GO:0021629"	"neural related process"	"0.414171634766154"
"4076"	"GO:0021630"	"morphogenesis/development"	"0.541508638450223"
"4077"	"GO:0021631"	"neural related process"	"0.586720292800831"
"4078"	"GO:0021633"	"morphogenesis/development"	"0.446177746285954"
"4079"	"GO:0021634"	"morphogenesis/development"	"0.736660440250759"
"4080"	"GO:0021636"	"neural related process"	"0.429288352393548"
"4081"	"GO:0021637"	"neural related process"	"0.464575111216429"
"4082"	"GO:0021639"	"morphogenesis/development"	"0.727244638424893"
"4083"	"GO:0021642"	"morphogenesis/development"	"0.892324131209144"
"4084"	"GO:0021644"	"morphogenesis/development"	"0.67886705315477"
"4085"	"GO:0021647"	"neural related process"	"0.530961513014755"
"4086"	"GO:0021648"	"neural related process"	"0.70605930408633"
"4087"	"GO:0021649"	"neural related process"	"0.75588658003605"
"4088"	"GO:0021650"	"neural related process"	"0.50836806865753"
"4089"	"GO:0021658"	"morphogenesis/development"	"0.657204341985108"
"4090"	"GO:0021659"	"morphogenesis/development"	"0.689077339395274"
"4091"	"GO:0021660"	"morphogenesis/development"	"0.646093913220224"
"4092"	"GO:0021664"	"morphogenesis/development"	"0.706977988366735"
"4093"	"GO:0021665"	"morphogenesis/development"	"0.69556888209369"
"4094"	"GO:0021666"	"morphogenesis/development"	"0.845288264264475"
"4095"	"GO:0021670"	"morphogenesis/development"	"0.964336973623197"
"4096"	"GO:0021675"	"neural related process"	"+"
"4097"	"GO:0021678"	"morphogenesis/development"	"0.788496218893727"
"4098"	"GO:0021679"	"morphogenesis/development"	"0.809474144229682"
"4099"	"GO:0021680"	"morphogenesis/development"	"0.650961821255005"
"4100"	"GO:0021681"	"morphogenesis/development"	"0.678812163080279"
"4101"	"GO:0021682"	"morphogenesis/development"	"0.744567134074737"
"4102"	"GO:0021683"	"morphogenesis/development"	"0.508923070612957"
"4103"	"GO:0021684"	"morphogenesis/development"	"0.641759350878582"
"4104"	"GO:0021685"	"cellular component organization"	"0.313174202434763"
"4105"	"GO:0021686"	"morphogenesis/development"	"0.590680191917105"
"4106"	"GO:0021687"	"morphogenesis/development"	"0.775433611891321"
"4107"	"GO:0021688"	"morphogenesis/development"	"0.843285739837014"
"4108"	"GO:0021691"	"neural related process"	"0.647011283701875"
"4109"	"GO:0021692"	"morphogenesis/development"	"0.612410855987348"
"4110"	"GO:0021693"	"neural related process"	"0.483571986590239"
"4111"	"GO:0021694"	"morphogenesis/development"	"0.640184731985026"
"4112"	"GO:0021695"	"morphogenesis/development"	"+"
"4113"	"GO:0021696"	"morphogenesis/development"	"0.926827102415959"
"4114"	"GO:0021697"	"morphogenesis/development"	"0.89989052557816"
"4115"	"GO:0021698"	"morphogenesis/development"	"0.708404118021427"
"4116"	"GO:0021699"	"morphogenesis/development"	"0.774704359567035"
"4117"	"GO:0021700"	"morphogenesis/development"	"+"
"4118"	"GO:0021702"	"neural related process"	"0.721983077417383"
"4119"	"GO:0021703"	"morphogenesis/development"	"0.57842734904977"
"4120"	"GO:0021707"	"neural related process"	"0.810289957927289"
"4121"	"GO:0021718"	"morphogenesis/development"	"0.52185525322388"
"4122"	"GO:0021722"	"neural related process"	"0.536468254649877"
"4123"	"GO:0021723"	"morphogenesis/development"	"0.95693103781723"
"4124"	"GO:0021730"	"neural related process"	"0.866489403087498"
"4125"	"GO:0021732"	"morphogenesis/development"	"0.819027401793216"
"4126"	"GO:0021740"	"neural related process"	"0.75288984972303"
"4127"	"GO:0021742"	"morphogenesis/development"	"0.891882857147646"
"4128"	"GO:0021743"	"morphogenesis/development"	"0.928737813512914"
"4129"	"GO:0021747"	"morphogenesis/development"	"0.765167642173724"
"4130"	"GO:0021750"	"morphogenesis/development"	"0.769261256977749"
"4131"	"GO:0021754"	"morphogenesis/development"	"0.957943407506241"
"4132"	"GO:0021756"	"morphogenesis/development"	"+"
"4133"	"GO:0021757"	"morphogenesis/development"	"0.782697463259967"
"4134"	"GO:0021758"	"morphogenesis/development"	"0.84980963531634"
"4135"	"GO:0021759"	"morphogenesis/development"	"0.682956684677312"
"4136"	"GO:0021761"	"morphogenesis/development"	"0.701633993174856"
"4137"	"GO:0021762"	"morphogenesis/development"	"+"
"4138"	"GO:0021764"	"neural related process"	"0.494716487378679"
"4139"	"GO:0021766"	"morphogenesis/development"	"0.753126685953896"
"4140"	"GO:0021767"	"morphogenesis/development"	"0.901346869797223"
"4141"	"GO:0021768"	"morphogenesis/development"	"0.894163630182695"
"4142"	"GO:0021769"	"morphogenesis/development"	"0.897355954581594"
"4143"	"GO:0021771"	"neural related process"	"0.68057688391408"
"4144"	"GO:0021772"	"neural related process"	"0.489530822382585"
"4145"	"GO:0021773"	"neural related process"	"0.945611497023042"
"4146"	"GO:0021775"	"receptor related process"	"0.340805054567309"
"4147"	"GO:0021776"	"neural related process"	"0.275745733468152"
"4148"	"GO:0021778"	"morphogenesis/development"	"0.480624621073439"
"4149"	"GO:0021779"	"morphogenesis/development"	"0.613188313909678"
"4150"	"GO:0021780"	"morphogenesis/development"	"0.740396327251073"
"4151"	"GO:0021781"	"morphogenesis/development"	"0.829700411264908"
"4152"	"GO:0021782"	"neural related process"	"+"
"4153"	"GO:0021783"	"neural related process"	"0.631018632143059"
"4154"	"GO:0021784"	"neural related process"	"0.468338921324107"
"4155"	"GO:0021785"	"neural related process"	"0.719455939184453"
"4156"	"GO:0021793"	"immune system process"	"0.301625122771995"
"4157"	"GO:0021794"	"neural related process"	"0.851473861708112"
"4158"	"GO:0021795"	"neural related process"	"0.695445494297315"
"4159"	"GO:0021796"	"morphogenesis/development"	"0.530597626922835"
"4160"	"GO:0021797"	"morphogenesis/development"	"0.720091254517894"
"4161"	"GO:0021798"	"morphogenesis/development"	"0.845075956163081"
"4162"	"GO:0021799"	"morphogenesis/development"	"0.393822779720636"
"4163"	"GO:0021800"	"neural related process"	"0.641707887504279"
"4164"	"GO:0021801"	"neural related process"	"0.913709705187047"
"4165"	"GO:0021812"	"neural related process"	"0.631802225167315"
"4166"	"GO:0021813"	"neural related process"	"0.385377254306833"
"4167"	"GO:0021814"	"neural related process"	"0.351153404073943"
"4168"	"GO:0021815"	"cellular component organization"	"0.27349167087769"
"4169"	"GO:0021816"	"neural related process"	"0.474638591885898"
"4170"	"GO:0021817"	"transport"	"0.536629697511679"
"4171"	"GO:0021819"	"morphogenesis/development"	"0.883525548023343"
"4172"	"GO:0021822"	"immune system process"	"0.140017412903726"
"4173"	"GO:0021823"	"neural related process"	"0.668790642511434"
"4174"	"GO:0021825"	"neural related process"	"0.557079253119046"
"4175"	"GO:0021826"	"neural related process"	"0.858408496821837"
"4176"	"GO:0021827"	"morphogenesis/development"	"0.464889709264944"
"4177"	"GO:0021828"	"neural related process"	"0.484225822342593"
"4178"	"GO:0021830"	"neural related process"	"0.883763291621796"
"4179"	"GO:0021831"	"morphogenesis/development"	"0.541442218692657"
"4180"	"GO:0021836"	"neural related process"	"0.530215439192364"
"4181"	"GO:0021840"	"neural related process"	"0.496241135920024"
"4182"	"GO:0021842"	"neural related process"	"0.398771503403569"
"4183"	"GO:0021843"	"neural related process"	"0.671752978622439"
"4184"	"GO:0021846"	"cell cycle"	"0.871301752668484"
"4185"	"GO:0021847"	"cell cycle"	"0.462565678626851"
"4186"	"GO:0021849"	"morphogenesis/development"	"0.487054579185968"
"4187"	"GO:0021852"	"neural related process"	"0.56739692402357"
"4188"	"GO:0021853"	"neural related process"	"0.917449460827493"
"4189"	"GO:0021854"	"neural related process"	"0.786662191408889"
"4190"	"GO:0021855"	"neural related process"	"0.616655679706239"
"4191"	"GO:0021856"	"neural related process"	"0.593900397385395"
"4192"	"GO:0021858"	"neural related process"	"0.829914832218374"
"4193"	"GO:0021859"	"morphogenesis/development"	"0.549762768381726"
"4194"	"GO:0021860"	"neural related process"	"0.6458050534946"
"4195"	"GO:0021861"	"morphogenesis/development"	"0.927949627500983"
"4196"	"GO:0021869"	"cell cycle"	"0.753416843934238"
"4197"	"GO:0021870"	"neural related process"	"0.70626309804446"
"4198"	"GO:0021871"	"morphogenesis/development"	"0.547057597597304"
"4199"	"GO:0021872"	"neural related process"	"0.780018969131521"
"4200"	"GO:0021873"	"cell cycle"	"0.390333618745335"
"4201"	"GO:0021874"	"receptor related process"	"0.397591158524908"
"4202"	"GO:0021877"	"morphogenesis/development"	"0.529134400367145"
"4203"	"GO:0021879"	"neural related process"	"0.904065242735209"
"4204"	"GO:0021884"	"neural related process"	"0.85689958981273"
"4205"	"GO:0021885"	"neural related process"	"0.867087203578473"
"4206"	"GO:0021886"	"neural related process"	"0.495862589434069"
"4207"	"GO:0021888"	"neural related process"	"0.81556298100462"
"4208"	"GO:0021889"	"neural related process"	"0.598944727300073"
"4209"	"GO:0021891"	"neural related process"	"0.741137630377459"
"4210"	"GO:0021892"	"neural related process"	"0.972887700583124"
"4211"	"GO:0021893"	"neural related process"	"0.630220571379508"
"4212"	"GO:0021894"	"neural related process"	"0.933034872391535"
"4213"	"GO:0021895"	"neural related process"	"0.957430975386799"
"4214"	"GO:0021896"	"neural related process"	"0.844877899714472"
"4215"	"GO:0021897"	"neural related process"	"0.823796078790247"
"4216"	"GO:0021902"	"neural related process"	"0.524582785114291"
"4217"	"GO:0021903"	"morphogenesis/development"	"0.663493006792212"
"4218"	"GO:0021904"	"morphogenesis/development"	"0.901258603882663"
"4219"	"GO:0021905"	"morphogenesis/development"	"0.964757715271072"
"4220"	"GO:0021910"	"protein modification/signaling"	"0.37698634877513"
"4221"	"GO:0021914"	"protein modification/signaling"	"0.376559065776529"
"4222"	"GO:0021915"	"morphogenesis/development"	"+"
"4223"	"GO:0021924"	"cell cycle"	"0.798919890718674"
"4224"	"GO:0021930"	"cell cycle"	"0.345852634725808"
"4225"	"GO:0021932"	"morphogenesis/development"	"0.440233771343083"
"4226"	"GO:0021933"	"neural related process"	"0.380369494439286"
"4227"	"GO:0021934"	"neural related process"	"0.502951946754497"
"4228"	"GO:0021935"	"morphogenesis/development"	"0.390600977516265"
"4229"	"GO:0021936"	"cell cycle"	"0.488394449324069"
"4230"	"GO:0021937"	"neural related process"	"0.38867873121342"
"4231"	"GO:0021940"	"cell cycle"	"0.382037466680976"
"4232"	"GO:0021941"	"cell cycle"	"0.462427683278138"
"4233"	"GO:0021942"	"morphogenesis/development"	"0.52522190031503"
"4234"	"GO:0021943"	"morphogenesis/development"	"0.839747796693132"
"4235"	"GO:0021944"	"neural related process"	"0.798648493814751"
"4236"	"GO:0021952"	"neural related process"	"0.958531258069956"
"4237"	"GO:0021953"	"neural related process"	"+"
"4238"	"GO:0021954"	"neural related process"	"+"
"4239"	"GO:0021955"	"neural related process"	"0.991684776755591"
"4240"	"GO:0021956"	"neural related process"	"0.938481219544867"
"4241"	"GO:0021957"	"neural related process"	"0.958938738239914"
"4242"	"GO:0021960"	"neural related process"	"0.928179908119683"
"4243"	"GO:0021965"	"neural related process"	"0.966725230618758"
"4244"	"GO:0021966"	"neural related process"	"0.833297886055026"
"4245"	"GO:0021972"	"neural related process"	"0.854032248516227"
"4246"	"GO:0021978"	"morphogenesis/development"	"0.703589391292981"
"4247"	"GO:0021979"	"neural related process"	"0.625680841138772"
"4248"	"GO:0021983"	"morphogenesis/development"	"0.796887203653155"
"4249"	"GO:0021984"	"morphogenesis/development"	"0.839851907148686"
"4250"	"GO:0021985"	"morphogenesis/development"	"0.940231645819687"
"4251"	"GO:0021986"	"morphogenesis/development"	"0.867266556553842"
"4252"	"GO:0021987"	"morphogenesis/development"	"0.94623416857692"
"4253"	"GO:0021988"	"morphogenesis/development"	"0.944754422510352"
"4254"	"GO:0021989"	"morphogenesis/development"	"0.819169004623934"
"4255"	"GO:0021993"	"morphogenesis/development"	"0.880797039344614"
"4256"	"GO:0021997"	"morphogenesis/development"	"0.47806514898466"
"4257"	"GO:0021998"	"morphogenesis/development"	"0.398261476702736"
"4258"	"GO:0021999"	"morphogenesis/development"	"0.4284415721437"
"4259"	"GO:0022004"	"morphogenesis/development"	"0.818134913598471"
"4260"	"GO:0022007"	"morphogenesis/development"	"0.747739840695152"
"4261"	"GO:0022008"	"neural related process"	"0.895433761577006"
"4262"	"GO:0022009"	"morphogenesis/development"	"0.889786839538478"
"4263"	"GO:0022010"	"neural related process"	"0.889719037507869"
"4264"	"GO:0022011"	"neural related process"	"0.888738985471674"
"4265"	"GO:0022012"	"cell cycle"	"0.813161259517581"
"4266"	"GO:0022013"	"cell cycle"	"0.805769215386131"
"4267"	"GO:0022018"	"cell cycle"	"0.809035885119722"
"4268"	"GO:0022027"	"transport"	"0.278793640250815"
"4269"	"GO:0022028"	"neural related process"	"0.677901382524796"
"4270"	"GO:0022029"	"neural related process"	"0.891813225281114"
"4271"	"GO:0022030"	"neural related process"	"0.873081254225573"
"4272"	"GO:0022037"	"morphogenesis/development"	"0.897135948570881"
"4273"	"GO:0022038"	"neural related process"	"0.48813212320735"
"4274"	"GO:0022400"	"receptor related process"	"0.753513670248826"
"4275"	"GO:0022401"	"protein modification/signaling"	"+"
"4276"	"GO:0022402"	"cell cycle"	"0.965986841289847"
"4277"	"GO:0022404"	"morphogenesis/development"	"+"
"4278"	"GO:0022405"	"multicellular organismal process"	"+"
"4279"	"GO:0022406"	"other"	"+"
"4280"	"GO:0022407"	"cell adhesion"	"+"
"4281"	"GO:0022408"	"cell adhesion"	"+"
"4282"	"GO:0022409"	"cell adhesion"	"+"
"4283"	"GO:0022410"	"neural related process"	"0.757166472143492"
"4284"	"GO:0022411"	"cellular component organization"	"+"
"4285"	"GO:0022412"	"morphogenesis/development"	"0.779232884899056"
"4286"	"GO:0022414"	"other"	"0.6323085805873"
"4287"	"GO:0022417"	"protein modification/signaling"	"0.63569541768363"
"4288"	"GO:0022600"	"multicellular organismal process"	"+"
"4289"	"GO:0022602"	"multicellular organismal process"	"+"
"4290"	"GO:0022603"	"morphogenesis/development"	"+"
"4291"	"GO:0022604"	"morphogenesis/development"	"+"
"4292"	"GO:0022605"	"morphogenesis/development"	"0.756900684011847"
"4293"	"GO:0022607"	"cellular component organization"	"0.948125192821894"
"4294"	"GO:0022612"	"morphogenesis/development"	"+"
"4295"	"GO:0022613"	"cellular component organization"	"+"
"4296"	"GO:0022614"	"other"	"0.385862744523476"
"4297"	"GO:0022615"	"ER/endosome/lysosome related process"	"0.486346167359085"
"4298"	"GO:0022616"	"cell cycle"	"+"
"4299"	"GO:0022617"	"cellular component organization"	"+"
"4300"	"GO:0022618"	"cellular component organization"	"0.876701735248003"
"4301"	"GO:0022624"	"metabolic process"	"+"
"4302"	"GO:0022804"	"transport"	"+"
"4303"	"GO:0022898"	"transport"	"0.89907681437063"
"4304"	"GO:0022900"	"metabolic process"	"+"
"4305"	"GO:0022904"	"metabolic process"	"+"
"4306"	"GO:0023019"	"protein modification/signaling"	"0.216963991722776"
"4307"	"GO:0023021"	"protein modification/signaling"	"0.339336986956013"
"4308"	"GO:0023035"	"immune system process"	"0.548942177804966"
"4309"	"GO:0023041"	"neural related process"	"0.777475864738081"
"4310"	"GO:0023051"	"protein modification/signaling"	"0.756024140154413"
"4311"	"GO:0023056"	"protein modification/signaling"	"0.704789428187611"
"4312"	"GO:0023057"	"protein modification/signaling"	"0.624427146383261"
"4313"	"GO:0023058"	"protein modification/signaling"	"+"
"4314"	"GO:0023061"	"protein modification/signaling"	"+"
"4315"	"GO:0030001"	"transport"	"0.911199717751659"
"4316"	"GO:0030002"	"other"	"0.812668884707815"
"4317"	"GO:0030003"	"other"	"0.892352041103256"
"4318"	"GO:0030007"	"other"	"0.900442262356563"
"4319"	"GO:0030010"	"cellular component organization"	"+"
"4320"	"GO:0030011"	"cellular component organization"	"0.77201009893119"
"4321"	"GO:0030016"	"cellular component organization"	"+"
"4322"	"GO:0030026"	"other"	"0.710640141824663"
"4323"	"GO:0030027"	"cellular component organization"	"+"
"4324"	"GO:0030029"	"cellular component organization"	"+"
"4325"	"GO:0030030"	"cellular component organization"	"0.788285020880918"
"4326"	"GO:0030031"	"cellular component organization"	"+"
"4327"	"GO:0030032"	"cellular component organization"	"0.936065518766695"
"4328"	"GO:0030033"	"cellular component organization"	"+"
"4329"	"GO:0030034"	"cellular component organization"	"0.976730092554737"
"4330"	"GO:0030035"	"cellular component organization"	"0.931594903401405"
"4331"	"GO:0030036"	"cellular component organization"	"+"
"4332"	"GO:0030038"	"cellular component organization"	"0.862786669111813"
"4333"	"GO:0030041"	"cellular component organization"	"0.979112006212702"
"4334"	"GO:0030042"	"cellular component organization"	"+"
"4335"	"GO:0030043"	"cellular component organization"	"0.955312015100235"
"4336"	"GO:0030046"	"cellular component organization"	"0.957981942701411"
"4337"	"GO:0030047"	"cellular component organization"	"0.708479550746236"
"4338"	"GO:0030048"	"cellular component organization"	"+"
"4339"	"GO:0030049"	"multicellular organismal process"	"0.313753797780065"
"4340"	"GO:0030050"	"transport"	"0.59437656193722"
"4341"	"GO:0030055"	"cell adhesion"	"+"
"4342"	"GO:0030070"	"metabolic process"	"0.800394089094144"
"4343"	"GO:0030071"	"cell cycle"	"+"
"4344"	"GO:0030072"	"transport"	"0.884687333746786"
"4345"	"GO:0030073"	"transport"	"0.836840654605152"
"4346"	"GO:0030091"	"metabolic process"	"0.326063339255226"
"4347"	"GO:0030097"	"immune system process"	"0.929257331067789"
"4348"	"GO:0030098"	"immune system process"	"+"
"4349"	"GO:0030099"	"immune system process"	"+"
"4350"	"GO:0030100"	"transport"	"+"
"4351"	"GO:0030101"	"immune system process"	"+"
"4352"	"GO:0030103"	"transport"	"0.480398727119189"
"4353"	"GO:0030111"	"protein modification/signaling"	"0.920561776108601"
"4354"	"GO:0030133"	"transport"	"+"
"4355"	"GO:0030134"	"ER/endosome/lysosome related process"	"+"
"4356"	"GO:0030139"	"ER/endosome/lysosome related process"	"+"
"4357"	"GO:0030148"	"metabolic process"	"0.913170818254188"
"4358"	"GO:0030149"	"metabolic process"	"+"
"4359"	"GO:0030150"	"transport"	"0.450491036953643"
"4360"	"GO:0030154"	"morphogenesis/development"	"0.934221217302483"
"4361"	"GO:0030155"	"cell adhesion"	"+"
"4362"	"GO:0030157"	"multicellular organismal process"	"0.532245067032792"
"4363"	"GO:0030159"	"receptor related process"	"+"
"4364"	"GO:0030162"	"metabolic process"	"+"
"4365"	"GO:0030163"	"metabolic process"	"0.938284642785652"
"4366"	"GO:0030165"	"protein modification/signaling"	"+"
"4367"	"GO:0030166"	"metabolic process"	"+"
"4368"	"GO:0030167"	"metabolic process"	"0.968578751892778"
"4369"	"GO:0030168"	"immune system process"	"+"
"4370"	"GO:0030174"	"cell cycle"	"+"
"4371"	"GO:0030175"	"cellular component organization"	"+"
"4372"	"GO:0030177"	"protein modification/signaling"	"+"
"4373"	"GO:0030178"	"protein modification/signaling"	"+"
"4374"	"GO:0030182"	"neural related process"	"0.965411052222815"
"4375"	"GO:0030183"	"immune system process"	"+"
"4376"	"GO:0030185"	"transport"	"0.845521293028022"
"4377"	"GO:0030186"	"metabolic process"	"0.988166770532972"
"4378"	"GO:0030187"	"metabolic process"	"0.966617936984306"
"4379"	"GO:0030193"	"stress response"	"0.700851075356597"
"4380"	"GO:0030194"	"stress response"	"0.690345541142888"
"4381"	"GO:0030195"	"stress response"	"+"
"4382"	"GO:0030198"	"cellular component organization"	"+"
"4383"	"GO:0030199"	"cellular component organization"	"0.790069998084827"
"4384"	"GO:0030200"	"metabolic process"	"0.936589848239801"
"4385"	"GO:0030201"	"metabolic process"	"0.900324014298654"
"4386"	"GO:0030202"	"metabolic process"	"0.646399689759347"
"4387"	"GO:0030203"	"metabolic process"	"0.91917775788033"
"4388"	"GO:0030204"	"metabolic process"	"0.927467555175772"
"4389"	"GO:0030205"	"metabolic process"	"0.867779976657012"
"4390"	"GO:0030206"	"metabolic process"	"0.958360303864259"
"4391"	"GO:0030207"	"metabolic process"	"0.943657620820159"
"4392"	"GO:0030208"	"metabolic process"	"0.94255026139871"
"4393"	"GO:0030209"	"metabolic process"	"0.958879836431784"
"4394"	"GO:0030210"	"metabolic process"	"0.859369717701996"
"4395"	"GO:0030211"	"metabolic process"	"0.968860802177944"
"4396"	"GO:0030212"	"metabolic process"	"0.900616483059265"
"4397"	"GO:0030213"	"metabolic process"	"0.917079923232036"
"4398"	"GO:0030214"	"metabolic process"	"0.936067087051495"
"4399"	"GO:0030216"	"morphogenesis/development"	"+"
"4400"	"GO:0030217"	"immune system process"	"+"
"4401"	"GO:0030218"	"morphogenesis/development"	"+"
"4402"	"GO:0030219"	"morphogenesis/development"	"0.594935324705838"
"4403"	"GO:0030220"	"morphogenesis/development"	"+"
"4404"	"GO:0030221"	"morphogenesis/development"	"0.573344106139864"
"4405"	"GO:0030222"	"immune system process"	"0.792837203458025"
"4406"	"GO:0030223"	"immune system process"	"0.758656281804819"
"4407"	"GO:0030224"	"immune system process"	"+"
"4408"	"GO:0030225"	"immune system process"	"+"
"4409"	"GO:0030237"	"morphogenesis/development"	"0.753667523384619"
"4410"	"GO:0030238"	"morphogenesis/development"	"0.814020722178072"
"4411"	"GO:0030239"	"cellular component organization"	"0.879730075769097"
"4412"	"GO:0030240"	"cellular component organization"	"0.967394961429518"
"4413"	"GO:0030241"	"cellular component organization"	"0.916623954722854"
"4414"	"GO:0030242"	"metabolic process"	"0.459235115521113"
"4415"	"GO:0030252"	"transport"	"0.698762996844122"
"4416"	"GO:0030258"	"metabolic process"	"0.82866526220861"
"4417"	"GO:0030259"	"metabolic process"	"0.863748164340841"
"4418"	"GO:0030261"	"cell cycle"	"+"
"4419"	"GO:0030262"	"cell death"	"0.677247789648335"
"4420"	"GO:0030263"	"cell death"	"0.480488124722669"
"4421"	"GO:0030264"	"cellular component organization"	"0.579427751945584"
"4422"	"GO:0030276"	"cellular component organization"	"+"
"4423"	"GO:0030277"	"multicellular organismal process"	"+"
"4424"	"GO:0030278"	"morphogenesis/development"	"+"
"4425"	"GO:0030279"	"morphogenesis/development"	"0.903288532642329"
"4426"	"GO:0030282"	"multicellular organismal process"	"+"
"4427"	"GO:0030295"	"protein modification/signaling"	"+"
"4428"	"GO:0030296"	"protein modification/signaling"	"+"
"4429"	"GO:0030297"	"receptor related process"	"+"
"4430"	"GO:0030299"	"multicellular organismal process"	"0.647246435776529"
"4431"	"GO:0030300"	"multicellular organismal process"	"0.696218023281803"
"4432"	"GO:0030301"	"transport"	"+"
"4433"	"GO:0030302"	"transport"	"0.752415260647238"
"4434"	"GO:0030307"	"cellular component organization"	"+"
"4435"	"GO:0030308"	"cellular component organization"	"+"
"4436"	"GO:0030309"	"metabolic process"	"0.927620129084507"
"4437"	"GO:0030311"	"metabolic process"	"0.832594775809169"
"4438"	"GO:0030316"	"morphogenesis/development"	"+"
"4439"	"GO:0030317"	"other"	"0.857609754248333"
"4440"	"GO:0030318"	"morphogenesis/development"	"0.846320625162491"
"4441"	"GO:0030321"	"transport"	"0.967727375659896"
"4442"	"GO:0030322"	"other"	"0.38455392746369"
"4443"	"GO:0030323"	"morphogenesis/development"	"+"
"4444"	"GO:0030324"	"morphogenesis/development"	"0.914241133819875"
"4445"	"GO:0030325"	"morphogenesis/development"	"0.9573389749578"
"4446"	"GO:0030326"	"morphogenesis/development"	"0.927402328026881"
"4447"	"GO:0030327"	"metabolic process"	"0.945592595052274"
"4448"	"GO:0030328"	"metabolic process"	"0.989326197807091"
"4449"	"GO:0030329"	"metabolic process"	"0.99113010648046"
"4450"	"GO:0030330"	"stress response"	"+"
"4451"	"GO:0030332"	"cell cycle"	"+"
"4452"	"GO:0030334"	"multicellular organismal process"	"0.859318345137844"
"4453"	"GO:0030335"	"multicellular organismal process"	"+"
"4454"	"GO:0030336"	"multicellular organismal process"	"+"
"4455"	"GO:0030374"	"receptor related process"	"+"
"4456"	"GO:0030382"	"cellular component organization"	"0.899556303884002"
"4457"	"GO:0030388"	"metabolic process"	"0.992381090638476"
"4458"	"GO:0030389"	"metabolic process"	"0.972165694397281"
"4459"	"GO:0030392"	"metabolic process"	"0.982109188263539"
"4460"	"GO:0030393"	"metabolic process"	"0.975126688672271"
"4461"	"GO:0030397"	"cellular component organization"	"0.930903323581544"
"4462"	"GO:0030421"	"multicellular organismal process"	"0.648683269268313"
"4463"	"GO:0030422"	"gene regulation"	"0.748880327385311"
"4464"	"GO:0030431"	"neural related process"	"+"
"4465"	"GO:0030432"	"multicellular organismal process"	"0.627011534317799"
"4466"	"GO:0030447"	"multicellular organismal process"	"0.659631404025853"
"4467"	"GO:0030449"	"immune system process"	"+"
"4468"	"GO:0030450"	"immune system process"	"0.922589854346593"
"4469"	"GO:0030451"	"immune system process"	"0.847673673249128"
"4470"	"GO:0030473"	"transport"	"0.751635992975217"
"4471"	"GO:0030488"	"protein modification/signaling"	"+"
"4472"	"GO:0030490"	"gene regulation"	"+"
"4473"	"GO:0030497"	"metabolic process"	"0.78623946507801"
"4474"	"GO:0030500"	"morphogenesis/development"	"0.881659445048198"
"4475"	"GO:0030501"	"morphogenesis/development"	"0.923493621773455"
"4476"	"GO:0030502"	"morphogenesis/development"	"0.794031602027326"
"4477"	"GO:0030505"	"transport"	"0.936274553540984"
"4478"	"GO:0030507"	"cellular component organization"	"+"
"4479"	"GO:0030509"	"protein modification/signaling"	"+"
"4480"	"GO:0030510"	"protein modification/signaling"	"0.681931594079101"
"4481"	"GO:0030511"	"receptor related process"	"+"
"4482"	"GO:0030512"	"receptor related process"	"0.684498440214001"
"4483"	"GO:0030513"	"protein modification/signaling"	"+"
"4484"	"GO:0030514"	"protein modification/signaling"	"0.616132265689833"
"4485"	"GO:0030515"	"gene regulation"	"+"
"4486"	"GO:0030516"	"neural related process"	"0.82022585950363"
"4487"	"GO:0030517"	"neural related process"	"+"
"4488"	"GO:0030518"	"receptor related process"	"0.752407996182463"
"4489"	"GO:0030520"	"receptor related process"	"0.780079672258697"
"4490"	"GO:0030521"	"receptor related process"	"0.738576544048849"
"4491"	"GO:0030522"	"receptor related process"	"+"
"4492"	"GO:0030527"	"cell cycle"	"+"
"4493"	"GO:0030534"	"neural related process"	"+"
"4494"	"GO:0030538"	"morphogenesis/development"	"0.965713506855532"
"4495"	"GO:0030539"	"morphogenesis/development"	"+"
"4496"	"GO:0030540"	"morphogenesis/development"	"0.990983436874655"
"4497"	"GO:0030551"	"other"	"+"
"4498"	"GO:0030554"	"metabolic process"	"+"
"4499"	"GO:0030573"	"metabolic process"	"0.9824495996546"
"4500"	"GO:0030574"	"metabolic process"	"0.820510034420502"
"4501"	"GO:0030575"	"cellular component organization"	"0.793606668124799"
"4502"	"GO:0030576"	"cellular component organization"	"0.748152263104042"
"4503"	"GO:0030578"	"cellular component organization"	"0.756279652575558"
"4504"	"GO:0030581"	"viral related process"	"0.306491082053277"
"4505"	"GO:0030592"	"cell cycle"	"0.346664034164422"
"4506"	"GO:0030593"	"immune system process"	"+"
"4507"	"GO:0030594"	"neural related process"	"+"
"4508"	"GO:0030595"	"immune system process"	"+"
"4509"	"GO:0030638"	"metabolic process"	"0.925467142613368"
"4510"	"GO:0030641"	"other"	"+"
"4511"	"GO:0030643"	"other"	"0.834414985663195"
"4512"	"GO:0030644"	"other"	"0.76008084323842"
"4513"	"GO:0030647"	"metabolic process"	"0.960844103268506"
"4514"	"GO:0030656"	"metabolic process"	"0.852530191838975"
"4515"	"GO:0030662"	"cellular component organization"	"+"
"4516"	"GO:0030667"	"immune system process"	"+"
"4517"	"GO:0030670"	"cellular component organization"	"+"
"4518"	"GO:0030674"	"protein modification/signaling"	"+"
"4519"	"GO:0030682"	"stress response"	"0.253652374832522"
"4520"	"GO:0030695"	"protein modification/signaling"	"+"
"4521"	"GO:0030704"	"morphogenesis/development"	"0.675584857875723"
"4522"	"GO:0030705"	"transport"	"+"
"4523"	"GO:0030718"	"morphogenesis/development"	"0.565272876007746"
"4524"	"GO:0030719"	"cellular component organization"	"0.896964323526098"
"4525"	"GO:0030728"	"multicellular organismal process"	"+"
"4526"	"GO:0030730"	"cellular component organization"	"0.834378513182909"
"4527"	"GO:0030808"	"metabolic process"	"0.931397856149072"
"4528"	"GO:0030809"	"metabolic process"	"0.842192613365039"
"4529"	"GO:0030810"	"metabolic process"	"0.953047047958959"
"4530"	"GO:0030811"	"metabolic process"	"0.954909955787245"
"4531"	"GO:0030812"	"metabolic process"	"0.946338122124147"
"4532"	"GO:0030813"	"metabolic process"	"0.929067445840243"
"4533"	"GO:0030832"	"cellular component organization"	"0.980180416537384"
"4534"	"GO:0030833"	"cellular component organization"	"0.978813487028805"
"4535"	"GO:0030834"	"cellular component organization"	"+"
"4536"	"GO:0030835"	"cellular component organization"	"0.983524483223692"
"4537"	"GO:0030836"	"cellular component organization"	"0.921766590516391"
"4538"	"GO:0030837"	"cellular component organization"	"0.98208367727616"
"4539"	"GO:0030838"	"cellular component organization"	"+"
"4540"	"GO:0030842"	"cellular component organization"	"0.717518806803126"
"4541"	"GO:0030844"	"cellular component organization"	"0.503842799576059"
"4542"	"GO:0030845"	"receptor related process"	"0.670868158098789"
"4543"	"GO:0030846"	"gene regulation"	"0.968695612296749"
"4544"	"GO:0030850"	"morphogenesis/development"	"+"
"4545"	"GO:0030851"	"immune system process"	"+"
"4546"	"GO:0030852"	"immune system process"	"0.960148350535606"
"4547"	"GO:0030853"	"immune system process"	"0.969137811774046"
"4548"	"GO:0030854"	"immune system process"	"0.926450935752815"
"4549"	"GO:0030855"	"morphogenesis/development"	"+"
"4550"	"GO:0030856"	"morphogenesis/development"	"+"
"4551"	"GO:0030857"	"morphogenesis/development"	"+"
"4552"	"GO:0030858"	"morphogenesis/development"	"0.979853483000591"
"4553"	"GO:0030859"	"morphogenesis/development"	"+"
"4554"	"GO:0030860"	"morphogenesis/development"	"0.904134055553435"
"4555"	"GO:0030862"	"morphogenesis/development"	"0.746017046417785"
"4556"	"GO:0030864"	"cellular component organization"	"+"
"4557"	"GO:0030865"	"cellular component organization"	"+"
"4558"	"GO:0030866"	"cellular component organization"	"+"
"4559"	"GO:0030878"	"morphogenesis/development"	"0.692366020205208"
"4560"	"GO:0030879"	"morphogenesis/development"	"+"
"4561"	"GO:0030885"	"immune system process"	"0.966126096858945"
"4562"	"GO:0030886"	"immune system process"	"0.946423234656329"
"4563"	"GO:0030887"	"immune system process"	"0.859874632879519"
"4564"	"GO:0030888"	"immune system process"	"+"
"4565"	"GO:0030889"	"immune system process"	"0.977341054535968"
"4566"	"GO:0030890"	"immune system process"	"0.941239523498709"
"4567"	"GO:0030900"	"morphogenesis/development"	"+"
"4568"	"GO:0030901"	"morphogenesis/development"	"0.775349292175824"
"4569"	"GO:0030902"	"morphogenesis/development"	"0.917020019890279"
"4570"	"GO:0030903"	"morphogenesis/development"	"0.947065762934437"
"4571"	"GO:0030908"	"metabolic process"	"0.513908658280495"
"4572"	"GO:0030910"	"morphogenesis/development"	"0.981049298764833"
"4573"	"GO:0030913"	"cellular component organization"	"0.590790413905053"
"4574"	"GO:0030916"	"morphogenesis/development"	"0.961833336542466"
"4575"	"GO:0030917"	"morphogenesis/development"	"0.937237139924335"
"4576"	"GO:0030947"	"receptor related process"	"+"
"4577"	"GO:0030948"	"receptor related process"	"0.775941430427217"
"4578"	"GO:0030949"	"receptor related process"	"0.937470831409941"
"4579"	"GO:0030950"	"cellular component organization"	"0.887044228374086"
"4580"	"GO:0030951"	"cellular component organization"	"0.757958591198024"
"4581"	"GO:0030952"	"cellular component organization"	"0.792583259217296"
"4582"	"GO:0030953"	"cellular component organization"	"0.823758736856566"
"4583"	"GO:0030954"	"cellular component organization"	"0.596322980752617"
"4584"	"GO:0030961"	"protein modification/signaling"	"0.603023191462164"
"4585"	"GO:0030968"	"stress response"	"+"
"4586"	"GO:0030970"	"ER/endosome/lysosome related process"	"+"
"4587"	"GO:0030974"	"transport"	"0.948120130000081"
"4588"	"GO:0030997"	"cell cycle"	"0.881482519921499"
"4589"	"GO:0031000"	"response to stimulus"	"0.830213113804472"
"4590"	"GO:0031016"	"morphogenesis/development"	"+"
"4591"	"GO:0031017"	"morphogenesis/development"	"0.975921225542575"
"4592"	"GO:0031018"	"morphogenesis/development"	"0.974257105789063"
"4593"	"GO:0031022"	"transport"	"0.401788640496283"
"4594"	"GO:0031023"	"cellular component organization"	"+"
"4595"	"GO:0031032"	"cellular component organization"	"+"
"4596"	"GO:0031033"	"cellular component organization"	"0.957635400968815"
"4597"	"GO:0031034"	"cellular component organization"	"0.959624244013445"
"4598"	"GO:0031035"	"cellular component organization"	"0.84022916020173"
"4599"	"GO:0031037"	"cellular component organization"	"0.798599298255018"
"4600"	"GO:0031038"	"cellular component organization"	"0.940374855949345"
"4601"	"GO:0031047"	"gene regulation"	"0.764818115036156"
"4602"	"GO:0031048"	"gene regulation"	"0.953684877056474"
"4603"	"GO:0031053"	"gene regulation"	"0.885706239254679"
"4604"	"GO:0031054"	"gene regulation"	"0.777280047697935"
"4605"	"GO:0031055"	"cellular component organization"	"0.513504895528145"
"4606"	"GO:0031069"	"morphogenesis/development"	"+"
"4607"	"GO:0031072"	"protein modification/signaling"	"+"
"4608"	"GO:0031076"	"morphogenesis/development"	"0.984999099501134"
"4609"	"GO:0031077"	"morphogenesis/development"	"0.930524970282707"
"4610"	"GO:0031086"	"gene regulation"	"0.881796259444207"
"4611"	"GO:0031087"	"gene regulation"	"0.974555178673158"
"4612"	"GO:0031091"	"immune system process"	"+"
"4613"	"GO:0031098"	"stress response"	"+"
"4614"	"GO:0031099"	"morphogenesis/development"	"+"
"4615"	"GO:0031100"	"morphogenesis/development"	"0.863303583868867"
"4616"	"GO:0031102"	"neural related process"	"0.475645807706299"
"4617"	"GO:0031103"	"neural related process"	"0.655826447562981"
"4618"	"GO:0031104"	"neural related process"	"0.733743836941025"
"4619"	"GO:0031106"	"cellular component organization"	"0.959822181213318"
"4620"	"GO:0031109"	"cellular component organization"	"0.953884885561293"
"4621"	"GO:0031110"	"cellular component organization"	"0.844643715503243"
"4622"	"GO:0031111"	"cellular component organization"	"0.892856546038016"
"4623"	"GO:0031112"	"cellular component organization"	"0.840476696319656"
"4624"	"GO:0031113"	"cellular component organization"	"0.964400163464072"
"4625"	"GO:0031114"	"cellular component organization"	"0.912953016850811"
"4626"	"GO:0031115"	"cellular component organization"	"0.94234110052586"
"4627"	"GO:0031116"	"cellular component organization"	"0.924646601118189"
"4628"	"GO:0031117"	"cellular component organization"	"0.904675518769284"
"4629"	"GO:0031118"	"metabolic process"	"0.683608739698103"
"4630"	"GO:0031119"	"metabolic process"	"0.749290586973313"
"4631"	"GO:0031120"	"metabolic process"	"0.675443111652673"
"4632"	"GO:0031122"	"cellular component organization"	"0.955885846254649"
"4633"	"GO:0031123"	"gene regulation"	"+"
"4634"	"GO:0031124"	"gene regulation"	"+"
"4635"	"GO:0031125"	"gene regulation"	"0.781292574833225"
"4636"	"GO:0031126"	"gene regulation"	"+"
"4637"	"GO:0031128"	"morphogenesis/development"	"+"
"4638"	"GO:0031129"	"response to stimulus"	"0.182270279193523"
"4639"	"GO:0031133"	"cellular component organization"	"0.708114267826616"
"4640"	"GO:0031134"	"cell cycle"	"0.966212570752235"
"4641"	"GO:0031144"	"transport"	"0.721136122910196"
"4642"	"GO:0031145"	"metabolic process"	"0.742526307966312"
"4643"	"GO:0031146"	"metabolic process"	"0.86093676405036"
"4644"	"GO:0031161"	"metabolic process"	"0.981582759039024"
"4645"	"GO:0031163"	"cellular component organization"	"0.927909445765464"
"4646"	"GO:0031167"	"gene regulation"	"0.74824459654264"
"4647"	"GO:0031173"	"morphogenesis/development"	"0.721151825532029"
"4648"	"GO:0031175"	"neural related process"	"+"
"4649"	"GO:0031179"	"metabolic process"	"0.883751137542477"
"4650"	"GO:0031204"	"ER/endosome/lysosome related process"	"0.906617477504544"
"4651"	"GO:0031210"	"metabolic process"	"+"
"4652"	"GO:0031214"	"morphogenesis/development"	"0.581252927391984"
"4653"	"GO:0031223"	"neural related process"	"0.956754394893324"
"4654"	"GO:0031247"	"cellular component organization"	"0.945650966666234"
"4655"	"GO:0031253"	"cellular component organization"	"+"
"4656"	"GO:0031267"	"protein modification/signaling"	"+"
"4657"	"GO:0031268"	"cellular component organization"	"0.848153036308704"
"4658"	"GO:0031269"	"cellular component organization"	"0.775544313428003"
"4659"	"GO:0031272"	"cellular component organization"	"0.911006612390439"
"4660"	"GO:0031274"	"cellular component organization"	"0.916806123949368"
"4661"	"GO:0031279"	"protein modification/signaling"	"0.399543692166008"
"4662"	"GO:0031280"	"protein modification/signaling"	"0.528489804707162"
"4663"	"GO:0031281"	"protein modification/signaling"	"0.275886673324783"
"4664"	"GO:0031282"	"metabolic process"	"0.700616186955528"
"4665"	"GO:0031283"	"metabolic process"	"0.593818312844006"
"4666"	"GO:0031284"	"metabolic process"	"0.728629004855714"
"4667"	"GO:0031290"	"neural related process"	"+"
"4668"	"GO:0031291"	"protein modification/signaling"	"0.844455415098525"
"4669"	"GO:0031293"	"metabolic process"	"0.784055836183133"
"4670"	"GO:0031294"	"immune system process"	"+"
"4671"	"GO:0031295"	"immune system process"	"+"
"4672"	"GO:0031296"	"immune system process"	"0.763152172992666"
"4673"	"GO:0031297"	"cell cycle"	"+"
"4674"	"GO:0031312"	"cellular component organization"	"+"
"4675"	"GO:0031333"	"cellular component organization"	"+"
"4676"	"GO:0031334"	"cellular component organization"	"+"
"4677"	"GO:0031335"	"metabolic process"	"0.909124950604563"
"4678"	"GO:0031338"	"cellular component organization"	"0.419197732427684"
"4679"	"GO:0031339"	"cellular component organization"	"0.4657663153663"
"4680"	"GO:0031340"	"cellular component organization"	"0.397732476263476"
"4681"	"GO:0031341"	"immune system process"	"+"
"4682"	"GO:0031342"	"immune system process"	"+"
"4683"	"GO:0031343"	"immune system process"	"+"
"4684"	"GO:0031344"	"cellular component organization"	"0.956838759634599"
"4685"	"GO:0031345"	"cellular component organization"	"+"
"4686"	"GO:0031346"	"cellular component organization"	"+"
"4687"	"GO:0031347"	"stress response"	"+"
"4688"	"GO:0031348"	"stress response"	"+"
"4689"	"GO:0031349"	"stress response"	"+"
"4690"	"GO:0031365"	"protein modification/signaling"	"0.96285905435749"
"4691"	"GO:0031392"	"metabolic process"	"0.785040616091293"
"4692"	"GO:0031393"	"metabolic process"	"0.710329401906046"
"4693"	"GO:0031394"	"metabolic process"	"0.776819559546701"
"4694"	"GO:0031396"	"protein modification/signaling"	"+"
"4695"	"GO:0031397"	"protein modification/signaling"	"+"
"4696"	"GO:0031398"	"protein modification/signaling"	"+"
"4697"	"GO:0031399"	"protein modification/signaling"	"0.930842496613723"
"4698"	"GO:0031400"	"protein modification/signaling"	"+"
"4699"	"GO:0031401"	"protein modification/signaling"	"+"
"4700"	"GO:0031407"	"metabolic process"	"0.969072866358016"
"4701"	"GO:0031408"	"metabolic process"	"0.948706506933739"
"4702"	"GO:0031424"	"morphogenesis/development"	"0.837015578193827"
"4703"	"GO:0031427"	"response to stimulus"	"0.723123367366547"
"4704"	"GO:0031440"	"gene regulation"	"0.86870617235614"
"4705"	"GO:0031441"	"gene regulation"	"0.848325728180951"
"4706"	"GO:0031442"	"gene regulation"	"0.912699412140008"
"4707"	"GO:0031443"	"multicellular organismal process"	"0.801057016815256"
"4708"	"GO:0031444"	"multicellular organismal process"	"0.772406764295372"
"4709"	"GO:0031445"	"gene regulation"	"+"
"4710"	"GO:0031446"	"multicellular organismal process"	"0.737420201304923"
"4711"	"GO:0031448"	"multicellular organismal process"	"0.804434088544858"
"4712"	"GO:0031449"	"multicellular organismal process"	"0.799694801217935"
"4713"	"GO:0031452"	"gene regulation"	"0.947955409054115"
"4714"	"GO:0031453"	"gene regulation"	"+"
"4715"	"GO:0031455"	"metabolic process"	"0.988760968361565"
"4716"	"GO:0031456"	"metabolic process"	"0.980431397158745"
"4717"	"GO:0031460"	"transport"	"0.804408406169204"
"4718"	"GO:0031468"	"cellular component organization"	"0.756219045667325"
"4719"	"GO:0031489"	"transport"	"+"
"4720"	"GO:0031490"	"gene regulation"	"+"
"4721"	"GO:0031491"	"gene regulation"	"+"
"4722"	"GO:0031503"	"cellular component organization"	"+"
"4723"	"GO:0031507"	"gene regulation"	"+"
"4724"	"GO:0031508"	"gene regulation"	"0.803366037166962"
"4725"	"GO:0031509"	"gene regulation"	"0.871600188399137"
"4726"	"GO:0031529"	"cellular component organization"	"+"
"4727"	"GO:0031536"	"cell cycle"	"0.925346241906479"
"4728"	"GO:0031547"	"receptor related process"	"0.578607829800138"
"4729"	"GO:0031548"	"receptor related process"	"0.766633939183154"
"4730"	"GO:0031549"	"receptor related process"	"0.684944537338348"
"4731"	"GO:0031550"	"receptor related process"	"0.844190267716885"
"4732"	"GO:0031554"	"gene regulation"	"0.755886963999217"
"4733"	"GO:0031570"	"cell cycle"	"+"
"4734"	"GO:0031571"	"cell cycle"	"+"
"4735"	"GO:0031573"	"cell cycle"	"0.886957633314185"
"4736"	"GO:0031577"	"cell cycle"	"+"
"4737"	"GO:0031579"	"cellular component organization"	"+"
"4738"	"GO:0031580"	"cellular component organization"	"0.897495927883886"
"4739"	"GO:0031581"	"cellular component organization"	"0.736109933965746"
"4740"	"GO:0031583"	"receptor related process"	"0.652781789331907"
"4741"	"GO:0031584"	"metabolic process"	"0.475355650325276"
"4742"	"GO:0031585"	"transport"	"0.434567305936657"
"4743"	"GO:0031587"	"transport"	"0.274118763182556"
"4744"	"GO:0031589"	"cell adhesion"	"+"
"4745"	"GO:0031590"	"metabolic process"	"0.926955738952097"
"4746"	"GO:0031591"	"metabolic process"	"0.747729766414357"
"4747"	"GO:0031593"	"protein modification/signaling"	"+"
"4748"	"GO:0031594"	"neural related process"	"+"
"4749"	"GO:0031619"	"cell cycle"	"0.951893759898114"
"4750"	"GO:0031620"	"immune system process"	"0.444405667112381"
"4751"	"GO:0031622"	"immune system process"	"0.582664809055859"
"4752"	"GO:0031623"	"receptor related process"	"0.802138491551897"
"4753"	"GO:0031624"	"protein modification/signaling"	"+"
"4754"	"GO:0031625"	"protein modification/signaling"	"+"
"4755"	"GO:0031627"	"cell cycle"	"0.52465119539797"
"4756"	"GO:0031629"	"neural related process"	"0.874494932368504"
"4757"	"GO:0031630"	"neural related process"	"0.446764548529138"
"4758"	"GO:0031632"	"neural related process"	"0.284099420918886"
"4759"	"GO:0031635"	"receptor related process"	"0.95331802448557"
"4760"	"GO:0031638"	"protein modification/signaling"	"+"
"4761"	"GO:0031639"	"metabolic process"	"+"
"4762"	"GO:0031640"	"immune system process"	"0.562799330526725"
"4763"	"GO:0031641"	"neural related process"	"0.931960739206688"
"4764"	"GO:0031642"	"neural related process"	"0.619333633062291"
"4765"	"GO:0031643"	"neural related process"	"0.961159219191989"
"4766"	"GO:0031644"	"neural related process"	"+"
"4767"	"GO:0031645"	"neural related process"	"0.895242601311576"
"4768"	"GO:0031646"	"neural related process"	"0.990986658896616"
"4769"	"GO:0031647"	"protein modification/signaling"	"+"
"4770"	"GO:0031648"	"protein modification/signaling"	"+"
"4771"	"GO:0031649"	"multicellular organismal process"	"0.611972222205246"
"4772"	"GO:0031650"	"multicellular organismal process"	"0.667176308452875"
"4773"	"GO:0031651"	"multicellular organismal process"	"0.79030315812901"
"4774"	"GO:0031652"	"multicellular organismal process"	"0.736413339840142"
"4775"	"GO:0031663"	"immune system process"	"+"
"4776"	"GO:0031664"	"immune system process"	"0.437743978068027"
"4777"	"GO:0031665"	"immune system process"	"0.386814804857635"
"4778"	"GO:0031666"	"immune system process"	"0.384371350437085"
"4779"	"GO:0031667"	"response to stimulus"	"+"
"4780"	"GO:0031669"	"response to stimulus"	"+"
"4781"	"GO:0031670"	"response to stimulus"	"+"
"4782"	"GO:0031848"	"stress response"	"0.877953138547078"
"4783"	"GO:0031860"	"cell cycle"	"0.790816248318212"
"4784"	"GO:0031914"	"neural related process"	"0.694460334567837"
"4785"	"GO:0031915"	"neural related process"	"0.671805294221667"
"4786"	"GO:0031919"	"transport"	"0.91321421826429"
"4787"	"GO:0031923"	"transport"	"0.866746863502663"
"4788"	"GO:0031929"	"protein modification/signaling"	"+"
"4789"	"GO:0031930"	"protein modification/signaling"	"0.163703608768935"
"4790"	"GO:0031943"	"metabolic process"	"0.954289311047609"
"4791"	"GO:0031944"	"metabolic process"	"0.93605289457628"
"4792"	"GO:0031945"	"metabolic process"	"0.953633394564595"
"4793"	"GO:0031946"	"metabolic process"	"0.916740680012511"
"4794"	"GO:0031947"	"metabolic process"	"0.866959181088809"
"4795"	"GO:0031948"	"metabolic process"	"0.885706326250573"
"4796"	"GO:0031952"	"protein modification/signaling"	"+"
"4797"	"GO:0031953"	"protein modification/signaling"	"0.939083316776798"
"4798"	"GO:0031954"	"protein modification/signaling"	"0.921007663198755"
"4799"	"GO:0031958"	"receptor related process"	"0.872640575979052"
"4800"	"GO:0031959"	"receptor related process"	"0.859096910512809"
"4801"	"GO:0031960"	"response to stimulus"	"+"
"4802"	"GO:0031965"	"cellular component organization"	"+"
"4803"	"GO:0031968"	"cellular component organization"	"+"
"4804"	"GO:0031983"	"cellular component organization"	"+"
"4805"	"GO:0031987"	"other"	"0.433575649353981"
"4806"	"GO:0031989"	"receptor related process"	"0.908516094475416"
"4807"	"GO:0031990"	"transport"	"0.426768784527205"
"4808"	"GO:0031994"	"response to stimulus"	"+"
"4809"	"GO:0031998"	"metabolic process"	"0.908797978063609"
"4810"	"GO:0031999"	"metabolic process"	"0.835459832358338"
"4811"	"GO:0032000"	"metabolic process"	"0.902847161280669"
"4812"	"GO:0032006"	"protein modification/signaling"	"0.904278765691325"
"4813"	"GO:0032007"	"protein modification/signaling"	"0.760096668444266"
"4814"	"GO:0032008"	"protein modification/signaling"	"0.868694623987172"
"4815"	"GO:0032011"	"protein modification/signaling"	"0.91201571338951"
"4816"	"GO:0032012"	"protein modification/signaling"	"0.901228789033132"
"4817"	"GO:0032014"	"protein modification/signaling"	"0.899387959908821"
"4818"	"GO:0032020"	"protein modification/signaling"	"0.857850717791994"
"4819"	"GO:0032023"	"metabolic process"	"0.569481743607716"
"4820"	"GO:0032024"	"transport"	"0.888254703939"
"4821"	"GO:0032025"	"response to stimulus"	"0.887474670814993"
"4822"	"GO:0032026"	"response to stimulus"	"0.894165784189165"
"4823"	"GO:0032042"	"cell cycle"	"0.533367820541972"
"4824"	"GO:0032043"	"metabolic process"	"0.7731738959135"
"4825"	"GO:0032048"	"metabolic process"	"0.962788356916781"
"4826"	"GO:0032049"	"metabolic process"	"0.978656449171431"
"4827"	"GO:0032053"	"cellular component organization"	"0.954314930768545"
"4828"	"GO:0032055"	"stress response"	"0.767447319178519"
"4829"	"GO:0032056"	"stress response"	"0.850847031038469"
"4830"	"GO:0032057"	"stress response"	"0.564732197456161"
"4831"	"GO:0032058"	"stress response"	"0.751309787172727"
"4832"	"GO:0032060"	"cellular component organization"	"0.473948498407834"
"4833"	"GO:0032069"	"metabolic process"	"+"
"4834"	"GO:0032070"	"metabolic process"	"0.895537540573263"
"4835"	"GO:0032071"	"metabolic process"	"0.571501307188344"
"4836"	"GO:0032072"	"gene regulation"	"0.38743273291543"
"4837"	"GO:0032074"	"metabolic process"	"0.798611055885817"
"4838"	"GO:0032075"	"metabolic process"	"0.914037604698038"
"4839"	"GO:0032076"	"metabolic process"	"0.719305914960824"
"4840"	"GO:0032077"	"metabolic process"	"0.764277216775772"
"4841"	"GO:0032078"	"metabolic process"	"0.448133726389832"
"4842"	"GO:0032079"	"metabolic process"	"0.783718298593017"
"4843"	"GO:0032088"	"gene regulation"	"+"
"4844"	"GO:0032091"	"protein modification/signaling"	"+"
"4845"	"GO:0032092"	"other"	"+"
"4846"	"GO:0032094"	"response to stimulus"	"0.467790952557617"
"4847"	"GO:0032095"	"multicellular organismal process"	"0.447681314912724"
"4848"	"GO:0032096"	"multicellular organismal process"	"0.457128036029155"
"4849"	"GO:0032097"	"multicellular organismal process"	"0.36664286692234"
"4850"	"GO:0032098"	"multicellular organismal process"	"0.680637314926911"
"4851"	"GO:0032099"	"multicellular organismal process"	"0.512105659636079"
"4852"	"GO:0032100"	"multicellular organismal process"	"0.430011534926714"
"4853"	"GO:0032101"	"response to stimulus"	"+"
"4854"	"GO:0032102"	"response to stimulus"	"+"
"4855"	"GO:0032103"	"response to stimulus"	"+"
"4856"	"GO:0032107"	"receptor related process"	"0.330855071623924"
"4857"	"GO:0032108"	"multicellular organismal process"	"0.410934181499381"
"4858"	"GO:0032109"	"response to stimulus"	"0.360169827846122"
"4859"	"GO:0032113"	"metabolic process"	"0.763380792656763"
"4860"	"GO:0032119"	"cellular component organization"	"0.298158708150536"
"4861"	"GO:0032147"	"protein modification/signaling"	"+"
"4862"	"GO:0032148"	"protein modification/signaling"	"0.825024494621359"
"4863"	"GO:0032182"	"protein modification/signaling"	"+"
"4864"	"GO:0032185"	"cellular component organization"	"0.954515181133813"
"4865"	"GO:0032194"	"metabolic process"	"0.968219952660928"
"4866"	"GO:0032196"	"gene regulation"	"0.573419609099175"
"4867"	"GO:0032197"	"gene regulation"	"0.718893877184577"
"4868"	"GO:0032200"	"cell cycle"	"+"
"4869"	"GO:0032201"	"cell cycle"	"0.825292380837938"
"4870"	"GO:0032202"	"cellular component organization"	"0.509194991624992"
"4871"	"GO:0032203"	"cellular component organization"	"0.453589570885826"
"4872"	"GO:0032204"	"cell cycle"	"+"
"4873"	"GO:0032205"	"cell cycle"	"0.927315138903"
"4874"	"GO:0032206"	"cell cycle"	"0.984604747328128"
"4875"	"GO:0032207"	"cell cycle"	"0.904074849305372"
"4876"	"GO:0032208"	"cell cycle"	"0.850641200335626"
"4877"	"GO:0032210"	"cell cycle"	"0.966661552000511"
"4878"	"GO:0032211"	"cell cycle"	"0.922113552460187"
"4879"	"GO:0032212"	"cell cycle"	"+"
"4880"	"GO:0032213"	"cell cycle"	"0.972131928200516"
"4881"	"GO:0032214"	"cell cycle"	"0.949097787198256"
"4882"	"GO:0032218"	"transport"	"0.845271205715208"
"4883"	"GO:0032222"	"neural related process"	"0.921002635475609"
"4884"	"GO:0032223"	"neural related process"	"0.880875930919393"
"4885"	"GO:0032224"	"neural related process"	"0.912993967461372"
"4886"	"GO:0032225"	"neural related process"	"0.877186934164246"
"4887"	"GO:0032226"	"neural related process"	"0.909381083944628"
"4888"	"GO:0032227"	"neural related process"	"0.762715630874084"
"4889"	"GO:0032228"	"neural related process"	"0.942580992723621"
"4890"	"GO:0032229"	"neural related process"	"0.883432336945352"
"4891"	"GO:0032230"	"neural related process"	"0.953235042334075"
"4892"	"GO:0032231"	"cellular component organization"	"0.935921200387331"
"4893"	"GO:0032232"	"cellular component organization"	"0.926762748606733"
"4894"	"GO:0032233"	"cellular component organization"	"0.943201686083326"
"4895"	"GO:0032237"	"transport"	"0.251427009000477"
"4896"	"GO:0032238"	"transport"	"0.913645118507247"
"4897"	"GO:0032239"	"transport"	"+"
"4898"	"GO:0032240"	"transport"	"0.917452789605969"
"4899"	"GO:0032241"	"transport"	"0.937809227968371"
"4900"	"GO:0032242"	"transport"	"0.842416128438634"
"4901"	"GO:0032243"	"transport"	"0.770543819678147"
"4902"	"GO:0032244"	"transport"	"0.666092586742458"
"4903"	"GO:0032252"	"neural related process"	"0.663193847805154"
"4904"	"GO:0032253"	"neural related process"	"0.633853177236871"
"4905"	"GO:0032259"	"metabolic process"	"0.794655916192717"
"4906"	"GO:0032261"	"metabolic process"	"0.857560687741097"
"4907"	"GO:0032262"	"metabolic process"	"0.892387304630638"
"4908"	"GO:0032263"	"metabolic process"	"0.769608102236065"
"4909"	"GO:0032264"	"metabolic process"	"0.839461527107607"
"4910"	"GO:0032266"	"protein modification/signaling"	"+"
"4911"	"GO:0032271"	"cellular component organization"	"0.983241777687418"
"4912"	"GO:0032272"	"cellular component organization"	"+"
"4913"	"GO:0032273"	"cellular component organization"	"0.966058748892051"
"4914"	"GO:0032274"	"multicellular organismal process"	"0.81496802701816"
"4915"	"GO:0032275"	"transport"	"0.401919918263143"
"4916"	"GO:0032276"	"multicellular organismal process"	"0.495369471664638"
"4917"	"GO:0032277"	"transport"	"0.47197783356701"
"4918"	"GO:0032278"	"transport"	"0.598226449639107"
"4919"	"GO:0032286"	"cellular component organization"	"0.514117304923062"
"4920"	"GO:0032287"	"cellular component organization"	"0.728814239533082"
"4921"	"GO:0032288"	"neural related process"	"0.285837382649246"
"4922"	"GO:0032289"	"neural related process"	"0.671068118193559"
"4923"	"GO:0032290"	"neural related process"	"0.614646096539682"
"4924"	"GO:0032291"	"neural related process"	"0.9825583018302"
"4925"	"GO:0032292"	"neural related process"	"0.958829586590992"
"4926"	"GO:0032298"	"cell cycle"	"0.820982998520176"
"4927"	"GO:0032303"	"transport"	"+"
"4928"	"GO:0032304"	"transport"	"0.851224902991805"
"4929"	"GO:0032305"	"transport"	"+"
"4930"	"GO:0032306"	"transport"	"0.897804464844317"
"4931"	"GO:0032307"	"transport"	"0.770216849427193"
"4932"	"GO:0032308"	"transport"	"0.740325599661803"
"4933"	"GO:0032309"	"transport"	"0.804936997233394"
"4934"	"GO:0032310"	"transport"	"0.646666735753971"
"4935"	"GO:0032324"	"metabolic process"	"0.916437740020997"
"4936"	"GO:0032328"	"transport"	"0.932963870122547"
"4937"	"GO:0032329"	"transport"	"+"
"4938"	"GO:0032330"	"morphogenesis/development"	"+"
"4939"	"GO:0032331"	"morphogenesis/development"	"0.942109641462903"
"4940"	"GO:0032332"	"morphogenesis/development"	"0.972146660457888"
"4941"	"GO:0032341"	"metabolic process"	"0.773034340710144"
"4942"	"GO:0032342"	"metabolic process"	"0.808018869935168"
"4943"	"GO:0032344"	"metabolic process"	"0.930195397733788"
"4944"	"GO:0032345"	"metabolic process"	"0.9375122583903"
"4945"	"GO:0032346"	"metabolic process"	"0.953810393444546"
"4946"	"GO:0032347"	"metabolic process"	"0.898708064304755"
"4947"	"GO:0032348"	"metabolic process"	"0.891568381955145"
"4948"	"GO:0032349"	"metabolic process"	"0.919283227095356"
"4949"	"GO:0032350"	"metabolic process"	"+"
"4950"	"GO:0032351"	"metabolic process"	"0.952030784314317"
"4951"	"GO:0032352"	"metabolic process"	"0.938884359149136"
"4952"	"GO:0032353"	"metabolic process"	"0.955972644007503"
"4953"	"GO:0032354"	"response to stimulus"	"0.95247102003524"
"4954"	"GO:0032355"	"response to stimulus"	"+"
"4955"	"GO:0032361"	"metabolic process"	"0.957914300217693"
"4956"	"GO:0032364"	"other"	"0.381766905361226"
"4957"	"GO:0032365"	"transport"	"+"
"4958"	"GO:0032366"	"transport"	"+"
"4959"	"GO:0032367"	"transport"	"+"
"4960"	"GO:0032368"	"transport"	"+"
"4961"	"GO:0032369"	"transport"	"+"
"4962"	"GO:0032370"	"transport"	"+"
"4963"	"GO:0032371"	"transport"	"0.923695989016008"
"4964"	"GO:0032372"	"transport"	"0.895991542875871"
"4965"	"GO:0032373"	"transport"	"0.945655910500921"
"4966"	"GO:0032374"	"transport"	"0.925918412971568"
"4967"	"GO:0032375"	"transport"	"0.928847747015059"
"4968"	"GO:0032376"	"transport"	"0.925723289321008"
"4969"	"GO:0032377"	"transport"	"0.90646813573693"
"4970"	"GO:0032378"	"transport"	"0.700707153707412"
"4971"	"GO:0032379"	"transport"	"0.687608663851836"
"4972"	"GO:0032380"	"transport"	"0.913401370027043"
"4973"	"GO:0032381"	"transport"	"0.665847133144665"
"4974"	"GO:0032382"	"transport"	"0.69518204849013"
"4975"	"GO:0032383"	"transport"	"0.907132418868493"
"4976"	"GO:0032384"	"transport"	"0.792639900536941"
"4977"	"GO:0032385"	"transport"	"0.798295445474052"
"4978"	"GO:0032386"	"transport"	"+"
"4979"	"GO:0032387"	"transport"	"+"
"4980"	"GO:0032388"	"transport"	"+"
"4981"	"GO:0032392"	"cell cycle"	"+"
"4982"	"GO:0032400"	"transport"	"0.809552062215673"
"4983"	"GO:0032401"	"transport"	"0.79476254690431"
"4984"	"GO:0032402"	"transport"	"+"
"4985"	"GO:0032409"	"transport"	"+"
"4986"	"GO:0032410"	"transport"	"0.862799464058916"
"4987"	"GO:0032411"	"transport"	"0.871817156566743"
"4988"	"GO:0032412"	"transport"	"0.684200104255934"
"4989"	"GO:0032413"	"transport"	"0.777557278629716"
"4990"	"GO:0032414"	"transport"	"0.566600126802514"
"4991"	"GO:0032415"	"transport"	"0.512141793622433"
"4992"	"GO:0032417"	"transport"	"0.362555969534432"
"4993"	"GO:0032418"	"cellular component organization"	"0.40853136765004"
"4994"	"GO:0032423"	"stress response"	"0.76823658342389"
"4995"	"GO:0032425"	"stress response"	"0.747177213878696"
"4996"	"GO:0032429"	"metabolic process"	"+"
"4997"	"GO:0032430"	"metabolic process"	"0.915954571920374"
"4998"	"GO:0032431"	"metabolic process"	"0.863628403222243"
"4999"	"GO:0032434"	"metabolic process"	"0.942050678228061"
"5000"	"GO:0032435"	"metabolic process"	"0.881929004553104"
"5001"	"GO:0032436"	"metabolic process"	"+"
"5002"	"GO:0032438"	"cellular component organization"	"0.284127116656993"
"5003"	"GO:0032446"	"protein modification/signaling"	"+"
"5004"	"GO:0032447"	"protein modification/signaling"	"0.88879440146345"
"5005"	"GO:0032456"	"transport"	"+"
"5006"	"GO:0032458"	"ER/endosome/lysosome related process"	"0.979486685903116"
"5007"	"GO:0032459"	"cellular component organization"	"0.92451258391774"
"5008"	"GO:0032460"	"cellular component organization"	"0.862193632986753"
"5009"	"GO:0032461"	"cellular component organization"	"0.921493698202777"
"5010"	"GO:0032462"	"cellular component organization"	"0.859787800355708"
"5011"	"GO:0032463"	"cellular component organization"	"0.835441208523015"
"5012"	"GO:0032464"	"cellular component organization"	"0.853556714847348"
"5013"	"GO:0032465"	"cell cycle"	"+"
"5014"	"GO:0032466"	"cell cycle"	"0.958508368803935"
"5015"	"GO:0032467"	"cell cycle"	"+"
"5016"	"GO:0032468"	"ER/endosome/lysosome related process"	"0.605051219763089"
"5017"	"GO:0032469"	"ER/endosome/lysosome related process"	"+"
"5018"	"GO:0032470"	"ER/endosome/lysosome related process"	"0.831680230101689"
"5019"	"GO:0032471"	"ER/endosome/lysosome related process"	"0.777986268355858"
"5020"	"GO:0032472"	"ER/endosome/lysosome related process"	"0.956670113685721"
"5021"	"GO:0032474"	"morphogenesis/development"	"0.885971992719196"
"5022"	"GO:0032475"	"morphogenesis/development"	"0.949488790908441"
"5023"	"GO:0032479"	"immune system process"	"+"
"5024"	"GO:0032480"	"immune system process"	"+"
"5025"	"GO:0032481"	"immune system process"	"+"
"5026"	"GO:0032482"	"protein modification/signaling"	"0.745282413274635"
"5027"	"GO:0032483"	"protein modification/signaling"	"0.922693144002524"
"5028"	"GO:0032484"	"protein modification/signaling"	"0.963081808408038"
"5029"	"GO:0032485"	"protein modification/signaling"	"0.953405709547259"
"5030"	"GO:0032486"	"protein modification/signaling"	"+"
"5031"	"GO:0032487"	"protein modification/signaling"	"0.898753241884155"
"5032"	"GO:0032488"	"protein modification/signaling"	"0.787961906295063"
"5033"	"GO:0032489"	"protein modification/signaling"	"0.877920096923906"
"5034"	"GO:0032490"	"response to stimulus"	"0.604521877889242"
"5035"	"GO:0032491"	"response to stimulus"	"0.466100611804613"
"5036"	"GO:0032493"	"response to stimulus"	"0.764534700055143"
"5037"	"GO:0032494"	"response to stimulus"	"0.477158276466227"
"5038"	"GO:0032495"	"response to stimulus"	"+"
"5039"	"GO:0032496"	"immune system process"	"+"
"5040"	"GO:0032497"	"immune system process"	"0.468820232506924"
"5041"	"GO:0032498"	"response to stimulus"	"0.680427567589281"
"5042"	"GO:0032499"	"response to stimulus"	"0.474813588924588"
"5043"	"GO:0032506"	"cell cycle"	"0.630092254520205"
"5044"	"GO:0032507"	"cellular component organization"	"0.870022573363395"
"5045"	"GO:0032508"	"cell cycle"	"+"
"5046"	"GO:0032509"	"ER/endosome/lysosome related process"	"0.959827212560491"
"5047"	"GO:0032510"	"ER/endosome/lysosome related process"	"0.968694680770366"
"5048"	"GO:0032525"	"morphogenesis/development"	"0.934023867850769"
"5049"	"GO:0032526"	"response to stimulus"	"+"
"5050"	"GO:0032527"	"ER/endosome/lysosome related process"	"+"
"5051"	"GO:0032528"	"cellular component organization"	"+"
"5052"	"GO:0032530"	"cellular component organization"	"+"
"5053"	"GO:0032532"	"cellular component organization"	"0.976668613876914"
"5054"	"GO:0032534"	"cellular component organization"	"0.939503087510418"
"5055"	"GO:0032535"	"cellular component organization"	"+"
"5056"	"GO:0032536"	"cellular component organization"	"+"
"5057"	"GO:0032543"	"gene regulation"	"+"
"5058"	"GO:0032559"	"metabolic process"	"+"
"5059"	"GO:0032570"	"response to stimulus"	"+"
"5060"	"GO:0032571"	"response to stimulus"	"0.927538986078019"
"5061"	"GO:0032581"	"ER/endosome/lysosome related process"	"0.554039027640857"
"5062"	"GO:0032587"	"cellular component organization"	"+"
"5063"	"GO:0032589"	"neural related process"	"+"
"5064"	"GO:0032594"	"transport"	"0.57885225702979"
"5065"	"GO:0032595"	"ER/endosome/lysosome related process"	"0.482810648305487"
"5066"	"GO:0032596"	"transport"	"0.502425084065217"
"5067"	"GO:0032597"	"transport"	"0.493593699187938"
"5068"	"GO:0032599"	"ER/endosome/lysosome related process"	"0.369789252151667"
"5069"	"GO:0032600"	"ER/endosome/lysosome related process"	"0.468500305663998"
"5070"	"GO:0032601"	"immune system process"	"0.592634790697377"
"5071"	"GO:0032602"	"immune system process"	"+"
"5072"	"GO:0032603"	"immune system process"	"0.80275015659255"
"5073"	"GO:0032604"	"immune system process"	"0.834098169649574"
"5074"	"GO:0032605"	"immune system process"	"0.355065418020932"
"5075"	"GO:0032606"	"immune system process"	"+"
"5076"	"GO:0032607"	"immune system process"	"+"
"5077"	"GO:0032608"	"immune system process"	"+"
"5078"	"GO:0032609"	"immune system process"	"+"
"5079"	"GO:0032610"	"immune system process"	"0.865202767025555"
"5080"	"GO:0032611"	"immune system process"	"+"
"5081"	"GO:0032612"	"immune system process"	"+"
"5082"	"GO:0032613"	"immune system process"	"+"
"5083"	"GO:0032615"	"immune system process"	"+"
"5084"	"GO:0032616"	"immune system process"	"+"
"5085"	"GO:0032618"	"immune system process"	"0.949475815984367"
"5086"	"GO:0032619"	"immune system process"	"0.850862324816794"
"5087"	"GO:0032620"	"immune system process"	"+"
"5088"	"GO:0032621"	"immune system process"	"0.938232527076186"
"5089"	"GO:0032623"	"immune system process"	"+"
"5090"	"GO:0032625"	"immune system process"	"0.885455795175134"
"5091"	"GO:0032627"	"immune system process"	"0.898056019241362"
"5092"	"GO:0032632"	"immune system process"	"0.959668623754447"
"5093"	"GO:0032633"	"immune system process"	"+"
"5094"	"GO:0032634"	"immune system process"	"+"
"5095"	"GO:0032635"	"immune system process"	"+"
"5096"	"GO:0032637"	"immune system process"	"+"
"5097"	"GO:0032639"	"immune system process"	"0.927859573247132"
"5098"	"GO:0032640"	"immune system process"	"+"
"5099"	"GO:0032641"	"immune system process"	"0.968068013624753"
"5100"	"GO:0032642"	"immune system process"	"+"
"5101"	"GO:0032643"	"immune system process"	"0.651647101342665"
"5102"	"GO:0032644"	"immune system process"	"0.941803665296867"
"5103"	"GO:0032645"	"immune system process"	"0.928204361224968"
"5104"	"GO:0032646"	"immune system process"	"0.366921769836709"
"5105"	"GO:0032647"	"immune system process"	"+"
"5106"	"GO:0032648"	"immune system process"	"+"
"5107"	"GO:0032649"	"immune system process"	"+"
"5108"	"GO:0032650"	"immune system process"	"0.927283821649778"
"5109"	"GO:0032651"	"immune system process"	"+"
"5110"	"GO:0032652"	"immune system process"	"+"
"5111"	"GO:0032653"	"immune system process"	"+"
"5112"	"GO:0032655"	"immune system process"	"+"
"5113"	"GO:0032656"	"immune system process"	"+"
"5114"	"GO:0032658"	"immune system process"	"0.965042213226321"
"5115"	"GO:0032659"	"immune system process"	"0.956256470462288"
"5116"	"GO:0032660"	"immune system process"	"+"
"5117"	"GO:0032661"	"immune system process"	"0.969158218775757"
"5118"	"GO:0032663"	"immune system process"	"+"
"5119"	"GO:0032665"	"immune system process"	"0.929305219549875"
"5120"	"GO:0032667"	"immune system process"	"0.951903161719527"
"5121"	"GO:0032672"	"immune system process"	"0.981411443567844"
"5122"	"GO:0032673"	"immune system process"	"+"
"5123"	"GO:0032674"	"immune system process"	"+"
"5124"	"GO:0032675"	"immune system process"	"+"
"5125"	"GO:0032677"	"immune system process"	"+"
"5126"	"GO:0032679"	"immune system process"	"0.949006719401491"
"5127"	"GO:0032680"	"immune system process"	"+"
"5128"	"GO:0032681"	"immune system process"	"0.958827741691782"
"5129"	"GO:0032682"	"immune system process"	"+"
"5130"	"GO:0032683"	"immune system process"	"0.774437800300553"
"5131"	"GO:0032685"	"immune system process"	"0.891152206792406"
"5132"	"GO:0032686"	"immune system process"	"0.452357123492222"
"5133"	"GO:0032687"	"immune system process"	"0.988488666110778"
"5134"	"GO:0032688"	"immune system process"	"0.972784190645536"
"5135"	"GO:0032689"	"immune system process"	"+"
"5136"	"GO:0032690"	"immune system process"	"0.929987881774018"
"5137"	"GO:0032691"	"immune system process"	"+"
"5138"	"GO:0032692"	"immune system process"	"+"
"5139"	"GO:0032693"	"immune system process"	"0.989979141874541"
"5140"	"GO:0032695"	"immune system process"	"0.964662829459229"
"5141"	"GO:0032696"	"immune system process"	"0.979269775924534"
"5142"	"GO:0032700"	"immune system process"	"0.949989127264507"
"5143"	"GO:0032701"	"immune system process"	"0.962338242569139"
"5144"	"GO:0032703"	"immune system process"	"+"
"5145"	"GO:0032707"	"immune system process"	"0.937281124376119"
"5146"	"GO:0032712"	"immune system process"	"0.960085292998739"
"5147"	"GO:0032713"	"immune system process"	"0.947693884296946"
"5148"	"GO:0032714"	"immune system process"	"0.984538477764112"
"5149"	"GO:0032715"	"immune system process"	"0.960139953098582"
"5150"	"GO:0032717"	"immune system process"	"+"
"5151"	"GO:0032720"	"immune system process"	"0.89337818977389"
"5152"	"GO:0032722"	"immune system process"	"+"
"5153"	"GO:0032723"	"immune system process"	"0.583883869333299"
"5154"	"GO:0032724"	"immune system process"	"0.906395111586708"
"5155"	"GO:0032725"	"immune system process"	"0.876566100135607"
"5156"	"GO:0032727"	"immune system process"	"+"
"5157"	"GO:0032728"	"immune system process"	"+"
"5158"	"GO:0032729"	"immune system process"	"+"
"5159"	"GO:0032730"	"immune system process"	"0.882421578951914"
"5160"	"GO:0032731"	"immune system process"	"+"
"5161"	"GO:0032732"	"immune system process"	"+"
"5162"	"GO:0032733"	"immune system process"	"+"
"5163"	"GO:0032735"	"immune system process"	"+"
"5164"	"GO:0032736"	"immune system process"	"0.986293985673457"
"5165"	"GO:0032738"	"immune system process"	"0.967166974027865"
"5166"	"GO:0032739"	"immune system process"	"0.9464071499498"
"5167"	"GO:0032740"	"immune system process"	"+"
"5168"	"GO:0032741"	"immune system process"	"0.947804800648003"
"5169"	"GO:0032743"	"immune system process"	"+"
"5170"	"GO:0032745"	"immune system process"	"0.933053847884726"
"5171"	"GO:0032747"	"immune system process"	"0.969546392996685"
"5172"	"GO:0032752"	"immune system process"	"0.944455168413836"
"5173"	"GO:0032753"	"immune system process"	"+"
"5174"	"GO:0032754"	"immune system process"	"0.97497171862327"
"5175"	"GO:0032755"	"immune system process"	"+"
"5176"	"GO:0032757"	"immune system process"	"+"
"5177"	"GO:0032759"	"immune system process"	"0.95221500122421"
"5178"	"GO:0032760"	"immune system process"	"+"
"5179"	"GO:0032761"	"immune system process"	"0.949654152921871"
"5180"	"GO:0032762"	"immune system process"	"0.966041875223326"
"5181"	"GO:0032763"	"immune system process"	"0.966732528776379"
"5182"	"GO:0032764"	"immune system process"	"0.962722922660122"
"5183"	"GO:0032765"	"immune system process"	"0.968622672261189"
"5184"	"GO:0032768"	"metabolic process"	"+"
"5185"	"GO:0032769"	"metabolic process"	"0.735058544906941"
"5186"	"GO:0032770"	"metabolic process"	"+"
"5187"	"GO:0032771"	"metabolic process"	"0.387338471015064"
"5188"	"GO:0032773"	"metabolic process"	"0.338090243294708"
"5189"	"GO:0032774"	"gene regulation"	"+"
"5190"	"GO:0032780"	"other"	"0.279551913623521"
"5191"	"GO:0032781"	"metabolic process"	"+"
"5192"	"GO:0032782"	"transport"	"0.750360456884382"
"5193"	"GO:0032784"	"gene regulation"	"+"
"5194"	"GO:0032785"	"gene regulation"	"0.902806005292292"
"5195"	"GO:0032786"	"gene regulation"	"+"
"5196"	"GO:0032787"	"metabolic process"	"+"
"5197"	"GO:0032788"	"metabolic process"	"0.918290915101003"
"5198"	"GO:0032789"	"metabolic process"	"0.953720196370277"
"5199"	"GO:0032790"	"cellular component organization"	"0.579303103047825"
"5200"	"GO:0032792"	"gene regulation"	"0.955285528215909"
"5201"	"GO:0032793"	"gene regulation"	"0.857646462702968"
"5202"	"GO:0032796"	"cellular component organization"	"0.697127828093898"
"5203"	"GO:0032799"	"metabolic process"	"0.92297663563912"
"5204"	"GO:0032801"	"metabolic process"	"+"
"5205"	"GO:0032802"	"metabolic process"	"0.847698960595142"
"5206"	"GO:0032803"	"metabolic process"	"0.866697520771319"
"5207"	"GO:0032804"	"metabolic process"	"0.738593583265399"
"5208"	"GO:0032805"	"metabolic process"	"0.884449165913332"
"5209"	"GO:0032808"	"morphogenesis/development"	"0.988252626567449"
"5210"	"GO:0032811"	"transport"	"0.444226171184539"
"5211"	"GO:0032812"	"transport"	"0.529272144307347"
"5212"	"GO:0032813"	"receptor related process"	"+"
"5213"	"GO:0032814"	"immune system process"	"+"
"5214"	"GO:0032815"	"immune system process"	"0.976447757179019"
"5215"	"GO:0032816"	"immune system process"	"+"
"5216"	"GO:0032817"	"immune system process"	"0.970776540192793"
"5217"	"GO:0032819"	"immune system process"	"0.974430359118374"
"5218"	"GO:0032823"	"immune system process"	"0.945972100884305"
"5219"	"GO:0032824"	"immune system process"	"0.95589684341814"
"5220"	"GO:0032825"	"immune system process"	"0.922595369556146"
"5221"	"GO:0032826"	"immune system process"	"0.958533836525661"
"5222"	"GO:0032827"	"immune system process"	"0.957088633915174"
"5223"	"GO:0032829"	"immune system process"	"0.919593978690042"
"5224"	"GO:0032831"	"immune system process"	"0.881703031813124"
"5225"	"GO:0032832"	"immune system process"	"0.886934855252832"
"5226"	"GO:0032834"	"immune system process"	"0.817059858509609"
"5227"	"GO:0032835"	"morphogenesis/development"	"+"
"5228"	"GO:0032836"	"morphogenesis/development"	"0.657720408473768"
"5229"	"GO:0032847"	"ER/endosome/lysosome related process"	"0.625173834075324"
"5230"	"GO:0032848"	"ER/endosome/lysosome related process"	"0.463862773956156"
"5231"	"GO:0032849"	"ER/endosome/lysosome related process"	"0.600415891002161"
"5232"	"GO:0032868"	"response to stimulus"	"+"
"5233"	"GO:0032869"	"response to stimulus"	"+"
"5234"	"GO:0032870"	"response to stimulus"	"0.951605992609671"
"5235"	"GO:0032872"	"stress response"	"+"
"5236"	"GO:0032873"	"stress response"	"0.818258958027913"
"5237"	"GO:0032874"	"stress response"	"+"
"5238"	"GO:0032875"	"cell cycle"	"0.990018452282716"
"5239"	"GO:0032876"	"cell cycle"	"0.925079150082851"
"5240"	"GO:0032877"	"cell cycle"	"0.977643386412432"
"5241"	"GO:0032878"	"cellular component organization"	"0.886343389263708"
"5242"	"GO:0032879"	"cellular component organization"	"0.486260923284184"
"5243"	"GO:0032880"	"cellular component organization"	"0.909382801001005"
"5244"	"GO:0032881"	"metabolic process"	"0.943312113503587"
"5245"	"GO:0032885"	"metabolic process"	"0.92473051516453"
"5246"	"GO:0032886"	"other"	"+"
"5247"	"GO:0032887"	"cell cycle"	"0.983928567939589"
"5248"	"GO:0032888"	"cell cycle"	"0.979572296969457"
"5249"	"GO:0032890"	"transport"	"+"
"5250"	"GO:0032891"	"transport"	"0.894770150108486"
"5251"	"GO:0032892"	"transport"	"0.819104343391875"
"5252"	"GO:0032897"	"viral related process"	"0.785351409121964"
"5253"	"GO:0032898"	"neural related process"	"0.259577958038155"
"5254"	"GO:0032899"	"neural related process"	"0.266671389209901"
"5255"	"GO:0032900"	"multicellular organismal process"	"0.534829371158184"
"5256"	"GO:0032901"	"immune system process"	"0.249454610884046"
"5257"	"GO:0032902"	"neural related process"	"0.317634965090494"
"5258"	"GO:0032905"	"immune system process"	"0.93020127589902"
"5259"	"GO:0032906"	"immune system process"	"0.622901416052224"
"5260"	"GO:0032907"	"immune system process"	"0.847704350208613"
"5261"	"GO:0032908"	"immune system process"	"0.885868343039568"
"5262"	"GO:0032909"	"immune system process"	"0.667448932952223"
"5263"	"GO:0032910"	"immune system process"	"0.947828743879126"
"5264"	"GO:0032911"	"immune system process"	"0.892520636699048"
"5265"	"GO:0032912"	"immune system process"	"0.827337279096414"
"5266"	"GO:0032913"	"immune system process"	"0.900090631417991"
"5267"	"GO:0032914"	"immune system process"	"0.922244735672925"
"5268"	"GO:0032915"	"immune system process"	"0.728211095029864"
"5269"	"GO:0032916"	"immune system process"	"0.863557045617382"
"5270"	"GO:0032917"	"metabolic process"	"0.932318755045548"
"5271"	"GO:0032918"	"metabolic process"	"0.936503664141792"
"5272"	"GO:0032919"	"metabolic process"	"0.847712271366297"
"5273"	"GO:0032920"	"metabolic process"	"0.933367322765906"
"5274"	"GO:0032922"	"gene regulation"	"+"
"5275"	"GO:0032924"	"protein modification/signaling"	"0.649804320017517"
"5276"	"GO:0032925"	"receptor related process"	"0.498274963000926"
"5277"	"GO:0032926"	"protein modification/signaling"	"0.537682127118218"
"5278"	"GO:0032927"	"protein modification/signaling"	"0.54794942408944"
"5279"	"GO:0032928"	"response to stimulus"	"0.790424852647814"
"5280"	"GO:0032929"	"immune system process"	"0.40136150593047"
"5281"	"GO:0032930"	"response to stimulus"	"+"
"5282"	"GO:0032933"	"stress response"	"+"
"5283"	"GO:0032934"	"other"	"+"
"5284"	"GO:0032938"	"stress response"	"0.881045942962815"
"5285"	"GO:0032940"	"transport"	"0.87127279191503"
"5286"	"GO:0032941"	"multicellular organismal process"	"0.622189828893201"
"5287"	"GO:0032943"	"immune system process"	"+"
"5288"	"GO:0032944"	"immune system process"	"+"
"5289"	"GO:0032945"	"immune system process"	"+"
"5290"	"GO:0032946"	"immune system process"	"+"
"5291"	"GO:0032954"	"cell cycle"	"0.864421124144828"
"5292"	"GO:0032956"	"cellular component organization"	"+"
"5293"	"GO:0032957"	"metabolic process"	"0.920220944125258"
"5294"	"GO:0032958"	"metabolic process"	"0.924401934670361"
"5295"	"GO:0032959"	"metabolic process"	"0.896066388717873"
"5296"	"GO:0032960"	"metabolic process"	"0.929878475871603"
"5297"	"GO:0032962"	"metabolic process"	"0.91151792802564"
"5298"	"GO:0032963"	"metabolic process"	"+"
"5299"	"GO:0032964"	"metabolic process"	"0.916045209200271"
"5300"	"GO:0032965"	"metabolic process"	"+"
"5301"	"GO:0032966"	"metabolic process"	"0.893604591378941"
"5302"	"GO:0032967"	"metabolic process"	"0.895409559845899"
"5303"	"GO:0032968"	"gene regulation"	"+"
"5304"	"GO:0032970"	"cellular component organization"	"+"
"5305"	"GO:0032971"	"transport"	"0.539099269389449"
"5306"	"GO:0032972"	"transport"	"0.408768004523401"
"5307"	"GO:0032973"	"transport"	"0.89165580932005"
"5308"	"GO:0032974"	"ER/endosome/lysosome related process"	"0.51541501894648"
"5309"	"GO:0032976"	"cell death"	"0.387155294959517"
"5310"	"GO:0032978"	"transport"	"0.368721052046486"
"5311"	"GO:0032979"	"cellular component organization"	"0.349048427741282"
"5312"	"GO:0032980"	"immune system process"	"0.553544837203676"
"5313"	"GO:0032981"	"cellular component organization"	"+"
"5314"	"GO:0032984"	"cellular component organization"	"+"
"5315"	"GO:0032986"	"gene regulation"	"+"
"5316"	"GO:0032988"	"cellular component organization"	"0.798239611510703"
"5317"	"GO:0032989"	"neural related process"	"0.629763828570833"
"5318"	"GO:0032993"	"gene regulation"	"+"
"5319"	"GO:0033002"	"cell cycle"	"+"
"5320"	"GO:0033003"	"immune system process"	"0.983676728597449"
"5321"	"GO:0033004"	"immune system process"	"0.973607026244966"
"5322"	"GO:0033005"	"immune system process"	"0.861742410099438"
"5323"	"GO:0033006"	"immune system process"	"0.969814475165575"
"5324"	"GO:0033007"	"immune system process"	"0.948095091864457"
"5325"	"GO:0033008"	"immune system process"	"0.93673334629079"
"5326"	"GO:0033013"	"metabolic process"	"+"
"5327"	"GO:0033014"	"metabolic process"	"0.92021194264256"
"5328"	"GO:0033015"	"metabolic process"	"0.949631273672471"
"5329"	"GO:0033023"	"immune system process"	"0.905796269698077"
"5330"	"GO:0033024"	"cell death"	"0.386409148940307"
"5331"	"GO:0033025"	"cell death"	"0.595515353053934"
"5332"	"GO:0033026"	"cell death"	"0.520067490970344"
"5333"	"GO:0033027"	"cell death"	"0.51154224789677"
"5334"	"GO:0033028"	"cell death"	"0.826611833951622"
"5335"	"GO:0033029"	"cell death"	"0.575657741094796"
"5336"	"GO:0033030"	"cell death"	"0.555128527413662"
"5337"	"GO:0033031"	"cell death"	"0.504020462818525"
"5338"	"GO:0033032"	"cell death"	"0.901922245433111"
"5339"	"GO:0033033"	"cell death"	"0.936384231453632"
"5340"	"GO:0033034"	"cell death"	"0.796543558642447"
"5341"	"GO:0033036"	"transport"	"+"
"5342"	"GO:0033037"	"transport"	"0.858851173846491"
"5343"	"GO:0033038"	"receptor related process"	"+"
"5344"	"GO:0033043"	"cellular component organization"	"0.95483913032465"
"5345"	"GO:0033044"	"cell cycle"	"+"
"5346"	"GO:0033045"	"cell cycle"	"+"
"5347"	"GO:0033046"	"cell cycle"	"+"
"5348"	"GO:0033047"	"cell cycle"	"+"
"5349"	"GO:0033048"	"cell cycle"	"+"
"5350"	"GO:0033058"	"other"	"0.357710290798813"
"5351"	"GO:0033059"	"morphogenesis/development"	"+"
"5352"	"GO:0033076"	"metabolic process"	"0.837242798264"
"5353"	"GO:0033077"	"immune system process"	"+"
"5354"	"GO:0033078"	"immune system process"	"0.874780595114616"
"5355"	"GO:0033079"	"immune system process"	"0.890766643097318"
"5356"	"GO:0033080"	"immune system process"	"0.895872482213736"
"5357"	"GO:0033081"	"immune system process"	"+"
"5358"	"GO:0033082"	"immune system process"	"0.950764639916513"
"5359"	"GO:0033083"	"immune system process"	"0.926047285577938"
"5360"	"GO:0033084"	"immune system process"	"0.923274823786457"
"5361"	"GO:0033085"	"immune system process"	"0.935751496750286"
"5362"	"GO:0033087"	"immune system process"	"0.906636444064116"
"5363"	"GO:0033088"	"immune system process"	"0.904366253586341"
"5364"	"GO:0033089"	"immune system process"	"0.929116659260142"
"5365"	"GO:0033091"	"immune system process"	"0.855872148007232"
"5366"	"GO:0033092"	"immune system process"	"0.874040756585912"
"5367"	"GO:0033108"	"cellular component organization"	"+"
"5368"	"GO:0033119"	"gene regulation"	"+"
"5369"	"GO:0033120"	"gene regulation"	"0.96886817224473"
"5370"	"GO:0033121"	"metabolic process"	"0.953887979180861"
"5371"	"GO:0033122"	"metabolic process"	"0.966455091573417"
"5372"	"GO:0033123"	"metabolic process"	"0.957964042060499"
"5373"	"GO:0033131"	"protein modification/signaling"	"0.515678698416042"
"5374"	"GO:0033132"	"protein modification/signaling"	"0.544344808107504"
"5375"	"GO:0033133"	"protein modification/signaling"	"0.479811348877691"
"5376"	"GO:0033135"	"protein modification/signaling"	"+"
"5377"	"GO:0033137"	"protein modification/signaling"	"0.915347687519214"
"5378"	"GO:0033138"	"protein modification/signaling"	"0.940402646923575"
"5379"	"GO:0033139"	"protein modification/signaling"	"0.950393742814648"
"5380"	"GO:0033140"	"protein modification/signaling"	"0.949456376853533"
"5381"	"GO:0033141"	"protein modification/signaling"	"0.909448431548381"
"5382"	"GO:0033143"	"receptor related process"	"+"
"5383"	"GO:0033144"	"receptor related process"	"0.798356578046495"
"5384"	"GO:0033145"	"receptor related process"	"0.704267223986191"
"5385"	"GO:0033146"	"receptor related process"	"+"
"5386"	"GO:0033147"	"receptor related process"	"0.821926318261018"
"5387"	"GO:0033148"	"receptor related process"	"0.764560972095792"
"5388"	"GO:0033151"	"immune system process"	"+"
"5389"	"GO:0033152"	"immune system process"	"0.840796684460512"
"5390"	"GO:0033153"	"immune system process"	"0.92277891641523"
"5391"	"GO:0033157"	"transport"	"+"
"5392"	"GO:0033173"	"protein modification/signaling"	"0.616550456289237"
"5393"	"GO:0033189"	"response to stimulus"	"0.767461120324591"
"5394"	"GO:0033194"	"stress response"	"0.647215432478184"
"5395"	"GO:0033197"	"response to stimulus"	"0.929064655994512"
"5396"	"GO:0033198"	"response to stimulus"	"0.905271434175624"
"5397"	"GO:0033206"	"cell cycle"	"0.958239463207594"
"5398"	"GO:0033209"	"immune system process"	"+"
"5399"	"GO:0033210"	"multicellular organismal process"	"0.19857146710382"
"5400"	"GO:0033211"	"receptor related process"	"0.712513602504025"
"5401"	"GO:0033212"	"transport"	"0.539643770186456"
"5402"	"GO:0033215"	"ER/endosome/lysosome related process"	"0.484583243660986"
"5403"	"GO:0033218"	"protein modification/signaling"	"+"
"5404"	"GO:0033227"	"transport"	"0.847262883716132"
"5405"	"GO:0033233"	"protein modification/signaling"	"0.958548568783153"
"5406"	"GO:0033234"	"protein modification/signaling"	"0.913465702842789"
"5407"	"GO:0033235"	"protein modification/signaling"	"0.935681737299951"
"5408"	"GO:0033238"	"metabolic process"	"0.829769403090842"
"5409"	"GO:0033239"	"metabolic process"	"0.936654977594627"
"5410"	"GO:0033240"	"metabolic process"	"0.947456330468934"
"5411"	"GO:0033241"	"metabolic process"	"0.901746084426193"
"5412"	"GO:0033242"	"metabolic process"	"0.936670331586768"
"5413"	"GO:0033260"	"cell cycle"	"+"
"5414"	"GO:0033262"	"cell cycle"	"+"
"5415"	"GO:0033273"	"response to stimulus"	"+"
"5416"	"GO:0033274"	"response to stimulus"	"0.855590625462822"
"5417"	"GO:0033275"	"cellular component organization"	"0.350445959843661"
"5418"	"GO:0033278"	"cell cycle"	"0.867418506794884"
"5419"	"GO:0033280"	"response to stimulus"	"+"
"5420"	"GO:0033292"	"cellular component organization"	"0.969639260562258"
"5421"	"GO:0033299"	"transport"	"0.518510356054522"
"5422"	"GO:0033301"	"cell cycle"	"0.985298945405321"
"5423"	"GO:0033306"	"metabolic process"	"0.985060910677044"
"5424"	"GO:0033313"	"cell cycle"	"0.978275041501678"
"5425"	"GO:0033314"	"cell cycle"	"0.978757220370411"
"5426"	"GO:0033316"	"cell cycle"	"0.859529564350251"
"5427"	"GO:0033319"	"metabolic process"	"0.982273760246575"
"5428"	"GO:0033320"	"metabolic process"	"0.949860647992193"
"5429"	"GO:0033326"	"multicellular organismal process"	"0.543343629353164"
"5430"	"GO:0033327"	"morphogenesis/development"	"0.956969247981955"
"5431"	"GO:0033341"	"protein modification/signaling"	"0.274525163180509"
"5432"	"GO:0033342"	"protein modification/signaling"	"0.376043127411146"
"5433"	"GO:0033344"	"transport"	"0.903228829342483"
"5434"	"GO:0033345"	"metabolic process"	"0.913280825059333"
"5435"	"GO:0033353"	"metabolic process"	"0.897729176753207"
"5436"	"GO:0033363"	"cellular component organization"	"0.543287280487324"
"5437"	"GO:0033364"	"ER/endosome/lysosome related process"	"0.832673544326079"
"5438"	"GO:0033365"	"transport"	"0.713596315312119"
"5439"	"GO:0033366"	"ER/endosome/lysosome related process"	"0.600376939188461"
"5440"	"GO:0033367"	"ER/endosome/lysosome related process"	"0.819362221174596"
"5441"	"GO:0033368"	"ER/endosome/lysosome related process"	"0.7126736272212"
"5442"	"GO:0033370"	"ER/endosome/lysosome related process"	"0.428026059613859"
"5443"	"GO:0033371"	"ER/endosome/lysosome related process"	"0.680564358824528"
"5444"	"GO:0033373"	"ER/endosome/lysosome related process"	"0.513174026781572"
"5445"	"GO:0033374"	"ER/endosome/lysosome related process"	"0.747660549668639"
"5446"	"GO:0033375"	"ER/endosome/lysosome related process"	"0.799400922968586"
"5447"	"GO:0033377"	"ER/endosome/lysosome related process"	"0.473936466228927"
"5448"	"GO:0033379"	"ER/endosome/lysosome related process"	"0.569016781046742"
"5449"	"GO:0033380"	"ER/endosome/lysosome related process"	"0.781716413632366"
"5450"	"GO:0033382"	"ER/endosome/lysosome related process"	"0.654642815654636"
"5451"	"GO:0033383"	"metabolic process"	"0.989961727094256"
"5452"	"GO:0033384"	"metabolic process"	"0.978525762750114"
"5453"	"GO:0033385"	"metabolic process"	"0.975885352210663"
"5454"	"GO:0033386"	"metabolic process"	"0.978559176824993"
"5455"	"GO:0033387"	"metabolic process"	"0.976344207579814"
"5456"	"GO:0033388"	"metabolic process"	"0.966465207132824"
"5457"	"GO:0033389"	"metabolic process"	"0.897153550965527"
"5458"	"GO:0033396"	"metabolic process"	"0.957622923259746"
"5459"	"GO:0033477"	"metabolic process"	"0.947626194745926"
"5460"	"GO:0033484"	"other"	"0.356169213742815"
"5461"	"GO:0033489"	"metabolic process"	"0.925685139720037"
"5462"	"GO:0033490"	"metabolic process"	"0.950235915774533"
"5463"	"GO:0033499"	"metabolic process"	"0.989153402299402"
"5464"	"GO:0033500"	"metabolic process"	"0.931026391022773"
"5465"	"GO:0033504"	"morphogenesis/development"	"0.986951474455986"
"5466"	"GO:0033505"	"morphogenesis/development"	"0.982389058673897"
"5467"	"GO:0033512"	"metabolic process"	"0.942692065643033"
"5468"	"GO:0033514"	"metabolic process"	"0.931850612430119"
"5469"	"GO:0033539"	"metabolic process"	"0.901387061765492"
"5470"	"GO:0033540"	"metabolic process"	"+"
"5471"	"GO:0033554"	"stress response"	"0.960020928858587"
"5472"	"GO:0033555"	"stress response"	"0.577895449741207"
"5473"	"GO:0033559"	"metabolic process"	"+"
"5474"	"GO:0033563"	"neural related process"	"0.615651220380155"
"5475"	"GO:0033564"	"neural related process"	"0.600195728004671"
"5476"	"GO:0033566"	"transport"	"0.569342486107987"
"5477"	"GO:0033567"	"cell cycle"	"0.619761036171079"
"5478"	"GO:0033572"	"transport"	"0.922133730003471"
"5479"	"GO:0033574"	"response to stimulus"	"0.906924699706712"
"5480"	"GO:0033590"	"response to stimulus"	"0.867204525618492"
"5481"	"GO:0033591"	"response to stimulus"	"0.845613976002552"
"5482"	"GO:0033594"	"response to stimulus"	"0.96470224253306"
"5483"	"GO:0033595"	"response to stimulus"	"0.904760170169131"
"5484"	"GO:0033598"	"cell cycle"	"0.784888096552952"
"5485"	"GO:0033599"	"cell cycle"	"0.933900877168769"
"5486"	"GO:0033600"	"cell cycle"	"0.912825971506645"
"5487"	"GO:0033601"	"cell cycle"	"0.626962013193644"
"5488"	"GO:0033602"	"transport"	"0.346670763983799"
"5489"	"GO:0033603"	"neural related process"	"0.271033136618934"
"5490"	"GO:0033604"	"transport"	"0.35425951865749"
"5491"	"GO:0033605"	"neural related process"	"0.462064442780776"
"5492"	"GO:0033606"	"ER/endosome/lysosome related process"	"0.450122822855802"
"5493"	"GO:0033609"	"metabolic process"	"0.98848209282748"
"5494"	"GO:0033615"	"cellular component organization"	"0.974721352792525"
"5495"	"GO:0033617"	"cellular component organization"	"0.980994438654179"
"5496"	"GO:0033619"	"metabolic process"	"+"
"5497"	"GO:0033622"	"cellular component organization"	"0.815086555455973"
"5498"	"GO:0033623"	"cellular component organization"	"+"
"5499"	"GO:0033624"	"cellular component organization"	"0.883571935358397"
"5500"	"GO:0033625"	"cellular component organization"	"0.560818496861446"
"5501"	"GO:0033626"	"receptor related process"	"0.472525209114611"
"5502"	"GO:0033627"	"cell adhesion"	"+"
"5503"	"GO:0033628"	"cell adhesion"	"+"
"5504"	"GO:0033629"	"cell adhesion"	"0.77130862165079"
"5505"	"GO:0033630"	"cell adhesion"	"0.75573880988764"
"5506"	"GO:0033631"	"cell adhesion"	"0.864306491331897"
"5507"	"GO:0033632"	"cell adhesion"	"0.852977385591134"
"5508"	"GO:0033633"	"cell adhesion"	"0.607309182153522"
"5509"	"GO:0033634"	"cell adhesion"	"0.646070736151515"
"5510"	"GO:0033673"	"protein modification/signaling"	"+"
"5511"	"GO:0033674"	"protein modification/signaling"	"+"
"5512"	"GO:0033684"	"transport"	"0.470300772677036"
"5513"	"GO:0033685"	"transport"	"0.525968495419879"
"5514"	"GO:0033686"	"transport"	"0.620427835072682"
"5515"	"GO:0033687"	"cell cycle"	"+"
"5516"	"GO:0033688"	"cell cycle"	"+"
"5517"	"GO:0033689"	"cell cycle"	"0.957212733579076"
"5518"	"GO:0033690"	"cell cycle"	"0.836473059270398"
"5519"	"GO:0033693"	"cellular component organization"	"0.891638639451664"
"5520"	"GO:0033696"	"cellular component organization"	"0.554469934590345"
"5521"	"GO:0033700"	"transport"	"0.621940388008353"
"5522"	"GO:0033750"	"transport"	"0.901647356356431"
"5523"	"GO:0033762"	"response to stimulus"	"0.96343249650881"
"5524"	"GO:0033860"	"metabolic process"	"0.863829873255497"
"5525"	"GO:0033861"	"metabolic process"	"0.702223922500064"
"5526"	"GO:0033864"	"metabolic process"	"0.884867225069022"
"5527"	"GO:0033865"	"metabolic process"	"0.972425913649456"
"5528"	"GO:0033866"	"metabolic process"	"0.946995561590771"
"5529"	"GO:0033869"	"metabolic process"	"0.96554854461088"
"5530"	"GO:0033875"	"metabolic process"	"0.973531272448435"
"5531"	"GO:0033962"	"cellular component organization"	"+"
"5532"	"GO:0033967"	"metabolic process"	"0.699318614280322"
"5533"	"GO:0033979"	"metabolic process"	"0.836689772631547"
"5534"	"GO:0033993"	"response to stimulus"	"+"
"5535"	"GO:0034014"	"response to stimulus"	"0.838125706320646"
"5536"	"GO:0034021"	"response to stimulus"	"0.938362403203398"
"5537"	"GO:0034030"	"metabolic process"	"0.944797840763102"
"5538"	"GO:0034031"	"metabolic process"	"0.974231337165004"
"5539"	"GO:0034032"	"metabolic process"	"0.973010330170359"
"5540"	"GO:0034033"	"metabolic process"	"0.942860755534759"
"5541"	"GO:0034034"	"metabolic process"	"0.967501344055834"
"5542"	"GO:0034035"	"metabolic process"	"0.946985344150387"
"5543"	"GO:0034036"	"metabolic process"	"0.958769375590976"
"5544"	"GO:0034050"	"stress response"	"0.408221881309274"
"5545"	"GO:0034058"	"ER/endosome/lysosome related process"	"0.576649576218954"
"5546"	"GO:0034059"	"stress response"	"0.844429974047591"
"5547"	"GO:0034063"	"stress response"	"+"
"5548"	"GO:0034080"	"cellular component organization"	"0.757925754060912"
"5549"	"GO:0034085"	"cell cycle"	"+"
"5550"	"GO:0034086"	"cell cycle"	"0.994355488741797"
"5551"	"GO:0034087"	"cell cycle"	"0.980364269655777"
"5552"	"GO:0034088"	"cell cycle"	"0.995210869126728"
"5553"	"GO:0034089"	"cell cycle"	"0.986323252743684"
"5554"	"GO:0034091"	"cell cycle"	"0.990388508869614"
"5555"	"GO:0034092"	"cell cycle"	"0.956618955005871"
"5556"	"GO:0034093"	"cell cycle"	"0.988539673088555"
"5557"	"GO:0034097"	"immune system process"	"+"
"5558"	"GO:0034101"	"multicellular organismal process"	"+"
"5559"	"GO:0034103"	"multicellular organismal process"	"0.686537815060576"
"5560"	"GO:0034104"	"multicellular organismal process"	"+"
"5561"	"GO:0034105"	"multicellular organismal process"	"0.812580741227297"
"5562"	"GO:0034109"	"cell adhesion"	"+"
"5563"	"GO:0034110"	"cell adhesion"	"+"
"5564"	"GO:0034111"	"cell adhesion"	"0.798290106675077"
"5565"	"GO:0034112"	"cell adhesion"	"+"
"5566"	"GO:0034113"	"cell adhesion"	"+"
"5567"	"GO:0034114"	"cell adhesion"	"0.818578121563641"
"5568"	"GO:0034115"	"cell adhesion"	"0.732149450446614"
"5569"	"GO:0034116"	"cell adhesion"	"0.605230902080059"
"5570"	"GO:0034121"	"immune system process"	"+"
"5571"	"GO:0034122"	"immune system process"	"0.959037708953298"
"5572"	"GO:0034123"	"immune system process"	"0.749310784371429"
"5573"	"GO:0034124"	"immune system process"	"0.934274077964737"
"5574"	"GO:0034125"	"immune system process"	"0.855964057225268"
"5575"	"GO:0034127"	"immune system process"	"0.890656402636795"
"5576"	"GO:0034128"	"immune system process"	"0.864903098161007"
"5577"	"GO:0034134"	"immune system process"	"+"
"5578"	"GO:0034135"	"immune system process"	"0.974882848476136"
"5579"	"GO:0034136"	"immune system process"	"0.943564087099768"
"5580"	"GO:0034137"	"immune system process"	"0.946837060463123"
"5581"	"GO:0034138"	"immune system process"	"+"
"5582"	"GO:0034139"	"immune system process"	"0.907729166013308"
"5583"	"GO:0034140"	"immune system process"	"0.802270219707897"
"5584"	"GO:0034141"	"immune system process"	"0.887133234148386"
"5585"	"GO:0034142"	"immune system process"	"+"
"5586"	"GO:0034143"	"immune system process"	"+"
"5587"	"GO:0034144"	"immune system process"	"0.960835554056637"
"5588"	"GO:0034145"	"immune system process"	"0.952786156960059"
"5589"	"GO:0034146"	"immune system process"	"0.854608635814593"
"5590"	"GO:0034147"	"immune system process"	"0.88491227446325"
"5591"	"GO:0034148"	"immune system process"	"0.892987996015328"
"5592"	"GO:0034150"	"immune system process"	"0.776612139070079"
"5593"	"GO:0034151"	"immune system process"	"0.778543874560246"
"5594"	"GO:0034154"	"immune system process"	"0.960865034068363"
"5595"	"GO:0034155"	"immune system process"	"0.945811146701839"
"5596"	"GO:0034156"	"immune system process"	"0.888057851253702"
"5597"	"GO:0034157"	"immune system process"	"0.902716479229385"
"5598"	"GO:0034158"	"immune system process"	"0.910432364901737"
"5599"	"GO:0034159"	"immune system process"	"0.876532206603274"
"5600"	"GO:0034161"	"immune system process"	"0.807658761884207"
"5601"	"GO:0034162"	"immune system process"	"+"
"5602"	"GO:0034163"	"immune system process"	"0.915814904354155"
"5603"	"GO:0034164"	"immune system process"	"0.913841803002365"
"5604"	"GO:0034165"	"immune system process"	"0.907875551703918"
"5605"	"GO:0034182"	"cell cycle"	"0.989357217369084"
"5606"	"GO:0034183"	"cell cycle"	"0.951429423870947"
"5607"	"GO:0034184"	"cell cycle"	"0.991555802916354"
"5608"	"GO:0034196"	"transport"	"0.949550144689034"
"5609"	"GO:0034197"	"transport"	"0.809822220327559"
"5610"	"GO:0034198"	"stress response"	"+"
"5611"	"GO:0034199"	"protein modification/signaling"	"0.771342512459523"
"5612"	"GO:0034201"	"response to stimulus"	"0.852930114650441"
"5613"	"GO:0034203"	"transport"	"0.467167168199158"
"5614"	"GO:0034204"	"cellular component organization"	"0.604877429553679"
"5615"	"GO:0034205"	"neural related process"	"0.590800860324674"
"5616"	"GO:0034213"	"metabolic process"	"0.96376343235486"
"5617"	"GO:0034214"	"cellular component organization"	"0.881847047785228"
"5618"	"GO:0034219"	"transport"	"+"
"5619"	"GO:0034220"	"transport"	"0.831804826729688"
"5620"	"GO:0034224"	"stress response"	"0.603024915854101"
"5621"	"GO:0034227"	"metabolic process"	"0.442382797607414"
"5622"	"GO:0034229"	"transport"	"0.58613479588376"
"5623"	"GO:0034230"	"metabolic process"	"0.796461539167536"
"5624"	"GO:0034231"	"metabolic process"	"0.672813844909102"
"5625"	"GO:0034238"	"morphogenesis/development"	"0.894281771948423"
"5626"	"GO:0034239"	"morphogenesis/development"	"0.666159420055043"
"5627"	"GO:0034241"	"morphogenesis/development"	"0.656900584025129"
"5628"	"GO:0034242"	"cellular component organization"	"0.709436630940058"
"5629"	"GO:0034243"	"gene regulation"	"+"
"5630"	"GO:0034244"	"gene regulation"	"0.845080044029832"
"5631"	"GO:0034247"	"gene regulation"	"0.863681856457157"
"5632"	"GO:0034248"	"metabolic process"	"+"
"5633"	"GO:0034249"	"metabolic process"	"+"
"5634"	"GO:0034250"	"metabolic process"	"+"
"5635"	"GO:0034255"	"metabolic process"	"0.889335757954461"
"5636"	"GO:0034260"	"metabolic process"	"+"
"5637"	"GO:0034275"	"metabolic process"	"0.963491716908318"
"5638"	"GO:0034276"	"metabolic process"	"0.95992875145968"
"5639"	"GO:0034284"	"response to stimulus"	"+"
"5640"	"GO:0034285"	"response to stimulus"	"0.905867243589465"
"5641"	"GO:0034287"	"response to stimulus"	"0.598604907924281"
"5642"	"GO:0034308"	"metabolic process"	"+"
"5643"	"GO:0034309"	"metabolic process"	"0.930587217734607"
"5644"	"GO:0034310"	"metabolic process"	"0.965928117340842"
"5645"	"GO:0034311"	"metabolic process"	"0.96690692014279"
"5646"	"GO:0034312"	"metabolic process"	"+"
"5647"	"GO:0034314"	"cellular component organization"	"0.835095782581574"
"5648"	"GO:0034315"	"cellular component organization"	"0.882899984955095"
"5649"	"GO:0034316"	"cellular component organization"	"0.774945834237979"
"5650"	"GO:0034329"	"cellular component organization"	"+"
"5651"	"GO:0034330"	"cellular component organization"	"+"
"5652"	"GO:0034331"	"cellular component organization"	"+"
"5653"	"GO:0034332"	"cell adhesion"	"+"
"5654"	"GO:0034333"	"cell adhesion"	"0.74159394291026"
"5655"	"GO:0034334"	"cellular component organization"	"0.381855627210121"
"5656"	"GO:0034337"	"cellular component organization"	"0.38516967298949"
"5657"	"GO:0034340"	"immune system process"	"+"
"5658"	"GO:0034341"	"immune system process"	"+"
"5659"	"GO:0034342"	"immune system process"	"0.958747099586771"
"5660"	"GO:0034343"	"immune system process"	"0.981716827215057"
"5661"	"GO:0034344"	"immune system process"	"0.978806240019815"
"5662"	"GO:0034345"	"immune system process"	"0.968690247407258"
"5663"	"GO:0034346"	"immune system process"	"0.97625600054705"
"5664"	"GO:0034349"	"cell death"	"+"
"5665"	"GO:0034350"	"cell death"	"0.91596791832332"
"5666"	"GO:0034351"	"cell death"	"0.950481011033115"
"5667"	"GO:0034352"	"cell death"	"0.869838362637321"
"5668"	"GO:0034354"	"metabolic process"	"0.904197755644506"
"5669"	"GO:0034355"	"metabolic process"	"0.65349557426149"
"5670"	"GO:0034356"	"metabolic process"	"0.933452253216664"
"5671"	"GO:0034367"	"cellular component organization"	"0.77137451794754"
"5672"	"GO:0034368"	"cellular component organization"	"0.728436342836861"
"5673"	"GO:0034369"	"cellular component organization"	"0.360930548196452"
"5674"	"GO:0034370"	"cellular component organization"	"0.320392805985539"
"5675"	"GO:0034371"	"cellular component organization"	"0.372489512146937"
"5676"	"GO:0034372"	"cellular component organization"	"0.402447685725579"
"5677"	"GO:0034373"	"cellular component organization"	"0.53400707808051"
"5678"	"GO:0034374"	"cellular component organization"	"0.274705637282221"
"5679"	"GO:0034375"	"cellular component organization"	"0.366117772777396"
"5680"	"GO:0034377"	"cellular component organization"	"0.791529451455811"
"5681"	"GO:0034378"	"cellular component organization"	"0.722361187756592"
"5682"	"GO:0034379"	"cellular component organization"	"0.797038577986445"
"5683"	"GO:0034380"	"cellular component organization"	"0.83182570356867"
"5684"	"GO:0034381"	"multicellular organismal process"	"+"
"5685"	"GO:0034382"	"multicellular organismal process"	"0.8548908987342"
"5686"	"GO:0034383"	"multicellular organismal process"	"0.879133685864307"
"5687"	"GO:0034384"	"multicellular organismal process"	"0.813739783399541"
"5688"	"GO:0034389"	"cellular component organization"	"+"
"5689"	"GO:0034390"	"cell death"	"+"
"5690"	"GO:0034391"	"cell death"	"0.939055564110526"
"5691"	"GO:0034392"	"cell death"	"0.872176070899912"
"5692"	"GO:0034393"	"cell death"	"+"
"5693"	"GO:0034394"	"transport"	"+"
"5694"	"GO:0034397"	"cell cycle"	"0.761994215235855"
"5695"	"GO:0034398"	"cell cycle"	"0.831609904044228"
"5696"	"GO:0034404"	"metabolic process"	"0.928649656571572"
"5697"	"GO:0034405"	"stress response"	"+"
"5698"	"GO:0034418"	"metabolic process"	"0.975409928498711"
"5699"	"GO:0034421"	"protein modification/signaling"	"0.763611186795887"
"5700"	"GO:0034436"	"transport"	"0.793945274168739"
"5701"	"GO:0034439"	"metabolic process"	"0.692646365089457"
"5702"	"GO:0034440"	"metabolic process"	"0.888846569122325"
"5703"	"GO:0034441"	"cellular component organization"	"0.401128765470762"
"5704"	"GO:0034442"	"metabolic process"	"0.676965603821363"
"5705"	"GO:0034443"	"metabolic process"	"0.573565795280146"
"5706"	"GO:0034444"	"multicellular organismal process"	"0.416377646224311"
"5707"	"GO:0034445"	"multicellular organismal process"	"0.364250956037906"
"5708"	"GO:0034446"	"response to stimulus"	"+"
"5709"	"GO:0034447"	"multicellular organismal process"	"0.890357267611493"
"5710"	"GO:0034453"	"cellular component organization"	"0.670802854266844"
"5711"	"GO:0034454"	"cellular component organization"	"0.675218506035169"
"5712"	"GO:0034462"	"cellular component organization"	"0.919992519115232"
"5713"	"GO:0034463"	"cellular component organization"	"0.861735392591923"
"5714"	"GO:0034465"	"response to stimulus"	"0.894096072844776"
"5715"	"GO:0034472"	"gene regulation"	"+"
"5716"	"GO:0034473"	"gene regulation"	"0.654814989443711"
"5717"	"GO:0034474"	"gene regulation"	"0.66372024269798"
"5718"	"GO:0034475"	"gene regulation"	"0.78050193165591"
"5719"	"GO:0034476"	"gene regulation"	"0.675241479965398"
"5720"	"GO:0034477"	"gene regulation"	"0.73215467598123"
"5721"	"GO:0034478"	"metabolic process"	"0.987356568016022"
"5722"	"GO:0034486"	"ER/endosome/lysosome related process"	"0.430717645776654"
"5723"	"GO:0034497"	"cellular component organization"	"+"
"5724"	"GO:0034501"	"cell cycle"	"0.720302972339487"
"5725"	"GO:0034502"	"transport"	"+"
"5726"	"GO:0034504"	"transport"	"+"
"5727"	"GO:0034505"	"morphogenesis/development"	"0.929734152564986"
"5728"	"GO:0034508"	"cell cycle"	"+"
"5729"	"GO:0034511"	"gene regulation"	"+"
"5730"	"GO:0034514"	"stress response"	"0.812193837577186"
"5731"	"GO:0034516"	"response to stimulus"	"0.834479442824297"
"5732"	"GO:0034551"	"cellular component organization"	"0.952147235411739"
"5733"	"GO:0034552"	"cellular component organization"	"0.97499627504025"
"5734"	"GO:0034553"	"cellular component organization"	"0.97635435387035"
"5735"	"GO:0034587"	"gene regulation"	"0.947093195543426"
"5736"	"GO:0034589"	"transport"	"0.908031924684576"
"5737"	"GO:0034599"	"stress response"	"+"
"5738"	"GO:0034605"	"stress response"	"+"
"5739"	"GO:0034612"	"immune system process"	"+"
"5740"	"GO:0034614"	"stress response"	"+"
"5741"	"GO:0034616"	"stress response"	"0.686430363991801"
"5742"	"GO:0034620"	"stress response"	"+"
"5743"	"GO:0034625"	"metabolic process"	"0.632421665707562"
"5744"	"GO:0034626"	"metabolic process"	"0.710093938386485"
"5745"	"GO:0034627"	"metabolic process"	"0.952884274223102"
"5746"	"GO:0034633"	"transport"	"0.884622803471861"
"5747"	"GO:0034635"	"transport"	"0.939301516699666"
"5748"	"GO:0034638"	"metabolic process"	"+"
"5749"	"GO:0034642"	"transport"	"0.423557345791571"
"5750"	"GO:0034643"	"transport"	"0.595561689957725"
"5751"	"GO:0034644"	"stress response"	"+"
"5752"	"GO:0034650"	"metabolic process"	"0.945589477019504"
"5753"	"GO:0034651"	"metabolic process"	"0.899843170703873"
"5754"	"GO:0034653"	"metabolic process"	"0.882994796432478"
"5755"	"GO:0034654"	"metabolic process"	"+"
"5756"	"GO:0034655"	"metabolic process"	"+"
"5757"	"GO:0034656"	"metabolic process"	"0.970819267170194"
"5758"	"GO:0034694"	"response to stimulus"	"0.928660621793254"
"5759"	"GO:0034695"	"response to stimulus"	"0.94136548452584"
"5760"	"GO:0034696"	"response to stimulus"	"0.862451137003653"
"5761"	"GO:0034698"	"response to stimulus"	"0.958921921126946"
"5762"	"GO:0034699"	"response to stimulus"	"0.947860051035995"
"5763"	"GO:0034727"	"metabolic process"	"0.494676834632821"
"5764"	"GO:0034728"	"cellular component organization"	"+"
"5765"	"GO:0034755"	"transport"	"+"
"5766"	"GO:0034756"	"transport"	"0.923464793654954"
"5767"	"GO:0034757"	"transport"	"0.946593798913446"
"5768"	"GO:0034758"	"transport"	"0.734147882911478"
"5769"	"GO:0034759"	"transport"	"0.939882908737477"
"5770"	"GO:0034760"	"transport"	"0.879048552591555"
"5771"	"GO:0034761"	"transport"	"0.859683846050778"
"5772"	"GO:0034762"	"transport"	"+"
"5773"	"GO:0034763"	"transport"	"+"
"5774"	"GO:0034764"	"transport"	"0.872324105592069"
"5775"	"GO:0034765"	"transport"	"+"
"5776"	"GO:0034766"	"transport"	"0.928909032348447"
"5777"	"GO:0034767"	"transport"	"0.896140213373047"
"5778"	"GO:0034769"	"cellular component organization"	"0.735069536196658"
"5779"	"GO:0034775"	"transport"	"0.936238746818166"
"5780"	"GO:0034776"	"response to stimulus"	"0.653653080599801"
"5781"	"GO:0034959"	"metabolic process"	"0.670010898752954"
"5782"	"GO:0034963"	"gene regulation"	"0.623690678625167"
"5783"	"GO:0034964"	"gene regulation"	"0.501714755415222"
"5784"	"GO:0034975"	"ER/endosome/lysosome related process"	"+"
"5785"	"GO:0034976"	"stress response"	"+"
"5786"	"GO:0034982"	"metabolic process"	"0.564479554481224"
"5787"	"GO:0034983"	"protein modification/signaling"	"0.863172983487407"
"5788"	"GO:0035014"	"protein modification/signaling"	"+"
"5789"	"GO:0035019"	"morphogenesis/development"	"0.856397244336256"
"5790"	"GO:0035020"	"protein modification/signaling"	"0.947720219566844"
"5791"	"GO:0035021"	"protein modification/signaling"	"0.939745392257476"
"5792"	"GO:0035022"	"protein modification/signaling"	"0.915448740944505"
"5793"	"GO:0035023"	"protein modification/signaling"	"+"
"5794"	"GO:0035024"	"protein modification/signaling"	"+"
"5795"	"GO:0035025"	"protein modification/signaling"	"0.923039352525522"
"5796"	"GO:0035026"	"morphogenesis/development"	"0.887499805141541"
"5797"	"GO:0035035"	"gene regulation"	"+"
"5798"	"GO:0035036"	"other"	"0.243781800633608"
"5799"	"GO:0035037"	"ER/endosome/lysosome related process"	"0.320047271322745"
"5800"	"GO:0035038"	"cellular component organization"	"0.679606164946539"
"5801"	"GO:0035039"	"cellular component organization"	"0.488402244251779"
"5802"	"GO:0035041"	"gene regulation"	"0.343619876215387"
"5803"	"GO:0035050"	"morphogenesis/development"	"0.986596544735881"
"5804"	"GO:0035051"	"morphogenesis/development"	"+"
"5805"	"GO:0035054"	"morphogenesis/development"	"0.798290620075403"
"5806"	"GO:0035063"	"cellular component organization"	"0.410531637613307"
"5807"	"GO:0035082"	"cellular component organization"	"0.70814412846055"
"5808"	"GO:0035088"	"cellular component organization"	"+"
"5809"	"GO:0035089"	"cellular component organization"	"0.723026079985754"
"5810"	"GO:0035090"	"cellular component organization"	"0.669380535066854"
"5811"	"GO:0035091"	"protein modification/signaling"	"+"
"5812"	"GO:0035092"	"cell cycle"	"0.421911713813804"
"5813"	"GO:0035094"	"response to stimulus"	"0.629496358064428"
"5814"	"GO:0035095"	"neural related process"	"0.934452252120428"
"5815"	"GO:0035097"	"gene regulation"	"+"
"5816"	"GO:0035106"	"neural related process"	"0.527658640863034"
"5817"	"GO:0035107"	"morphogenesis/development"	"0.91488965309293"
"5818"	"GO:0035108"	"morphogenesis/development"	"+"
"5819"	"GO:0035112"	"morphogenesis/development"	"+"
"5820"	"GO:0035113"	"morphogenesis/development"	"0.851651032701735"
"5821"	"GO:0035115"	"morphogenesis/development"	"0.579389739097003"
"5822"	"GO:0035116"	"neural related process"	"0.479706604520813"
"5823"	"GO:0035120"	"morphogenesis/development"	"0.516398237778494"
"5824"	"GO:0035127"	"neural related process"	"0.605380791411092"
"5825"	"GO:0035128"	"morphogenesis/development"	"0.79324358847374"
"5826"	"GO:0035129"	"morphogenesis/development"	"0.57433230069707"
"5827"	"GO:0035136"	"neural related process"	"0.6024817106886"
"5828"	"GO:0035137"	"neural related process"	"+"
"5829"	"GO:0035148"	"morphogenesis/development"	"0.965323654664367"
"5830"	"GO:0035150"	"multicellular organismal process"	"+"
"5831"	"GO:0035162"	"morphogenesis/development"	"+"
"5832"	"GO:0035166"	"morphogenesis/development"	"0.872296043491395"
"5833"	"GO:0035173"	"gene regulation"	"+"
"5834"	"GO:0035176"	"neural related process"	"+"
"5835"	"GO:0035188"	"morphogenesis/development"	"0.616159338574458"
"5836"	"GO:0035194"	"gene regulation"	"0.492607800476409"
"5837"	"GO:0035195"	"gene regulation"	"0.470165305139519"
"5838"	"GO:0035196"	"gene regulation"	"+"
"5839"	"GO:0035198"	"gene regulation"	"+"
"5840"	"GO:0035212"	"multicellular organismal process"	"0.341296286743559"
"5841"	"GO:0035234"	"cell death"	"0.430111283840859"
"5842"	"GO:0035235"	"neural related process"	"0.841903572005182"
"5843"	"GO:0035238"	"metabolic process"	"0.937476380258766"
"5844"	"GO:0035239"	"morphogenesis/development"	"0.961097226965733"
"5845"	"GO:0035246"	"protein modification/signaling"	"0.82243233350803"
"5846"	"GO:0035247"	"protein modification/signaling"	"0.690652456539582"
"5847"	"GO:0035249"	"neural related process"	"+"
"5848"	"GO:0035259"	"receptor related process"	"+"
"5849"	"GO:0035261"	"morphogenesis/development"	"0.92346423749426"
"5850"	"GO:0035262"	"morphogenesis/development"	"0.924962062664371"
"5851"	"GO:0035264"	"multicellular organismal process"	"+"
"5852"	"GO:0035265"	"morphogenesis/development"	"+"
"5853"	"GO:0035268"	"protein modification/signaling"	"0.690297042525263"
"5854"	"GO:0035269"	"protein modification/signaling"	"0.617900516165155"
"5855"	"GO:0035270"	"morphogenesis/development"	"+"
"5856"	"GO:0035272"	"morphogenesis/development"	"0.956478927168813"
"5857"	"GO:0035278"	"gene regulation"	"0.877593924671075"
"5858"	"GO:0035279"	"gene regulation"	"0.669288435753536"
"5859"	"GO:0035281"	"transport"	"0.453559267611491"
"5860"	"GO:0035282"	"morphogenesis/development"	"+"
"5861"	"GO:0035283"	"morphogenesis/development"	"0.541260973576802"
"5862"	"GO:0035284"	"morphogenesis/development"	"0.673311672130572"
"5863"	"GO:0035290"	"morphogenesis/development"	"0.778969534854724"
"5864"	"GO:0035295"	"morphogenesis/development"	"0.959602799606351"
"5865"	"GO:0035296"	"multicellular organismal process"	"+"
"5866"	"GO:0035303"	"protein modification/signaling"	"+"
"5867"	"GO:0035305"	"metabolic process"	"+"
"5868"	"GO:0035306"	"metabolic process"	"+"
"5869"	"GO:0035313"	"morphogenesis/development"	"+"
"5870"	"GO:0035315"	"morphogenesis/development"	"0.766652654799907"
"5871"	"GO:0035325"	"immune system process"	"+"
"5872"	"GO:0035329"	"protein modification/signaling"	"+"
"5873"	"GO:0035330"	"protein modification/signaling"	"0.920367634805598"
"5874"	"GO:0035331"	"protein modification/signaling"	"0.767213296418042"
"5875"	"GO:0035332"	"protein modification/signaling"	"0.882692118508806"
"5876"	"GO:0035335"	"protein modification/signaling"	"+"
"5877"	"GO:0035336"	"metabolic process"	"0.978621789207046"
"5878"	"GO:0035337"	"metabolic process"	"+"
"5879"	"GO:0035338"	"metabolic process"	"0.963569781187572"
"5880"	"GO:0035340"	"transport"	"0.931097964559641"
"5881"	"GO:0035344"	"transport"	"0.963184563108586"
"5882"	"GO:0035348"	"transport"	"0.479189090444502"
"5883"	"GO:0035349"	"ER/endosome/lysosome related process"	"0.436760168730034"
"5884"	"GO:0035350"	"transport"	"0.551803754790934"
"5885"	"GO:0035351"	"transport"	"0.708735306655203"
"5886"	"GO:0035352"	"transport"	"0.64441901403047"
"5887"	"GO:0035356"	"other"	"0.689320188591482"
"5888"	"GO:0035357"	"receptor related process"	"0.564582843595492"
"5889"	"GO:0035358"	"receptor related process"	"0.52082856739865"
"5890"	"GO:0035359"	"receptor related process"	"0.566737635751257"
"5891"	"GO:0035360"	"receptor related process"	"0.653894899464427"
"5892"	"GO:0035364"	"transport"	"0.942784361648556"
"5893"	"GO:0035372"	"cellular component organization"	"0.721508940584478"
"5894"	"GO:0035377"	"transport"	"0.943825224312962"
"5895"	"GO:0035378"	"transport"	"0.954951796074855"
"5896"	"GO:0035382"	"transport"	"0.924612694774903"
"5897"	"GO:0035383"	"metabolic process"	"0.953684979169401"
"5898"	"GO:0035384"	"metabolic process"	"0.951038883152632"
"5899"	"GO:0035385"	"receptor related process"	"0.531778523729802"
"5900"	"GO:0035393"	"immune system process"	"0.91997412057908"
"5901"	"GO:0035394"	"immune system process"	"0.901069962203771"
"5902"	"GO:0035395"	"immune system process"	"0.869822862934127"
"5903"	"GO:0035397"	"immune system process"	"0.939758050437049"
"5904"	"GO:0035418"	"neural related process"	"0.767342349089536"
"5905"	"GO:0035425"	"immune system process"	"0.265169392137858"
"5906"	"GO:0035426"	"protein modification/signaling"	"0.347722185780489"
"5907"	"GO:0035429"	"transport"	"0.806973839212564"
"5908"	"GO:0035434"	"transport"	"0.863572161452337"
"5909"	"GO:0035435"	"transport"	"0.952177472277241"
"5910"	"GO:0035437"	"ER/endosome/lysosome related process"	"+"
"5911"	"GO:0035441"	"morphogenesis/development"	"0.635620618904894"
"5912"	"GO:0035442"	"transport"	"0.874227461668434"
"5913"	"GO:0035443"	"transport"	"0.914397292281519"
"5914"	"GO:0035444"	"transport"	"0.774258683059387"
"5915"	"GO:0035445"	"transport"	"0.48172641188605"
"5916"	"GO:0035455"	"immune system process"	"+"
"5917"	"GO:0035456"	"immune system process"	"+"
"5918"	"GO:0035457"	"immune system process"	"0.966792575752459"
"5919"	"GO:0035458"	"immune system process"	"+"
"5920"	"GO:0035459"	"transport"	"0.696739541586951"
"5921"	"GO:0035461"	"transport"	"0.809582411773919"
"5922"	"GO:0035469"	"morphogenesis/development"	"0.606093592910004"
"5923"	"GO:0035470"	"morphogenesis/development"	"0.547323611366055"
"5924"	"GO:0035482"	"multicellular organismal process"	"0.758333410268063"
"5925"	"GO:0035483"	"multicellular organismal process"	"0.914711721607849"
"5926"	"GO:0035490"	"multicellular organismal process"	"0.398037117154127"
"5927"	"GO:0035491"	"immune system process"	"0.603477567440342"
"5928"	"GO:0035493"	"cellular component organization"	"0.894488844396278"
"5929"	"GO:0035494"	"cellular component organization"	"0.859959463201184"
"5930"	"GO:0035497"	"gene regulation"	"+"
"5931"	"GO:0035498"	"metabolic process"	"0.973069750245833"
"5932"	"GO:0035499"	"metabolic process"	"0.970275914319957"
"5933"	"GO:0035502"	"morphogenesis/development"	"0.969316408020806"
"5934"	"GO:0035504"	"protein modification/signaling"	"0.905997020383214"
"5935"	"GO:0035505"	"protein modification/signaling"	"0.88638249910923"
"5936"	"GO:0035510"	"gene regulation"	"+"
"5937"	"GO:0035513"	"metabolic process"	"0.837355579401311"
"5938"	"GO:0035519"	"protein modification/signaling"	"0.802573971991119"
"5939"	"GO:0035520"	"protein modification/signaling"	"+"
"5940"	"GO:0035523"	"protein modification/signaling"	"0.902977925131789"
"5941"	"GO:0035524"	"transport"	"0.904312234999966"
"5942"	"GO:0035526"	"ER/endosome/lysosome related process"	"0.959124775449998"
"5943"	"GO:0035542"	"cellular component organization"	"0.900274195162403"
"5944"	"GO:0035543"	"cellular component organization"	"0.57035274215457"
"5945"	"GO:0035544"	"cellular component organization"	"0.541232366750152"
"5946"	"GO:0035545"	"neural related process"	"0.632527765571566"
"5947"	"GO:0035556"	"protein modification/signaling"	"0.917085131287183"
"5948"	"GO:0035561"	"gene regulation"	"0.930244795949423"
"5949"	"GO:0035562"	"gene regulation"	"0.814902159259704"
"5950"	"GO:0035563"	"gene regulation"	"+"
"5951"	"GO:0035564"	"morphogenesis/development"	"0.426030298682106"
"5952"	"GO:0035565"	"morphogenesis/development"	"0.430877684093623"
"5953"	"GO:0035566"	"morphogenesis/development"	"0.353930819760505"
"5954"	"GO:0035567"	"protein modification/signaling"	"+"
"5955"	"GO:0035568"	"protein modification/signaling"	"0.824811830716323"
"5956"	"GO:0035570"	"protein modification/signaling"	"0.887208703304687"
"5957"	"GO:0035572"	"protein modification/signaling"	"0.811850084175832"
"5958"	"GO:0035573"	"protein modification/signaling"	"0.648243356889777"
"5959"	"GO:0035581"	"receptor related process"	"0.482916899111832"
"5960"	"GO:0035582"	"protein modification/signaling"	"0.553765077634134"
"5961"	"GO:0035583"	"receptor related process"	"0.366473674191176"
"5962"	"GO:0035588"	"receptor related process"	"0.750853824910714"
"5963"	"GO:0035589"	"receptor related process"	"+"
"5964"	"GO:0035590"	"receptor related process"	"0.772465742456964"
"5965"	"GO:0035591"	"protein modification/signaling"	"+"
"5966"	"GO:0035592"	"transport"	"0.953873464566526"
"5967"	"GO:0035600"	"metabolic process"	"0.635370231412805"
"5968"	"GO:0035601"	"protein modification/signaling"	"0.878306754900162"
"5969"	"GO:0035602"	"receptor related process"	"0.356587492039993"
"5970"	"GO:0035603"	"receptor related process"	"0.811450230044216"
"5971"	"GO:0035604"	"receptor related process"	"0.720637824958571"
"5972"	"GO:0035606"	"protein modification/signaling"	"0.668253798771204"
"5973"	"GO:0035607"	"receptor related process"	"0.789279558911034"
"5974"	"GO:0035608"	"protein modification/signaling"	"0.678057546590299"
"5975"	"GO:0035609"	"protein modification/signaling"	"0.767468295968758"
"5976"	"GO:0035610"	"protein modification/signaling"	"0.678614207945729"
"5977"	"GO:0035611"	"protein modification/signaling"	"0.652807087178882"
"5978"	"GO:0035613"	"gene regulation"	"+"
"5979"	"GO:0035615"	"transport"	"+"
"5980"	"GO:0035617"	"cellular component organization"	"0.645871503835059"
"5981"	"GO:0035622"	"morphogenesis/development"	"0.986452900408877"
"5982"	"GO:0035623"	"transport"	"0.653390255900846"
"5983"	"GO:0035624"	"receptor related process"	"0.567771847656785"
"5984"	"GO:0035627"	"transport"	"0.676938718746406"
"5985"	"GO:0035630"	"morphogenesis/development"	"0.924426014060961"
"5986"	"GO:0035633"	"multicellular organismal process"	"+"
"5987"	"GO:0035634"	"response to stimulus"	"0.511234018591899"
"5988"	"GO:0035635"	"response to stimulus"	"0.411893550496074"
"5989"	"GO:0035640"	"neural related process"	"0.920187538466293"
"5990"	"GO:0035641"	"neural related process"	"0.907486699398488"
"5991"	"GO:0035644"	"metabolic process"	"0.815479793475257"
"5992"	"GO:0035645"	"morphogenesis/development"	"0.777730436333185"
"5993"	"GO:0035652"	"ER/endosome/lysosome related process"	"0.641453189200589"
"5994"	"GO:0035654"	"ER/endosome/lysosome related process"	"0.540068769726006"
"5995"	"GO:0035655"	"immune system process"	"0.828085180760446"
"5996"	"GO:0035664"	"immune system process"	"0.902218413106237"
"5997"	"GO:0035665"	"immune system process"	"0.888421787613881"
"5998"	"GO:0035666"	"immune system process"	"0.958352128988358"
"5999"	"GO:0035668"	"immune system process"	"0.932579574276506"
"6000"	"GO:0035669"	"immune system process"	"0.905295530281494"
"6001"	"GO:0035672"	"transport"	"0.91819681176669"
"6002"	"GO:0035674"	"transport"	"0.863053728229516"
"6003"	"GO:0035675"	"neural related process"	"0.694072668867713"
"6004"	"GO:0035677"	"neural related process"	"0.550715867116293"
"6005"	"GO:0035683"	"immune system process"	"0.733849985448296"
"6006"	"GO:0035684"	"immune system process"	"0.898545082227044"
"6007"	"GO:0035685"	"immune system process"	"0.589424367984737"
"6008"	"GO:0035691"	"immune system process"	"0.525721386199156"
"6009"	"GO:0035694"	"metabolic process"	"0.839040050028824"
"6010"	"GO:0035695"	"metabolic process"	"0.473731172191848"
"6011"	"GO:0035696"	"immune system process"	"0.946028863502443"
"6012"	"GO:0035697"	"immune system process"	"0.875910353482408"
"6013"	"GO:0035698"	"immune system process"	"0.894075759728609"
"6014"	"GO:0035700"	"neural related process"	"0.480783371588457"
"6015"	"GO:0035701"	"immune system process"	"0.669347211134742"
"6016"	"GO:0035702"	"immune system process"	"0.89880962624147"
"6017"	"GO:0035705"	"immune system process"	"0.83752129560527"
"6018"	"GO:0035708"	"immune system process"	"0.932006273526305"
"6019"	"GO:0035709"	"immune system process"	"0.949602771147181"
"6020"	"GO:0035710"	"immune system process"	"+"
"6021"	"GO:0035711"	"immune system process"	"0.903006659802814"
"6022"	"GO:0035712"	"immune system process"	"0.92806508759398"
"6023"	"GO:0035713"	"response to stimulus"	"0.910146628748131"
"6024"	"GO:0035720"	"transport"	"0.86789155779816"
"6025"	"GO:0035721"	"transport"	"0.819019878407072"
"6026"	"GO:0035722"	"immune system process"	"0.578882934649025"
"6027"	"GO:0035723"	"immune system process"	"0.555634005195531"
"6028"	"GO:0035724"	"metabolic process"	"0.524987895453009"
"6029"	"GO:0035725"	"transport"	"+"
"6030"	"GO:0035726"	"cell cycle"	"0.619541734164174"
"6031"	"GO:0035728"	"response to stimulus"	"0.952064331057653"
"6032"	"GO:0035729"	"response to stimulus"	"+"
"6033"	"GO:0035732"	"ER/endosome/lysosome related process"	"0.195466101311161"
"6034"	"GO:0035733"	"multicellular organismal process"	"0.439799182217256"
"6035"	"GO:0035735"	"transport"	"0.640757686806889"
"6036"	"GO:0035739"	"immune system process"	"0.98271594964748"
"6037"	"GO:0035740"	"immune system process"	"0.961670544316942"
"6038"	"GO:0035743"	"immune system process"	"0.938036406216033"
"6039"	"GO:0035744"	"immune system process"	"0.949860529659788"
"6040"	"GO:0035745"	"immune system process"	"0.944666998110347"
"6041"	"GO:0035746"	"immune system process"	"0.910273565873277"
"6042"	"GO:0035747"	"immune system process"	"0.952923043847844"
"6043"	"GO:0035750"	"ER/endosome/lysosome related process"	"0.446011975323327"
"6044"	"GO:0035751"	"cellular component organization"	"0.445626668082475"
"6045"	"GO:0035752"	"ER/endosome/lysosome related process"	"0.666720347744933"
"6046"	"GO:0035754"	"immune system process"	"0.962159508696779"
"6047"	"GO:0035759"	"cell adhesion"	"0.62632304561282"
"6048"	"GO:0035766"	"response to stimulus"	"0.678880911809689"
"6049"	"GO:0035767"	"response to stimulus"	"0.874455091864904"
"6050"	"GO:0035768"	"response to stimulus"	"0.549377048973124"
"6051"	"GO:0035771"	"immune system process"	"0.638232355357236"
"6052"	"GO:0035772"	"immune system process"	"0.537565288821008"
"6053"	"GO:0035773"	"transport"	"0.751629714374375"
"6054"	"GO:0035774"	"transport"	"0.73788545439421"
"6055"	"GO:0035780"	"immune system process"	"0.788554237656162"
"6056"	"GO:0035781"	"immune system process"	"0.699697264352424"
"6057"	"GO:0035782"	"immune system process"	"0.885562227918142"
"6058"	"GO:0035783"	"immune system process"	"0.743355729867049"
"6059"	"GO:0035787"	"morphogenesis/development"	"0.440282621731161"
"6060"	"GO:0035788"	"morphogenesis/development"	"0.429215392813425"
"6061"	"GO:0035789"	"morphogenesis/development"	"0.547510846479719"
"6062"	"GO:0035790"	"receptor related process"	"0.902393567715583"
"6063"	"GO:0035791"	"receptor related process"	"+"
"6064"	"GO:0035793"	"receptor related process"	"0.735941760774669"
"6065"	"GO:0035794"	"transport"	"0.677408635788004"
"6066"	"GO:0035795"	"cellular component organization"	"+"
"6067"	"GO:0035799"	"morphogenesis/development"	"0.861718754311999"
"6068"	"GO:0035801"	"morphogenesis/development"	"0.709112360441797"
"6069"	"GO:0035802"	"morphogenesis/development"	"0.896472196580102"
"6070"	"GO:0035803"	"morphogenesis/development"	"0.939129768715181"
"6071"	"GO:0035809"	"multicellular organismal process"	"0.828721246653589"
"6072"	"GO:0035810"	"multicellular organismal process"	"0.845408959218058"
"6073"	"GO:0035811"	"multicellular organismal process"	"0.863024155790784"
"6074"	"GO:0035812"	"multicellular organismal process"	"0.605370409551594"
"6075"	"GO:0035813"	"multicellular organismal process"	"0.574513455762652"
"6076"	"GO:0035814"	"multicellular organismal process"	"0.391261885895786"
"6077"	"GO:0035815"	"multicellular organismal process"	"0.31794928476846"
"6078"	"GO:0035821"	"other"	"0.221700958386316"
"6079"	"GO:0035822"	"cell cycle"	"0.498807580106649"
"6080"	"GO:0035825"	"cell cycle"	"+"
"6081"	"GO:0035844"	"morphogenesis/development"	"0.992811792232736"
"6082"	"GO:0035845"	"cellular component organization"	"0.828483729478744"
"6083"	"GO:0035846"	"morphogenesis/development"	"0.934262416421684"
"6084"	"GO:0035847"	"morphogenesis/development"	"0.944799613824608"
"6085"	"GO:0035849"	"morphogenesis/development"	"0.948445080073514"
"6086"	"GO:0035850"	"morphogenesis/development"	"0.920592711019518"
"6087"	"GO:0035853"	"cellular component organization"	"0.352391683590756"
"6088"	"GO:0035854"	"morphogenesis/development"	"0.630491320842096"
"6089"	"GO:0035855"	"morphogenesis/development"	"0.788244761770182"
"6090"	"GO:0035860"	"receptor related process"	"0.849528884361486"
"6091"	"GO:0035862"	"metabolic process"	"0.939112339432183"
"6092"	"GO:0035863"	"metabolic process"	"0.943666588283909"
"6093"	"GO:0035864"	"response to stimulus"	"0.749397735603274"
"6094"	"GO:0035865"	"response to stimulus"	"0.706309736398196"
"6095"	"GO:0035871"	"protein modification/signaling"	"0.922427354389127"
"6096"	"GO:0035872"	"receptor related process"	"+"
"6097"	"GO:0035873"	"transport"	"0.752513796334881"
"6098"	"GO:0035874"	"stress response"	"0.888170356517084"
"6099"	"GO:0035878"	"morphogenesis/development"	"0.970624984328456"
"6100"	"GO:0035879"	"transport"	"0.908525249782988"
"6101"	"GO:0035880"	"morphogenesis/development"	"0.955034547176513"
"6102"	"GO:0035881"	"morphogenesis/development"	"0.554872965273385"
"6103"	"GO:0035883"	"morphogenesis/development"	"0.905571409297241"
"6104"	"GO:0035886"	"morphogenesis/development"	"0.933911813133537"
"6105"	"GO:0035887"	"morphogenesis/development"	"0.748966626590094"
"6106"	"GO:0035891"	"viral related process"	"0.844141739143269"
"6107"	"GO:0035898"	"transport"	"0.49716587595298"
"6108"	"GO:0035900"	"stress response"	"0.753355912212407"
"6109"	"GO:0035902"	"response to stimulus"	"0.49091765174757"
"6110"	"GO:0035904"	"morphogenesis/development"	"+"
"6111"	"GO:0035905"	"morphogenesis/development"	"0.966434119677449"
"6112"	"GO:0035906"	"morphogenesis/development"	"0.928033092473977"
"6113"	"GO:0035907"	"morphogenesis/development"	"0.90662887021415"
"6114"	"GO:0035909"	"morphogenesis/development"	"0.81960759098938"
"6115"	"GO:0035910"	"morphogenesis/development"	"0.921972874416525"
"6116"	"GO:0035912"	"morphogenesis/development"	"0.862961795849773"
"6117"	"GO:0035914"	"morphogenesis/development"	"+"
"6118"	"GO:0035921"	"cellular component organization"	"0.546079089382278"
"6119"	"GO:0035922"	"morphogenesis/development"	"0.91407067271542"
"6120"	"GO:0035924"	"response to stimulus"	"+"
"6121"	"GO:0035925"	"gene regulation"	"+"
"6122"	"GO:0035927"	"transport"	"0.889517061158413"
"6123"	"GO:0035928"	"transport"	"0.831164177163123"
"6124"	"GO:0035929"	"transport"	"0.906561810702548"
"6125"	"GO:0035930"	"transport"	"0.94849303328424"
"6126"	"GO:0035931"	"transport"	"0.783776828030937"
"6127"	"GO:0035932"	"transport"	"0.432719725437229"
"6128"	"GO:0035933"	"transport"	"0.82775487548766"
"6129"	"GO:0035934"	"transport"	"0.76564594164607"
"6130"	"GO:0035935"	"transport"	"0.528929803009751"
"6131"	"GO:0035936"	"transport"	"0.847246216712597"
"6132"	"GO:0035938"	"transport"	"0.844301619790914"
"6133"	"GO:0035945"	"gene regulation"	"0.644914926263532"
"6134"	"GO:0035946"	"gene regulation"	"0.912195681063869"
"6135"	"GO:0035962"	"immune system process"	"0.75108809067808"
"6136"	"GO:0035963"	"immune system process"	"0.72918848621452"
"6137"	"GO:0035964"	"ER/endosome/lysosome related process"	"0.774442134168029"
"6138"	"GO:0035965"	"metabolic process"	"0.897311379354873"
"6139"	"GO:0035966"	"response to stimulus"	"+"
"6140"	"GO:0035967"	"stress response"	"+"
"6141"	"GO:0035970"	"protein modification/signaling"	"+"
"6142"	"GO:0035971"	"protein modification/signaling"	"0.47695356386058"
"6143"	"GO:0035973"	"metabolic process"	"0.506839851966671"
"6144"	"GO:0035977"	"metabolic process"	"0.797414607813911"
"6145"	"GO:0035981"	"morphogenesis/development"	"0.904359603872365"
"6146"	"GO:0035983"	"response to stimulus"	"0.907613272232551"
"6147"	"GO:0035984"	"response to stimulus"	"0.82861316704566"
"6148"	"GO:0035987"	"morphogenesis/development"	"+"
"6149"	"GO:0035988"	"cell cycle"	"+"
"6150"	"GO:0035989"	"morphogenesis/development"	"0.953701605397913"
"6151"	"GO:0035990"	"morphogenesis/development"	"0.70039225968187"
"6152"	"GO:0035992"	"morphogenesis/development"	"0.977091517079597"
"6153"	"GO:0035993"	"morphogenesis/development"	"0.935553332554803"
"6154"	"GO:0035994"	"response to stimulus"	"+"
"6155"	"GO:0035995"	"response to stimulus"	"0.464996167389552"
"6156"	"GO:0035999"	"metabolic process"	"+"
"6157"	"GO:0036005"	"immune system process"	"0.69688519573664"
"6158"	"GO:0036006"	"immune system process"	"0.707760445832122"
"6159"	"GO:0036010"	"ER/endosome/lysosome related process"	"+"
"6160"	"GO:0036015"	"immune system process"	"0.515062476070068"
"6161"	"GO:0036016"	"response to stimulus"	"0.520281410789967"
"6162"	"GO:0036017"	"response to stimulus"	"0.550315999600066"
"6163"	"GO:0036018"	"immune system process"	"0.496460069436503"
"6164"	"GO:0036022"	"morphogenesis/development"	"0.812831683151749"
"6165"	"GO:0036023"	"morphogenesis/development"	"0.926481892915083"
"6166"	"GO:0036034"	"cellular component organization"	"0.284715578162985"
"6167"	"GO:0036035"	"morphogenesis/development"	"0.890140484642692"
"6168"	"GO:0036037"	"immune system process"	"0.910324692648481"
"6169"	"GO:0036046"	"protein modification/signaling"	"0.79114128579092"
"6170"	"GO:0036047"	"protein modification/signaling"	"0.805963297196354"
"6171"	"GO:0036048"	"protein modification/signaling"	"0.803270094281922"
"6172"	"GO:0036049"	"protein modification/signaling"	"0.819689176748435"
"6173"	"GO:0036058"	"cellular component organization"	"0.755973572698187"
"6174"	"GO:0036060"	"cellular component organization"	"0.799897754301302"
"6175"	"GO:0036065"	"metabolic process"	"0.442802282056923"
"6176"	"GO:0036066"	"protein modification/signaling"	"0.721597375232444"
"6177"	"GO:0036071"	"metabolic process"	"0.510503322502593"
"6178"	"GO:0036072"	"morphogenesis/development"	"0.465677718187733"
"6179"	"GO:0036075"	"morphogenesis/development"	"0.882355589231825"
"6180"	"GO:0036076"	"multicellular organismal process"	"0.744151650975344"
"6181"	"GO:0036085"	"ER/endosome/lysosome related process"	"0.939234620261243"
"6182"	"GO:0036088"	"metabolic process"	"0.948743235673693"
"6183"	"GO:0036089"	"cellular component organization"	"0.357525839194554"
"6184"	"GO:0036090"	"cellular component organization"	"0.487070658346485"
"6185"	"GO:0036092"	"metabolic process"	"0.801738415842479"
"6186"	"GO:0036093"	"cell cycle"	"0.879277693535873"
"6187"	"GO:0036094"	"metabolic process"	"+"
"6188"	"GO:0036098"	"cell cycle"	"0.334460996285548"
"6189"	"GO:0036100"	"metabolic process"	"0.844303460331266"
"6190"	"GO:0036101"	"metabolic process"	"0.957901135433994"
"6191"	"GO:0036102"	"metabolic process"	"0.975630301203349"
"6192"	"GO:0036109"	"metabolic process"	"0.973636558489056"
"6193"	"GO:0036111"	"metabolic process"	"0.96452896901858"
"6194"	"GO:0036112"	"metabolic process"	"0.965770536821553"
"6195"	"GO:0036113"	"metabolic process"	"0.957546207117428"
"6196"	"GO:0036114"	"metabolic process"	"0.945456959495894"
"6197"	"GO:0036115"	"metabolic process"	"0.981867150305185"
"6198"	"GO:0036116"	"metabolic process"	"0.974162881046366"
"6199"	"GO:0036118"	"cellular component organization"	"0.751936724619586"
"6200"	"GO:0036119"	"response to stimulus"	"0.898588821965407"
"6201"	"GO:0036120"	"response to stimulus"	"0.932071213748113"
"6202"	"GO:0036135"	"neural related process"	"0.907211750956424"
"6203"	"GO:0036145"	"immune system process"	"0.816029603644911"
"6204"	"GO:0036146"	"response to stimulus"	"0.864752813834533"
"6205"	"GO:0036148"	"metabolic process"	"0.948037659767822"
"6206"	"GO:0036149"	"metabolic process"	"0.933326078615972"
"6207"	"GO:0036150"	"metabolic process"	"0.914561143900618"
"6208"	"GO:0036151"	"metabolic process"	"+"
"6209"	"GO:0036152"	"metabolic process"	"0.954956636987556"
"6210"	"GO:0036153"	"metabolic process"	"0.937280202013876"
"6211"	"GO:0036155"	"metabolic process"	"0.969322433336606"
"6212"	"GO:0036158"	"cellular component organization"	"0.920569922903922"
"6213"	"GO:0036159"	"cellular component organization"	"0.915434196658873"
"6214"	"GO:0036162"	"gene regulation"	"0.32178164110076"
"6215"	"GO:0036166"	"cell cycle"	"0.286340117274261"
"6216"	"GO:0036179"	"morphogenesis/development"	"0.711305162949222"
"6217"	"GO:0036211"	"protein modification/signaling"	"0.934574180159868"
"6218"	"GO:0036213"	"cell cycle"	"0.310585815685084"
"6219"	"GO:0036215"	"immune system process"	"0.664445522815757"
"6220"	"GO:0036216"	"immune system process"	"0.706007546809683"
"6221"	"GO:0036228"	"ER/endosome/lysosome related process"	"0.538732655549788"
"6222"	"GO:0036230"	"immune system process"	"0.958436359664771"
"6223"	"GO:0036250"	"ER/endosome/lysosome related process"	"0.813450913305489"
"6224"	"GO:0036255"	"response to stimulus"	"0.906377510323984"
"6225"	"GO:0036257"	"cellular component organization"	"0.492264419764704"
"6226"	"GO:0036258"	"cellular component organization"	"0.548274895414883"
"6227"	"GO:0036260"	"gene regulation"	"+"
"6228"	"GO:0036261"	"gene regulation"	"0.753048461294984"
"6229"	"GO:0036265"	"gene regulation"	"0.561301867926769"
"6230"	"GO:0036268"	"response to stimulus"	"0.407946681043563"
"6231"	"GO:0036269"	"neural related process"	"0.214248279055919"
"6232"	"GO:0036285"	"cellular component organization"	"0.738715274168891"
"6233"	"GO:0036289"	"protein modification/signaling"	"0.893409272724753"
"6234"	"GO:0036290"	"protein modification/signaling"	"0.672605540704139"
"6235"	"GO:0036292"	"cell cycle"	"0.541947434529076"
"6236"	"GO:0036293"	"stress response"	"+"
"6237"	"GO:0036294"	"stress response"	"+"
"6238"	"GO:0036295"	"response to stimulus"	"+"
"6239"	"GO:0036296"	"response to stimulus"	"+"
"6240"	"GO:0036297"	"stress response"	"+"
"6241"	"GO:0036298"	"stress response"	"0.943967283831073"
"6242"	"GO:0036301"	"immune system process"	"0.922402272376224"
"6243"	"GO:0036302"	"morphogenesis/development"	"+"
"6244"	"GO:0036303"	"morphogenesis/development"	"+"
"6245"	"GO:0036304"	"morphogenesis/development"	"0.924705704534146"
"6246"	"GO:0036305"	"morphogenesis/development"	"0.989514136980858"
"6247"	"GO:0036306"	"morphogenesis/development"	"0.915685295055966"
"6248"	"GO:0036309"	"transport"	"0.581864059986774"
"6249"	"GO:0036314"	"response to stimulus"	"+"
"6250"	"GO:0036315"	"response to stimulus"	"0.91141433038753"
"6251"	"GO:0036316"	"ER/endosome/lysosome related process"	"0.746562345023612"
"6252"	"GO:0036321"	"transport"	"0.655114568223207"
"6253"	"GO:0036323"	"receptor related process"	"0.877049012032649"
"6254"	"GO:0036324"	"receptor related process"	"0.785004036667767"
"6255"	"GO:0036325"	"receptor related process"	"0.844597776243282"
"6256"	"GO:0036331"	"morphogenesis/development"	"0.974970689455997"
"6257"	"GO:0036333"	"cell cycle"	"0.361746337700803"
"6258"	"GO:0036335"	"multicellular organismal process"	"0.611387882206393"
"6259"	"GO:0036336"	"neural related process"	"0.515034014642878"
"6260"	"GO:0036337"	"receptor related process"	"0.409340722128319"
"6261"	"GO:0036339"	"immune system process"	"0.637114071295875"
"6262"	"GO:0036342"	"morphogenesis/development"	"0.937798492579475"
"6263"	"GO:0036343"	"neural related process"	"0.830399457843861"
"6264"	"GO:0036344"	"morphogenesis/development"	"+"
"6265"	"GO:0036345"	"morphogenesis/development"	"0.9041954055907"
"6266"	"GO:0036359"	"multicellular organismal process"	"0.552644190679353"
"6267"	"GO:0036367"	"response to stimulus"	"0.509863620421565"
"6268"	"GO:0036368"	"stress response"	"0.280835959458661"
"6269"	"GO:0036371"	"ER/endosome/lysosome related process"	"0.456858080383425"
"6270"	"GO:0036372"	"transport"	"0.558283859380222"
"6271"	"GO:0036376"	"transport"	"0.895233239818261"
"6272"	"GO:0036378"	"metabolic process"	"0.791767362785938"
"6273"	"GO:0036392"	"immune system process"	"0.786681832243096"
"6274"	"GO:0036399"	"cellular component organization"	"0.948489053728285"
"6275"	"GO:0036415"	"gene regulation"	"0.605817523990653"
"6276"	"GO:0036416"	"gene regulation"	"0.748480833908839"
"6277"	"GO:0036438"	"multicellular organismal process"	"0.803962197298472"
"6278"	"GO:0036444"	"transport"	"0.577578378188571"
"6279"	"GO:0036445"	"cell cycle"	"0.37723479448516"
"6280"	"GO:0036446"	"morphogenesis/development"	"0.747015421889324"
"6281"	"GO:0036462"	"cell death"	"0.620889393021707"
"6282"	"GO:0036464"	"cellular component organization"	"+"
"6283"	"GO:0036465"	"neural related process"	"0.824313272749886"
"6284"	"GO:0036466"	"ER/endosome/lysosome related process"	"0.595921352406882"
"6285"	"GO:0036471"	"response to stimulus"	"0.646825360002528"
"6286"	"GO:0036480"	"cell death"	"0.82432020779564"
"6287"	"GO:0036481"	"cell death"	"0.858305121131565"
"6288"	"GO:0036482"	"cell death"	"0.701426628189687"
"6289"	"GO:0036483"	"cell death"	"0.471298565938914"
"6290"	"GO:0036484"	"morphogenesis/development"	"0.746966450190688"
"6291"	"GO:0036486"	"morphogenesis/development"	"0.37818353503351"
"6292"	"GO:0036490"	"stress response"	"0.862234979661368"
"6293"	"GO:0036491"	"stress response"	"0.864642736661977"
"6294"	"GO:0036492"	"stress response"	"0.691688863755795"
"6295"	"GO:0036493"	"stress response"	"0.793865712806712"
"6296"	"GO:0036494"	"stress response"	"0.598355842753452"
"6297"	"GO:0036496"	"stress response"	"0.363312561830913"
"6298"	"GO:0036497"	"stress response"	"0.471108878235012"
"6299"	"GO:0036498"	"stress response"	"+"
"6300"	"GO:0036499"	"stress response"	"0.78252168422598"
"6301"	"GO:0036500"	"stress response"	"0.446248799268754"
"6302"	"GO:0036503"	"ER/endosome/lysosome related process"	"+"
"6303"	"GO:0036506"	"ER/endosome/lysosome related process"	"0.597709330393292"
"6304"	"GO:0036507"	"metabolic process"	"0.664863380506085"
"6305"	"GO:0036508"	"ER/endosome/lysosome related process"	"0.565800250232866"
"6306"	"GO:0036514"	"neural related process"	"0.939585647635239"
"6307"	"GO:0036515"	"neural related process"	"0.899037920432644"
"6308"	"GO:0036516"	"neural related process"	"0.50314964561742"
"6309"	"GO:0036517"	"immune system process"	"0.473058536515987"
"6310"	"GO:0036518"	"neural related process"	"0.537835410374846"
"6311"	"GO:0036520"	"neural related process"	"0.408701196565298"
"6312"	"GO:0036525"	"metabolic process"	"0.531857300139146"
"6313"	"GO:0036526"	"protein modification/signaling"	"0.597595900855894"
"6314"	"GO:0036527"	"metabolic process"	"0.474090133695436"
"6315"	"GO:0036528"	"metabolic process"	"0.521684683033374"
"6316"	"GO:0036529"	"metabolic process"	"0.717267143876211"
"6317"	"GO:0036530"	"metabolic process"	"0.752047549941757"
"6318"	"GO:0038001"	"multicellular organismal process"	"0.284442801195447"
"6319"	"GO:0038003"	"receptor related process"	"0.762002907132946"
"6320"	"GO:0038004"	"metabolic process"	"0.727159510100562"
"6321"	"GO:0038007"	"protein modification/signaling"	"0.31994812837996"
"6322"	"GO:0038009"	"receptor related process"	"0.396944149620303"
"6323"	"GO:0038016"	"transport"	"0.569159174522393"
"6324"	"GO:0038018"	"metabolic process"	"0.667656786218279"
"6325"	"GO:0038020"	"metabolic process"	"0.323119834182752"
"6326"	"GO:0038023"	"receptor related process"	"+"
"6327"	"GO:0038026"	"receptor related process"	"0.535145826477737"
"6328"	"GO:0038027"	"receptor related process"	"0.699293023379361"
"6329"	"GO:0038033"	"response to stimulus"	"0.29374392970666"
"6330"	"GO:0038034"	"protein modification/signaling"	"+"
"6331"	"GO:0038035"	"receptor related process"	"0.728304039605319"
"6332"	"GO:0038041"	"receptor related process"	"0.373107011655675"
"6333"	"GO:0038043"	"receptor related process"	"0.474080577666948"
"6334"	"GO:0038060"	"protein modification/signaling"	"0.732454574990573"
"6335"	"GO:0038061"	"protein modification/signaling"	"0.713875825527749"
"6336"	"GO:0038063"	"receptor related process"	"+"
"6337"	"GO:0038065"	"receptor related process"	"+"
"6338"	"GO:0038066"	"protein modification/signaling"	"+"
"6339"	"GO:0038083"	"protein modification/signaling"	"+"
"6340"	"GO:0038084"	"protein modification/signaling"	"+"
"6341"	"GO:0038086"	"receptor related process"	"0.727197301259274"
"6342"	"GO:0038089"	"receptor related process"	"0.52587342812926"
"6343"	"GO:0038091"	"receptor related process"	"0.71270890312229"
"6344"	"GO:0038092"	"receptor related process"	"0.744862432129581"
"6345"	"GO:0038093"	"immune system process"	"+"
"6346"	"GO:0038094"	"immune system process"	"0.928872512285324"
"6347"	"GO:0038095"	"receptor related process"	"+"
"6348"	"GO:0038096"	"immune system process"	"0.813656031640342"
"6349"	"GO:0038097"	"immune system process"	"0.627686034135594"
"6350"	"GO:0038098"	"receptor related process"	"0.479849788215343"
"6351"	"GO:0038101"	"protein modification/signaling"	"0.555419008842691"
"6352"	"GO:0038108"	"receptor related process"	"0.353038055954788"
"6353"	"GO:0038109"	"receptor related process"	"0.315701269932869"
"6354"	"GO:0038110"	"immune system process"	"0.787451156618835"
"6355"	"GO:0038111"	"immune system process"	"0.44943322484816"
"6356"	"GO:0038112"	"receptor related process"	"0.697472035377664"
"6357"	"GO:0038113"	"immune system process"	"0.540920167601773"
"6358"	"GO:0038114"	"immune system process"	"0.469315189537834"
"6359"	"GO:0038115"	"receptor related process"	"0.724785853338517"
"6360"	"GO:0038116"	"receptor related process"	"0.704339312811682"
"6361"	"GO:0038118"	"receptor related process"	"0.452415219338907"
"6362"	"GO:0038123"	"immune system process"	"0.746450063265664"
"6363"	"GO:0038124"	"immune system process"	"0.813505325273745"
"6364"	"GO:0038127"	"receptor related process"	"+"
"6365"	"GO:0038128"	"receptor related process"	"+"
"6366"	"GO:0038129"	"receptor related process"	"0.740843543663222"
"6367"	"GO:0038130"	"receptor related process"	"+"
"6368"	"GO:0038133"	"receptor related process"	"0.706184438974661"
"6369"	"GO:0038134"	"receptor related process"	"0.893300881438766"
"6370"	"GO:0038135"	"receptor related process"	"0.789527711911453"
"6371"	"GO:0038138"	"receptor related process"	"0.929792867990098"
"6372"	"GO:0038145"	"immune system process"	"0.652451558928271"
"6373"	"GO:0038146"	"receptor related process"	"0.691102093603092"
"6374"	"GO:0038154"	"receptor related process"	"0.67511167074386"
"6375"	"GO:0038155"	"immune system process"	"0.568320756047811"
"6376"	"GO:0038156"	"immune system process"	"0.678110658921232"
"6377"	"GO:0038157"	"immune system process"	"0.643350796185164"
"6378"	"GO:0038158"	"receptor related process"	"0.659127864978729"
"6379"	"GO:0038159"	"receptor related process"	"0.532862051821074"
"6380"	"GO:0038160"	"receptor related process"	"0.406605802482618"
"6381"	"GO:0038161"	"receptor related process"	"0.808577775492709"
"6382"	"GO:0038162"	"receptor related process"	"0.472874619191834"
"6383"	"GO:0038163"	"receptor related process"	"0.681063704891532"
"6384"	"GO:0038165"	"receptor related process"	"0.735638598793959"
"6385"	"GO:0038166"	"receptor related process"	"0.573040807013985"
"6386"	"GO:0038169"	"receptor related process"	"0.862021728332193"
"6387"	"GO:0038170"	"receptor related process"	"0.912209854312476"
"6388"	"GO:0038171"	"receptor related process"	"0.367946402712042"
"6389"	"GO:0038172"	"immune system process"	"0.835758296249567"
"6390"	"GO:0038173"	"immune system process"	"0.714174608220134"
"6391"	"GO:0038178"	"immune system process"	"0.630419369446768"
"6392"	"GO:0038179"	"protein modification/signaling"	"+"
"6393"	"GO:0038180"	"neural related process"	"0.35726790481561"
"6394"	"GO:0038183"	"receptor related process"	"0.688036254183297"
"6395"	"GO:0038184"	"receptor related process"	"0.945268777615673"
"6396"	"GO:0038185"	"receptor related process"	"0.789772074296957"
"6397"	"GO:0038188"	"receptor related process"	"0.781363508268562"
"6398"	"GO:0038189"	"protein modification/signaling"	"0.60956353186241"
"6399"	"GO:0038190"	"receptor related process"	"0.51637494029489"
"6400"	"GO:0038192"	"receptor related process"	"0.826184469373488"
"6401"	"GO:0038193"	"receptor related process"	"0.820553232266105"
"6402"	"GO:0038194"	"receptor related process"	"0.783065995222153"
"6403"	"GO:0038195"	"receptor related process"	"0.805578052219394"
"6404"	"GO:0038196"	"immune system process"	"0.886417993747918"
"6405"	"GO:0038202"	"protein modification/signaling"	"0.839565035038626"
"6406"	"GO:0038203"	"protein modification/signaling"	"0.922991636068833"
"6407"	"GO:0039003"	"morphogenesis/development"	"0.857443868106564"
"6408"	"GO:0039007"	"morphogenesis/development"	"0.831513365500445"
"6409"	"GO:0039008"	"morphogenesis/development"	"0.872673804950688"
"6410"	"GO:0039017"	"morphogenesis/development"	"0.916783177625927"
"6411"	"GO:0039019"	"morphogenesis/development"	"0.964330621444467"
"6412"	"GO:0039020"	"morphogenesis/development"	"0.971316077127807"
"6413"	"GO:0039022"	"morphogenesis/development"	"0.983642801121173"
"6414"	"GO:0039023"	"morphogenesis/development"	"0.964124075577287"
"6415"	"GO:0039502"	"immune system process"	"0.596368080484308"
"6416"	"GO:0039514"	"stress response"	"0.172787997382958"
"6417"	"GO:0039519"	"viral related process"	"0.399925103602565"
"6418"	"GO:0039520"	"viral related process"	"0.194303027193757"
"6419"	"GO:0039521"	"viral related process"	"0.244135886848755"
"6420"	"GO:0039529"	"immune system process"	"+"
"6421"	"GO:0039530"	"immune system process"	"+"
"6422"	"GO:0039531"	"immune system process"	"0.868648917908168"
"6423"	"GO:0039532"	"immune system process"	"0.873014132242219"
"6424"	"GO:0039533"	"immune system process"	"0.827220165797794"
"6425"	"GO:0039534"	"immune system process"	"0.813896943895507"
"6426"	"GO:0039535"	"immune system process"	"+"
"6427"	"GO:0039536"	"immune system process"	"0.899278823092694"
"6428"	"GO:0039562"	"protein modification/signaling"	"0.260162646927667"
"6429"	"GO:0039563"	"immune system process"	"0.295722252951572"
"6430"	"GO:0039564"	"immune system process"	"0.232035360368419"
"6431"	"GO:0039654"	"ER/endosome/lysosome related process"	"0.234354725156775"
"6432"	"GO:0039663"	"viral related process"	"0.527925756632983"
"6433"	"GO:0039689"	"viral related process"	"0.40115328525657"
"6434"	"GO:0039692"	"viral related process"	"0.561987164644515"
"6435"	"GO:0039694"	"viral related process"	"+"
"6436"	"GO:0039695"	"gene regulation"	"0.348739660263146"
"6437"	"GO:0039702"	"viral related process"	"0.444766585063381"
"6438"	"GO:0040001"	"cell cycle"	"+"
"6439"	"GO:0040007"	"morphogenesis/development"	"+"
"6440"	"GO:0040008"	"morphogenesis/development"	"+"
"6441"	"GO:0040009"	"cellular component organization"	"0.351308907657626"
"6442"	"GO:0040010"	"cellular component organization"	"0.364818361666942"
"6443"	"GO:0040011"	"other"	"0.919081128732628"
"6444"	"GO:0040012"	"other"	"0.815502001042359"
"6445"	"GO:0040013"	"other"	"+"
"6446"	"GO:0040014"	"multicellular organismal process"	"+"
"6447"	"GO:0040015"	"multicellular organismal process"	"0.778282328447118"
"6448"	"GO:0040016"	"cell cycle"	"0.923370689987945"
"6449"	"GO:0040017"	"other"	"+"
"6450"	"GO:0040018"	"multicellular organismal process"	"+"
"6451"	"GO:0040019"	"morphogenesis/development"	"0.800356251394112"
"6452"	"GO:0040020"	"cell cycle"	"+"
"6453"	"GO:0040029"	"gene regulation"	"+"
"6454"	"GO:0040031"	"metabolic process"	"0.533108401198079"
"6455"	"GO:0040034"	"morphogenesis/development"	"0.765365048322659"
"6456"	"GO:0040036"	"receptor related process"	"+"
"6457"	"GO:0040037"	"receptor related process"	"+"
"6458"	"GO:0040038"	"cell cycle"	"0.339109810229284"
"6459"	"GO:0040040"	"neural related process"	"0.324007309854572"
"6460"	"GO:0042023"	"cell cycle"	"0.917106944730084"
"6461"	"GO:0042026"	"other"	"+"
"6462"	"GO:0042044"	"transport"	"+"
"6463"	"GO:0042045"	"transport"	"0.963300888660315"
"6464"	"GO:0042048"	"neural related process"	"0.936927627079336"
"6465"	"GO:0042053"	"metabolic process"	"0.699370637746562"
"6466"	"GO:0042058"	"receptor related process"	"+"
"6467"	"GO:0042059"	"receptor related process"	"+"
"6468"	"GO:0042060"	"immune system process"	"+"
"6469"	"GO:0042063"	"morphogenesis/development"	"+"
"6470"	"GO:0042069"	"metabolic process"	"0.872941647754741"
"6471"	"GO:0042073"	"transport"	"+"
"6472"	"GO:0042074"	"morphogenesis/development"	"0.600226122861647"
"6473"	"GO:0042078"	"cell cycle"	"0.981793706518534"
"6474"	"GO:0042088"	"immune system process"	"+"
"6475"	"GO:0042092"	"immune system process"	"+"
"6476"	"GO:0042093"	"immune system process"	"+"
"6477"	"GO:0042098"	"immune system process"	"+"
"6478"	"GO:0042100"	"immune system process"	"+"
"6479"	"GO:0042102"	"immune system process"	"+"
"6480"	"GO:0042104"	"immune system process"	"0.938298997811151"
"6481"	"GO:0042110"	"immune system process"	"+"
"6482"	"GO:0042113"	"immune system process"	"0.921267373343277"
"6483"	"GO:0042116"	"immune system process"	"+"
"6484"	"GO:0042117"	"immune system process"	"0.944486930678823"
"6485"	"GO:0042118"	"immune system process"	"0.473527527130286"
"6486"	"GO:0042119"	"immune system process"	"0.973919612604958"
"6487"	"GO:0042126"	"metabolic process"	"0.918160312166125"
"6488"	"GO:0042127"	"cell cycle"	"0.933462592206252"
"6489"	"GO:0042129"	"immune system process"	"+"
"6490"	"GO:0042130"	"immune system process"	"+"
"6491"	"GO:0042137"	"cellular component organization"	"0.343235771548015"
"6492"	"GO:0042138"	"cell cycle"	"0.972018678487854"
"6493"	"GO:0042144"	"cellular component organization"	"0.832756295960078"
"6494"	"GO:0042148"	"cell cycle"	"0.884554016250427"
"6495"	"GO:0042149"	"stress response"	"+"
"6496"	"GO:0042157"	"metabolic process"	"+"
"6497"	"GO:0042158"	"metabolic process"	"+"
"6498"	"GO:0042159"	"metabolic process"	"0.974324799823742"
"6499"	"GO:0042160"	"metabolic process"	"0.915010770155753"
"6500"	"GO:0042161"	"protein modification/signaling"	"0.63349181146151"
"6501"	"GO:0042167"	"metabolic process"	"0.969498156679913"
"6502"	"GO:0042168"	"metabolic process"	"0.959302955815769"
"6503"	"GO:0042171"	"metabolic process"	"+"
"6504"	"GO:0042176"	"metabolic process"	"+"
"6505"	"GO:0042177"	"metabolic process"	"+"
"6506"	"GO:0042178"	"metabolic process"	"0.944696438916311"
"6507"	"GO:0042180"	"metabolic process"	"0.921883801416597"
"6508"	"GO:0042181"	"metabolic process"	"0.969061401746198"
"6509"	"GO:0042182"	"metabolic process"	"+"
"6510"	"GO:0042197"	"metabolic process"	"0.978769112703184"
"6511"	"GO:0042214"	"metabolic process"	"0.962579963981068"
"6512"	"GO:0042219"	"metabolic process"	"0.980088057298725"
"6513"	"GO:0042220"	"response to stimulus"	"0.875603910214222"
"6514"	"GO:0042221"	"response to stimulus"	"0.722370213417421"
"6515"	"GO:0042245"	"metabolic process"	"0.326404113351332"
"6516"	"GO:0042246"	"morphogenesis/development"	"+"
"6517"	"GO:0042247"	"cellular component organization"	"0.545090636929947"
"6518"	"GO:0042249"	"cellular component organization"	"+"
"6519"	"GO:0042254"	"gene regulation"	"+"
"6520"	"GO:0042255"	"cellular component organization"	"+"
"6521"	"GO:0042256"	"cellular component organization"	"0.639601403457401"
"6522"	"GO:0042262"	"stress response"	"0.937985792320157"
"6523"	"GO:0042264"	"protein modification/signaling"	"0.7090076287182"
"6524"	"GO:0042267"	"immune system process"	"+"
"6525"	"GO:0042269"	"immune system process"	"+"
"6526"	"GO:0042270"	"immune system process"	"0.924637653843284"
"6527"	"GO:0042271"	"immune system process"	"0.7854551100728"
"6528"	"GO:0042273"	"cellular component organization"	"+"
"6529"	"GO:0042274"	"cellular component organization"	"+"
"6530"	"GO:0042275"	"stress response"	"0.895716500686194"
"6531"	"GO:0042276"	"stress response"	"0.569563929126036"
"6532"	"GO:0042278"	"metabolic process"	"0.9337440579447"
"6533"	"GO:0042297"	"neural related process"	"0.868146387954211"
"6534"	"GO:0042303"	"morphogenesis/development"	"+"
"6535"	"GO:0042304"	"metabolic process"	"0.95331525835715"
"6536"	"GO:0042306"	"transport"	"0.959468850336129"
"6537"	"GO:0042307"	"transport"	"0.857698330309678"
"6538"	"GO:0042308"	"transport"	"0.924357779630686"
"6539"	"GO:0042309"	"multicellular organismal process"	"0.654497911587241"
"6540"	"GO:0042310"	"multicellular organismal process"	"0.952066864548675"
"6541"	"GO:0042311"	"multicellular organismal process"	"0.836243030944139"
"6542"	"GO:0042313"	"receptor related process"	"0.589910468400503"
"6543"	"GO:0042320"	"multicellular organismal process"	"0.44801787072255"
"6544"	"GO:0042321"	"multicellular organismal process"	"0.30870183824713"
"6545"	"GO:0042322"	"multicellular organismal process"	"0.511884276076476"
"6546"	"GO:0042323"	"multicellular organismal process"	"0.505779651036711"
"6547"	"GO:0042325"	"protein modification/signaling"	"0.754001176807503"
"6548"	"GO:0042326"	"protein modification/signaling"	"+"
"6549"	"GO:0042327"	"protein modification/signaling"	"+"
"6550"	"GO:0042330"	"other"	"+"
"6551"	"GO:0042335"	"morphogenesis/development"	"0.871369426675459"
"6552"	"GO:0042339"	"metabolic process"	"0.947050887708594"
"6553"	"GO:0042340"	"metabolic process"	"0.966894238842927"
"6554"	"GO:0042350"	"metabolic process"	"0.897069508107139"
"6555"	"GO:0042351"	"metabolic process"	"0.905852811348376"
"6556"	"GO:0042352"	"metabolic process"	"0.754058710348285"
"6557"	"GO:0042354"	"metabolic process"	"0.8223436029982"
"6558"	"GO:0042355"	"metabolic process"	"0.969876884065692"
"6559"	"GO:0042357"	"metabolic process"	"0.924140685380651"
"6560"	"GO:0042359"	"metabolic process"	"0.851089106504909"
"6561"	"GO:0042360"	"metabolic process"	"0.912529953398269"
"6562"	"GO:0042361"	"metabolic process"	"0.858076441959591"
"6563"	"GO:0042362"	"metabolic process"	"0.956463641192028"
"6564"	"GO:0042363"	"metabolic process"	"0.951077018959274"
"6565"	"GO:0042364"	"metabolic process"	"0.975664321766654"
"6566"	"GO:0042365"	"metabolic process"	"0.973315292377127"
"6567"	"GO:0042368"	"metabolic process"	"0.879864881131398"
"6568"	"GO:0042369"	"metabolic process"	"0.930646453787761"
"6569"	"GO:0042371"	"metabolic process"	"0.908553640359545"
"6570"	"GO:0042373"	"metabolic process"	"0.927922589426283"
"6571"	"GO:0042374"	"metabolic process"	"0.961679598721681"
"6572"	"GO:0042376"	"metabolic process"	"0.983720201405587"
"6573"	"GO:0042377"	"metabolic process"	"0.932696897449948"
"6574"	"GO:0042379"	"immune system process"	"+"
"6575"	"GO:0042386"	"morphogenesis/development"	"0.759856674822286"
"6576"	"GO:0042391"	"other"	"+"
"6577"	"GO:0042393"	"gene regulation"	"+"
"6578"	"GO:0042396"	"metabolic process"	"0.946186115606557"
"6579"	"GO:0042398"	"metabolic process"	"0.968920686013231"
"6580"	"GO:0042401"	"metabolic process"	"+"
"6581"	"GO:0042402"	"metabolic process"	"0.920291446692661"
"6582"	"GO:0042403"	"metabolic process"	"0.903132744300681"
"6583"	"GO:0042404"	"metabolic process"	"0.903582858504192"
"6584"	"GO:0042405"	"cellular component organization"	"+"
"6585"	"GO:0042407"	"cellular component organization"	"+"
"6586"	"GO:0042412"	"metabolic process"	"0.975035755207586"
"6587"	"GO:0042413"	"metabolic process"	"0.970837359416396"
"6588"	"GO:0042414"	"metabolic process"	"0.809565422351885"
"6589"	"GO:0042415"	"metabolic process"	"0.844632175591746"
"6590"	"GO:0042416"	"metabolic process"	"0.966550026140157"
"6591"	"GO:0042417"	"metabolic process"	"0.916064752540532"
"6592"	"GO:0042418"	"metabolic process"	"0.663068610710895"
"6593"	"GO:0042420"	"metabolic process"	"0.932209086410581"
"6594"	"GO:0042421"	"metabolic process"	"0.575340204140472"
"6595"	"GO:0042423"	"metabolic process"	"0.930729093019729"
"6596"	"GO:0042424"	"metabolic process"	"0.926304369288018"
"6597"	"GO:0042426"	"metabolic process"	"0.869804075264284"
"6598"	"GO:0042427"	"metabolic process"	"0.575196643613636"
"6599"	"GO:0042428"	"metabolic process"	"0.671074999192024"
"6600"	"GO:0042430"	"metabolic process"	"0.988480681084985"
"6601"	"GO:0042431"	"metabolic process"	"0.928612342337924"
"6602"	"GO:0042435"	"metabolic process"	"0.989821812955974"
"6603"	"GO:0042436"	"metabolic process"	"0.967084196191354"
"6604"	"GO:0042438"	"metabolic process"	"0.492806288516969"
"6605"	"GO:0042439"	"metabolic process"	"0.985432061055387"
"6606"	"GO:0042440"	"metabolic process"	"+"
"6607"	"GO:0042441"	"metabolic process"	"0.794440661360017"
"6608"	"GO:0042445"	"metabolic process"	"+"
"6609"	"GO:0042446"	"metabolic process"	"0.875206471064007"
"6610"	"GO:0042447"	"metabolic process"	"0.808682550249917"
"6611"	"GO:0042448"	"metabolic process"	"+"
"6612"	"GO:0042450"	"metabolic process"	"0.948135366307547"
"6613"	"GO:0042451"	"metabolic process"	"0.914179519590689"
"6614"	"GO:0042453"	"metabolic process"	"0.978895304601974"
"6615"	"GO:0042454"	"metabolic process"	"0.939171128063738"
"6616"	"GO:0042455"	"metabolic process"	"0.967490360502031"
"6617"	"GO:0042461"	"morphogenesis/development"	"0.897901268656398"
"6618"	"GO:0042462"	"morphogenesis/development"	"0.623454985158837"
"6619"	"GO:0042471"	"morphogenesis/development"	"0.821767027957436"
"6620"	"GO:0042472"	"morphogenesis/development"	"0.830987892330285"
"6621"	"GO:0042473"	"morphogenesis/development"	"0.782725306439134"
"6622"	"GO:0042474"	"morphogenesis/development"	"0.882600281871068"
"6623"	"GO:0042475"	"morphogenesis/development"	"0.960566677211646"
"6624"	"GO:0042476"	"morphogenesis/development"	"+"
"6625"	"GO:0042478"	"morphogenesis/development"	"0.572282196170411"
"6626"	"GO:0042481"	"morphogenesis/development"	"0.967909776566033"
"6627"	"GO:0042482"	"morphogenesis/development"	"0.960464360033266"
"6628"	"GO:0042483"	"morphogenesis/development"	"0.944506104205352"
"6629"	"GO:0042487"	"morphogenesis/development"	"+"
"6630"	"GO:0042488"	"morphogenesis/development"	"0.877034135222931"
"6631"	"GO:0042489"	"morphogenesis/development"	"0.926878392640073"
"6632"	"GO:0042490"	"neural related process"	"0.617570992176523"
"6633"	"GO:0042491"	"morphogenesis/development"	"0.70538335936396"
"6634"	"GO:0042492"	"immune system process"	"0.846403759505278"
"6635"	"GO:0042494"	"immune system process"	"0.604945229693181"
"6636"	"GO:0042495"	"response to stimulus"	"0.492974993595372"
"6637"	"GO:0042496"	"response to stimulus"	"0.392664147176702"
"6638"	"GO:0042501"	"protein modification/signaling"	"0.958338260058728"
"6639"	"GO:0042509"	"protein modification/signaling"	"+"
"6640"	"GO:0042531"	"protein modification/signaling"	"+"
"6641"	"GO:0042532"	"protein modification/signaling"	"+"
"6642"	"GO:0042537"	"metabolic process"	"0.966369634692445"
"6643"	"GO:0042538"	"stress response"	"0.943549620587902"
"6644"	"GO:0042539"	"stress response"	"0.811500896871655"
"6645"	"GO:0042541"	"metabolic process"	"0.851920875391872"
"6646"	"GO:0042542"	"stress response"	"+"
"6647"	"GO:0042551"	"morphogenesis/development"	"0.481087836932389"
"6648"	"GO:0042552"	"neural related process"	"+"
"6649"	"GO:0042554"	"stress response"	"0.776580068372884"
"6650"	"GO:0042558"	"metabolic process"	"0.986882871548938"
"6651"	"GO:0042559"	"metabolic process"	"+"
"6652"	"GO:0042560"	"metabolic process"	"0.992737012069163"
"6653"	"GO:0042572"	"metabolic process"	"0.94183087301643"
"6654"	"GO:0042573"	"metabolic process"	"+"
"6655"	"GO:0042574"	"metabolic process"	"0.902534169133523"
"6656"	"GO:0042578"	"metabolic process"	"+"
"6657"	"GO:0042581"	"immune system process"	"+"
"6658"	"GO:0042590"	"immune system process"	"0.95952211056249"
"6659"	"GO:0042592"	"other"	"0.707342835693936"
"6660"	"GO:0042593"	"metabolic process"	"+"
"6661"	"GO:0042594"	"stress response"	"+"
"6662"	"GO:0042595"	"stress response"	"0.894987329090456"
"6663"	"GO:0042596"	"neural related process"	"0.609413181626992"
"6664"	"GO:0042628"	"morphogenesis/development"	"0.703691237576961"
"6665"	"GO:0042631"	"stress response"	"0.720229109557388"
"6666"	"GO:0042632"	"other"	"+"
"6667"	"GO:0042633"	"multicellular organismal process"	"+"
"6668"	"GO:0042634"	"multicellular organismal process"	"+"
"6669"	"GO:0042635"	"multicellular organismal process"	"0.772296081519694"
"6670"	"GO:0042636"	"multicellular organismal process"	"0.761183349009067"
"6671"	"GO:0042637"	"cell cycle"	"0.826671741525559"
"6672"	"GO:0042640"	"morphogenesis/development"	"0.772152370709621"
"6673"	"GO:0042641"	"cellular component organization"	"+"
"6674"	"GO:0042659"	"morphogenesis/development"	"+"
"6675"	"GO:0042660"	"morphogenesis/development"	"0.662696672391342"
"6676"	"GO:0042661"	"morphogenesis/development"	"0.876901428205458"
"6677"	"GO:0042662"	"morphogenesis/development"	"0.864957877467353"
"6678"	"GO:0042663"	"morphogenesis/development"	"0.814909942220324"
"6679"	"GO:0042664"	"morphogenesis/development"	"0.834515017480407"
"6680"	"GO:0042665"	"morphogenesis/development"	"0.718629719866026"
"6681"	"GO:0042666"	"morphogenesis/development"	"0.642295125253236"
"6682"	"GO:0042667"	"morphogenesis/development"	"0.550322842952258"
"6683"	"GO:0042668"	"neural related process"	"0.673316200489023"
"6684"	"GO:0042669"	"morphogenesis/development"	"0.448789319418009"
"6685"	"GO:0042670"	"morphogenesis/development"	"0.792375331611851"
"6686"	"GO:0042692"	"morphogenesis/development"	"+"
"6687"	"GO:0042693"	"morphogenesis/development"	"0.903792601217855"
"6688"	"GO:0042694"	"morphogenesis/development"	"0.766597003825735"
"6689"	"GO:0042695"	"morphogenesis/development"	"0.959600822680229"
"6690"	"GO:0042698"	"morphogenesis/development"	"+"
"6691"	"GO:0042699"	"receptor related process"	"0.852642539255481"
"6692"	"GO:0042700"	"receptor related process"	"0.899323955921326"
"6693"	"GO:0042701"	"transport"	"0.412586902982232"
"6694"	"GO:0042704"	"multicellular organismal process"	"0.904175923088781"
"6695"	"GO:0042706"	"morphogenesis/development"	"0.869300867128905"
"6696"	"GO:0042710"	"response to stimulus"	"0.336623575865305"
"6697"	"GO:0042711"	"neural related process"	"+"
"6698"	"GO:0042713"	"multicellular organismal process"	"0.939246617294466"
"6699"	"GO:0042723"	"metabolic process"	"0.981226265360205"
"6700"	"GO:0042724"	"metabolic process"	"0.962415978820583"
"6701"	"GO:0042726"	"metabolic process"	"0.972426713037823"
"6702"	"GO:0042727"	"metabolic process"	"0.953178683901821"
"6703"	"GO:0042728"	"metabolic process"	"0.977041786796382"
"6704"	"GO:0042730"	"multicellular organismal process"	"+"
"6705"	"GO:0042732"	"metabolic process"	"0.986517334815038"
"6706"	"GO:0042733"	"morphogenesis/development"	"0.891315775765847"
"6707"	"GO:0042734"	"neural related process"	"+"
"6708"	"GO:0042742"	"stress response"	"+"
"6709"	"GO:0042743"	"metabolic process"	"0.407745744798194"
"6710"	"GO:0042744"	"metabolic process"	"0.5928092304931"
"6711"	"GO:0042745"	"neural related process"	"0.937546130000278"
"6712"	"GO:0042746"	"neural related process"	"0.801230476037978"
"6713"	"GO:0042747"	"multicellular organismal process"	"0.445295339031654"
"6714"	"GO:0042748"	"neural related process"	"0.614241770602307"
"6715"	"GO:0042749"	"neural related process"	"0.818527234515667"
"6716"	"GO:0042752"	"other"	"0.716440645176665"
"6717"	"GO:0042753"	"neural related process"	"0.198726447601901"
"6718"	"GO:0042754"	"multicellular organismal process"	"0.184681488726309"
"6719"	"GO:0042755"	"neural related process"	"0.78465310820801"
"6720"	"GO:0042756"	"neural related process"	"0.594744734625316"
"6721"	"GO:0042758"	"metabolic process"	"0.971524693595947"
"6722"	"GO:0042759"	"metabolic process"	"0.904281821602051"
"6723"	"GO:0042760"	"metabolic process"	"0.931213508927103"
"6724"	"GO:0042761"	"metabolic process"	"0.906655486967916"
"6725"	"GO:0042762"	"metabolic process"	"0.915975717249924"
"6726"	"GO:0042770"	"stress response"	"+"
"6727"	"GO:0042771"	"cell death"	"+"
"6728"	"GO:0042772"	"stress response"	"+"
"6729"	"GO:0042773"	"metabolic process"	"+"
"6730"	"GO:0042774"	"metabolic process"	"0.769669162655121"
"6731"	"GO:0042775"	"metabolic process"	"+"
"6732"	"GO:0042776"	"metabolic process"	"+"
"6733"	"GO:0042780"	"gene regulation"	"0.85864150989918"
"6734"	"GO:0042789"	"gene regulation"	"0.952605818175675"
"6735"	"GO:0042790"	"gene regulation"	"0.581406564837833"
"6736"	"GO:0042791"	"gene regulation"	"0.911266063967561"
"6737"	"GO:0042795"	"gene regulation"	"0.959942223953465"
"6738"	"GO:0042796"	"gene regulation"	"0.970532038247076"
"6739"	"GO:0042797"	"gene regulation"	"0.924775372037347"
"6740"	"GO:0042802"	"protein modification/signaling"	"+"
"6741"	"GO:0042803"	"protein modification/signaling"	"+"
"6742"	"GO:0042816"	"metabolic process"	"0.987568527291694"
"6743"	"GO:0042817"	"metabolic process"	"0.934492844224845"
"6744"	"GO:0042818"	"metabolic process"	"0.924753479662866"
"6745"	"GO:0042819"	"metabolic process"	"0.983654136243548"
"6746"	"GO:0042820"	"metabolic process"	"0.98464000474559"
"6747"	"GO:0042822"	"metabolic process"	"0.984304449414889"
"6748"	"GO:0042823"	"metabolic process"	"0.944709143095804"
"6749"	"GO:0042826"	"gene regulation"	"+"
"6750"	"GO:0042832"	"stress response"	"+"
"6751"	"GO:0042839"	"metabolic process"	"0.988939039849931"
"6752"	"GO:0042840"	"metabolic process"	"0.972256629222432"
"6753"	"GO:0042843"	"metabolic process"	"0.967894691350855"
"6754"	"GO:0042851"	"metabolic process"	"0.966117536717781"
"6755"	"GO:0042853"	"metabolic process"	"0.958450992706797"
"6756"	"GO:0042866"	"metabolic process"	"0.975283958491878"
"6757"	"GO:0042867"	"metabolic process"	"0.977723398208663"
"6758"	"GO:0042868"	"metabolic process"	"0.60064795444819"
"6759"	"GO:0042873"	"transport"	"0.849304800276318"
"6760"	"GO:0042874"	"transport"	"0.800828846294042"
"6761"	"GO:0042883"	"transport"	"0.899096979677362"
"6762"	"GO:0042886"	"transport"	"+"
"6763"	"GO:0042904"	"metabolic process"	"0.793826304824342"
"6764"	"GO:0042905"	"metabolic process"	"0.903194767425155"
"6765"	"GO:0042908"	"transport"	"0.954312211217512"
"6766"	"GO:0042910"	"transport"	"+"
"6767"	"GO:0042918"	"transport"	"0.905148210259634"
"6768"	"GO:0042921"	"receptor related process"	"0.865196506070141"
"6769"	"GO:0042923"	"neural related process"	"+"
"6770"	"GO:0042930"	"transport"	"0.755223935226601"
"6771"	"GO:0042938"	"transport"	"0.738869488189623"
"6772"	"GO:0042939"	"transport"	"0.929669542141506"
"6773"	"GO:0042940"	"transport"	"0.900915617946222"
"6774"	"GO:0042941"	"transport"	"0.842217610758685"
"6775"	"GO:0042942"	"transport"	"0.800548933245047"
"6776"	"GO:0042946"	"transport"	"0.79253995716063"
"6777"	"GO:0042953"	"transport"	"0.923093944202559"
"6778"	"GO:0042976"	"protein modification/signaling"	"+"
"6779"	"GO:0042981"	"cell death"	"0.969503399362335"
"6780"	"GO:0042982"	"metabolic process"	"+"
"6781"	"GO:0042983"	"metabolic process"	"0.966231540939093"
"6782"	"GO:0042984"	"metabolic process"	"0.934981708202506"
"6783"	"GO:0042985"	"metabolic process"	"0.861900885173278"
"6784"	"GO:0042986"	"metabolic process"	"0.943005225194511"
"6785"	"GO:0042987"	"metabolic process"	"+"
"6786"	"GO:0042989"	"cellular component organization"	"0.909645294065537"
"6787"	"GO:0042994"	"gene regulation"	"+"
"6788"	"GO:0043007"	"cell cycle"	"0.589242718099008"
"6789"	"GO:0043009"	"morphogenesis/development"	"+"
"6790"	"GO:0043010"	"morphogenesis/development"	"+"
"6791"	"GO:0043011"	"neural related process"	"+"
"6792"	"GO:0043012"	"morphogenesis/development"	"0.213837492435832"
"6793"	"GO:0043014"	"cellular component organization"	"+"
"6794"	"GO:0043021"	"gene regulation"	"+"
"6795"	"GO:0043024"	"gene regulation"	"+"
"6796"	"GO:0043028"	"cell death"	"+"
"6797"	"GO:0043029"	"immune system process"	"+"
"6798"	"GO:0043030"	"immune system process"	"+"
"6799"	"GO:0043031"	"immune system process"	"+"
"6800"	"GO:0043032"	"immune system process"	"+"
"6801"	"GO:0043038"	"metabolic process"	"+"
"6802"	"GO:0043039"	"metabolic process"	"+"
"6803"	"GO:0043041"	"metabolic process"	"0.935628257008036"
"6804"	"GO:0043043"	"metabolic process"	"+"
"6805"	"GO:0043045"	"gene regulation"	"0.677831871382823"
"6806"	"GO:0043048"	"metabolic process"	"0.972625188047107"
"6807"	"GO:0043049"	"morphogenesis/development"	"0.93629676209805"
"6808"	"GO:0043052"	"response to stimulus"	"0.328345891558443"
"6809"	"GO:0043060"	"cell cycle"	"0.966425709673011"
"6810"	"GO:0043062"	"cellular component organization"	"+"
"6811"	"GO:0043063"	"cellular component organization"	"0.741447527181859"
"6812"	"GO:0043065"	"cell death"	"+"
"6813"	"GO:0043066"	"cell death"	"+"
"6814"	"GO:0043067"	"cell death"	"0.978428440961754"
"6815"	"GO:0043068"	"cell death"	"+"
"6816"	"GO:0043069"	"cell death"	"+"
"6817"	"GO:0043084"	"multicellular organismal process"	"0.822365036056454"
"6818"	"GO:0043085"	"metabolic process"	"0.949463118840405"
"6819"	"GO:0043086"	"protein modification/signaling"	"+"
"6820"	"GO:0043087"	"protein modification/signaling"	"+"
"6821"	"GO:0043090"	"transport"	"0.776421175682965"
"6822"	"GO:0043094"	"metabolic process"	"+"
"6823"	"GO:0043096"	"metabolic process"	"0.634192290020641"
"6824"	"GO:0043097"	"metabolic process"	"0.737234633550551"
"6825"	"GO:0043101"	"metabolic process"	"0.91180359031093"
"6826"	"GO:0043102"	"metabolic process"	"0.904903898377463"
"6827"	"GO:0043103"	"metabolic process"	"0.937318964979208"
"6828"	"GO:0043111"	"cell cycle"	"0.846960621821317"
"6829"	"GO:0043112"	"metabolic process"	"+"
"6830"	"GO:0043113"	"neural related process"	"0.396438493254506"
"6831"	"GO:0043114"	"multicellular organismal process"	"+"
"6832"	"GO:0043116"	"multicellular organismal process"	"0.826085917893257"
"6833"	"GO:0043117"	"multicellular organismal process"	"+"
"6834"	"GO:0043122"	"immune system process"	"0.484509455506244"
"6835"	"GO:0043123"	"protein modification/signaling"	"0.396155724447304"
"6836"	"GO:0043124"	"immune system process"	"0.49352566481993"
"6837"	"GO:0043129"	"multicellular organismal process"	"+"
"6838"	"GO:0043130"	"protein modification/signaling"	"+"
"6839"	"GO:0043131"	"cellular component organization"	"0.883183138099141"
"6840"	"GO:0043132"	"transport"	"0.80146914170003"
"6841"	"GO:0043133"	"multicellular organismal process"	"0.81300376747203"
"6842"	"GO:0043134"	"multicellular organismal process"	"0.87379340123885"
"6843"	"GO:0043137"	"cell cycle"	"0.228953512126179"
"6844"	"GO:0043138"	"cell cycle"	"+"
"6845"	"GO:0043143"	"gene regulation"	"0.306521199423566"
"6846"	"GO:0043144"	"gene regulation"	"+"
"6847"	"GO:0043149"	"cellular component organization"	"+"
"6848"	"GO:0043152"	"immune system process"	"0.438216735185466"
"6849"	"GO:0043153"	"response to stimulus"	"0.658003321241138"
"6850"	"GO:0043157"	"stress response"	"0.612015841382783"
"6851"	"GO:0043161"	"metabolic process"	"+"
"6852"	"GO:0043162"	"metabolic process"	"0.730595128530939"
"6853"	"GO:0043163"	"cellular component organization"	"0.939525175710259"
"6854"	"GO:0043168"	"other"	"+"
"6855"	"GO:0043171"	"metabolic process"	"0.914195365785953"
"6856"	"GO:0043173"	"metabolic process"	"0.922922790449166"
"6857"	"GO:0043174"	"metabolic process"	"0.919510817337977"
"6858"	"GO:0043178"	"other"	"+"
"6859"	"GO:0043179"	"neural related process"	"0.63379390147054"
"6860"	"GO:0043181"	"ER/endosome/lysosome related process"	"0.628974285614799"
"6861"	"GO:0043197"	"neural related process"	"+"
"6862"	"GO:0043198"	"neural related process"	"+"
"6863"	"GO:0043200"	"response to stimulus"	"0.95305974055152"
"6864"	"GO:0043201"	"response to stimulus"	"0.866818915172127"
"6865"	"GO:0043204"	"neural related process"	"+"
"6866"	"GO:0043207"	"stress response"	"0.414186975706683"
"6867"	"GO:0043217"	"cellular component organization"	"+"
"6868"	"GO:0043236"	"other"	"+"
"6869"	"GO:0043242"	"cellular component organization"	"0.956139203327905"
"6870"	"GO:0043243"	"cellular component organization"	"+"
"6871"	"GO:0043244"	"cellular component organization"	"+"
"6872"	"GO:0043247"	"stress response"	"+"
"6873"	"GO:0043248"	"cellular component organization"	"+"
"6874"	"GO:0043249"	"morphogenesis/development"	"0.858786930380038"
"6875"	"GO:0043251"	"transport"	"0.789508894961084"
"6876"	"GO:0043252"	"transport"	"0.970336853772343"
"6877"	"GO:0043254"	"cellular component organization"	"0.943688202530659"
"6878"	"GO:0043255"	"metabolic process"	"0.886932358813792"
"6879"	"GO:0043266"	"transport"	"0.682172149673528"
"6880"	"GO:0043267"	"transport"	"0.754694025858543"
"6881"	"GO:0043268"	"transport"	"0.65469256362824"
"6882"	"GO:0043269"	"transport"	"0.918628966893378"
"6883"	"GO:0043270"	"transport"	"+"
"6884"	"GO:0043271"	"transport"	"0.921553975651308"
"6885"	"GO:0043276"	"cell death"	"+"
"6886"	"GO:0043277"	"transport"	"+"
"6887"	"GO:0043278"	"response to stimulus"	"0.711921773287672"
"6888"	"GO:0043279"	"response to stimulus"	"+"
"6889"	"GO:0043296"	"cell adhesion"	"+"
"6890"	"GO:0043297"	"cellular component organization"	"0.886315969213674"
"6891"	"GO:0043299"	"immune system process"	"+"
"6892"	"GO:0043300"	"immune system process"	"0.925521245407351"
"6893"	"GO:0043301"	"immune system process"	"0.875527532842175"
"6894"	"GO:0043302"	"immune system process"	"0.912390573077833"
"6895"	"GO:0043303"	"immune system process"	"0.827905297627678"
"6896"	"GO:0043304"	"immune system process"	"0.866938400502955"
"6897"	"GO:0043305"	"immune system process"	"0.769111999126929"
"6898"	"GO:0043306"	"immune system process"	"0.681847379468991"
"6899"	"GO:0043307"	"immune system process"	"0.984325163212329"
"6900"	"GO:0043308"	"immune system process"	"0.84785663798833"
"6901"	"GO:0043309"	"immune system process"	"0.835825502423417"
"6902"	"GO:0043310"	"immune system process"	"0.574728215473895"
"6903"	"GO:0043311"	"immune system process"	"0.698907486993104"
"6904"	"GO:0043312"	"immune system process"	"0.641025335674582"
"6905"	"GO:0043313"	"immune system process"	"0.901739558232881"
"6906"	"GO:0043314"	"immune system process"	"0.679070273530573"
"6907"	"GO:0043315"	"immune system process"	"0.736577193068821"
"6908"	"GO:0043316"	"immune system process"	"0.488356057131747"
"6909"	"GO:0043317"	"immune system process"	"0.616174520585186"
"6910"	"GO:0043318"	"immune system process"	"0.600081708097597"
"6911"	"GO:0043320"	"immune system process"	"0.81048947244076"
"6912"	"GO:0043321"	"immune system process"	"0.68732588987031"
"6913"	"GO:0043322"	"immune system process"	"0.613853505399655"
"6914"	"GO:0043323"	"immune system process"	"0.812361235096523"
"6915"	"GO:0043324"	"metabolic process"	"0.526842180786988"
"6916"	"GO:0043328"	"transport"	"+"
"6917"	"GO:0043330"	"immune system process"	"+"
"6918"	"GO:0043331"	"immune system process"	"+"
"6919"	"GO:0043335"	"cellular component organization"	"0.233648349549846"
"6920"	"GO:0043353"	"morphogenesis/development"	"0.843244917262592"
"6921"	"GO:0043354"	"morphogenesis/development"	"0.675163729268867"
"6922"	"GO:0043363"	"morphogenesis/development"	"0.850954481103903"
"6923"	"GO:0043366"	"immune system process"	"0.858769599488684"
"6924"	"GO:0043367"	"immune system process"	"+"
"6925"	"GO:0043368"	"immune system process"	"0.930688572435667"
"6926"	"GO:0043369"	"immune system process"	"0.929848413169264"
"6927"	"GO:0043370"	"immune system process"	"+"
"6928"	"GO:0043371"	"immune system process"	"0.953914379660981"
"6929"	"GO:0043372"	"immune system process"	"+"
"6930"	"GO:0043373"	"immune system process"	"0.949260885640778"
"6931"	"GO:0043374"	"immune system process"	"0.897748243189499"
"6932"	"GO:0043375"	"immune system process"	"0.757705590512267"
"6933"	"GO:0043376"	"immune system process"	"0.822390061634069"
"6934"	"GO:0043377"	"immune system process"	"0.912989049172069"
"6935"	"GO:0043378"	"immune system process"	"0.831135250452434"
"6936"	"GO:0043379"	"immune system process"	"0.931732107592378"
"6937"	"GO:0043380"	"immune system process"	"0.979929809074893"
"6938"	"GO:0043381"	"immune system process"	"0.961908198215843"
"6939"	"GO:0043382"	"immune system process"	"0.959219652252544"
"6940"	"GO:0043383"	"immune system process"	"0.983190052003645"
"6941"	"GO:0043385"	"metabolic process"	"0.93090929313877"
"6942"	"GO:0043387"	"metabolic process"	"0.813704771053136"
"6943"	"GO:0043388"	"gene regulation"	"+"
"6944"	"GO:0043392"	"gene regulation"	"+"
"6945"	"GO:0043393"	"protein modification/signaling"	"+"
"6946"	"GO:0043394"	"cellular component organization"	"+"
"6947"	"GO:0043396"	"transport"	"0.290910340635455"
"6948"	"GO:0043397"	"transport"	"0.511680455788493"
"6949"	"GO:0043400"	"transport"	"0.876160333305275"
"6950"	"GO:0043401"	"protein modification/signaling"	"0.4412454474152"
"6951"	"GO:0043402"	"receptor related process"	"0.637373238433979"
"6952"	"GO:0043403"	"morphogenesis/development"	"0.948167362132663"
"6953"	"GO:0043405"	"protein modification/signaling"	"+"
"6954"	"GO:0043406"	"protein modification/signaling"	"+"
"6955"	"GO:0043407"	"protein modification/signaling"	"+"
"6956"	"GO:0043408"	"protein modification/signaling"	"+"
"6957"	"GO:0043409"	"protein modification/signaling"	"+"
"6958"	"GO:0043410"	"protein modification/signaling"	"+"
"6959"	"GO:0043412"	"protein modification/signaling"	"0.861100894056653"
"6960"	"GO:0043413"	"protein modification/signaling"	"0.774230171096712"
"6961"	"GO:0043414"	"metabolic process"	"+"
"6962"	"GO:0043415"	"morphogenesis/development"	"0.51789737279288"
"6963"	"GO:0043416"	"morphogenesis/development"	"0.495890330004346"
"6964"	"GO:0043417"	"multicellular organismal process"	"0.270547694030016"
"6965"	"GO:0043418"	"metabolic process"	"0.975312993493614"
"6966"	"GO:0043420"	"metabolic process"	"0.979078957786005"
"6967"	"GO:0043433"	"gene regulation"	"+"
"6968"	"GO:0043434"	"response to stimulus"	"+"
"6969"	"GO:0043435"	"response to stimulus"	"0.863941970138275"
"6970"	"GO:0043436"	"metabolic process"	"+"
"6971"	"GO:0043438"	"metabolic process"	"0.984693519280033"
"6972"	"GO:0043449"	"metabolic process"	"0.868570766480031"
"6973"	"GO:0043455"	"metabolic process"	"0.399937857006098"
"6974"	"GO:0043456"	"metabolic process"	"0.946650121805377"
"6975"	"GO:0043457"	"metabolic process"	"+"
"6976"	"GO:0043461"	"cellular component organization"	"0.944730055261525"
"6977"	"GO:0043462"	"other"	"+"
"6978"	"GO:0043465"	"metabolic process"	"0.85457110606702"
"6979"	"GO:0043467"	"metabolic process"	"+"
"6980"	"GO:0043470"	"metabolic process"	"+"
"6981"	"GO:0043473"	"other"	"+"
"6982"	"GO:0043474"	"metabolic process"	"0.535333270654679"
"6983"	"GO:0043476"	"morphogenesis/development"	"0.173086524934813"
"6984"	"GO:0043482"	"morphogenesis/development"	"0.281233804077575"
"6985"	"GO:0043484"	"gene regulation"	"+"
"6986"	"GO:0043487"	"metabolic process"	"0.529805338117372"
"6987"	"GO:0043488"	"gene regulation"	"0.46916708682468"
"6988"	"GO:0043489"	"gene regulation"	"0.778008002720244"
"6989"	"GO:0043490"	"transport"	"0.735886502671227"
"6990"	"GO:0043491"	"protein modification/signaling"	"0.791395533034525"
"6991"	"GO:0043496"	"protein modification/signaling"	"0.426032465131204"
"6992"	"GO:0043500"	"multicellular organismal process"	"0.506406393871942"
"6993"	"GO:0043501"	"multicellular organismal process"	"0.525947423012435"
"6994"	"GO:0043502"	"multicellular organismal process"	"+"
"6995"	"GO:0043503"	"immune system process"	"0.179902090798758"
"6996"	"GO:0043504"	"stress response"	"0.960281466273286"
"6997"	"GO:0043506"	"protein modification/signaling"	"+"
"6998"	"GO:0043507"	"protein modification/signaling"	"0.895802984874551"
"6999"	"GO:0043508"	"protein modification/signaling"	"0.979445677752829"
"7000"	"GO:0043516"	"stress response"	"0.792335886461354"
"7001"	"GO:0043517"	"protein modification/signaling"	"0.484052305600658"
"7002"	"GO:0043518"	"stress response"	"0.452493602633569"
"7003"	"GO:0043519"	"cellular component organization"	"0.8556322828218"
"7004"	"GO:0043523"	"cell death"	"+"
"7005"	"GO:0043524"	"cell death"	"+"
"7006"	"GO:0043525"	"cell death"	"+"
"7007"	"GO:0043531"	"metabolic process"	"+"
"7008"	"GO:0043534"	"multicellular organismal process"	"+"
"7009"	"GO:0043535"	"multicellular organismal process"	"+"
"7010"	"GO:0043536"	"multicellular organismal process"	"+"
"7011"	"GO:0043537"	"multicellular organismal process"	"+"
"7012"	"GO:0043539"	"protein modification/signaling"	"+"
"7013"	"GO:0043542"	"multicellular organismal process"	"+"
"7014"	"GO:0043543"	"protein modification/signaling"	"+"
"7015"	"GO:0043545"	"metabolic process"	"0.930920417406879"
"7016"	"GO:0043547"	"protein modification/signaling"	"0.867353516191286"
"7017"	"GO:0043549"	"protein modification/signaling"	"0.83385393490026"
"7018"	"GO:0043550"	"protein modification/signaling"	"+"
"7019"	"GO:0043555"	"stress response"	"+"
"7020"	"GO:0043556"	"stress response"	"0.874134081846724"
"7021"	"GO:0043558"	"stress response"	"+"
"7022"	"GO:0043562"	"stress response"	"0.546801910055284"
"7023"	"GO:0043567"	"receptor related process"	"+"
"7024"	"GO:0043568"	"receptor related process"	"0.849856690205007"
"7025"	"GO:0043569"	"receptor related process"	"0.901101643343733"
"7026"	"GO:0043570"	"cell cycle"	"0.683552757706662"
"7027"	"GO:0043574"	"transport"	"0.745351520792499"
"7028"	"GO:0043576"	"neural related process"	"0.754519848559287"
"7029"	"GO:0043578"	"cellular component organization"	"0.863547255311134"
"7030"	"GO:0043583"	"morphogenesis/development"	"0.856817230848709"
"7031"	"GO:0043584"	"morphogenesis/development"	"0.917874141042991"
"7032"	"GO:0043585"	"morphogenesis/development"	"0.867545691751521"
"7033"	"GO:0043586"	"morphogenesis/development"	"0.892026976698802"
"7034"	"GO:0043587"	"morphogenesis/development"	"0.870029072579581"
"7035"	"GO:0043588"	"morphogenesis/development"	"+"
"7036"	"GO:0043589"	"morphogenesis/development"	"0.72119520694251"
"7037"	"GO:0043603"	"metabolic process"	"0.952380534369771"
"7038"	"GO:0043604"	"metabolic process"	"+"
"7039"	"GO:0043605"	"metabolic process"	"0.97874244387029"
"7040"	"GO:0043606"	"metabolic process"	"0.990528100693431"
"7041"	"GO:0043615"	"neural related process"	"0.814391689586747"
"7042"	"GO:0043616"	"cell cycle"	"+"
"7043"	"GO:0043622"	"cellular component organization"	"0.723592592492895"
"7044"	"GO:0043627"	"response to stimulus"	"+"
"7045"	"GO:0043632"	"metabolic process"	"+"
"7046"	"GO:0043633"	"gene regulation"	"0.514584466770161"
"7047"	"GO:0043634"	"gene regulation"	"0.586235159942173"
"7048"	"GO:0043647"	"metabolic process"	"0.944817561959432"
"7049"	"GO:0043648"	"metabolic process"	"+"
"7050"	"GO:0043649"	"metabolic process"	"0.977097070188435"
"7051"	"GO:0043650"	"metabolic process"	"0.960332806034969"
"7052"	"GO:0043651"	"metabolic process"	"0.942690402173178"
"7053"	"GO:0043652"	"cellular component organization"	"0.603880680281836"
"7054"	"GO:0043653"	"cell death"	"0.599415496525162"
"7055"	"GO:0043654"	"immune system process"	"0.332801870575833"
"7056"	"GO:0043686"	"protein modification/signaling"	"0.548771297717956"
"7057"	"GO:0043687"	"protein modification/signaling"	"+"
"7058"	"GO:0043691"	"transport"	"0.754834812408649"
"7059"	"GO:0043696"	"morphogenesis/development"	"0.905186185047252"
"7060"	"GO:0043697"	"morphogenesis/development"	"0.852553148555912"
"7061"	"GO:0043903"	"other"	"+"
"7062"	"GO:0043921"	"viral related process"	"0.644676304067522"
"7063"	"GO:0043922"	"viral related process"	"0.643400840030257"
"7064"	"GO:0043923"	"viral related process"	"+"
"7065"	"GO:0043931"	"morphogenesis/development"	"0.889856719356773"
"7066"	"GO:0043932"	"multicellular organismal process"	"0.61462835179578"
"7067"	"GO:0043933"	"cellular component organization"	"0.867849597514563"
"7068"	"GO:0043949"	"protein modification/signaling"	"+"
"7069"	"GO:0043950"	"protein modification/signaling"	"0.769628888909359"
"7070"	"GO:0043951"	"protein modification/signaling"	"0.844574643790516"
"7071"	"GO:0043954"	"cellular component organization"	"+"
"7072"	"GO:0044003"	"viral related process"	"0.327599179673133"
"7073"	"GO:0044010"	"response to stimulus"	"0.319114216158546"
"7074"	"GO:0044027"	"gene regulation"	"0.872463606758609"
"7075"	"GO:0044029"	"gene regulation"	"0.900718406162238"
"7076"	"GO:0044042"	"metabolic process"	"+"
"7077"	"GO:0044057"	"multicellular organismal process"	"+"
"7078"	"GO:0044058"	"multicellular organismal process"	"0.870958884319191"
"7079"	"GO:0044060"	"multicellular organismal process"	"0.95494929751297"
"7080"	"GO:0044062"	"multicellular organismal process"	"0.416995402699133"
"7081"	"GO:0044065"	"neural related process"	"0.778526286952272"
"7082"	"GO:0044068"	"viral related process"	"0.207324916459081"
"7083"	"GO:0044070"	"transport"	"0.948872384747461"
"7084"	"GO:0044085"	"cellular component organization"	"0.959621418028693"
"7085"	"GO:0044087"	"cellular component organization"	"+"
"7086"	"GO:0044088"	"cellular component organization"	"+"
"7087"	"GO:0044089"	"cellular component organization"	"+"
"7088"	"GO:0044090"	"cellular component organization"	"+"
"7089"	"GO:0044091"	"cellular component organization"	"0.956289862772079"
"7090"	"GO:0044092"	"protein modification/signaling"	"0.61090231914329"
"7091"	"GO:0044093"	"metabolic process"	"0.694821172701175"
"7092"	"GO:0044111"	"morphogenesis/development"	"0.249766288589646"
"7093"	"GO:0044182"	"cell cycle"	"0.450720854677293"
"7094"	"GO:0044205"	"metabolic process"	"0.857859160837115"
"7095"	"GO:0044206"	"metabolic process"	"0.734164082155657"
"7096"	"GO:0044208"	"metabolic process"	"0.901109941227223"
"7097"	"GO:0044209"	"metabolic process"	"0.947677282446536"
"7098"	"GO:0044210"	"metabolic process"	"0.868713689142052"
"7099"	"GO:0044211"	"metabolic process"	"0.763397637331659"
"7100"	"GO:0044241"	"multicellular organismal process"	"0.82373064651042"
"7101"	"GO:0044245"	"multicellular organismal process"	"0.46519360343743"
"7102"	"GO:0044248"	"metabolic process"	"0.962706261045093"
"7103"	"GO:0044258"	"metabolic process"	"0.954738724914248"
"7104"	"GO:0044269"	"metabolic process"	"0.916628338605681"
"7105"	"GO:0044272"	"metabolic process"	"+"
"7106"	"GO:0044273"	"metabolic process"	"+"
"7107"	"GO:0044281"	"metabolic process"	"0.923054853257164"
"7108"	"GO:0044282"	"metabolic process"	"+"
"7109"	"GO:0044283"	"metabolic process"	"+"
"7110"	"GO:0044304"	"neural related process"	"+"
"7111"	"GO:0044313"	"protein modification/signaling"	"0.887116888440536"
"7112"	"GO:0044314"	"protein modification/signaling"	"0.944360168871489"
"7113"	"GO:0044319"	"morphogenesis/development"	"+"
"7114"	"GO:0044320"	"response to stimulus"	"0.578388413041667"
"7115"	"GO:0044321"	"response to stimulus"	"0.51017933711267"
"7116"	"GO:0044322"	"ER/endosome/lysosome related process"	"+"
"7117"	"GO:0044325"	"transport"	"+"
"7118"	"GO:0044331"	"cell adhesion"	"0.687085295087122"
"7119"	"GO:0044338"	"protein modification/signaling"	"0.489890265778441"
"7120"	"GO:0044341"	"transport"	"0.861801685103152"
"7121"	"GO:0044342"	"cell cycle"	"+"
"7122"	"GO:0044344"	"response to stimulus"	"+"
"7123"	"GO:0044345"	"morphogenesis/development"	"0.456319115358154"
"7124"	"GO:0044346"	"cell death"	"+"
"7125"	"GO:0044351"	"transport"	"0.631604625449719"
"7126"	"GO:0044355"	"stress response"	"0.479135274188796"
"7127"	"GO:0044357"	"gene regulation"	"0.8581800966288"
"7128"	"GO:0044375"	"cellular component organization"	"0.877191615501865"
"7129"	"GO:0044379"	"transport"	"0.572476893351422"
"7130"	"GO:0044380"	"cellular component organization"	"+"
"7131"	"GO:0044381"	"transport"	"0.471307268276121"
"7132"	"GO:0044387"	"protein modification/signaling"	"0.714136564245204"
"7133"	"GO:0044389"	"protein modification/signaling"	"+"
"7134"	"GO:0044390"	"protein modification/signaling"	"+"
"7135"	"GO:0044403"	"response to stimulus"	"+"
"7136"	"GO:0044406"	"other"	"0.243345803234486"
"7137"	"GO:0044407"	"response to stimulus"	"0.255364584862334"
"7138"	"GO:0044409"	"response to stimulus"	"0.664271177945463"
"7139"	"GO:0044414"	"immune system process"	"0.284586571821158"
"7140"	"GO:0044417"	"other"	"0.265056147520826"
"7141"	"GO:0044419"	"immune system process"	"0.293005198760057"
"7142"	"GO:0044458"	"cellular component organization"	"0.80840576840135"
"7143"	"GO:0044467"	"neural related process"	"0.389590708300389"
"7144"	"GO:0044524"	"protein modification/signaling"	"0.638396974414018"
"7145"	"GO:0044528"	"gene regulation"	"0.812386088196719"
"7146"	"GO:0044539"	"transport"	"0.876540892297564"
"7147"	"GO:0044546"	"cellular component organization"	"0.667959002693215"
"7148"	"GO:0044548"	"other"	"+"
"7149"	"GO:0044550"	"metabolic process"	"0.632906465331867"
"7150"	"GO:0044557"	"multicellular organismal process"	"0.93769076118136"
"7151"	"GO:0044558"	"multicellular organismal process"	"0.934995258221528"
"7152"	"GO:0044565"	"immune system process"	"0.82082979310025"
"7153"	"GO:0044571"	"cellular component organization"	"0.899013340667735"
"7154"	"GO:0044572"	"cellular component organization"	"0.878446668289616"
"7155"	"GO:0044580"	"metabolic process"	"0.972743211581822"
"7156"	"GO:0044594"	"metabolic process"	"+"
"7157"	"GO:0044597"	"metabolic process"	"0.959524294089256"
"7158"	"GO:0044598"	"metabolic process"	"0.982261188364175"
"7159"	"GO:0044601"	"protein modification/signaling"	"0.912777154967935"
"7160"	"GO:0044602"	"protein modification/signaling"	"0.893938177472253"
"7161"	"GO:0044615"	"cellular component organization"	"+"
"7162"	"GO:0044650"	"response to stimulus"	"0.331090835348364"
"7163"	"GO:0044691"	"morphogenesis/development"	"0.947088393135774"
"7164"	"GO:0044703"	"other"	"+"
"7165"	"GO:0044706"	"multicellular organismal process"	"+"
"7166"	"GO:0044721"	"cellular component organization"	"0.348145113626127"
"7167"	"GO:0044722"	"multicellular organismal process"	"0.66200888141632"
"7168"	"GO:0044725"	"gene regulation"	"0.657144429732443"
"7169"	"GO:0044726"	"gene regulation"	"0.649763367784397"
"7170"	"GO:0044727"	"gene regulation"	"0.795905535474772"
"7171"	"GO:0044743"	"transport"	"0.886642303377978"
"7172"	"GO:0044751"	"response to stimulus"	"0.844165882625451"
"7173"	"GO:0044752"	"response to stimulus"	"0.908882194707177"
"7174"	"GO:0044770"	"cell cycle"	"+"
"7175"	"GO:0044771"	"cell cycle"	"+"
"7176"	"GO:0044772"	"cell cycle"	"+"
"7177"	"GO:0044773"	"cell cycle"	"0.553567746798179"
"7178"	"GO:0044774"	"protein modification/signaling"	"+"
"7179"	"GO:0044778"	"cell cycle"	"0.912886704548635"
"7180"	"GO:0044779"	"cell cycle"	"0.943343195102087"
"7181"	"GO:0044782"	"cellular component organization"	"+"
"7182"	"GO:0044784"	"cell cycle"	"+"
"7183"	"GO:0044785"	"cell cycle"	"0.983694702097279"
"7184"	"GO:0044786"	"cell cycle"	"+"
"7185"	"GO:0044788"	"viral related process"	"+"
"7186"	"GO:0044790"	"viral related process"	"+"
"7187"	"GO:0044793"	"viral related process"	"0.855852763341464"
"7188"	"GO:0044794"	"viral related process"	"+"
"7189"	"GO:0044795"	"ER/endosome/lysosome related process"	"0.997006605210324"
"7190"	"GO:0044804"	"cellular component organization"	"0.589895047554538"
"7191"	"GO:0044806"	"cell cycle"	"0.910930783415445"
"7192"	"GO:0044818"	"cell cycle"	"+"
"7193"	"GO:0044819"	"cell cycle"	"+"
"7194"	"GO:0044821"	"cell cycle"	"0.867757983039165"
"7195"	"GO:0044827"	"viral related process"	"+"
"7196"	"GO:0044828"	"viral related process"	"0.836384698882335"
"7197"	"GO:0044829"	"viral related process"	"0.889523181332057"
"7198"	"GO:0044830"	"viral related process"	"0.955809982628184"
"7199"	"GO:0044837"	"cellular component organization"	"0.686440151489201"
"7200"	"GO:0044839"	"cell cycle"	"+"
"7201"	"GO:0044843"	"cell cycle"	"+"
"7202"	"GO:0044848"	"morphogenesis/development"	"0.536480680745948"
"7203"	"GO:0044849"	"morphogenesis/development"	"0.774688342886461"
"7204"	"GO:0044851"	"multicellular organismal process"	"0.835075343052243"
"7205"	"GO:0044854"	"cellular component organization"	"0.982058651123966"
"7206"	"GO:0044855"	"cellular component organization"	"0.749679082127126"
"7207"	"GO:0044856"	"cellular component organization"	"0.511371959078095"
"7208"	"GO:0044857"	"cellular component organization"	"0.939527318799471"
"7209"	"GO:0044858"	"cellular component organization"	"0.736111527764177"
"7210"	"GO:0044860"	"transport"	"0.516727247627439"
"7211"	"GO:0044861"	"ER/endosome/lysosome related process"	"0.704996452355315"
"7212"	"GO:0044866"	"viral related process"	"0.389995393091102"
"7213"	"GO:0044867"	"viral related process"	"0.354790465890172"
"7214"	"GO:0044868"	"viral related process"	"0.59802087594345"
"7215"	"GO:0044869"	"metabolic process"	"0.208700646434316"
"7216"	"GO:0044870"	"viral related process"	"0.55920792549595"
"7217"	"GO:0044871"	"viral related process"	"0.225762916077265"
"7218"	"GO:0044872"	"transport"	"0.918703522103104"
"7219"	"GO:0044873"	"ER/endosome/lysosome related process"	"0.674336553463689"
"7220"	"GO:0044878"	"cell cycle"	"0.888533807282677"
"7221"	"GO:0045002"	"stress response"	"0.951042680049126"
"7222"	"GO:0045003"	"stress response"	"0.934169245442024"
"7223"	"GO:0045004"	"stress response"	"0.940226752632849"
"7224"	"GO:0045005"	"cell cycle"	"+"
"7225"	"GO:0045006"	"gene regulation"	"0.565907824129535"
"7226"	"GO:0045007"	"stress response"	"0.588951844020884"
"7227"	"GO:0045008"	"metabolic process"	"0.599315557726717"
"7228"	"GO:0045010"	"cellular component organization"	"0.908595349578335"
"7229"	"GO:0045016"	"ER/endosome/lysosome related process"	"0.450024663129358"
"7230"	"GO:0045017"	"metabolic process"	"0.925419174405037"
"7231"	"GO:0045019"	"metabolic process"	"0.929773570792216"
"7232"	"GO:0045022"	"ER/endosome/lysosome related process"	"+"
"7233"	"GO:0045023"	"cell cycle"	"+"
"7234"	"GO:0045026"	"cellular component organization"	"0.463610016709618"
"7235"	"GO:0045039"	"cellular component organization"	"0.568989282128755"
"7236"	"GO:0045040"	"cellular component organization"	"+"
"7237"	"GO:0045041"	"ER/endosome/lysosome related process"	"0.78409429976463"
"7238"	"GO:0045046"	"transport"	"0.532582067632591"
"7239"	"GO:0045047"	"ER/endosome/lysosome related process"	"0.494848585516785"
"7240"	"GO:0045048"	"ER/endosome/lysosome related process"	"+"
"7241"	"GO:0045050"	"ER/endosome/lysosome related process"	"0.920329810584509"
"7242"	"GO:0045053"	"ER/endosome/lysosome related process"	"0.50832934864961"
"7243"	"GO:0045054"	"ER/endosome/lysosome related process"	"0.369307020481369"
"7244"	"GO:0045055"	"transport"	"+"
"7245"	"GO:0045056"	"transport"	"+"
"7246"	"GO:0045058"	"immune system process"	"0.981677645777473"
"7247"	"GO:0045059"	"immune system process"	"0.843584949615464"
"7248"	"GO:0045060"	"immune system process"	"0.975382288108271"
"7249"	"GO:0045061"	"immune system process"	"0.964142834620591"
"7250"	"GO:0045062"	"immune system process"	"0.899065089405963"
"7251"	"GO:0045063"	"immune system process"	"0.949570389661078"
"7252"	"GO:0045064"	"immune system process"	"0.952317150774165"
"7253"	"GO:0045065"	"immune system process"	"0.923697049932152"
"7254"	"GO:0045066"	"immune system process"	"+"
"7255"	"GO:0045069"	"viral related process"	"+"
"7256"	"GO:0045070"	"viral related process"	"+"
"7257"	"GO:0045071"	"viral related process"	"+"
"7258"	"GO:0045087"	"stress response"	"0.612552673906993"
"7259"	"GO:0045088"	"immune system process"	"+"
"7260"	"GO:0045089"	"immune system process"	"+"
"7261"	"GO:0045091"	"viral related process"	"0.753336644852668"
"7262"	"GO:0045103"	"cellular component organization"	"0.843173594375549"
"7263"	"GO:0045104"	"cellular component organization"	"+"
"7264"	"GO:0045105"	"cellular component organization"	"0.932176622925629"
"7265"	"GO:0045106"	"cellular component organization"	"0.817102303124424"
"7266"	"GO:0045107"	"cellular component organization"	"0.621964484095998"
"7267"	"GO:0045108"	"cellular component organization"	"0.623281359624547"
"7268"	"GO:0045109"	"cellular component organization"	"+"
"7269"	"GO:0045110"	"cellular component organization"	"0.862697791329675"
"7270"	"GO:0045112"	"metabolic process"	"0.763523708677781"
"7271"	"GO:0045113"	"metabolic process"	"0.717327552617239"
"7272"	"GO:0045116"	"protein modification/signaling"	"+"
"7273"	"GO:0045117"	"transport"	"0.951410793748788"
"7274"	"GO:0045121"	"cellular component organization"	"+"
"7275"	"GO:0045123"	"immune system process"	"+"
"7276"	"GO:0045124"	"multicellular organismal process"	"0.73018695386181"
"7277"	"GO:0045132"	"cell cycle"	"+"
"7278"	"GO:0045136"	"morphogenesis/development"	"0.905831839487497"
"7279"	"GO:0045137"	"morphogenesis/development"	"+"
"7280"	"GO:0045141"	"cell cycle"	"0.708844978628644"
"7281"	"GO:0045143"	"cell cycle"	"0.991144047621152"
"7282"	"GO:0045161"	"neural related process"	"0.702418014010756"
"7283"	"GO:0045162"	"neural related process"	"0.488197005157526"
"7284"	"GO:0045163"	"neural related process"	"0.560745838520473"
"7285"	"GO:0045165"	"morphogenesis/development"	"+"
"7286"	"GO:0045167"	"cellular component organization"	"0.368581217060215"
"7287"	"GO:0045168"	"morphogenesis/development"	"0.382687150840795"
"7288"	"GO:0045175"	"ER/endosome/lysosome related process"	"0.8199048033156"
"7289"	"GO:0045176"	"transport"	"0.604124793594404"
"7290"	"GO:0045177"	"cellular component organization"	"+"
"7291"	"GO:0045178"	"cellular component organization"	"+"
"7292"	"GO:0045182"	"gene regulation"	"+"
"7293"	"GO:0045184"	"transport"	"0.957624464327528"
"7294"	"GO:0045185"	"cellular component organization"	"+"
"7295"	"GO:0045186"	"cellular component organization"	"0.857703652068707"
"7296"	"GO:0045187"	"neural related process"	"0.624983028266294"
"7297"	"GO:0045188"	"neural related process"	"0.389727467974665"
"7298"	"GO:0045190"	"immune system process"	"0.955420961789482"
"7299"	"GO:0045191"	"immune system process"	"0.951905564068864"
"7300"	"GO:0045196"	"cellular component organization"	"0.676371528547733"
"7301"	"GO:0045197"	"cellular component organization"	"+"
"7302"	"GO:0045198"	"morphogenesis/development"	"0.581871716206944"
"7303"	"GO:0045199"	"cellular component organization"	"0.616036297198668"
"7304"	"GO:0045200"	"cellular component organization"	"0.412496930559099"
"7305"	"GO:0045210"	"immune system process"	"0.897894710679256"
"7306"	"GO:0045211"	"neural related process"	"+"
"7307"	"GO:0045214"	"cellular component organization"	"+"
"7308"	"GO:0045216"	"cellular component organization"	"+"
"7309"	"GO:0045217"	"cellular component organization"	"0.889344155481905"
"7310"	"GO:0045218"	"cellular component organization"	"0.831214279862471"
"7311"	"GO:0045219"	"metabolic process"	"0.57472474868983"
"7312"	"GO:0045221"	"metabolic process"	"0.633276099011843"
"7313"	"GO:0045222"	"metabolic process"	"0.469638530639995"
"7314"	"GO:0045223"	"metabolic process"	"0.647673167354306"
"7315"	"GO:0045225"	"metabolic process"	"0.693847927344597"
"7316"	"GO:0045229"	"cellular component organization"	"+"
"7317"	"GO:0045234"	"protein modification/signaling"	"0.613367264563956"
"7318"	"GO:0045236"	"immune system process"	"+"
"7319"	"GO:0045291"	"gene regulation"	"0.361725459667573"
"7320"	"GO:0045292"	"gene regulation"	"0.868444978896163"
"7321"	"GO:0045296"	"cell adhesion"	"+"
"7322"	"GO:0045299"	"morphogenesis/development"	"0.737093225298447"
"7323"	"GO:0045321"	"immune system process"	"0.967898302977673"
"7324"	"GO:0045324"	"ER/endosome/lysosome related process"	"+"
"7325"	"GO:0045329"	"metabolic process"	"0.971295230970127"
"7326"	"GO:0045332"	"transport"	"0.450180742559254"
"7327"	"GO:0045333"	"metabolic process"	"+"
"7328"	"GO:0045337"	"metabolic process"	"0.984706784860054"
"7329"	"GO:0045338"	"metabolic process"	"0.981919729537677"
"7330"	"GO:0045339"	"metabolic process"	"0.993101884397229"
"7331"	"GO:0045341"	"immune system process"	"0.8001013229074"
"7332"	"GO:0045342"	"immune system process"	"0.907740673163691"
"7333"	"GO:0045343"	"immune system process"	"0.916614003828081"
"7334"	"GO:0045344"	"metabolic process"	"0.379471738015065"
"7335"	"GO:0045345"	"immune system process"	"0.929229529604753"
"7336"	"GO:0045346"	"immune system process"	"+"
"7337"	"GO:0045347"	"immune system process"	"0.722436301141234"
"7338"	"GO:0045348"	"immune system process"	"0.956116867263231"
"7339"	"GO:0045428"	"metabolic process"	"+"
"7340"	"GO:0045429"	"metabolic process"	"+"
"7341"	"GO:0045444"	"morphogenesis/development"	"+"
"7342"	"GO:0045445"	"morphogenesis/development"	"+"
"7343"	"GO:0045446"	"morphogenesis/development"	"+"
"7344"	"GO:0045448"	"cell cycle"	"0.953337072997041"
"7345"	"GO:0045453"	"morphogenesis/development"	"0.492330729057149"
"7346"	"GO:0045454"	"other"	"+"
"7347"	"GO:0045471"	"response to stimulus"	"+"
"7348"	"GO:0045472"	"response to stimulus"	"0.89912480251813"
"7349"	"GO:0045475"	"neural related process"	"0.350690939711824"
"7350"	"GO:0045494"	"multicellular organismal process"	"0.410319745768642"
"7351"	"GO:0045540"	"metabolic process"	"0.921225571962555"
"7352"	"GO:0045541"	"metabolic process"	"0.896740026318772"
"7353"	"GO:0045542"	"metabolic process"	"0.929278944817319"
"7354"	"GO:0045575"	"immune system process"	"0.931465430075875"
"7355"	"GO:0045576"	"immune system process"	"0.960569665575347"
"7356"	"GO:0045577"	"immune system process"	"0.883607629051572"
"7357"	"GO:0045578"	"immune system process"	"0.854549606356243"
"7358"	"GO:0045579"	"immune system process"	"0.915538086369566"
"7359"	"GO:0045580"	"immune system process"	"+"
"7360"	"GO:0045581"	"immune system process"	"+"
"7361"	"GO:0045582"	"immune system process"	"+"
"7362"	"GO:0045583"	"immune system process"	"0.92692211299113"
"7363"	"GO:0045584"	"immune system process"	"0.894040356999751"
"7364"	"GO:0045585"	"immune system process"	"0.826542068735129"
"7365"	"GO:0045586"	"immune system process"	"0.824156670686038"
"7366"	"GO:0045588"	"immune system process"	"0.832932236878879"
"7367"	"GO:0045589"	"immune system process"	"+"
"7368"	"GO:0045590"	"immune system process"	"0.956508582750903"
"7369"	"GO:0045591"	"immune system process"	"+"
"7370"	"GO:0045595"	"morphogenesis/development"	"0.951808026196012"
"7371"	"GO:0045596"	"morphogenesis/development"	"+"
"7372"	"GO:0045597"	"morphogenesis/development"	"+"
"7373"	"GO:0045598"	"morphogenesis/development"	"+"
"7374"	"GO:0045599"	"morphogenesis/development"	"+"
"7375"	"GO:0045600"	"morphogenesis/development"	"+"
"7376"	"GO:0045601"	"morphogenesis/development"	"+"
"7377"	"GO:0045602"	"morphogenesis/development"	"0.92936627740449"
"7378"	"GO:0045603"	"morphogenesis/development"	"0.970987784052895"
"7379"	"GO:0045604"	"morphogenesis/development"	"+"
"7380"	"GO:0045605"	"morphogenesis/development"	"0.905485530762034"
"7381"	"GO:0045606"	"morphogenesis/development"	"0.964043282270613"
"7382"	"GO:0045607"	"morphogenesis/development"	"0.466607915705592"
"7383"	"GO:0045608"	"morphogenesis/development"	"0.547844585657624"
"7384"	"GO:0045609"	"neural related process"	"0.634677612023225"
"7385"	"GO:0045610"	"immune system process"	"0.465040010104751"
"7386"	"GO:0045611"	"immune system process"	"0.568602382156681"
"7387"	"GO:0045616"	"morphogenesis/development"	"+"
"7388"	"GO:0045617"	"morphogenesis/development"	"0.936819100750839"
"7389"	"GO:0045618"	"morphogenesis/development"	"0.96982197409685"
"7390"	"GO:0045619"	"immune system process"	"+"
"7391"	"GO:0045620"	"immune system process"	"+"
"7392"	"GO:0045621"	"immune system process"	"+"
"7393"	"GO:0045622"	"immune system process"	"+"
"7394"	"GO:0045623"	"immune system process"	"0.948803802810895"
"7395"	"GO:0045624"	"immune system process"	"+"
"7396"	"GO:0045625"	"immune system process"	"0.963737614480166"
"7397"	"GO:0045626"	"immune system process"	"0.935011307721367"
"7398"	"GO:0045627"	"immune system process"	"0.895609084083807"
"7399"	"GO:0045628"	"immune system process"	"0.976497759685873"
"7400"	"GO:0045629"	"immune system process"	"0.959996964593195"
"7401"	"GO:0045630"	"immune system process"	"0.93475722413619"
"7402"	"GO:0045631"	"morphogenesis/development"	"0.485658448886887"
"7403"	"GO:0045632"	"morphogenesis/development"	"0.410533148059367"
"7404"	"GO:0045633"	"neural related process"	"0.723613910047948"
"7405"	"GO:0045634"	"morphogenesis/development"	"0.82159039039913"
"7406"	"GO:0045636"	"morphogenesis/development"	"0.792491352043596"
"7407"	"GO:0045637"	"immune system process"	"+"
"7408"	"GO:0045638"	"immune system process"	"+"
"7409"	"GO:0045639"	"immune system process"	"+"
"7410"	"GO:0045643"	"immune system process"	"0.785067273855668"
"7411"	"GO:0045645"	"immune system process"	"0.854338807539373"
"7412"	"GO:0045646"	"morphogenesis/development"	"+"
"7413"	"GO:0045647"	"morphogenesis/development"	"0.679536213893075"
"7414"	"GO:0045648"	"morphogenesis/development"	"+"
"7415"	"GO:0045649"	"immune system process"	"0.957561021938891"
"7416"	"GO:0045650"	"immune system process"	"0.931149547891386"
"7417"	"GO:0045651"	"immune system process"	"0.927043776869726"
"7418"	"GO:0045652"	"immune system process"	"0.612584519871486"
"7419"	"GO:0045653"	"immune system process"	"0.685236380708945"
"7420"	"GO:0045654"	"morphogenesis/development"	"0.689503952435919"
"7421"	"GO:0045655"	"immune system process"	"0.951999041551212"
"7422"	"GO:0045656"	"immune system process"	"0.917453795391298"
"7423"	"GO:0045657"	"immune system process"	"0.910781207912066"
"7424"	"GO:0045658"	"immune system process"	"0.893218007050047"
"7425"	"GO:0045659"	"immune system process"	"0.93648631526093"
"7426"	"GO:0045660"	"immune system process"	"0.811220560555839"
"7427"	"GO:0045661"	"morphogenesis/development"	"0.972257732407879"
"7428"	"GO:0045662"	"morphogenesis/development"	"0.979070529423855"
"7429"	"GO:0045663"	"morphogenesis/development"	"0.961046295096736"
"7430"	"GO:0045664"	"neural related process"	"+"
"7431"	"GO:0045665"	"neural related process"	"0.824227353875086"
"7432"	"GO:0045666"	"neural related process"	"0.752911193680339"
"7433"	"GO:0045667"	"morphogenesis/development"	"+"
"7434"	"GO:0045668"	"morphogenesis/development"	"0.947986399371734"
"7435"	"GO:0045669"	"morphogenesis/development"	"+"
"7436"	"GO:0045670"	"morphogenesis/development"	"+"
"7437"	"GO:0045671"	"immune system process"	"0.77789577584683"
"7438"	"GO:0045672"	"morphogenesis/development"	"0.62486799609411"
"7439"	"GO:0045682"	"morphogenesis/development"	"+"
"7440"	"GO:0045683"	"morphogenesis/development"	"0.975129642218886"
"7441"	"GO:0045684"	"morphogenesis/development"	"0.98210595863563"
"7442"	"GO:0045685"	"neural related process"	"+"
"7443"	"GO:0045686"	"neural related process"	"0.897997887217681"
"7444"	"GO:0045687"	"neural related process"	"0.98089737927564"
"7445"	"GO:0045717"	"metabolic process"	"0.899839297082167"
"7446"	"GO:0045719"	"metabolic process"	"0.956444493352927"
"7447"	"GO:0045720"	"cellular component organization"	"0.288119256114713"
"7448"	"GO:0045721"	"metabolic process"	"0.879018899346827"
"7449"	"GO:0045722"	"metabolic process"	"0.831422903401228"
"7450"	"GO:0045723"	"metabolic process"	"0.940794800183981"
"7451"	"GO:0045724"	"cellular component organization"	"0.949555938159051"
"7452"	"GO:0045725"	"metabolic process"	"0.947032884963141"
"7453"	"GO:0045726"	"metabolic process"	"0.323117449567834"
"7454"	"GO:0045727"	"gene regulation"	"+"
"7455"	"GO:0045728"	"immune system process"	"0.715208481710862"
"7456"	"GO:0045730"	"immune system process"	"+"
"7457"	"GO:0045732"	"metabolic process"	"+"
"7458"	"GO:0045736"	"cell cycle"	"0.671821962236806"
"7459"	"GO:0045737"	"protein modification/signaling"	"0.872373665529308"
"7460"	"GO:0045738"	"stress response"	"0.968062470335136"
"7461"	"GO:0045739"	"stress response"	"+"
"7462"	"GO:0045740"	"cell cycle"	"+"
"7463"	"GO:0045741"	"protein modification/signaling"	"0.622070005378561"
"7464"	"GO:0045742"	"receptor related process"	"+"
"7465"	"GO:0045743"	"receptor related process"	"0.829606297694993"
"7466"	"GO:0045744"	"receptor related process"	"+"
"7467"	"GO:0045745"	"receptor related process"	"+"
"7468"	"GO:0045746"	"protein modification/signaling"	"0.703493778588555"
"7469"	"GO:0045747"	"protein modification/signaling"	"+"
"7470"	"GO:0045751"	"protein modification/signaling"	"0.491227749733164"
"7471"	"GO:0045759"	"neural related process"	"0.905827611583218"
"7472"	"GO:0045760"	"neural related process"	"0.866334843528959"
"7473"	"GO:0045761"	"protein modification/signaling"	"0.357165862163313"
"7474"	"GO:0045762"	"metabolic process"	"0.28432245725251"
"7475"	"GO:0045763"	"metabolic process"	"0.942210033404424"
"7476"	"GO:0045764"	"metabolic process"	"0.930306979614222"
"7477"	"GO:0045765"	"morphogenesis/development"	"+"
"7478"	"GO:0045766"	"morphogenesis/development"	"+"
"7479"	"GO:0045769"	"cell cycle"	"0.770015028810436"
"7480"	"GO:0045773"	"neural related process"	"0.95159305856189"
"7481"	"GO:0045776"	"multicellular organismal process"	"+"
"7482"	"GO:0045777"	"multicellular organismal process"	"0.938279205480735"
"7483"	"GO:0045778"	"morphogenesis/development"	"0.931227034944585"
"7484"	"GO:0045779"	"multicellular organismal process"	"0.853851924527756"
"7485"	"GO:0045780"	"multicellular organismal process"	"0.763010013349151"
"7486"	"GO:0045785"	"cell adhesion"	"+"
"7487"	"GO:0045786"	"cell cycle"	"+"
"7488"	"GO:0045787"	"cell cycle"	"+"
"7489"	"GO:0045792"	"cellular component organization"	"0.858624428059765"
"7490"	"GO:0045793"	"cellular component organization"	"0.661079539220545"
"7491"	"GO:0045794"	"cellular component organization"	"0.647391293755778"
"7492"	"GO:0045795"	"cellular component organization"	"0.482138486193262"
"7493"	"GO:0045796"	"multicellular organismal process"	"0.744987547702028"
"7494"	"GO:0045797"	"multicellular organismal process"	"0.67419991080326"
"7495"	"GO:0045806"	"transport"	"0.46529361929818"
"7496"	"GO:0045807"	"transport"	"+"
"7497"	"GO:0045813"	"protein modification/signaling"	"0.825346169714993"
"7498"	"GO:0045814"	"gene regulation"	"+"
"7499"	"GO:0045815"	"gene regulation"	"+"
"7500"	"GO:0045818"	"metabolic process"	"0.969970618545804"
"7501"	"GO:0045819"	"metabolic process"	"0.973188154439142"
"7502"	"GO:0045820"	"metabolic process"	"0.940685400649773"
"7503"	"GO:0045821"	"metabolic process"	"0.943742757195431"
"7504"	"GO:0045822"	"multicellular organismal process"	"0.91514944808394"
"7505"	"GO:0045823"	"multicellular organismal process"	"+"
"7506"	"GO:0045824"	"immune system process"	"+"
"7507"	"GO:0045827"	"metabolic process"	"0.959809719782253"
"7508"	"GO:0045828"	"metabolic process"	"0.965758651874578"
"7509"	"GO:0045829"	"immune system process"	"0.872140352996176"
"7510"	"GO:0045830"	"immune system process"	"0.929651369147481"
"7511"	"GO:0045833"	"metabolic process"	"0.896600257373905"
"7512"	"GO:0045834"	"metabolic process"	"0.964688841385941"
"7513"	"GO:0045835"	"cell cycle"	"0.976408748187431"
"7514"	"GO:0045836"	"cell cycle"	"0.952310575320159"
"7515"	"GO:0045837"	"transport"	"0.544435951777111"
"7516"	"GO:0045838"	"transport"	"0.817630651609564"
"7517"	"GO:0045839"	"cell cycle"	"+"
"7518"	"GO:0045840"	"cell cycle"	"+"
"7519"	"GO:0045841"	"cell cycle"	"+"
"7520"	"GO:0045842"	"cell cycle"	"0.974490650451175"
"7521"	"GO:0045843"	"morphogenesis/development"	"0.905949265430783"
"7522"	"GO:0045844"	"morphogenesis/development"	"0.773434980868712"
"7523"	"GO:0045848"	"response to stimulus"	"0.302752969599603"
"7524"	"GO:0045851"	"other"	"0.392056246087479"
"7525"	"GO:0045852"	"other"	"0.258134519107302"
"7526"	"GO:0045859"	"protein modification/signaling"	"0.897185813522459"
"7527"	"GO:0045860"	"protein modification/signaling"	"+"
"7528"	"GO:0045861"	"metabolic process"	"+"
"7529"	"GO:0045862"	"metabolic process"	"+"
"7530"	"GO:0045869"	"viral related process"	"0.677571532680534"
"7531"	"GO:0045870"	"gene regulation"	"0.549442696132287"
"7532"	"GO:0045875"	"cell cycle"	"0.98763668011474"
"7533"	"GO:0045876"	"cell cycle"	"0.985231434126212"
"7534"	"GO:0045879"	"protein modification/signaling"	"0.6681464108693"
"7535"	"GO:0045880"	"protein modification/signaling"	"0.684187414945177"
"7536"	"GO:0045887"	"neural related process"	"0.810568560002697"
"7537"	"GO:0045892"	"gene regulation"	"+"
"7538"	"GO:0045893"	"metabolic process"	"0.707332300539603"
"7539"	"GO:0045898"	"gene regulation"	"0.948756132831085"
"7540"	"GO:0045899"	"gene regulation"	"0.91905321393413"
"7541"	"GO:0045900"	"gene regulation"	"0.815937982371818"
"7542"	"GO:0045901"	"gene regulation"	"0.889806417815197"
"7543"	"GO:0045903"	"gene regulation"	"0.818488649141877"
"7544"	"GO:0045905"	"gene regulation"	"0.88094898599321"
"7545"	"GO:0045906"	"multicellular organismal process"	"0.962688060800842"
"7546"	"GO:0045907"	"multicellular organismal process"	"0.972573078022352"
"7547"	"GO:0045910"	"cell cycle"	"0.816635867869399"
"7548"	"GO:0045911"	"cell cycle"	"+"
"7549"	"GO:0045912"	"metabolic process"	"+"
"7550"	"GO:0045913"	"metabolic process"	"+"
"7551"	"GO:0045914"	"metabolic process"	"0.897117443956143"
"7552"	"GO:0045915"	"metabolic process"	"0.974718075279565"
"7553"	"GO:0045916"	"immune system process"	"0.910693186001728"
"7554"	"GO:0045917"	"immune system process"	"0.8510473208208"
"7555"	"GO:0045920"	"transport"	"0.680362889335695"
"7556"	"GO:0045921"	"transport"	"+"
"7557"	"GO:0045922"	"metabolic process"	"0.948342563953912"
"7558"	"GO:0045923"	"metabolic process"	"+"
"7559"	"GO:0045924"	"neural related process"	"0.465563913982724"
"7560"	"GO:0045925"	"neural related process"	"0.38444611038823"
"7561"	"GO:0045926"	"cellular component organization"	"+"
"7562"	"GO:0045927"	"cellular component organization"	"+"
"7563"	"GO:0045930"	"cell cycle"	"+"
"7564"	"GO:0045931"	"cell cycle"	"+"
"7565"	"GO:0045932"	"multicellular organismal process"	"0.953105351159067"
"7566"	"GO:0045933"	"multicellular organismal process"	"+"
"7567"	"GO:0045934"	"metabolic process"	"0.567507652478696"
"7568"	"GO:0045935"	"metabolic process"	"0.94119321437192"
"7569"	"GO:0045936"	"metabolic process"	"+"
"7570"	"GO:0045937"	"metabolic process"	"+"
"7571"	"GO:0045938"	"neural related process"	"0.340813825062451"
"7572"	"GO:0045939"	"metabolic process"	"0.939541842558996"
"7573"	"GO:0045940"	"metabolic process"	"+"
"7574"	"GO:0045943"	"gene regulation"	"+"
"7575"	"GO:0045944"	"metabolic process"	"0.581152255685049"
"7576"	"GO:0045945"	"gene regulation"	"+"
"7577"	"GO:0045947"	"gene regulation"	"+"
"7578"	"GO:0045948"	"gene regulation"	"+"
"7579"	"GO:0045950"	"cell cycle"	"0.908589353019995"
"7580"	"GO:0045951"	"cell cycle"	"0.945558489574598"
"7581"	"GO:0045953"	"immune system process"	"0.942308008107896"
"7582"	"GO:0045954"	"immune system process"	"+"
"7583"	"GO:0045955"	"transport"	"0.31696741866632"
"7584"	"GO:0045956"	"neural related process"	"0.660280608749762"
"7585"	"GO:0045957"	"immune system process"	"0.893512730254727"
"7586"	"GO:0045959"	"immune system process"	"0.900651957240357"
"7587"	"GO:0045960"	"immune system process"	"0.90288099402739"
"7588"	"GO:0045963"	"metabolic process"	"0.868411054377164"
"7589"	"GO:0045964"	"metabolic process"	"0.949401856513254"
"7590"	"GO:0045967"	"cellular component organization"	"0.475508825393598"
"7591"	"GO:0045976"	"cell cycle"	"0.939532671088823"
"7592"	"GO:0045977"	"cell cycle"	"0.930744547403423"
"7593"	"GO:0045980"	"metabolic process"	"0.969789869049848"
"7594"	"GO:0045981"	"metabolic process"	"0.95980394015277"
"7595"	"GO:0045986"	"multicellular organismal process"	"+"
"7596"	"GO:0045987"	"multicellular organismal process"	"0.954721526892705"
"7597"	"GO:0045988"	"multicellular organismal process"	"0.865008921404915"
"7598"	"GO:0045989"	"multicellular organismal process"	"0.87267992663715"
"7599"	"GO:0045990"	"gene regulation"	"0.609167795978729"
"7600"	"GO:0045991"	"gene regulation"	"0.631834488958579"
"7601"	"GO:0045992"	"morphogenesis/development"	"0.95539545082896"
"7602"	"GO:0045993"	"gene regulation"	"0.798566992614998"
"7603"	"GO:0045994"	"gene regulation"	"0.791163824722695"
"7604"	"GO:0045995"	"morphogenesis/development"	"+"
"7605"	"GO:0046005"	"multicellular organismal process"	"0.331862286000665"
"7606"	"GO:0046006"	"immune system process"	"0.95162705457564"
"7607"	"GO:0046007"	"immune system process"	"0.952806123745198"
"7608"	"GO:0046010"	"multicellular organismal process"	"0.534806122942426"
"7609"	"GO:0046013"	"immune system process"	"0.706359340455628"
"7610"	"GO:0046015"	"gene regulation"	"0.742562732824097"
"7611"	"GO:0046016"	"gene regulation"	"0.610359940955718"
"7612"	"GO:0046031"	"metabolic process"	"+"
"7613"	"GO:0046032"	"metabolic process"	"0.983468935007151"
"7614"	"GO:0046033"	"metabolic process"	"0.9892527513085"
"7615"	"GO:0046034"	"metabolic process"	"+"
"7616"	"GO:0046035"	"metabolic process"	"0.977073525497275"
"7617"	"GO:0046036"	"metabolic process"	"0.973248983111817"
"7618"	"GO:0046037"	"metabolic process"	"0.954939908192261"
"7619"	"GO:0046038"	"metabolic process"	"0.976605418090671"
"7620"	"GO:0046039"	"metabolic process"	"+"
"7621"	"GO:0046040"	"metabolic process"	"+"
"7622"	"GO:0046041"	"metabolic process"	"0.982831445158816"
"7623"	"GO:0046048"	"metabolic process"	"0.985455401922603"
"7624"	"GO:0046049"	"metabolic process"	"+"
"7625"	"GO:0046050"	"metabolic process"	"0.975345257249509"
"7626"	"GO:0046051"	"metabolic process"	"0.976040005824678"
"7627"	"GO:0046052"	"metabolic process"	"0.964281573214215"
"7628"	"GO:0046053"	"metabolic process"	"0.958730240803038"
"7629"	"GO:0046054"	"metabolic process"	"0.972712220909839"
"7630"	"GO:0046055"	"metabolic process"	"0.969089171375276"
"7631"	"GO:0046056"	"metabolic process"	"0.972287074327468"
"7632"	"GO:0046057"	"metabolic process"	"0.971818203593104"
"7633"	"GO:0046058"	"metabolic process"	"0.822242690105793"
"7634"	"GO:0046059"	"metabolic process"	"0.966899069483837"
"7635"	"GO:0046060"	"metabolic process"	"0.942084421209302"
"7636"	"GO:0046061"	"metabolic process"	"0.958734126842122"
"7637"	"GO:0046063"	"metabolic process"	"0.980139626726176"
"7638"	"GO:0046065"	"metabolic process"	"0.979076785670775"
"7639"	"GO:0046066"	"metabolic process"	"0.977335238098348"
"7640"	"GO:0046067"	"metabolic process"	"0.969727171261066"
"7641"	"GO:0046068"	"metabolic process"	"0.913056589115581"
"7642"	"GO:0046069"	"metabolic process"	"0.953309962785961"
"7643"	"GO:0046070"	"metabolic process"	"0.971754557295387"
"7644"	"GO:0046072"	"metabolic process"	"0.950133352291272"
"7645"	"GO:0046073"	"metabolic process"	"0.97119500661103"
"7646"	"GO:0046074"	"metabolic process"	"0.960577800464682"
"7647"	"GO:0046075"	"metabolic process"	"0.947953411491128"
"7648"	"GO:0046077"	"metabolic process"	"0.961068699892558"
"7649"	"GO:0046078"	"metabolic process"	"0.976866447511175"
"7650"	"GO:0046079"	"metabolic process"	"0.980157723299701"
"7651"	"GO:0046080"	"metabolic process"	"0.976456951251156"
"7652"	"GO:0046081"	"metabolic process"	"0.973877643277945"
"7653"	"GO:0046083"	"metabolic process"	"0.838303564222619"
"7654"	"GO:0046084"	"metabolic process"	"0.743116374429104"
"7655"	"GO:0046085"	"metabolic process"	"0.932401875597314"
"7656"	"GO:0046086"	"metabolic process"	"0.928601906187422"
"7657"	"GO:0046087"	"metabolic process"	"0.872278612624784"
"7658"	"GO:0046090"	"metabolic process"	"0.92482252915647"
"7659"	"GO:0046092"	"metabolic process"	"0.907225024793417"
"7660"	"GO:0046094"	"metabolic process"	"0.986897760051782"
"7661"	"GO:0046098"	"metabolic process"	"0.846890069966488"
"7662"	"GO:0046099"	"metabolic process"	"0.622848068431523"
"7663"	"GO:0046100"	"metabolic process"	"0.941340283836998"
"7664"	"GO:0046101"	"metabolic process"	"0.8253487575732"
"7665"	"GO:0046102"	"metabolic process"	"0.933160596664227"
"7666"	"GO:0046103"	"metabolic process"	"0.845610125903682"
"7667"	"GO:0046104"	"metabolic process"	"0.923698446473901"
"7668"	"GO:0046105"	"metabolic process"	"0.86890299998449"
"7669"	"GO:0046108"	"metabolic process"	"0.954589190301651"
"7670"	"GO:0046110"	"metabolic process"	"0.97805216160555"
"7671"	"GO:0046111"	"metabolic process"	"0.954914464820551"
"7672"	"GO:0046112"	"metabolic process"	"+"
"7673"	"GO:0046113"	"metabolic process"	"0.979069366904083"
"7674"	"GO:0046120"	"metabolic process"	"0.83242505317719"
"7675"	"GO:0046121"	"metabolic process"	"0.958240840274401"
"7676"	"GO:0046122"	"metabolic process"	"0.948454811426729"
"7677"	"GO:0046124"	"metabolic process"	"0.948422817052376"
"7678"	"GO:0046125"	"metabolic process"	"0.887055155363387"
"7679"	"GO:0046126"	"metabolic process"	"0.783631202540328"
"7680"	"GO:0046127"	"metabolic process"	"0.957015145129643"
"7681"	"GO:0046128"	"metabolic process"	"0.980609488178147"
"7682"	"GO:0046129"	"metabolic process"	"0.965041736830686"
"7683"	"GO:0046130"	"metabolic process"	"0.984785937072961"
"7684"	"GO:0046131"	"metabolic process"	"0.876857384747423"
"7685"	"GO:0046133"	"metabolic process"	"0.922920089239591"
"7686"	"GO:0046134"	"metabolic process"	"0.856590599947314"
"7687"	"GO:0046135"	"metabolic process"	"0.885778183099214"
"7688"	"GO:0046136"	"metabolic process"	"0.885285929432303"
"7689"	"GO:0046137"	"metabolic process"	"0.817453689758289"
"7690"	"GO:0046146"	"metabolic process"	"0.983183231478002"
"7691"	"GO:0046148"	"metabolic process"	"0.876313924332145"
"7692"	"GO:0046149"	"metabolic process"	"0.871210341865564"
"7693"	"GO:0046160"	"metabolic process"	"0.988178782138951"
"7694"	"GO:0046164"	"metabolic process"	"0.959570620560819"
"7695"	"GO:0046165"	"metabolic process"	"+"
"7696"	"GO:0046166"	"metabolic process"	"0.992770426604125"
"7697"	"GO:0046167"	"metabolic process"	"0.996814604367326"
"7698"	"GO:0046168"	"metabolic process"	"0.996712525501488"
"7699"	"GO:0046173"	"metabolic process"	"0.96579187422942"
"7700"	"GO:0046174"	"metabolic process"	"0.983928372790939"
"7701"	"GO:0046176"	"metabolic process"	"0.978756278954778"
"7702"	"GO:0046177"	"metabolic process"	"0.98523379869118"
"7703"	"GO:0046184"	"metabolic process"	"0.985785280692249"
"7704"	"GO:0046185"	"metabolic process"	"0.989619297308743"
"7705"	"GO:0046189"	"metabolic process"	"0.839935342162445"
"7706"	"GO:0046203"	"metabolic process"	"0.995790359261484"
"7707"	"GO:0046204"	"metabolic process"	"0.995140505381418"
"7708"	"GO:0046208"	"metabolic process"	"0.96000477896967"
"7709"	"GO:0046209"	"metabolic process"	"+"
"7710"	"GO:0046219"	"metabolic process"	"0.978708002211984"
"7711"	"GO:0046222"	"metabolic process"	"0.728807147184672"
"7712"	"GO:0046223"	"metabolic process"	"0.591874007282635"
"7713"	"GO:0046226"	"metabolic process"	"0.983343668562771"
"7714"	"GO:0046247"	"metabolic process"	"0.984940253487143"
"7715"	"GO:0046271"	"metabolic process"	"0.979906574633555"
"7716"	"GO:0046272"	"metabolic process"	"0.993271099287437"
"7717"	"GO:0046275"	"metabolic process"	"0.989095353144727"
"7718"	"GO:0046292"	"metabolic process"	"0.85405036891457"
"7719"	"GO:0046293"	"metabolic process"	"0.964370650449168"
"7720"	"GO:0046294"	"metabolic process"	"0.970148695234668"
"7721"	"GO:0046295"	"metabolic process"	"0.908726110514409"
"7722"	"GO:0046296"	"metabolic process"	"0.982668859948341"
"7723"	"GO:0046305"	"metabolic process"	"0.975860563791611"
"7724"	"GO:0046314"	"metabolic process"	"0.92931591694973"
"7725"	"GO:0046317"	"metabolic process"	"0.564818818222292"
"7726"	"GO:0046318"	"metabolic process"	"0.481360336393449"
"7727"	"GO:0046320"	"metabolic process"	"+"
"7728"	"GO:0046321"	"metabolic process"	"0.943807993296712"
"7729"	"GO:0046322"	"metabolic process"	"0.84997324145456"
"7730"	"GO:0046323"	"transport"	"0.910613614798065"
"7731"	"GO:0046324"	"transport"	"0.896077024236786"
"7732"	"GO:0046325"	"transport"	"0.802870899480415"
"7733"	"GO:0046326"	"transport"	"0.892755785116559"
"7734"	"GO:0046327"	"metabolic process"	"0.973393134272069"
"7735"	"GO:0046328"	"stress response"	"+"
"7736"	"GO:0046329"	"protein modification/signaling"	"0.89798687109361"
"7737"	"GO:0046330"	"stress response"	"+"
"7738"	"GO:0046331"	"morphogenesis/development"	"0.473033546887436"
"7739"	"GO:0046332"	"protein modification/signaling"	"+"
"7740"	"GO:0046333"	"metabolic process"	"0.919284765016859"
"7741"	"GO:0046337"	"metabolic process"	"0.837000906788426"
"7742"	"GO:0046338"	"metabolic process"	"0.99022518443771"
"7743"	"GO:0046339"	"metabolic process"	"0.961358719856489"
"7744"	"GO:0046340"	"metabolic process"	"0.972010915108202"
"7745"	"GO:0046341"	"metabolic process"	"+"
"7746"	"GO:0046348"	"metabolic process"	"0.980447663277835"
"7747"	"GO:0046349"	"metabolic process"	"0.966521243793079"
"7748"	"GO:0046351"	"metabolic process"	"0.960423891907139"
"7749"	"GO:0046352"	"metabolic process"	"0.979197898155186"
"7750"	"GO:0046356"	"metabolic process"	"0.974346046736913"
"7751"	"GO:0046359"	"metabolic process"	"0.947323833240811"
"7752"	"GO:0046360"	"metabolic process"	"0.947441462792623"
"7753"	"GO:0046361"	"metabolic process"	"0.979931148548966"
"7754"	"GO:0046364"	"metabolic process"	"+"
"7755"	"GO:0046365"	"metabolic process"	"+"
"7756"	"GO:0046368"	"metabolic process"	"0.949030120230625"
"7757"	"GO:0046370"	"metabolic process"	"0.988848052371003"
"7758"	"GO:0046373"	"metabolic process"	"0.959315280448752"
"7759"	"GO:0046380"	"metabolic process"	"0.979268019631385"
"7760"	"GO:0046381"	"metabolic process"	"0.980446943171525"
"7761"	"GO:0046385"	"metabolic process"	"+"
"7762"	"GO:0046386"	"metabolic process"	"0.955319396699898"
"7763"	"GO:0046390"	"metabolic process"	"+"
"7764"	"GO:0046391"	"metabolic process"	"0.985255786961417"
"7765"	"GO:0046394"	"metabolic process"	"+"
"7766"	"GO:0046395"	"metabolic process"	"+"
"7767"	"GO:0046398"	"metabolic process"	"0.977055398780662"
"7768"	"GO:0046415"	"metabolic process"	"0.816023144896558"
"7769"	"GO:0046416"	"metabolic process"	"0.972789241120329"
"7770"	"GO:0046425"	"receptor related process"	"+"
"7771"	"GO:0046426"	"receptor related process"	"+"
"7772"	"GO:0046427"	"receptor related process"	"+"
"7773"	"GO:0046434"	"metabolic process"	"+"
"7774"	"GO:0046436"	"metabolic process"	"0.980222191759485"
"7775"	"GO:0046437"	"metabolic process"	"0.933058204854965"
"7776"	"GO:0046439"	"metabolic process"	"0.972088781091489"
"7777"	"GO:0046440"	"metabolic process"	"0.982346030281556"
"7778"	"GO:0046443"	"metabolic process"	"0.981205571681117"
"7779"	"GO:0046444"	"metabolic process"	"0.983812293620593"
"7780"	"GO:0046448"	"metabolic process"	"0.902464950742231"
"7781"	"GO:0046449"	"metabolic process"	"0.964160078538067"
"7782"	"GO:0046452"	"metabolic process"	"0.987368582041958"
"7783"	"GO:0046456"	"immune system process"	"0.525787980752894"
"7784"	"GO:0046457"	"metabolic process"	"0.883182564451654"
"7785"	"GO:0046458"	"metabolic process"	"0.990518293578063"
"7786"	"GO:0046459"	"metabolic process"	"0.987070997873941"
"7787"	"GO:0046460"	"metabolic process"	"0.94387869288718"
"7788"	"GO:0046461"	"metabolic process"	"0.952479315658013"
"7789"	"GO:0046462"	"metabolic process"	"0.990936541540461"
"7790"	"GO:0046463"	"metabolic process"	"0.973778326734093"
"7791"	"GO:0046464"	"metabolic process"	"0.985701683131202"
"7792"	"GO:0046465"	"metabolic process"	"0.903124605898927"
"7793"	"GO:0046466"	"metabolic process"	"+"
"7794"	"GO:0046467"	"metabolic process"	"0.887606872287438"
"7795"	"GO:0046469"	"metabolic process"	"0.463766812270888"
"7796"	"GO:0046470"	"metabolic process"	"0.876877705685958"
"7797"	"GO:0046471"	"metabolic process"	"0.918945730192745"
"7798"	"GO:0046473"	"metabolic process"	"+"
"7799"	"GO:0046474"	"metabolic process"	"0.892604849851386"
"7800"	"GO:0046475"	"metabolic process"	"+"
"7801"	"GO:0046476"	"metabolic process"	"0.977304817926109"
"7802"	"GO:0046477"	"metabolic process"	"0.990745109940215"
"7803"	"GO:0046478"	"metabolic process"	"0.991680215398605"
"7804"	"GO:0046479"	"metabolic process"	"0.982225078932807"
"7805"	"GO:0046485"	"metabolic process"	"0.923551375760995"
"7806"	"GO:0046486"	"metabolic process"	"0.94220489471814"
"7807"	"GO:0046487"	"metabolic process"	"0.993128709243751"
"7808"	"GO:0046488"	"metabolic process"	"0.91135729237776"
"7809"	"GO:0046490"	"metabolic process"	"0.993065381534248"
"7810"	"GO:0046491"	"metabolic process"	"0.964533905674241"
"7811"	"GO:0046495"	"metabolic process"	"0.971912986242772"
"7812"	"GO:0046496"	"metabolic process"	"+"
"7813"	"GO:0046498"	"metabolic process"	"0.961055991118526"
"7814"	"GO:0046499"	"metabolic process"	"0.95972816279744"
"7815"	"GO:0046500"	"metabolic process"	"+"
"7816"	"GO:0046501"	"metabolic process"	"+"
"7817"	"GO:0046502"	"metabolic process"	"0.95688034640139"
"7818"	"GO:0046503"	"metabolic process"	"0.983438945800388"
"7819"	"GO:0046504"	"metabolic process"	"0.960549341532071"
"7820"	"GO:0046511"	"metabolic process"	"0.940111033906708"
"7821"	"GO:0046512"	"metabolic process"	"0.946104201195052"
"7822"	"GO:0046513"	"metabolic process"	"0.9602801360778"
"7823"	"GO:0046514"	"metabolic process"	"0.988077998083893"
"7824"	"GO:0046519"	"metabolic process"	"0.985106618986005"
"7825"	"GO:0046520"	"metabolic process"	"0.98203679619035"
"7826"	"GO:0046521"	"metabolic process"	"0.970437724426595"
"7827"	"GO:0046527"	"metabolic process"	"+"
"7828"	"GO:0046530"	"morphogenesis/development"	"0.929238911783729"
"7829"	"GO:0046532"	"morphogenesis/development"	"0.796338192934234"
"7830"	"GO:0046533"	"morphogenesis/development"	"0.780522913324355"
"7831"	"GO:0046541"	"multicellular organismal process"	"0.495858694145657"
"7832"	"GO:0046543"	"morphogenesis/development"	"0.895305324705789"
"7833"	"GO:0046544"	"morphogenesis/development"	"0.653979981061954"
"7834"	"GO:0046545"	"morphogenesis/development"	"+"
"7835"	"GO:0046546"	"morphogenesis/development"	"+"
"7836"	"GO:0046548"	"morphogenesis/development"	"0.670155159756465"
"7837"	"GO:0046549"	"morphogenesis/development"	"0.505711334115024"
"7838"	"GO:0046552"	"morphogenesis/development"	"0.802303377854921"
"7839"	"GO:0046578"	"protein modification/signaling"	"+"
"7840"	"GO:0046579"	"protein modification/signaling"	"0.967578279379796"
"7841"	"GO:0046580"	"protein modification/signaling"	"+"
"7842"	"GO:0046586"	"cell adhesion"	"0.458531975520763"
"7843"	"GO:0046587"	"cell adhesion"	"0.267305959429425"
"7844"	"GO:0046588"	"cell adhesion"	"0.470674246770185"
"7845"	"GO:0046596"	"viral related process"	"+"
"7846"	"GO:0046597"	"viral related process"	"+"
"7847"	"GO:0046598"	"viral related process"	"0.869794198490315"
"7848"	"GO:0046599"	"cell cycle"	"+"
"7849"	"GO:0046600"	"cell cycle"	"0.838634923191148"
"7850"	"GO:0046601"	"cell cycle"	"0.925685853107481"
"7851"	"GO:0046602"	"cell cycle"	"0.992321527386305"
"7852"	"GO:0046603"	"cell cycle"	"0.961106060352272"
"7853"	"GO:0046604"	"cell cycle"	"0.904677227567059"
"7854"	"GO:0046605"	"cell cycle"	"+"
"7855"	"GO:0046606"	"cell cycle"	"0.75001498507158"
"7856"	"GO:0046618"	"transport"	"+"
"7857"	"GO:0046619"	"morphogenesis/development"	"0.935310875649482"
"7858"	"GO:0046620"	"morphogenesis/development"	"0.901269447632339"
"7859"	"GO:0046621"	"morphogenesis/development"	"0.822606476058605"
"7860"	"GO:0046622"	"morphogenesis/development"	"0.912637317047679"
"7861"	"GO:0046626"	"receptor related process"	"+"
"7862"	"GO:0046627"	"receptor related process"	"0.855998482888989"
"7863"	"GO:0046628"	"receptor related process"	"0.831857986402669"
"7864"	"GO:0046629"	"immune system process"	"0.894615737653456"
"7865"	"GO:0046630"	"immune system process"	"0.846440783137889"
"7866"	"GO:0046631"	"immune system process"	"+"
"7867"	"GO:0046632"	"immune system process"	"+"
"7868"	"GO:0046633"	"immune system process"	"+"
"7869"	"GO:0046634"	"immune system process"	"+"
"7870"	"GO:0046635"	"immune system process"	"+"
"7871"	"GO:0046636"	"immune system process"	"+"
"7872"	"GO:0046637"	"immune system process"	"+"
"7873"	"GO:0046638"	"immune system process"	"+"
"7874"	"GO:0046639"	"immune system process"	"+"
"7875"	"GO:0046640"	"immune system process"	"+"
"7876"	"GO:0046641"	"immune system process"	"+"
"7877"	"GO:0046642"	"immune system process"	"0.966504690332065"
"7878"	"GO:0046643"	"immune system process"	"0.929930460133106"
"7879"	"GO:0046645"	"immune system process"	"0.867816634445283"
"7880"	"GO:0046649"	"immune system process"	"+"
"7881"	"GO:0046651"	"immune system process"	"+"
"7882"	"GO:0046653"	"metabolic process"	"0.979015731416003"
"7883"	"GO:0046654"	"metabolic process"	"0.972250640730738"
"7884"	"GO:0046655"	"metabolic process"	"0.961085331313025"
"7885"	"GO:0046657"	"metabolic process"	"0.986499278861178"
"7886"	"GO:0046660"	"morphogenesis/development"	"+"
"7887"	"GO:0046661"	"morphogenesis/development"	"+"
"7888"	"GO:0046666"	"cell death"	"0.724701314269867"
"7889"	"GO:0046668"	"cell death"	"0.569307562845296"
"7890"	"GO:0046671"	"cell death"	"0.651358249655252"
"7891"	"GO:0046676"	"transport"	"0.844346565465314"
"7892"	"GO:0046677"	"response to stimulus"	"+"
"7893"	"GO:0046683"	"response to stimulus"	"+"
"7894"	"GO:0046684"	"response to stimulus"	"0.673852754668731"
"7895"	"GO:0046685"	"response to stimulus"	"+"
"7896"	"GO:0046686"	"response to stimulus"	"+"
"7897"	"GO:0046688"	"response to stimulus"	"0.558736120798117"
"7898"	"GO:0046689"	"response to stimulus"	"0.945512737120999"
"7899"	"GO:0046692"	"multicellular organismal process"	"0.688612230235479"
"7900"	"GO:0046697"	"multicellular organismal process"	"+"
"7901"	"GO:0046704"	"metabolic process"	"0.969492080976909"
"7902"	"GO:0046705"	"metabolic process"	"0.922136644667001"
"7903"	"GO:0046710"	"metabolic process"	"0.960931608951849"
"7904"	"GO:0046711"	"metabolic process"	"0.939880301224628"
"7905"	"GO:0046712"	"metabolic process"	"0.987529227706104"
"7906"	"GO:0046713"	"transport"	"0.874009585320865"
"7907"	"GO:0046716"	"other"	"0.28626313220156"
"7908"	"GO:0046717"	"transport"	"0.711565382193832"
"7909"	"GO:0046718"	"response to stimulus"	"0.510034036692206"
"7910"	"GO:0046719"	"viral related process"	"0.484604277992933"
"7911"	"GO:0046720"	"transport"	"0.896656580600306"
"7912"	"GO:0046722"	"transport"	"0.688780195903339"
"7913"	"GO:0046724"	"transport"	"0.880482445005521"
"7914"	"GO:0046725"	"viral related process"	"0.189007467096911"
"7915"	"GO:0046726"	"viral related process"	"0.343966689223004"
"7916"	"GO:0046745"	"viral related process"	"0.282569689027637"
"7917"	"GO:0046753"	"viral related process"	"0.599703818210231"
"7918"	"GO:0046754"	"viral related process"	"0.186316866686242"
"7919"	"GO:0046755"	"viral related process"	"0.513193646432828"
"7920"	"GO:0046761"	"viral related process"	"0.741363019953651"
"7921"	"GO:0046777"	"protein modification/signaling"	"+"
"7922"	"GO:0046782"	"viral related process"	"+"
"7923"	"GO:0046784"	"viral related process"	"0.28267503504905"
"7924"	"GO:0046785"	"cellular component organization"	"+"
"7925"	"GO:0046794"	"viral related process"	"+"
"7926"	"GO:0046813"	"viral related process"	"0.185099281448508"
"7927"	"GO:0046814"	"other"	"0.212924927742947"
"7928"	"GO:0046822"	"transport"	"+"
"7929"	"GO:0046823"	"transport"	"+"
"7930"	"GO:0046824"	"transport"	"+"
"7931"	"GO:0046825"	"transport"	"0.964377921424354"
"7932"	"GO:0046826"	"transport"	"0.629009253224184"
"7933"	"GO:0046827"	"transport"	"+"
"7934"	"GO:0046831"	"transport"	"0.909557289493665"
"7935"	"GO:0046832"	"transport"	"0.746534997090041"
"7936"	"GO:0046833"	"transport"	"0.706865762601793"
"7937"	"GO:0046834"	"metabolic process"	"+"
"7938"	"GO:0046835"	"metabolic process"	"0.958109684914665"
"7939"	"GO:0046836"	"transport"	"0.888215401238544"
"7940"	"GO:0046839"	"metabolic process"	"0.887420446933612"
"7941"	"GO:0046847"	"cellular component organization"	"0.97145743905706"
"7942"	"GO:0046849"	"morphogenesis/development"	"+"
"7943"	"GO:0046850"	"multicellular organismal process"	"0.572924497986714"
"7944"	"GO:0046851"	"multicellular organismal process"	"0.805694385560974"
"7945"	"GO:0046854"	"metabolic process"	"+"
"7946"	"GO:0046856"	"metabolic process"	"0.967361247227599"
"7947"	"GO:0046864"	"transport"	"0.892643174623637"
"7948"	"GO:0046865"	"transport"	"0.905157479050521"
"7949"	"GO:0046866"	"transport"	"0.780418549997177"
"7950"	"GO:0046867"	"transport"	"0.798125088728728"
"7951"	"GO:0046874"	"metabolic process"	"0.983277192722586"
"7952"	"GO:0046877"	"multicellular organismal process"	"0.732833065403238"
"7953"	"GO:0046878"	"transport"	"0.478989205895025"
"7954"	"GO:0046879"	"transport"	"+"
"7955"	"GO:0046880"	"transport"	"0.463448218977625"
"7956"	"GO:0046881"	"transport"	"0.46431055623429"
"7957"	"GO:0046882"	"transport"	"0.51119612907794"
"7958"	"GO:0046883"	"transport"	"0.912679133106932"
"7959"	"GO:0046884"	"transport"	"0.502399316789671"
"7960"	"GO:0046885"	"metabolic process"	"+"
"7961"	"GO:0046886"	"metabolic process"	"0.942724824480384"
"7962"	"GO:0046887"	"transport"	"+"
"7963"	"GO:0046888"	"transport"	"0.822416873993628"
"7964"	"GO:0046889"	"metabolic process"	"+"
"7965"	"GO:0046890"	"metabolic process"	"+"
"7966"	"GO:0046898"	"response to stimulus"	"0.561996040416814"
"7967"	"GO:0046900"	"metabolic process"	"0.987000909618405"
"7968"	"GO:0046901"	"metabolic process"	"0.978689426519167"
"7969"	"GO:0046902"	"transport"	"+"
"7970"	"GO:0046903"	"transport"	"+"
"7971"	"GO:0046907"	"transport"	"0.944839520602631"
"7972"	"GO:0046914"	"other"	"+"
"7973"	"GO:0046928"	"neural related process"	"0.963851184873213"
"7974"	"GO:0046929"	"neural related process"	"0.588953607953376"
"7975"	"GO:0046931"	"cellular component organization"	"+"
"7976"	"GO:0046940"	"metabolic process"	"0.919139943441881"
"7977"	"GO:0046942"	"transport"	"0.860553334289075"
"7978"	"GO:0046943"	"transport"	"+"
"7979"	"GO:0046946"	"metabolic process"	"0.9549286260753"
"7980"	"GO:0046947"	"metabolic process"	"0.973874223857322"
"7981"	"GO:0046949"	"metabolic process"	"0.976886743903676"
"7982"	"GO:0046951"	"metabolic process"	"0.978326838325598"
"7983"	"GO:0046952"	"metabolic process"	"0.929733989408332"
"7984"	"GO:0046958"	"neural related process"	"0.791170727041143"
"7985"	"GO:0046959"	"neural related process"	"0.880102296944252"
"7986"	"GO:0046960"	"neural related process"	"0.540044269884848"
"7987"	"GO:0046963"	"transport"	"0.762397055766194"
"7988"	"GO:0046965"	"gene regulation"	"+"
"7989"	"GO:0046966"	"receptor related process"	"+"
"7990"	"GO:0046968"	"transport"	"0.794629087625916"
"7991"	"GO:0046982"	"protein modification/signaling"	"+"
"7992"	"GO:0046984"	"metabolic process"	"0.724383019130586"
"7993"	"GO:0046985"	"metabolic process"	"0.687871414029419"
"7994"	"GO:0046986"	"metabolic process"	"0.772090613210024"
"7995"	"GO:0047484"	"stress response"	"0.802276545048181"
"7996"	"GO:0047496"	"transport"	"0.7296189522031"
"7997"	"GO:0047497"	"transport"	"0.808880068723758"
"7998"	"GO:0048002"	"immune system process"	"+"
"7999"	"GO:0048003"	"immune system process"	"0.775740040344054"
"8000"	"GO:0048006"	"immune system process"	"0.936215624662862"
"8001"	"GO:0048007"	"immune system process"	"0.951457856766225"
"8002"	"GO:0048008"	"immune system process"	"+"
"8003"	"GO:0048009"	"receptor related process"	"+"
"8004"	"GO:0048010"	"receptor related process"	"+"
"8005"	"GO:0048011"	"protein modification/signaling"	"0.714613639913132"
"8006"	"GO:0048012"	"receptor related process"	"0.778127666983522"
"8007"	"GO:0048013"	"receptor related process"	"+"
"8008"	"GO:0048014"	"receptor related process"	"0.758272490443583"
"8009"	"GO:0048015"	"protein modification/signaling"	"+"
"8010"	"GO:0048018"	"receptor related process"	"+"
"8011"	"GO:0048020"	"immune system process"	"+"
"8012"	"GO:0048021"	"metabolic process"	"0.626535790894667"
"8013"	"GO:0048022"	"metabolic process"	"0.711853746484989"
"8014"	"GO:0048023"	"metabolic process"	"0.559671528147679"
"8015"	"GO:0048024"	"gene regulation"	"+"
"8016"	"GO:0048025"	"gene regulation"	"0.98745999619639"
"8017"	"GO:0048026"	"gene regulation"	"+"
"8018"	"GO:0048027"	"gene regulation"	"+"
"8019"	"GO:0048029"	"metabolic process"	"+"
"8020"	"GO:0048041"	"cellular component organization"	"0.742890342240911"
"8021"	"GO:0048048"	"morphogenesis/development"	"+"
"8022"	"GO:0048050"	"morphogenesis/development"	"0.938966407970626"
"8023"	"GO:0048066"	"morphogenesis/development"	"0.405833865025343"
"8024"	"GO:0048069"	"morphogenesis/development"	"0.892207277459871"
"8025"	"GO:0048070"	"morphogenesis/development"	"0.63598910251798"
"8026"	"GO:0048073"	"morphogenesis/development"	"0.670112484257156"
"8027"	"GO:0048074"	"morphogenesis/development"	"0.706531846987816"
"8028"	"GO:0048075"	"morphogenesis/development"	"0.479410780618103"
"8029"	"GO:0048086"	"morphogenesis/development"	"0.741032639945123"
"8030"	"GO:0048087"	"morphogenesis/development"	"0.85109704542172"
"8031"	"GO:0048102"	"cell death"	"0.321000922269742"
"8032"	"GO:0048103"	"cell cycle"	"0.696595642391706"
"8033"	"GO:0048104"	"morphogenesis/development"	"0.314225466913691"
"8034"	"GO:0048105"	"morphogenesis/development"	"0.327244566477386"
"8035"	"GO:0048133"	"cell cycle"	"0.971346168444724"
"8036"	"GO:0048137"	"cell cycle"	"0.883395738893075"
"8037"	"GO:0048143"	"neural related process"	"+"
"8038"	"GO:0048144"	"cell cycle"	"+"
"8039"	"GO:0048145"	"cell cycle"	"+"
"8040"	"GO:0048146"	"cell cycle"	"+"
"8041"	"GO:0048147"	"cell cycle"	"0.929253220995356"
"8042"	"GO:0048148"	"neural related process"	"+"
"8043"	"GO:0048149"	"neural related process"	"0.736588514123105"
"8044"	"GO:0048156"	"protein modification/signaling"	"+"
"8045"	"GO:0048160"	"morphogenesis/development"	"0.741164083734539"
"8046"	"GO:0048162"	"morphogenesis/development"	"0.694853087908738"
"8047"	"GO:0048165"	"morphogenesis/development"	"0.686409440845326"
"8048"	"GO:0048167"	"neural related process"	"+"
"8049"	"GO:0048168"	"neural related process"	"0.975909744761554"
"8050"	"GO:0048169"	"neural related process"	"0.98866866807641"
"8051"	"GO:0048170"	"neural related process"	"0.972164580334432"
"8052"	"GO:0048172"	"neural related process"	"0.979727333519767"
"8053"	"GO:0048174"	"neural related process"	"0.907757696692148"
"8054"	"GO:0048185"	"other"	"+"
"8055"	"GO:0048193"	"transport"	"+"
"8056"	"GO:0048203"	"ER/endosome/lysosome related process"	"0.988835885363668"
"8057"	"GO:0048205"	"ER/endosome/lysosome related process"	"0.967433416502621"
"8058"	"GO:0048208"	"ER/endosome/lysosome related process"	"0.397726688538089"
"8059"	"GO:0048211"	"ER/endosome/lysosome related process"	"0.966060258537008"
"8060"	"GO:0048219"	"ER/endosome/lysosome related process"	"0.978853421690022"
"8061"	"GO:0048232"	"morphogenesis/development"	"0.423858179329284"
"8062"	"GO:0048239"	"cell cycle"	"0.79158333694058"
"8063"	"GO:0048240"	"other"	"0.335342416887365"
"8064"	"GO:0048241"	"transport"	"0.483963887562954"
"8065"	"GO:0048242"	"neural related process"	"0.818734284548872"
"8066"	"GO:0048243"	"neural related process"	"0.726470144260026"
"8067"	"GO:0048245"	"immune system process"	"0.950403247067661"
"8068"	"GO:0048246"	"immune system process"	"+"
"8069"	"GO:0048247"	"immune system process"	"+"
"8070"	"GO:0048250"	"ER/endosome/lysosome related process"	"0.547133941850705"
"8071"	"GO:0048251"	"cellular component organization"	"0.925604802152187"
"8072"	"GO:0048252"	"metabolic process"	"0.960974000196169"
"8073"	"GO:0048254"	"transport"	"0.760638097084075"
"8074"	"GO:0048255"	"gene regulation"	"0.631045221885499"
"8075"	"GO:0048259"	"receptor related process"	"0.651110867631362"
"8076"	"GO:0048260"	"receptor related process"	"0.621575931235132"
"8077"	"GO:0048261"	"receptor related process"	"0.304554377764764"
"8078"	"GO:0048262"	"morphogenesis/development"	"0.628800766703707"
"8079"	"GO:0048263"	"morphogenesis/development"	"0.847077520811279"
"8080"	"GO:0048264"	"morphogenesis/development"	"0.664724550863401"
"8081"	"GO:0048265"	"neural related process"	"0.600175773024712"
"8082"	"GO:0048266"	"neural related process"	"0.73018945845432"
"8083"	"GO:0048268"	"cellular component organization"	"0.594036106189383"
"8084"	"GO:0048278"	"other"	"0.563837588593518"
"8085"	"GO:0048280"	"ER/endosome/lysosome related process"	"0.641064891325833"
"8086"	"GO:0048284"	"cellular component organization"	"+"
"8087"	"GO:0048285"	"cellular component organization"	"+"
"8088"	"GO:0048286"	"morphogenesis/development"	"+"
"8089"	"GO:0048289"	"immune system process"	"0.958604044394528"
"8090"	"GO:0048290"	"immune system process"	"0.942545373861706"
"8091"	"GO:0048291"	"immune system process"	"0.947353686575274"
"8092"	"GO:0048293"	"immune system process"	"0.95274164259214"
"8093"	"GO:0048294"	"immune system process"	"0.921716897139506"
"8094"	"GO:0048295"	"immune system process"	"0.942946764569408"
"8095"	"GO:0048296"	"immune system process"	"0.936931390475255"
"8096"	"GO:0048297"	"immune system process"	"0.914923120039883"
"8097"	"GO:0048298"	"immune system process"	"0.91330234047325"
"8098"	"GO:0048302"	"immune system process"	"+"
"8099"	"GO:0048304"	"immune system process"	"0.957945327669326"
"8100"	"GO:0048306"	"protein modification/signaling"	"+"
"8101"	"GO:0048308"	"cellular component organization"	"+"
"8102"	"GO:0048311"	"cellular component organization"	"0.654041345001498"
"8103"	"GO:0048312"	"cellular component organization"	"0.47888087650723"
"8104"	"GO:0048313"	"cellular component organization"	"0.938504439107889"
"8105"	"GO:0048318"	"morphogenesis/development"	"0.983909764929759"
"8106"	"GO:0048319"	"morphogenesis/development"	"0.96361938664501"
"8107"	"GO:0048320"	"morphogenesis/development"	"0.979405226007788"
"8108"	"GO:0048321"	"morphogenesis/development"	"0.942322872632619"
"8109"	"GO:0048322"	"morphogenesis/development"	"0.964215806197287"
"8110"	"GO:0048327"	"morphogenesis/development"	"0.799345154910117"
"8111"	"GO:0048332"	"morphogenesis/development"	"0.985760424737281"
"8112"	"GO:0048333"	"morphogenesis/development"	"+"
"8113"	"GO:0048337"	"morphogenesis/development"	"0.546263280425074"
"8114"	"GO:0048338"	"morphogenesis/development"	"0.865508260222098"
"8115"	"GO:0048339"	"morphogenesis/development"	"0.992366874178219"
"8116"	"GO:0048340"	"morphogenesis/development"	"0.984538115313936"
"8117"	"GO:0048341"	"morphogenesis/development"	"0.993747337095821"
"8118"	"GO:0048342"	"morphogenesis/development"	"0.941760963932211"
"8119"	"GO:0048343"	"morphogenesis/development"	"0.929188507566561"
"8120"	"GO:0048352"	"morphogenesis/development"	"0.778108973008838"
"8121"	"GO:0048368"	"morphogenesis/development"	"0.991413125732841"
"8122"	"GO:0048369"	"morphogenesis/development"	"0.972590010978859"
"8123"	"GO:0048370"	"morphogenesis/development"	"0.979803579607345"
"8124"	"GO:0048371"	"morphogenesis/development"	"0.953872938080599"
"8125"	"GO:0048372"	"morphogenesis/development"	"0.909169110748073"
"8126"	"GO:0048377"	"morphogenesis/development"	"0.73830476167663"
"8127"	"GO:0048378"	"morphogenesis/development"	"0.797248046444131"
"8128"	"GO:0048382"	"morphogenesis/development"	"0.996221217292263"
"8129"	"GO:0048384"	"receptor related process"	"+"
"8130"	"GO:0048385"	"receptor related process"	"0.884778148551893"
"8131"	"GO:0048386"	"receptor related process"	"0.783816073696141"
"8132"	"GO:0048387"	"receptor related process"	"0.839013441415517"
"8133"	"GO:0048388"	"ER/endosome/lysosome related process"	"+"
"8134"	"GO:0048389"	"morphogenesis/development"	"0.980734610338386"
"8135"	"GO:0048390"	"morphogenesis/development"	"0.976221205127232"
"8136"	"GO:0048391"	"morphogenesis/development"	"0.991192933113823"
"8137"	"GO:0048392"	"morphogenesis/development"	"0.958203907652517"
"8138"	"GO:0048468"	"morphogenesis/development"	"0.833867820723239"
"8139"	"GO:0048469"	"morphogenesis/development"	"+"
"8140"	"GO:0048477"	"morphogenesis/development"	"+"
"8141"	"GO:0048483"	"morphogenesis/development"	"+"
"8142"	"GO:0048484"	"morphogenesis/development"	"0.551986318885295"
"8143"	"GO:0048485"	"morphogenesis/development"	"0.484259188576347"
"8144"	"GO:0048486"	"morphogenesis/development"	"0.35099103735624"
"8145"	"GO:0048488"	"neural related process"	"+"
"8146"	"GO:0048489"	"neural related process"	"+"
"8147"	"GO:0048490"	"neural related process"	"0.377595255072936"
"8148"	"GO:0048496"	"morphogenesis/development"	"0.527501872669746"
"8149"	"GO:0048499"	"neural related process"	"0.734667720587794"
"8150"	"GO:0048505"	"morphogenesis/development"	"0.841231047575968"
"8151"	"GO:0048511"	"other"	"+"
"8152"	"GO:0048512"	"neural related process"	"0.847154718665074"
"8153"	"GO:0048513"	"morphogenesis/development"	"0.939622236953944"
"8154"	"GO:0048514"	"morphogenesis/development"	"+"
"8155"	"GO:0048515"	"morphogenesis/development"	"0.771706633149752"
"8156"	"GO:0048520"	"neural related process"	"0.692343615140067"
"8157"	"GO:0048521"	"neural related process"	"0.664381216290927"
"8158"	"GO:0048524"	"viral related process"	"+"
"8159"	"GO:0048525"	"viral related process"	"+"
"8160"	"GO:0048532"	"morphogenesis/development"	"0.794117903371674"
"8161"	"GO:0048534"	"morphogenesis/development"	"+"
"8162"	"GO:0048535"	"morphogenesis/development"	"0.892344234687993"
"8163"	"GO:0048536"	"morphogenesis/development"	"0.746123023264891"
"8164"	"GO:0048537"	"morphogenesis/development"	"0.791483725645734"
"8165"	"GO:0048538"	"morphogenesis/development"	"+"
"8166"	"GO:0048539"	"morphogenesis/development"	"0.923066370193764"
"8167"	"GO:0048541"	"morphogenesis/development"	"0.839632665595"
"8168"	"GO:0048545"	"response to stimulus"	"+"
"8169"	"GO:0048546"	"morphogenesis/development"	"0.949679597176497"
"8170"	"GO:0048548"	"transport"	"0.575079463868013"
"8171"	"GO:0048549"	"transport"	"0.326647594637294"
"8172"	"GO:0048550"	"transport"	"0.33168635951445"
"8173"	"GO:0048557"	"morphogenesis/development"	"0.982909238934947"
"8174"	"GO:0048560"	"morphogenesis/development"	"0.711239518961986"
"8175"	"GO:0048561"	"morphogenesis/development"	"0.713154455796251"
"8176"	"GO:0048562"	"morphogenesis/development"	"+"
"8177"	"GO:0048565"	"morphogenesis/development"	"+"
"8178"	"GO:0048566"	"morphogenesis/development"	"0.959690108714709"
"8179"	"GO:0048567"	"morphogenesis/development"	"0.96307682022724"
"8180"	"GO:0048568"	"morphogenesis/development"	"+"
"8181"	"GO:0048570"	"morphogenesis/development"	"0.93526622286437"
"8182"	"GO:0048571"	"response to stimulus"	"0.505407082042163"
"8183"	"GO:0048583"	"protein modification/signaling"	"0.316298480184556"
"8184"	"GO:0048584"	"protein modification/signaling"	"0.309481511907642"
"8185"	"GO:0048585"	"response to stimulus"	"0.38833188749688"
"8186"	"GO:0048588"	"morphogenesis/development"	"+"
"8187"	"GO:0048589"	"morphogenesis/development"	"+"
"8188"	"GO:0048592"	"morphogenesis/development"	"0.979070094594982"
"8189"	"GO:0048593"	"morphogenesis/development"	"0.980727736728639"
"8190"	"GO:0048596"	"morphogenesis/development"	"0.986978360735653"
"8191"	"GO:0048597"	"morphogenesis/development"	"0.933778356171473"
"8192"	"GO:0048598"	"morphogenesis/development"	"0.935748315678687"
"8193"	"GO:0048599"	"morphogenesis/development"	"+"
"8194"	"GO:0048608"	"morphogenesis/development"	"+"
"8195"	"GO:0048609"	"multicellular organismal process"	"0.545752506212429"
"8196"	"GO:0048611"	"morphogenesis/development"	"0.977521699033225"
"8197"	"GO:0048613"	"morphogenesis/development"	"0.95441177430321"
"8198"	"GO:0048617"	"morphogenesis/development"	"0.985310737514954"
"8199"	"GO:0048619"	"morphogenesis/development"	"0.973028129553849"
"8200"	"GO:0048621"	"morphogenesis/development"	"0.934102097431578"
"8201"	"GO:0048625"	"morphogenesis/development"	"0.957276275343445"
"8202"	"GO:0048626"	"morphogenesis/development"	"0.940560320842566"
"8203"	"GO:0048627"	"morphogenesis/development"	"0.986787895683125"
"8204"	"GO:0048630"	"morphogenesis/development"	"0.621542134762919"
"8205"	"GO:0048631"	"morphogenesis/development"	"0.735768009719819"
"8206"	"GO:0048632"	"morphogenesis/development"	"0.493822668658682"
"8207"	"GO:0048633"	"morphogenesis/development"	"0.556952875572044"
"8208"	"GO:0048634"	"morphogenesis/development"	"0.959045151217185"
"8209"	"GO:0048635"	"morphogenesis/development"	"0.933512347283013"
"8210"	"GO:0048636"	"morphogenesis/development"	"0.619837969302394"
"8211"	"GO:0048638"	"morphogenesis/development"	"+"
"8212"	"GO:0048639"	"morphogenesis/development"	"+"
"8213"	"GO:0048640"	"morphogenesis/development"	"+"
"8214"	"GO:0048641"	"morphogenesis/development"	"0.928465746277208"
"8215"	"GO:0048642"	"morphogenesis/development"	"0.824541570337096"
"8216"	"GO:0048643"	"morphogenesis/development"	"0.785134451602944"
"8217"	"GO:0048644"	"morphogenesis/development"	"0.918110169867048"
"8218"	"GO:0048645"	"multicellular organismal process"	"+"
"8219"	"GO:0048646"	"morphogenesis/development"	"+"
"8220"	"GO:0048659"	"cell cycle"	"+"
"8221"	"GO:0048660"	"cell cycle"	"+"
"8222"	"GO:0048661"	"cell cycle"	"+"
"8223"	"GO:0048662"	"cell cycle"	"+"
"8224"	"GO:0048663"	"neural related process"	"0.701305301898994"
"8225"	"GO:0048664"	"neural related process"	"0.521711059217347"
"8226"	"GO:0048665"	"neural related process"	"0.474495626181111"
"8227"	"GO:0048666"	"neural related process"	"0.987246868856697"
"8228"	"GO:0048667"	"neural related process"	"0.967900446028923"
"8229"	"GO:0048668"	"morphogenesis/development"	"+"
"8230"	"GO:0048669"	"morphogenesis/development"	"0.809188950215468"
"8231"	"GO:0048670"	"neural related process"	"0.546426347610754"
"8232"	"GO:0048671"	"neural related process"	"0.59390910284544"
"8233"	"GO:0048672"	"neural related process"	"0.904390283464587"
"8234"	"GO:0048673"	"morphogenesis/development"	"0.439512449379126"
"8235"	"GO:0048675"	"neural related process"	"0.964152060369932"
"8236"	"GO:0048677"	"neural related process"	"0.61390798043561"
"8237"	"GO:0048678"	"stress response"	"+"
"8238"	"GO:0048679"	"neural related process"	"+"
"8239"	"GO:0048680"	"neural related process"	"0.904756090975429"
"8240"	"GO:0048681"	"neural related process"	"0.818551516163698"
"8241"	"GO:0048682"	"morphogenesis/development"	"0.791524776590048"
"8242"	"GO:0048683"	"neural related process"	"0.558804866386762"
"8243"	"GO:0048685"	"neural related process"	"0.4959097019101"
"8244"	"GO:0048686"	"morphogenesis/development"	"0.453373267892275"
"8245"	"GO:0048687"	"neural related process"	"0.577962906285402"
"8246"	"GO:0048688"	"neural related process"	"0.487668536717987"
"8247"	"GO:0048690"	"neural related process"	"0.499492512275392"
"8248"	"GO:0048692"	"neural related process"	"0.822676451646723"
"8249"	"GO:0048696"	"morphogenesis/development"	"0.562617152859686"
"8250"	"GO:0048697"	"neural related process"	"0.782877540489205"
"8251"	"GO:0048698"	"neural related process"	"0.502702888428165"
"8252"	"GO:0048699"	"neural related process"	"0.971642341931785"
"8253"	"GO:0048701"	"morphogenesis/development"	"0.980884273065954"
"8254"	"GO:0048702"	"morphogenesis/development"	"0.97973723202114"
"8255"	"GO:0048703"	"morphogenesis/development"	"0.975408960843929"
"8256"	"GO:0048704"	"morphogenesis/development"	"0.97473978134781"
"8257"	"GO:0048705"	"morphogenesis/development"	"+"
"8258"	"GO:0048706"	"morphogenesis/development"	"0.988422628412404"
"8259"	"GO:0048708"	"neural related process"	"+"
"8260"	"GO:0048709"	"neural related process"	"0.64762340145158"
"8261"	"GO:0048710"	"neural related process"	"+"
"8262"	"GO:0048711"	"neural related process"	"0.937534214388559"
"8263"	"GO:0048712"	"neural related process"	"0.938620027532513"
"8264"	"GO:0048713"	"neural related process"	"0.937562152358984"
"8265"	"GO:0048714"	"neural related process"	"0.958986488368394"
"8266"	"GO:0048715"	"neural related process"	"0.811887019800134"
"8267"	"GO:0048729"	"morphogenesis/development"	"+"
"8268"	"GO:0048730"	"morphogenesis/development"	"0.884843648504731"
"8269"	"GO:0048731"	"morphogenesis/development"	"0.778291689266779"
"8270"	"GO:0048732"	"morphogenesis/development"	"+"
"8271"	"GO:0048733"	"morphogenesis/development"	"0.996296072792958"
"8272"	"GO:0048736"	"morphogenesis/development"	"0.966963529713487"
"8273"	"GO:0048738"	"morphogenesis/development"	"+"
"8274"	"GO:0048741"	"morphogenesis/development"	"0.940392920460942"
"8275"	"GO:0048742"	"morphogenesis/development"	"0.928336387869548"
"8276"	"GO:0048743"	"morphogenesis/development"	"0.823216551884606"
"8277"	"GO:0048745"	"morphogenesis/development"	"+"
"8278"	"GO:0048752"	"morphogenesis/development"	"0.987982573715932"
"8279"	"GO:0048753"	"cellular component organization"	"0.451013593115164"
"8280"	"GO:0048754"	"morphogenesis/development"	"+"
"8281"	"GO:0048755"	"neural related process"	"0.769382043511571"
"8282"	"GO:0048757"	"morphogenesis/development"	"0.680792652399739"
"8283"	"GO:0048762"	"morphogenesis/development"	"+"
"8284"	"GO:0048769"	"cellular component organization"	"0.853000958920494"
"8285"	"GO:0048770"	"cellular component organization"	"+"
"8286"	"GO:0048771"	"morphogenesis/development"	"+"
"8287"	"GO:0048773"	"morphogenesis/development"	"0.966250517428317"
"8288"	"GO:0048789"	"cellular component organization"	"0.57985839751001"
"8289"	"GO:0048790"	"neural related process"	"0.72836486868993"
"8290"	"GO:0048791"	"neural related process"	"0.952810548593488"
"8291"	"GO:0048792"	"neural related process"	"0.787562688746283"
"8292"	"GO:0048793"	"morphogenesis/development"	"0.981879719627478"
"8293"	"GO:0048799"	"morphogenesis/development"	"0.936814695018687"
"8294"	"GO:0048806"	"morphogenesis/development"	"0.984608724336071"
"8295"	"GO:0048807"	"morphogenesis/development"	"0.965036146339314"
"8296"	"GO:0048808"	"morphogenesis/development"	"0.970008865757822"
"8297"	"GO:0048812"	"neural related process"	"0.974808290924361"
"8298"	"GO:0048813"	"neural related process"	"+"
"8299"	"GO:0048814"	"morphogenesis/development"	"0.56562757658093"
"8300"	"GO:0048817"	"morphogenesis/development"	"0.861195189740529"
"8301"	"GO:0048818"	"morphogenesis/development"	"0.742683745538585"
"8302"	"GO:0048819"	"morphogenesis/development"	"0.932411394576411"
"8303"	"GO:0048820"	"morphogenesis/development"	"0.930382995462755"
"8304"	"GO:0048821"	"morphogenesis/development"	"0.532060483242964"
"8305"	"GO:0048822"	"morphogenesis/development"	"0.76617168770654"
"8306"	"GO:0048839"	"morphogenesis/development"	"0.869391554122209"
"8307"	"GO:0048840"	"morphogenesis/development"	"0.983220473486927"
"8308"	"GO:0048841"	"neural related process"	"0.507222827955275"
"8309"	"GO:0048842"	"neural related process"	"0.888174398785503"
"8310"	"GO:0048843"	"neural related process"	"0.753317141072087"
"8311"	"GO:0048844"	"morphogenesis/development"	"+"
"8312"	"GO:0048845"	"morphogenesis/development"	"0.939588630796054"
"8313"	"GO:0048846"	"neural related process"	"0.683334268818978"
"8314"	"GO:0048850"	"morphogenesis/development"	"0.535444330418964"
"8315"	"GO:0048852"	"morphogenesis/development"	"0.500663804282022"
"8316"	"GO:0048853"	"morphogenesis/development"	"0.723410945378888"
"8317"	"GO:0048854"	"morphogenesis/development"	"0.696346115765379"
"8318"	"GO:0048855"	"morphogenesis/development"	"0.424919005711199"
"8319"	"GO:0048857"	"neural related process"	"+"
"8320"	"GO:0048858"	"neural related process"	"0.910432364725298"
"8321"	"GO:0048859"	"morphogenesis/development"	"0.976292640354741"
"8322"	"GO:0048861"	"receptor related process"	"0.818235528189264"
"8323"	"GO:0048863"	"morphogenesis/development"	"+"
"8324"	"GO:0048864"	"morphogenesis/development"	"+"
"8325"	"GO:0048865"	"morphogenesis/development"	"0.983271116484311"
"8326"	"GO:0048866"	"morphogenesis/development"	"0.950391121868795"
"8327"	"GO:0048869"	"morphogenesis/development"	"0.889588694953658"
"8328"	"GO:0048870"	"other"	"+"
"8329"	"GO:0048871"	"multicellular organismal process"	"0.862809895914381"
"8330"	"GO:0048872"	"multicellular organismal process"	"+"
"8331"	"GO:0048873"	"multicellular organismal process"	"0.92999745460939"
"8332"	"GO:0048874"	"multicellular organismal process"	"0.342387813377098"
"8333"	"GO:0048877"	"multicellular organismal process"	"0.797933111655304"
"8334"	"GO:0048878"	"other"	"+"
"8335"	"GO:0048880"	"neural related process"	"+"
"8336"	"GO:0048881"	"morphogenesis/development"	"0.491304402568933"
"8337"	"GO:0048882"	"morphogenesis/development"	"0.807866801145673"
"8338"	"GO:0048884"	"morphogenesis/development"	"0.768095459485928"
"8339"	"GO:0048886"	"neural related process"	"0.665323940003094"
"8340"	"GO:0048892"	"neural related process"	"0.64091578896319"
"8341"	"GO:0048894"	"neural related process"	"0.935994156914605"
"8342"	"GO:0048915"	"morphogenesis/development"	"0.466239076152226"
"8343"	"GO:0048916"	"morphogenesis/development"	"0.688886927221568"
"8344"	"GO:0048919"	"morphogenesis/development"	"0.606954187436253"
"8345"	"GO:0048923"	"neural related process"	"0.43765645343178"
"8346"	"GO:0048925"	"neural related process"	"0.861485888088921"
"8347"	"GO:0048934"	"neural related process"	"0.948097353779521"
"8348"	"GO:0048935"	"neural related process"	"0.952030857873892"
"8349"	"GO:0048936"	"neural related process"	"0.968695939082025"
"8350"	"GO:0050000"	"cell cycle"	"+"
"8351"	"GO:0050321"	"protein modification/signaling"	"+"
"8352"	"GO:0050427"	"metabolic process"	"0.956255609751051"
"8353"	"GO:0050428"	"metabolic process"	"0.896767088989834"
"8354"	"GO:0050432"	"neural related process"	"0.657519408926697"
"8355"	"GO:0050433"	"neural related process"	"0.654215021189142"
"8356"	"GO:0050434"	"viral related process"	"0.52330230597615"
"8357"	"GO:0050435"	"neural related process"	"+"
"8358"	"GO:0050482"	"transport"	"0.91942835349094"
"8359"	"GO:0050650"	"metabolic process"	"+"
"8360"	"GO:0050651"	"metabolic process"	"0.968386694662563"
"8361"	"GO:0050652"	"metabolic process"	"0.481739137529193"
"8362"	"GO:0050653"	"metabolic process"	"0.547411167416403"
"8363"	"GO:0050654"	"metabolic process"	"0.965539394958831"
"8364"	"GO:0050655"	"metabolic process"	"0.98161943427598"
"8365"	"GO:0050657"	"transport"	"+"
"8366"	"GO:0050658"	"transport"	"+"
"8367"	"GO:0050660"	"metabolic process"	"+"
"8368"	"GO:0050661"	"metabolic process"	"+"
"8369"	"GO:0050665"	"stress response"	"0.51754198960131"
"8370"	"GO:0050666"	"metabolic process"	"0.940845273791371"
"8371"	"GO:0050667"	"metabolic process"	"+"
"8372"	"GO:0050670"	"immune system process"	"+"
"8373"	"GO:0050671"	"immune system process"	"+"
"8374"	"GO:0050672"	"immune system process"	"+"
"8375"	"GO:0050673"	"cell cycle"	"+"
"8376"	"GO:0050674"	"cell cycle"	"0.903695338056601"
"8377"	"GO:0050675"	"cell cycle"	"0.930118949816938"
"8378"	"GO:0050677"	"cell cycle"	"0.911177487805608"
"8379"	"GO:0050678"	"cell cycle"	"+"
"8380"	"GO:0050679"	"cell cycle"	"+"
"8381"	"GO:0050680"	"cell cycle"	"+"
"8382"	"GO:0050681"	"receptor related process"	"+"
"8383"	"GO:0050684"	"gene regulation"	"+"
"8384"	"GO:0050685"	"gene regulation"	"+"
"8385"	"GO:0050686"	"gene regulation"	"+"
"8386"	"GO:0050687"	"viral related process"	"0.756754993097832"
"8387"	"GO:0050688"	"viral related process"	"+"
"8388"	"GO:0050689"	"viral related process"	"0.671003434287541"
"8389"	"GO:0050691"	"viral related process"	"+"
"8390"	"GO:0050708"	"transport"	"+"
"8391"	"GO:0050709"	"transport"	"0.930557640601228"
"8392"	"GO:0050714"	"transport"	"+"
"8393"	"GO:0050727"	"immune system process"	"+"
"8394"	"GO:0050728"	"immune system process"	"+"
"8395"	"GO:0050729"	"immune system process"	"+"
"8396"	"GO:0050730"	"protein modification/signaling"	"+"
"8397"	"GO:0050731"	"protein modification/signaling"	"+"
"8398"	"GO:0050732"	"protein modification/signaling"	"+"
"8399"	"GO:0050746"	"metabolic process"	"+"
"8400"	"GO:0050747"	"metabolic process"	"0.955620420367682"
"8401"	"GO:0050748"	"metabolic process"	"0.908237236159066"
"8402"	"GO:0050750"	"receptor related process"	"+"
"8403"	"GO:0050764"	"immune system process"	"+"
"8404"	"GO:0050765"	"immune system process"	"0.497719257833827"
"8405"	"GO:0050766"	"immune system process"	"+"
"8406"	"GO:0050767"	"neural related process"	"+"
"8407"	"GO:0050768"	"neural related process"	"+"
"8408"	"GO:0050769"	"neural related process"	"+"
"8409"	"GO:0050770"	"neural related process"	"+"
"8410"	"GO:0050771"	"neural related process"	"+"
"8411"	"GO:0050772"	"neural related process"	"+"
"8412"	"GO:0050773"	"morphogenesis/development"	"+"
"8413"	"GO:0050774"	"neural related process"	"0.913300125634003"
"8414"	"GO:0050775"	"neural related process"	"0.883822208089665"
"8415"	"GO:0050776"	"immune system process"	"+"
"8416"	"GO:0050777"	"immune system process"	"+"
"8417"	"GO:0050778"	"immune system process"	"+"
"8418"	"GO:0050779"	"gene regulation"	"0.591475142891782"
"8419"	"GO:0050783"	"metabolic process"	"0.920773954188093"
"8420"	"GO:0050787"	"transport"	"0.263517792639549"
"8421"	"GO:0050790"	"metabolic process"	"0.918917438468197"
"8422"	"GO:0050792"	"viral related process"	"+"
"8423"	"GO:0050793"	"morphogenesis/development"	"0.9487358365134"
"8424"	"GO:0050795"	"neural related process"	"+"
"8425"	"GO:0050796"	"transport"	"0.898931008200357"
"8426"	"GO:0050798"	"immune system process"	"+"
"8427"	"GO:0050801"	"other"	"0.922733249582831"
"8428"	"GO:0050802"	"neural related process"	"0.851954989758088"
"8429"	"GO:0050803"	"neural related process"	"+"
"8430"	"GO:0050804"	"neural related process"	"+"
"8431"	"GO:0050805"	"neural related process"	"+"
"8432"	"GO:0050806"	"neural related process"	"+"
"8433"	"GO:0050807"	"neural related process"	"+"
"8434"	"GO:0050808"	"neural related process"	"+"
"8435"	"GO:0050810"	"metabolic process"	"0.905084472364169"
"8436"	"GO:0050812"	"metabolic process"	"0.964267771558905"
"8437"	"GO:0050817"	"multicellular organismal process"	"+"
"8438"	"GO:0050818"	"multicellular organismal process"	"0.94540727891404"
"8439"	"GO:0050819"	"immune system process"	"+"
"8440"	"GO:0050820"	"multicellular organismal process"	"0.879579825610564"
"8441"	"GO:0050821"	"other"	"+"
"8442"	"GO:0050822"	"metabolic process"	"0.530296803268489"
"8443"	"GO:0050823"	"metabolic process"	"0.447142132787922"
"8444"	"GO:0050829"	"stress response"	"+"
"8445"	"GO:0050830"	"immune system process"	"+"
"8446"	"GO:0050832"	"stress response"	"0.661500508764426"
"8447"	"GO:0050839"	"cell adhesion"	"+"
"8448"	"GO:0050840"	"cell adhesion"	"+"
"8449"	"GO:0050847"	"receptor related process"	"0.90613901038443"
"8450"	"GO:0050848"	"protein modification/signaling"	"0.779003541969009"
"8451"	"GO:0050849"	"protein modification/signaling"	"0.806526964780583"
"8452"	"GO:0050850"	"protein modification/signaling"	"0.748280220972359"
"8453"	"GO:0050851"	"immune system process"	"+"
"8454"	"GO:0050852"	"immune system process"	"+"
"8455"	"GO:0050853"	"immune system process"	"0.967107486907863"
"8456"	"GO:0050854"	"immune system process"	"+"
"8457"	"GO:0050855"	"immune system process"	"0.897026072832942"
"8458"	"GO:0050856"	"immune system process"	"0.957722357263294"
"8459"	"GO:0050857"	"immune system process"	"0.931272123067439"
"8460"	"GO:0050858"	"immune system process"	"+"
"8461"	"GO:0050859"	"immune system process"	"0.859315959165481"
"8462"	"GO:0050860"	"immune system process"	"+"
"8463"	"GO:0050861"	"immune system process"	"0.854113652082567"
"8464"	"GO:0050862"	"immune system process"	"0.925750255665596"
"8465"	"GO:0050863"	"immune system process"	"+"
"8466"	"GO:0050864"	"immune system process"	"0.977798088978817"
"8467"	"GO:0050865"	"morphogenesis/development"	"+"
"8468"	"GO:0050866"	"morphogenesis/development"	"+"
"8469"	"GO:0050867"	"morphogenesis/development"	"+"
"8470"	"GO:0050868"	"immune system process"	"+"
"8471"	"GO:0050869"	"immune system process"	"+"
"8472"	"GO:0050870"	"immune system process"	"+"
"8473"	"GO:0050871"	"immune system process"	"0.961256764736111"
"8474"	"GO:0050872"	"morphogenesis/development"	"0.929876635387342"
"8475"	"GO:0050873"	"morphogenesis/development"	"+"
"8476"	"GO:0050877"	"neural related process"	"0.844003562907582"
"8477"	"GO:0050878"	"multicellular organismal process"	"+"
"8478"	"GO:0050879"	"neural related process"	"0.685574840563912"
"8479"	"GO:0050881"	"neural related process"	"0.872446672017343"
"8480"	"GO:0050882"	"neural related process"	"0.730831784589791"
"8481"	"GO:0050883"	"neural related process"	"0.84721164573407"
"8482"	"GO:0050884"	"neural related process"	"0.87144479376333"
"8483"	"GO:0050885"	"neural related process"	"0.957013616419377"
"8484"	"GO:0050886"	"multicellular organismal process"	"0.973562298570501"
"8485"	"GO:0050890"	"neural related process"	"+"
"8486"	"GO:0050891"	"multicellular organismal process"	"0.690117915296867"
"8487"	"GO:0050892"	"multicellular organismal process"	"0.774435082663531"
"8488"	"GO:0050893"	"neural related process"	"0.794975897166294"
"8489"	"GO:0050894"	"neural related process"	"0.888920815293932"
"8490"	"GO:0050900"	"immune system process"	"+"
"8491"	"GO:0050901"	"immune system process"	"+"
"8492"	"GO:0050902"	"immune system process"	"0.722672221226396"
"8493"	"GO:0050904"	"immune system process"	"0.802435138091782"
"8494"	"GO:0050905"	"neural related process"	"+"
"8495"	"GO:0050906"	"neural related process"	"0.469088817592844"
"8496"	"GO:0050907"	"neural related process"	"0.300787067665419"
"8497"	"GO:0050908"	"neural related process"	"0.63264685778017"
"8498"	"GO:0050909"	"neural related process"	"0.619765760610761"
"8499"	"GO:0050910"	"neural related process"	"0.755611840107883"
"8500"	"GO:0050911"	"neural related process"	"0.264362533309675"
"8501"	"GO:0050912"	"neural related process"	"0.468033127244397"
"8502"	"GO:0050913"	"neural related process"	"0.661321185803423"
"8503"	"GO:0050914"	"neural related process"	"0.686580452328195"
"8504"	"GO:0050915"	"neural related process"	"0.799615802689582"
"8505"	"GO:0050916"	"neural related process"	"0.76910872599624"
"8506"	"GO:0050917"	"neural related process"	"0.57966094514478"
"8507"	"GO:0050918"	"response to stimulus"	"+"
"8508"	"GO:0050919"	"immune system process"	"+"
"8509"	"GO:0050920"	"immune system process"	"+"
"8510"	"GO:0050921"	"immune system process"	"+"
"8511"	"GO:0050922"	"response to stimulus"	"+"
"8512"	"GO:0050923"	"immune system process"	"0.557836568039372"
"8513"	"GO:0050924"	"immune system process"	"0.798307334145328"
"8514"	"GO:0050925"	"immune system process"	"0.683590508106588"
"8515"	"GO:0050926"	"immune system process"	"+"
"8516"	"GO:0050927"	"immune system process"	"+"
"8517"	"GO:0050928"	"immune system process"	"0.703712572442029"
"8518"	"GO:0050929"	"immune system process"	"0.758684745857161"
"8519"	"GO:0050930"	"immune system process"	"0.92472523044142"
"8520"	"GO:0050931"	"morphogenesis/development"	"0.698015725545334"
"8521"	"GO:0050932"	"morphogenesis/development"	"0.847305882479778"
"8522"	"GO:0050942"	"morphogenesis/development"	"0.88696230046701"
"8523"	"GO:0050951"	"neural related process"	"0.965291971353569"
"8524"	"GO:0050953"	"neural related process"	"0.617232053979258"
"8525"	"GO:0050954"	"neural related process"	"+"
"8526"	"GO:0050955"	"neural related process"	"0.801464257497028"
"8527"	"GO:0050957"	"neural related process"	"0.830665377000089"
"8528"	"GO:0050960"	"neural related process"	"0.734430199705599"
"8529"	"GO:0050961"	"neural related process"	"0.918563290246941"
"8530"	"GO:0050962"	"neural related process"	"0.5965187212432"
"8531"	"GO:0050965"	"neural related process"	"0.91843299564901"
"8532"	"GO:0050966"	"neural related process"	"+"
"8533"	"GO:0050968"	"neural related process"	"0.671762002360404"
"8534"	"GO:0050973"	"neural related process"	"0.627278385612839"
"8535"	"GO:0050974"	"neural related process"	"0.935389183477651"
"8536"	"GO:0050975"	"neural related process"	"0.725014096853317"
"8537"	"GO:0050976"	"neural related process"	"0.732701723656531"
"8538"	"GO:0050982"	"neural related process"	"0.544210239156129"
"8539"	"GO:0050992"	"metabolic process"	"0.986366889584558"
"8540"	"GO:0050993"	"metabolic process"	"0.993220542048248"
"8541"	"GO:0050994"	"metabolic process"	"0.959799715738916"
"8542"	"GO:0050995"	"metabolic process"	"0.959331364980556"
"8543"	"GO:0050996"	"metabolic process"	"0.980392495186718"
"8544"	"GO:0050997"	"metabolic process"	"+"
"8545"	"GO:0050999"	"metabolic process"	"0.943863501464632"
"8546"	"GO:0051000"	"metabolic process"	"0.969121593711069"
"8547"	"GO:0051001"	"metabolic process"	"0.680234118194871"
"8548"	"GO:0051004"	"metabolic process"	"+"
"8549"	"GO:0051005"	"metabolic process"	"0.838494120377769"
"8550"	"GO:0051006"	"metabolic process"	"0.913817227968875"
"8551"	"GO:0051010"	"cellular component organization"	"+"
"8552"	"GO:0051012"	"transport"	"0.275566097939644"
"8553"	"GO:0051013"	"cellular component organization"	"0.740041768084906"
"8554"	"GO:0051014"	"cellular component organization"	"+"
"8555"	"GO:0051015"	"cellular component organization"	"+"
"8556"	"GO:0051016"	"cellular component organization"	"0.963492567711884"
"8557"	"GO:0051017"	"cellular component organization"	"+"
"8558"	"GO:0051019"	"protein modification/signaling"	"+"
"8559"	"GO:0051020"	"protein modification/signaling"	"+"
"8560"	"GO:0051026"	"cell cycle"	"0.944378127138838"
"8561"	"GO:0051028"	"transport"	"0.973530483385067"
"8562"	"GO:0051029"	"transport"	"0.951574341575194"
"8563"	"GO:0051030"	"transport"	"0.983771402139507"
"8564"	"GO:0051031"	"transport"	"0.915286740338509"
"8565"	"GO:0051036"	"cellular component organization"	"0.761821797722265"
"8566"	"GO:0051040"	"cell adhesion"	"0.282574658237082"
"8567"	"GO:0051041"	"cell adhesion"	"0.280066565335692"
"8568"	"GO:0051042"	"cell adhesion"	"0.401446608724748"
"8569"	"GO:0051043"	"metabolic process"	"0.91331078900039"
"8570"	"GO:0051044"	"metabolic process"	"0.953806602203865"
"8571"	"GO:0051045"	"metabolic process"	"0.883016286658984"
"8572"	"GO:0051046"	"multicellular organismal process"	"+"
"8573"	"GO:0051047"	"transport"	"0.62391629365473"
"8574"	"GO:0051048"	"transport"	"+"
"8575"	"GO:0051049"	"transport"	"0.849398512839283"
"8576"	"GO:0051050"	"transport"	"+"
"8577"	"GO:0051051"	"transport"	"+"
"8578"	"GO:0051052"	"cell cycle"	"+"
"8579"	"GO:0051053"	"cell cycle"	"+"
"8580"	"GO:0051054"	"cell cycle"	"+"
"8581"	"GO:0051055"	"metabolic process"	"+"
"8582"	"GO:0051056"	"protein modification/signaling"	"+"
"8583"	"GO:0051057"	"protein modification/signaling"	"0.944884976938838"
"8584"	"GO:0051058"	"protein modification/signaling"	"+"
"8585"	"GO:0051059"	"immune system process"	"+"
"8586"	"GO:0051066"	"metabolic process"	"0.965374378436933"
"8587"	"GO:0051081"	"cellular component organization"	"+"
"8588"	"GO:0051082"	"protein modification/signaling"	"+"
"8589"	"GO:0051083"	"protein modification/signaling"	"0.645935576574211"
"8590"	"GO:0051084"	"protein modification/signaling"	"+"
"8591"	"GO:0051085"	"other"	"+"
"8592"	"GO:0051086"	"protein modification/signaling"	"0.482556220896559"
"8593"	"GO:0051087"	"protein modification/signaling"	"+"
"8594"	"GO:0051089"	"metabolic process"	"0.614457010776879"
"8595"	"GO:0051090"	"gene regulation"	"+"
"8596"	"GO:0051091"	"gene regulation"	"+"
"8597"	"GO:0051092"	"gene regulation"	"+"
"8598"	"GO:0051093"	"morphogenesis/development"	"+"
"8599"	"GO:0051094"	"morphogenesis/development"	"0.92774151864605"
"8600"	"GO:0051095"	"cell cycle"	"+"
"8601"	"GO:0051096"	"cell cycle"	"0.853846052505771"
"8602"	"GO:0051097"	"cell cycle"	"0.754600236415263"
"8603"	"GO:0051098"	"gene regulation"	"+"
"8604"	"GO:0051099"	"other"	"+"
"8605"	"GO:0051100"	"gene regulation"	"+"
"8606"	"GO:0051101"	"gene regulation"	"+"
"8607"	"GO:0051102"	"cell cycle"	"0.83170748540163"
"8608"	"GO:0051103"	"cell cycle"	"0.90998100748246"
"8609"	"GO:0051105"	"cell cycle"	"0.84068855588626"
"8610"	"GO:0051106"	"cell cycle"	"0.86316598050553"
"8611"	"GO:0051107"	"cell cycle"	"0.4332276092546"
"8612"	"GO:0051117"	"metabolic process"	"+"
"8613"	"GO:0051121"	"metabolic process"	"0.867752137103006"
"8614"	"GO:0051122"	"metabolic process"	"0.829276576509596"
"8615"	"GO:0051123"	"gene regulation"	"+"
"8616"	"GO:0051124"	"neural related process"	"0.890631109551516"
"8617"	"GO:0051125"	"cellular component organization"	"0.899842112850964"
"8618"	"GO:0051126"	"cellular component organization"	"0.848502563734306"
"8619"	"GO:0051127"	"cellular component organization"	"+"
"8620"	"GO:0051128"	"cellular component organization"	"0.951752906829363"
"8621"	"GO:0051129"	"cellular component organization"	"+"
"8622"	"GO:0051130"	"cellular component organization"	"0.875138381905297"
"8623"	"GO:0051131"	"cellular component organization"	"+"
"8624"	"GO:0051132"	"immune system process"	"0.976037520080569"
"8625"	"GO:0051133"	"immune system process"	"0.977992466699226"
"8626"	"GO:0051134"	"immune system process"	"0.963671087098746"
"8627"	"GO:0051135"	"immune system process"	"0.97133654928127"
"8628"	"GO:0051136"	"immune system process"	"0.831419701517627"
"8629"	"GO:0051138"	"immune system process"	"0.858943537439109"
"8630"	"GO:0051140"	"immune system process"	"0.974514353723165"
"8631"	"GO:0051141"	"immune system process"	"0.951843488115528"
"8632"	"GO:0051142"	"immune system process"	"0.952705310219231"
"8633"	"GO:0051145"	"morphogenesis/development"	"+"
"8634"	"GO:0051146"	"morphogenesis/development"	"+"
"8635"	"GO:0051147"	"morphogenesis/development"	"+"
"8636"	"GO:0051148"	"morphogenesis/development"	"+"
"8637"	"GO:0051149"	"morphogenesis/development"	"0.961540962347611"
"8638"	"GO:0051150"	"morphogenesis/development"	"0.934954495802428"
"8639"	"GO:0051151"	"morphogenesis/development"	"0.896306477760746"
"8640"	"GO:0051152"	"morphogenesis/development"	"0.813162142928891"
"8641"	"GO:0051153"	"morphogenesis/development"	"0.978390499322801"
"8642"	"GO:0051154"	"morphogenesis/development"	"+"
"8643"	"GO:0051155"	"morphogenesis/development"	"+"
"8644"	"GO:0051156"	"metabolic process"	"0.986270906826367"
"8645"	"GO:0051160"	"metabolic process"	"0.984171091373073"
"8646"	"GO:0051164"	"metabolic process"	"0.980443701426395"
"8647"	"GO:0051167"	"metabolic process"	"0.989635700316812"
"8648"	"GO:0051168"	"transport"	"+"
"8649"	"GO:0051169"	"transport"	"+"
"8650"	"GO:0051170"	"transport"	"+"
"8651"	"GO:0051174"	"metabolic process"	"0.837524991008657"
"8652"	"GO:0051176"	"metabolic process"	"0.897914224969092"
"8653"	"GO:0051177"	"cell cycle"	"0.987854879280258"
"8654"	"GO:0051180"	"transport"	"+"
"8655"	"GO:0051189"	"metabolic process"	"0.847979628455782"
"8656"	"GO:0051204"	"ER/endosome/lysosome related process"	"0.432972019508432"
"8657"	"GO:0051205"	"ER/endosome/lysosome related process"	"0.619476271114226"
"8658"	"GO:0051208"	"other"	"+"
"8659"	"GO:0051209"	"transport"	"+"
"8660"	"GO:0051216"	"morphogenesis/development"	"0.971464310441053"
"8661"	"GO:0051219"	"protein modification/signaling"	"+"
"8662"	"GO:0051220"	"other"	"+"
"8663"	"GO:0051222"	"transport"	"0.917311883178523"
"8664"	"GO:0051223"	"transport"	"0.920143778341589"
"8665"	"GO:0051224"	"transport"	"0.97251068100433"
"8666"	"GO:0051225"	"cell cycle"	"+"
"8667"	"GO:0051228"	"cell cycle"	"0.691849600608708"
"8668"	"GO:0051230"	"cell cycle"	"0.79916093819294"
"8669"	"GO:0051231"	"cell cycle"	"+"
"8670"	"GO:0051232"	"cell cycle"	"0.995817626020936"
"8671"	"GO:0051234"	"transport"	"0.915585384609845"
"8672"	"GO:0051235"	"other"	"+"
"8673"	"GO:0051236"	"transport"	"+"
"8674"	"GO:0051238"	"other"	"0.523372956336371"
"8675"	"GO:0051239"	"multicellular organismal process"	"0.424495096455213"
"8676"	"GO:0051240"	"morphogenesis/development"	"0.368663777490091"
"8677"	"GO:0051241"	"morphogenesis/development"	"0.382052916247112"
"8678"	"GO:0051246"	"metabolic process"	"0.890842293580581"
"8679"	"GO:0051247"	"metabolic process"	"+"
"8680"	"GO:0051248"	"metabolic process"	"+"
"8681"	"GO:0051249"	"immune system process"	"+"
"8682"	"GO:0051250"	"immune system process"	"+"
"8683"	"GO:0051251"	"immune system process"	"+"
"8684"	"GO:0051252"	"metabolic process"	"+"
"8685"	"GO:0051253"	"gene regulation"	"0.726781356969049"
"8686"	"GO:0051254"	"metabolic process"	"+"
"8687"	"GO:0051255"	"cell cycle"	"+"
"8688"	"GO:0051256"	"cell cycle"	"0.987263506745349"
"8689"	"GO:0051257"	"cell cycle"	"0.916486677040704"
"8690"	"GO:0051258"	"cellular component organization"	"0.963591492356198"
"8691"	"GO:0051259"	"cellular component organization"	"+"
"8692"	"GO:0051260"	"cellular component organization"	"0.879213864651923"
"8693"	"GO:0051261"	"cellular component organization"	"0.957267791098326"
"8694"	"GO:0051262"	"cellular component organization"	"0.921070481651987"
"8695"	"GO:0051276"	"cell cycle"	"+"
"8696"	"GO:0051279"	"transport"	"+"
"8697"	"GO:0051280"	"ER/endosome/lysosome related process"	"0.486379013114613"
"8698"	"GO:0051281"	"transport"	"0.869999453228551"
"8699"	"GO:0051282"	"other"	"+"
"8700"	"GO:0051283"	"other"	"+"
"8701"	"GO:0051284"	"other"	"0.37786489549874"
"8702"	"GO:0051287"	"metabolic process"	"+"
"8703"	"GO:0051289"	"cellular component organization"	"+"
"8704"	"GO:0051290"	"cellular component organization"	"+"
"8705"	"GO:0051291"	"cellular component organization"	"0.902784206603272"
"8706"	"GO:0051292"	"cellular component organization"	"0.909006595219938"
"8707"	"GO:0051293"	"cell cycle"	"+"
"8708"	"GO:0051294"	"cell cycle"	"0.836158552175901"
"8709"	"GO:0051295"	"cell cycle"	"0.941872294975619"
"8710"	"GO:0051296"	"cell cycle"	"0.788356006591979"
"8711"	"GO:0051298"	"cell cycle"	"0.925973007927849"
"8712"	"GO:0051299"	"cell cycle"	"+"
"8713"	"GO:0051301"	"cell cycle"	"+"
"8714"	"GO:0051302"	"cell cycle"	"+"
"8715"	"GO:0051303"	"cell cycle"	"+"
"8716"	"GO:0051304"	"cell cycle"	"+"
"8717"	"GO:0051305"	"cell cycle"	"0.897248486856033"
"8718"	"GO:0051306"	"cell cycle"	"+"
"8719"	"GO:0051307"	"cell cycle"	"0.997806184099812"
"8720"	"GO:0051308"	"cell cycle"	"0.995849202001715"
"8721"	"GO:0051309"	"cell cycle"	"0.995242230194504"
"8722"	"GO:0051310"	"cell cycle"	"0.966965011943248"
"8723"	"GO:0051311"	"cell cycle"	"0.965265215283333"
"8724"	"GO:0051315"	"cell cycle"	"+"
"8725"	"GO:0051316"	"cell cycle"	"0.944994554351818"
"8726"	"GO:0051321"	"cell cycle"	"+"
"8727"	"GO:0051336"	"metabolic process"	"+"
"8728"	"GO:0051338"	"metabolic process"	"+"
"8729"	"GO:0051339"	"metabolic process"	"0.467098334315647"
"8730"	"GO:0051340"	"metabolic process"	"0.411737558979576"
"8731"	"GO:0051341"	"metabolic process"	"+"
"8732"	"GO:0051342"	"metabolic process"	"0.491184677567363"
"8733"	"GO:0051343"	"metabolic process"	"0.510579367951003"
"8734"	"GO:0051344"	"metabolic process"	"0.62145659215011"
"8735"	"GO:0051345"	"metabolic process"	"+"
"8736"	"GO:0051346"	"metabolic process"	"+"
"8737"	"GO:0051347"	"metabolic process"	"+"
"8738"	"GO:0051348"	"protein modification/signaling"	"+"
"8739"	"GO:0051349"	"metabolic process"	"0.567343874261661"
"8740"	"GO:0051350"	"protein modification/signaling"	"0.563411028779444"
"8741"	"GO:0051351"	"metabolic process"	"0.417089760615837"
"8742"	"GO:0051352"	"metabolic process"	"0.341994351553716"
"8743"	"GO:0051353"	"metabolic process"	"+"
"8744"	"GO:0051354"	"metabolic process"	"0.910605906276037"
"8745"	"GO:0051355"	"neural related process"	"0.513397391103575"
"8746"	"GO:0051365"	"stress response"	"0.898205571187535"
"8747"	"GO:0051382"	"cell cycle"	"0.945836257594105"
"8748"	"GO:0051383"	"cell cycle"	"+"
"8749"	"GO:0051384"	"response to stimulus"	"+"
"8750"	"GO:0051385"	"response to stimulus"	"0.821841813281936"
"8751"	"GO:0051386"	"receptor related process"	"0.729330162054237"
"8752"	"GO:0051387"	"receptor related process"	"0.925472070247371"
"8753"	"GO:0051388"	"receptor related process"	"0.651019666867086"
"8754"	"GO:0051391"	"metabolic process"	"0.704104444902319"
"8755"	"GO:0051394"	"receptor related process"	"0.600670609107818"
"8756"	"GO:0051402"	"cell death"	"+"
"8757"	"GO:0051403"	"stress response"	"+"
"8758"	"GO:0051409"	"stress response"	"0.93183660329853"
"8759"	"GO:0051410"	"metabolic process"	"0.403944200583447"
"8760"	"GO:0051412"	"response to stimulus"	"+"
"8761"	"GO:0051413"	"response to stimulus"	"0.569731130105753"
"8762"	"GO:0051414"	"response to stimulus"	"0.816004259488509"
"8763"	"GO:0051415"	"cell cycle"	"0.885361261487224"
"8764"	"GO:0051418"	"cellular component organization"	"0.818460780983012"
"8765"	"GO:0051438"	"protein modification/signaling"	"0.941825155119303"
"8766"	"GO:0051443"	"protein modification/signaling"	"+"
"8767"	"GO:0051444"	"protein modification/signaling"	"+"
"8768"	"GO:0051445"	"cell cycle"	"+"
"8769"	"GO:0051446"	"cell cycle"	"+"
"8770"	"GO:0051447"	"cell cycle"	"0.994722291732975"
"8771"	"GO:0051450"	"cell cycle"	"+"
"8772"	"GO:0051451"	"multicellular organismal process"	"0.683121497416273"
"8773"	"GO:0051452"	"cellular component organization"	"0.464013563131647"
"8774"	"GO:0051453"	"other"	"0.833997389064872"
"8775"	"GO:0051454"	"other"	"0.535301878317796"
"8776"	"GO:0051455"	"cell cycle"	"0.852012083939979"
"8777"	"GO:0051457"	"transport"	"+"
"8778"	"GO:0051458"	"transport"	"0.448199451525773"
"8779"	"GO:0051459"	"transport"	"0.51530246628525"
"8780"	"GO:0051460"	"transport"	"0.477102106837989"
"8781"	"GO:0051461"	"transport"	"0.448467909193473"
"8782"	"GO:0051462"	"transport"	"0.89921288062889"
"8783"	"GO:0051463"	"transport"	"0.836689785895699"
"8784"	"GO:0051464"	"transport"	"0.869219795218719"
"8785"	"GO:0051466"	"transport"	"0.622499464885522"
"8786"	"GO:0051469"	"cellular component organization"	"0.698170738547252"
"8787"	"GO:0051480"	"other"	"0.775720615315352"
"8788"	"GO:0051481"	"transport"	"0.386066355382309"
"8789"	"GO:0051489"	"cellular component organization"	"0.956208990930787"
"8790"	"GO:0051490"	"cellular component organization"	"0.819557126300411"
"8791"	"GO:0051491"	"cellular component organization"	"+"
"8792"	"GO:0051492"	"cellular component organization"	"0.867365903193884"
"8793"	"GO:0051493"	"cellular component organization"	"0.978052845402568"
"8794"	"GO:0051494"	"cellular component organization"	"0.981865283377151"
"8795"	"GO:0051495"	"cellular component organization"	"0.957925339849159"
"8796"	"GO:0051496"	"cellular component organization"	"0.885247777996477"
"8797"	"GO:0051497"	"cellular component organization"	"0.856206884125934"
"8798"	"GO:0051503"	"transport"	"0.934775842647033"
"8799"	"GO:0051537"	"metabolic process"	"+"
"8800"	"GO:0051539"	"metabolic process"	"+"
"8801"	"GO:0051540"	"metabolic process"	"+"
"8802"	"GO:0051541"	"metabolic process"	"0.94837285382961"
"8803"	"GO:0051542"	"metabolic process"	"0.908255647436676"
"8804"	"GO:0051543"	"metabolic process"	"0.745827987917059"
"8805"	"GO:0051545"	"metabolic process"	"0.80976078350685"
"8806"	"GO:0051546"	"multicellular organismal process"	"0.775869727641884"
"8807"	"GO:0051547"	"multicellular organismal process"	"0.823760034973083"
"8808"	"GO:0051548"	"multicellular organismal process"	"0.670919188920548"
"8809"	"GO:0051549"	"multicellular organismal process"	"0.835297351949075"
"8810"	"GO:0051552"	"metabolic process"	"0.989609756092221"
"8811"	"GO:0051560"	"other"	"0.904527971944886"
"8812"	"GO:0051561"	"other"	"+"
"8813"	"GO:0051562"	"other"	"0.694656786391603"
"8814"	"GO:0051563"	"ER/endosome/lysosome related process"	"0.805214893029667"
"8815"	"GO:0051580"	"neural related process"	"0.971370502779425"
"8816"	"GO:0051581"	"neural related process"	"0.730651288797246"
"8817"	"GO:0051582"	"neural related process"	"0.942040697215333"
"8818"	"GO:0051583"	"neural related process"	"0.912746696771048"
"8819"	"GO:0051584"	"neural related process"	"0.933331543203873"
"8820"	"GO:0051585"	"neural related process"	"0.661918897311959"
"8821"	"GO:0051586"	"neural related process"	"0.818372604823186"
"8822"	"GO:0051588"	"neural related process"	"+"
"8823"	"GO:0051589"	"neural related process"	"0.512034848527925"
"8824"	"GO:0051590"	"neural related process"	"+"
"8825"	"GO:0051591"	"response to stimulus"	"+"
"8826"	"GO:0051592"	"response to stimulus"	"0.875755517661183"
"8827"	"GO:0051593"	"response to stimulus"	"0.892524112819069"
"8828"	"GO:0051594"	"response to stimulus"	"0.659282044879386"
"8829"	"GO:0051595"	"response to stimulus"	"0.895482935710228"
"8830"	"GO:0051596"	"metabolic process"	"0.99425802775054"
"8831"	"GO:0051597"	"response to stimulus"	"0.818326087071546"
"8832"	"GO:0051598"	"cell cycle"	"0.813621716402117"
"8833"	"GO:0051599"	"stress response"	"0.638946670467656"
"8834"	"GO:0051601"	"transport"	"0.668134506104928"
"8835"	"GO:0051602"	"response to stimulus"	"0.8500331015441"
"8836"	"GO:0051603"	"metabolic process"	"+"
"8837"	"GO:0051604"	"metabolic process"	"+"
"8838"	"GO:0051606"	"response to stimulus"	"0.533530275517263"
"8839"	"GO:0051607"	"viral related process"	"+"
"8840"	"GO:0051608"	"transport"	"0.484743573334121"
"8841"	"GO:0051610"	"neural related process"	"0.949627805126189"
"8842"	"GO:0051611"	"neural related process"	"0.388813276531972"
"8843"	"GO:0051612"	"transport"	"0.273044851156895"
"8844"	"GO:0051615"	"neural related process"	"0.532021628488825"
"8845"	"GO:0051620"	"neural related process"	"0.777550088086864"
"8846"	"GO:0051621"	"neural related process"	"0.330672162860181"
"8847"	"GO:0051622"	"transport"	"0.618824976997672"
"8848"	"GO:0051623"	"transport"	"0.381481337589776"
"8849"	"GO:0051625"	"neural related process"	"0.376272027798854"
"8850"	"GO:0051630"	"neural related process"	"0.915536844338047"
"8851"	"GO:0051631"	"neural related process"	"0.580542000472686"
"8852"	"GO:0051638"	"cellular component organization"	"0.757934563174798"
"8853"	"GO:0051639"	"cellular component organization"	"0.979799479990449"
"8854"	"GO:0051640"	"cellular component organization"	"+"
"8855"	"GO:0051641"	"transport"	"0.601162414101877"
"8856"	"GO:0051642"	"transport"	"0.457555196909247"
"8857"	"GO:0051645"	"transport"	"+"
"8858"	"GO:0051646"	"cellular component organization"	"0.550622698930866"
"8859"	"GO:0051647"	"cellular component organization"	"0.495129430700937"
"8860"	"GO:0051648"	"transport"	"+"
"8861"	"GO:0051649"	"transport"	"0.815590807823751"
"8862"	"GO:0051650"	"transport"	"+"
"8863"	"GO:0051651"	"cellular component organization"	"+"
"8864"	"GO:0051653"	"cell cycle"	"+"
"8865"	"GO:0051654"	"transport"	"0.553916678890888"
"8866"	"GO:0051656"	"cellular component organization"	"+"
"8867"	"GO:0051657"	"cellular component organization"	"+"
"8868"	"GO:0051658"	"cellular component organization"	"0.266480419233358"
"8869"	"GO:0051659"	"cellular component organization"	"0.718069816485207"
"8870"	"GO:0051660"	"cellular component organization"	"0.29716927993932"
"8871"	"GO:0051661"	"cellular component organization"	"0.740224344176305"
"8872"	"GO:0051664"	"cellular component organization"	"0.628313280325633"
"8873"	"GO:0051665"	"cellular component organization"	"0.617897315529657"
"8874"	"GO:0051666"	"ER/endosome/lysosome related process"	"0.274496164231655"
"8875"	"GO:0051668"	"cellular component organization"	"+"
"8876"	"GO:0051673"	"response to stimulus"	"0.275017218662973"
"8877"	"GO:0051674"	"transport"	"0.294911468055455"
"8878"	"GO:0051684"	"cellular component organization"	"0.509640352876645"
"8879"	"GO:0051685"	"ER/endosome/lysosome related process"	"0.81648599727932"
"8880"	"GO:0051693"	"cellular component organization"	"0.951605039023267"
"8881"	"GO:0051694"	"cellular component organization"	"0.863591179594306"
"8882"	"GO:0051695"	"cellular component organization"	"0.742074450791595"
"8883"	"GO:0051697"	"metabolic process"	"0.451917315895582"
"8884"	"GO:0051701"	"response to stimulus"	"+"
"8885"	"GO:0051702"	"response to stimulus"	"+"
"8886"	"GO:0051703"	"neural related process"	"0.960992818326173"
"8887"	"GO:0051707"	"immune system process"	"0.403255111192054"
"8888"	"GO:0051709"	"immune system process"	"0.708394560225449"
"8889"	"GO:0051712"	"immune system process"	"0.711586360393751"
"8890"	"GO:0051715"	"response to stimulus"	"0.216574152442093"
"8891"	"GO:0051725"	"protein modification/signaling"	"0.767507869647545"
"8892"	"GO:0051726"	"cell cycle"	"+"
"8893"	"GO:0051728"	"cell cycle"	"0.983790255910515"
"8894"	"GO:0051729"	"cell cycle"	"0.990973596279427"
"8895"	"GO:0051754"	"cell cycle"	"0.990558903459144"
"8896"	"GO:0051755"	"cell cycle"	"0.987057669501144"
"8897"	"GO:0051757"	"cell cycle"	"0.994979706752758"
"8898"	"GO:0051758"	"cell cycle"	"0.839085346512323"
"8899"	"GO:0051764"	"cellular component organization"	"0.935479859927634"
"8900"	"GO:0051775"	"stress response"	"0.67944138527009"
"8901"	"GO:0051780"	"response to stimulus"	"0.327834580741132"
"8902"	"GO:0051781"	"cell cycle"	"+"
"8903"	"GO:0051782"	"cell cycle"	"+"
"8904"	"GO:0051783"	"cell cycle"	"+"
"8905"	"GO:0051784"	"cell cycle"	"+"
"8906"	"GO:0051785"	"cell cycle"	"0.967720875557258"
"8907"	"GO:0051787"	"other"	"+"
"8908"	"GO:0051788"	"stress response"	"0.632119476366463"
"8909"	"GO:0051790"	"metabolic process"	"0.939452658308018"
"8910"	"GO:0051791"	"metabolic process"	"0.986540499444823"
"8911"	"GO:0051792"	"metabolic process"	"0.943792063911422"
"8912"	"GO:0051793"	"metabolic process"	"0.957748213898077"
"8913"	"GO:0051794"	"morphogenesis/development"	"0.748731332473668"
"8914"	"GO:0051795"	"morphogenesis/development"	"0.719159018532504"
"8915"	"GO:0051796"	"morphogenesis/development"	"0.875618376764654"
"8916"	"GO:0051797"	"morphogenesis/development"	"0.680268353516216"
"8917"	"GO:0051798"	"morphogenesis/development"	"0.890021613132786"
"8918"	"GO:0051799"	"morphogenesis/development"	"0.941461984476073"
"8919"	"GO:0051823"	"neural related process"	"0.765261380403649"
"8920"	"GO:0051835"	"neural related process"	"0.783084131663212"
"8921"	"GO:0051838"	"stress response"	"0.370293771000107"
"8922"	"GO:0051851"	"other"	"+"
"8923"	"GO:0051865"	"protein modification/signaling"	"+"
"8924"	"GO:0051866"	"neural related process"	"0.37504994212698"
"8925"	"GO:0051867"	"neural related process"	"0.495351023892493"
"8926"	"GO:0051873"	"immune system process"	"0.470985930818153"
"8927"	"GO:0051875"	"transport"	"0.81512795123315"
"8928"	"GO:0051877"	"transport"	"0.569056627852189"
"8929"	"GO:0051878"	"cell cycle"	"0.926263058858039"
"8930"	"GO:0051881"	"transport"	"+"
"8931"	"GO:0051882"	"other"	"0.821352017350983"
"8932"	"GO:0051884"	"morphogenesis/development"	"0.853487815015057"
"8933"	"GO:0051885"	"morphogenesis/development"	"0.763993039523613"
"8934"	"GO:0051886"	"morphogenesis/development"	"0.756368607127147"
"8935"	"GO:0051890"	"morphogenesis/development"	"0.83976327469779"
"8936"	"GO:0051891"	"morphogenesis/development"	"0.770156530433063"
"8937"	"GO:0051892"	"morphogenesis/development"	"0.821800849450488"
"8938"	"GO:0051893"	"cell adhesion"	"+"
"8939"	"GO:0051894"	"cell adhesion"	"0.72017975818758"
"8940"	"GO:0051895"	"cell adhesion"	"0.625247655241843"
"8941"	"GO:0051896"	"protein modification/signaling"	"0.805553363317296"
"8942"	"GO:0051897"	"protein modification/signaling"	"0.857700069777658"
"8943"	"GO:0051898"	"protein modification/signaling"	"0.861160242432821"
"8944"	"GO:0051899"	"other"	"0.710565759760628"
"8945"	"GO:0051900"	"other"	"+"
"8946"	"GO:0051901"	"other"	"0.755302380999839"
"8947"	"GO:0051902"	"other"	"0.549904755165551"
"8948"	"GO:0051904"	"transport"	"0.944041892793772"
"8949"	"GO:0051905"	"transport"	"0.769527717443738"
"8950"	"GO:0051913"	"neural related process"	"0.770177946843007"
"8951"	"GO:0051914"	"neural related process"	"0.636243912083816"
"8952"	"GO:0051915"	"neural related process"	"0.469122893887782"
"8953"	"GO:0051917"	"multicellular organismal process"	"0.590801715919064"
"8954"	"GO:0051918"	"stress response"	"0.618400877171365"
"8955"	"GO:0051919"	"multicellular organismal process"	"0.46977542188824"
"8956"	"GO:0051923"	"metabolic process"	"0.85871406057036"
"8957"	"GO:0051924"	"transport"	"+"
"8958"	"GO:0051926"	"transport"	"0.928610975388204"
"8959"	"GO:0051928"	"transport"	"+"
"8960"	"GO:0051930"	"neural related process"	"0.704301487371222"
"8961"	"GO:0051931"	"neural related process"	"0.785276400774021"
"8962"	"GO:0051932"	"neural related process"	"+"
"8963"	"GO:0051933"	"neural related process"	"0.890390993907124"
"8964"	"GO:0051934"	"neural related process"	"0.924533320076932"
"8965"	"GO:0051935"	"neural related process"	"0.748171721425658"
"8966"	"GO:0051936"	"neural related process"	"0.639964461426369"
"8967"	"GO:0051937"	"neural related process"	"0.575998517436977"
"8968"	"GO:0051938"	"transport"	"0.534050543708937"
"8969"	"GO:0051939"	"transport"	"0.903463845429497"
"8970"	"GO:0051940"	"neural related process"	"0.966212381058256"
"8971"	"GO:0051941"	"neural related process"	"0.950334868641795"
"8972"	"GO:0051943"	"neural related process"	"0.901771875046176"
"8973"	"GO:0051944"	"neural related process"	"0.858298260589666"
"8974"	"GO:0051945"	"neural related process"	"0.552171212359574"
"8975"	"GO:0051946"	"neural related process"	"0.927527052922122"
"8976"	"GO:0051951"	"neural related process"	"0.907880214404946"
"8977"	"GO:0051952"	"neural related process"	"0.814863921532234"
"8978"	"GO:0051953"	"neural related process"	"0.572589645669604"
"8979"	"GO:0051954"	"neural related process"	"0.878275575043813"
"8980"	"GO:0051955"	"transport"	"0.495773277121476"
"8981"	"GO:0051956"	"transport"	"0.728446657664924"
"8982"	"GO:0051957"	"neural related process"	"0.658812176020705"
"8983"	"GO:0051958"	"transport"	"0.93226301730648"
"8984"	"GO:0051959"	"cellular component organization"	"+"
"8985"	"GO:0051960"	"neural related process"	"+"
"8986"	"GO:0051961"	"neural related process"	"+"
"8987"	"GO:0051962"	"neural related process"	"+"
"8988"	"GO:0051963"	"neural related process"	"0.941755012995282"
"8989"	"GO:0051964"	"neural related process"	"0.886370977318027"
"8990"	"GO:0051965"	"neural related process"	"+"
"8991"	"GO:0051966"	"neural related process"	"0.988438334749255"
"8992"	"GO:0051967"	"neural related process"	"+"
"8993"	"GO:0051968"	"neural related process"	"0.974651270536127"
"8994"	"GO:0051969"	"neural related process"	"+"
"8995"	"GO:0051970"	"neural related process"	"0.928312928103187"
"8996"	"GO:0051971"	"neural related process"	"0.978793751322303"
"8997"	"GO:0051977"	"transport"	"0.712566222771523"
"8998"	"GO:0051983"	"cell cycle"	"+"
"8999"	"GO:0051984"	"cell cycle"	"+"
"9000"	"GO:0051985"	"cell cycle"	"+"
"9001"	"GO:0051987"	"cell cycle"	"0.959343306748099"
"9002"	"GO:0051988"	"cell cycle"	"0.990213836753563"
"9003"	"GO:0052008"	"other"	"0.219144861323778"
"9004"	"GO:0052027"	"immune system process"	"0.137343424193952"
"9005"	"GO:0052029"	"immune system process"	"0.21715186434079"
"9006"	"GO:0052031"	"viral related process"	"0.266917864026765"
"9007"	"GO:0052111"	"other"	"0.207741017909379"
"9008"	"GO:0052167"	"viral related process"	"0.27818807807697"
"9009"	"GO:0052170"	"viral related process"	"0.265003838594412"
"9010"	"GO:0052173"	"response to stimulus"	"0.355430520011017"
"9011"	"GO:0052200"	"response to stimulus"	"0.362105611636668"
"9012"	"GO:0052314"	"metabolic process"	"0.665557304335823"
"9013"	"GO:0052372"	"response to stimulus"	"+"
"9014"	"GO:0052373"	"stress response"	"0.402126110824843"
"9015"	"GO:0052403"	"viral related process"	"0.254773532209815"
"9016"	"GO:0052422"	"viral related process"	"0.472950375842894"
"9017"	"GO:0052472"	"viral related process"	"0.553968413355141"
"9018"	"GO:0052547"	"metabolic process"	"+"
"9019"	"GO:0052548"	"cell death"	"+"
"9020"	"GO:0052553"	"immune system process"	"0.260631595727876"
"9021"	"GO:0052562"	"immune system process"	"0.360259502547834"
"9022"	"GO:0052572"	"response to stimulus"	"0.412868830858475"
"9023"	"GO:0052646"	"metabolic process"	"0.996417943940389"
"9024"	"GO:0052651"	"metabolic process"	"0.986716831126582"
"9025"	"GO:0052652"	"metabolic process"	"0.700712751016536"
"9026"	"GO:0052695"	"metabolic process"	"+"
"9027"	"GO:0052696"	"metabolic process"	"0.901905064976751"
"9028"	"GO:0052697"	"metabolic process"	"0.879427944511107"
"9029"	"GO:0052744"	"metabolic process"	"+"
"9030"	"GO:0052745"	"protein modification/signaling"	"+"
"9031"	"GO:0052803"	"metabolic process"	"0.851230786909628"
"9032"	"GO:0052805"	"metabolic process"	"0.688159020073784"
"9033"	"GO:0055001"	"morphogenesis/development"	"0.957405371818408"
"9034"	"GO:0055002"	"morphogenesis/development"	"0.603048882651214"
"9035"	"GO:0055003"	"cellular component organization"	"+"
"9036"	"GO:0055005"	"cellular component organization"	"0.924599094780019"
"9037"	"GO:0055006"	"morphogenesis/development"	"0.926221743503909"
"9038"	"GO:0055007"	"morphogenesis/development"	"0.923263136937358"
"9039"	"GO:0055008"	"morphogenesis/development"	"0.937661124950037"
"9040"	"GO:0055009"	"morphogenesis/development"	"0.855799224274195"
"9041"	"GO:0055010"	"morphogenesis/development"	"0.91140817956261"
"9042"	"GO:0055011"	"morphogenesis/development"	"0.64871287350626"
"9043"	"GO:0055012"	"morphogenesis/development"	"0.834725407925242"
"9044"	"GO:0055013"	"morphogenesis/development"	"0.94496174951778"
"9045"	"GO:0055014"	"morphogenesis/development"	"0.892198479475962"
"9046"	"GO:0055015"	"morphogenesis/development"	"0.742670958310281"
"9047"	"GO:0055017"	"morphogenesis/development"	"0.815643763479463"
"9048"	"GO:0055018"	"morphogenesis/development"	"0.875980651839783"
"9049"	"GO:0055020"	"morphogenesis/development"	"0.742222514591937"
"9050"	"GO:0055021"	"morphogenesis/development"	"0.713343905248732"
"9051"	"GO:0055022"	"morphogenesis/development"	"0.756313225392278"
"9052"	"GO:0055023"	"morphogenesis/development"	"0.669265795135893"
"9053"	"GO:0055024"	"morphogenesis/development"	"0.781969484998591"
"9054"	"GO:0055025"	"morphogenesis/development"	"0.444270336942173"
"9055"	"GO:0055026"	"morphogenesis/development"	"0.679768151037475"
"9056"	"GO:0055038"	"ER/endosome/lysosome related process"	"+"
"9057"	"GO:0055048"	"cell cycle"	"0.327558549442327"
"9058"	"GO:0055057"	"cell cycle"	"0.608276121148015"
"9059"	"GO:0055059"	"morphogenesis/development"	"0.350945365097607"
"9060"	"GO:0055062"	"other"	"+"
"9061"	"GO:0055064"	"other"	"0.893204583100449"
"9062"	"GO:0055070"	"other"	"+"
"9063"	"GO:0055071"	"other"	"0.766953403682973"
"9064"	"GO:0055074"	"other"	"+"
"9065"	"GO:0055075"	"other"	"+"
"9066"	"GO:0055078"	"other"	"+"
"9067"	"GO:0055080"	"other"	"0.910126866580266"
"9068"	"GO:0055081"	"other"	"0.834276592959345"
"9069"	"GO:0055082"	"other"	"0.89391048062519"
"9070"	"GO:0055085"	"transport"	"0.918069803890668"
"9071"	"GO:0055086"	"metabolic process"	"0.962991660093866"
"9072"	"GO:0055088"	"other"	"+"
"9073"	"GO:0055089"	"other"	"0.571394340122789"
"9074"	"GO:0055090"	"other"	"0.793066905161302"
"9075"	"GO:0055091"	"other"	"0.731133937889488"
"9076"	"GO:0055092"	"other"	"+"
"9077"	"GO:0055093"	"stress response"	"+"
"9078"	"GO:0055094"	"response to stimulus"	"0.910421609976081"
"9079"	"GO:0055095"	"protein modification/signaling"	"0.299643803067611"
"9080"	"GO:0055096"	"immune system process"	"0.375661233497554"
"9081"	"GO:0055102"	"metabolic process"	"+"
"9082"	"GO:0055107"	"ER/endosome/lysosome related process"	"0.98776045192508"
"9083"	"GO:0055111"	"morphogenesis/development"	"0.500126860480516"
"9084"	"GO:0055113"	"morphogenesis/development"	"0.91501879580309"
"9085"	"GO:0055117"	"multicellular organismal process"	"0.88856615563779"
"9086"	"GO:0055118"	"multicellular organismal process"	"0.875158287553236"
"9087"	"GO:0055119"	"multicellular organismal process"	"+"
"9088"	"GO:0055123"	"morphogenesis/development"	"+"
"9089"	"GO:0055129"	"metabolic process"	"0.888098987420991"
"9090"	"GO:0055130"	"metabolic process"	"0.971902823069379"
"9091"	"GO:0060003"	"transport"	"0.729655155462103"
"9092"	"GO:0060004"	"neural related process"	"0.826993006238238"
"9093"	"GO:0060005"	"neural related process"	"0.73364441970509"
"9094"	"GO:0060007"	"neural related process"	"0.521763216858762"
"9095"	"GO:0060008"	"morphogenesis/development"	"+"
"9096"	"GO:0060009"	"morphogenesis/development"	"0.988624548868812"
"9097"	"GO:0060010"	"morphogenesis/development"	"0.926665107400691"
"9098"	"GO:0060011"	"cell cycle"	"0.541801112179874"
"9099"	"GO:0060012"	"neural related process"	"0.968407778187696"
"9100"	"GO:0060013"	"neural related process"	"0.711579617670783"
"9101"	"GO:0060014"	"morphogenesis/development"	"0.896094311885261"
"9102"	"GO:0060017"	"morphogenesis/development"	"0.938740897775163"
"9103"	"GO:0060018"	"morphogenesis/development"	"0.929451082933177"
"9104"	"GO:0060019"	"morphogenesis/development"	"0.980995636897999"
"9105"	"GO:0060020"	"morphogenesis/development"	"0.750723563979224"
"9106"	"GO:0060021"	"morphogenesis/development"	"0.940180850601978"
"9107"	"GO:0060022"	"morphogenesis/development"	"0.979529825770001"
"9108"	"GO:0060023"	"morphogenesis/development"	"0.957864212957208"
"9109"	"GO:0060024"	"neural related process"	"0.936505721484937"
"9110"	"GO:0060025"	"neural related process"	"0.894036185681924"
"9111"	"GO:0060026"	"morphogenesis/development"	"0.886733679509543"
"9112"	"GO:0060027"	"morphogenesis/development"	"0.894680187822415"
"9113"	"GO:0060028"	"morphogenesis/development"	"0.880219194100279"
"9114"	"GO:0060029"	"morphogenesis/development"	"0.889906653824118"
"9115"	"GO:0060031"	"morphogenesis/development"	"0.428126992897678"
"9116"	"GO:0060032"	"morphogenesis/development"	"0.991954394371163"
"9117"	"GO:0060033"	"morphogenesis/development"	"0.883126505718753"
"9118"	"GO:0060034"	"morphogenesis/development"	"0.966521899108429"
"9119"	"GO:0060035"	"morphogenesis/development"	"0.984401183195361"
"9120"	"GO:0060037"	"morphogenesis/development"	"+"
"9121"	"GO:0060038"	"cell cycle"	"+"
"9122"	"GO:0060039"	"morphogenesis/development"	"0.983473580882435"
"9123"	"GO:0060040"	"morphogenesis/development"	"0.738014395326753"
"9124"	"GO:0060041"	"morphogenesis/development"	"+"
"9125"	"GO:0060042"	"morphogenesis/development"	"0.982477486735586"
"9126"	"GO:0060043"	"cell cycle"	"0.744867690901372"
"9127"	"GO:0060044"	"cell cycle"	"0.635680338300595"
"9128"	"GO:0060045"	"cell cycle"	"0.403251201527274"
"9129"	"GO:0060046"	"other"	"0.30480362268863"
"9130"	"GO:0060047"	"multicellular organismal process"	"+"
"9131"	"GO:0060048"	"multicellular organismal process"	"0.951092831827025"
"9132"	"GO:0060049"	"protein modification/signaling"	"0.785215056323575"
"9133"	"GO:0060050"	"protein modification/signaling"	"0.802689663838025"
"9134"	"GO:0060051"	"protein modification/signaling"	"0.690123148226622"
"9135"	"GO:0060052"	"cellular component organization"	"0.855633862041736"
"9136"	"GO:0060054"	"cell cycle"	"0.811709762001356"
"9137"	"GO:0060055"	"morphogenesis/development"	"+"
"9138"	"GO:0060056"	"morphogenesis/development"	"0.548212490560664"
"9139"	"GO:0060057"	"cell death"	"0.949437728703647"
"9140"	"GO:0060058"	"cell death"	"0.817012191825142"
"9141"	"GO:0060059"	"morphogenesis/development"	"0.993544272281199"
"9142"	"GO:0060060"	"morphogenesis/development"	"0.943206707757033"
"9143"	"GO:0060061"	"morphogenesis/development"	"0.725478236873235"
"9144"	"GO:0060064"	"morphogenesis/development"	"0.564741837263042"
"9145"	"GO:0060065"	"morphogenesis/development"	"+"
"9146"	"GO:0060066"	"morphogenesis/development"	"0.932250604131285"
"9147"	"GO:0060067"	"morphogenesis/development"	"0.982257896638946"
"9148"	"GO:0060068"	"morphogenesis/development"	"0.9906207792661"
"9149"	"GO:0060070"	"receptor related process"	"+"
"9150"	"GO:0060071"	"protein modification/signaling"	"0.942569948984972"
"9151"	"GO:0060073"	"multicellular organismal process"	"0.796679224331575"
"9152"	"GO:0060074"	"neural related process"	"0.78275824987963"
"9153"	"GO:0060075"	"neural related process"	"0.823029568647845"
"9154"	"GO:0060076"	"neural related process"	"+"
"9155"	"GO:0060078"	"neural related process"	"0.956896130362024"
"9156"	"GO:0060079"	"neural related process"	"0.97220883579789"
"9157"	"GO:0060080"	"neural related process"	"+"
"9158"	"GO:0060081"	"other"	"0.544625292442181"
"9159"	"GO:0060082"	"neural related process"	"0.366181962408222"
"9160"	"GO:0060083"	"multicellular organismal process"	"0.938140457485592"
"9161"	"GO:0060084"	"neural related process"	"0.788856587801595"
"9162"	"GO:0060086"	"multicellular organismal process"	"0.758408712384886"
"9163"	"GO:0060087"	"multicellular organismal process"	"0.379131074599655"
"9164"	"GO:0060088"	"cellular component organization"	"0.556905033801199"
"9165"	"GO:0060089"	"protein modification/signaling"	"+"
"9166"	"GO:0060090"	"protein modification/signaling"	"+"
"9167"	"GO:0060092"	"neural related process"	"0.959260775458747"
"9168"	"GO:0060094"	"neural related process"	"0.959607198552375"
"9169"	"GO:0060097"	"cellular component organization"	"0.892123664402325"
"9170"	"GO:0060099"	"immune system process"	"0.603662464851118"
"9171"	"GO:0060100"	"transport"	"0.335537681054266"
"9172"	"GO:0060101"	"cellular component organization"	"0.357863244345247"
"9173"	"GO:0060112"	"multicellular organismal process"	"0.426141017077446"
"9174"	"GO:0060113"	"morphogenesis/development"	"0.596051931936372"
"9175"	"GO:0060114"	"neural related process"	"0.576385199660137"
"9176"	"GO:0060116"	"morphogenesis/development"	"0.729176071457494"
"9177"	"GO:0060117"	"morphogenesis/development"	"0.805317415191895"
"9178"	"GO:0060118"	"morphogenesis/development"	"0.742125215570733"
"9179"	"GO:0060119"	"morphogenesis/development"	"0.824252904128671"
"9180"	"GO:0060120"	"morphogenesis/development"	"0.520082812511992"
"9181"	"GO:0060121"	"neural related process"	"0.557237382527614"
"9182"	"GO:0060122"	"cellular component organization"	"0.507447628172359"
"9183"	"GO:0060123"	"transport"	"0.518039217592223"
"9184"	"GO:0060124"	"transport"	"0.480129199412817"
"9185"	"GO:0060125"	"transport"	"0.492807808064629"
"9186"	"GO:0060126"	"morphogenesis/development"	"0.787828060245549"
"9187"	"GO:0060127"	"morphogenesis/development"	"0.862422338444848"
"9188"	"GO:0060128"	"morphogenesis/development"	"0.688222705813721"
"9189"	"GO:0060129"	"morphogenesis/development"	"0.880616898242741"
"9190"	"GO:0060133"	"morphogenesis/development"	"0.897222626740038"
"9191"	"GO:0060134"	"neural related process"	"0.85854969614781"
"9192"	"GO:0060135"	"morphogenesis/development"	"+"
"9193"	"GO:0060136"	"morphogenesis/development"	"0.799831243795521"
"9194"	"GO:0060137"	"multicellular organismal process"	"0.665342517797815"
"9195"	"GO:0060142"	"cellular component organization"	"+"
"9196"	"GO:0060143"	"morphogenesis/development"	"+"
"9197"	"GO:0060147"	"gene regulation"	"+"
"9198"	"GO:0060148"	"gene regulation"	"0.936631652527879"
"9199"	"GO:0060149"	"gene regulation"	"0.948335336725289"
"9200"	"GO:0060151"	"ER/endosome/lysosome related process"	"0.440046406024347"
"9201"	"GO:0060152"	"ER/endosome/lysosome related process"	"0.453971115607426"
"9202"	"GO:0060155"	"cellular component organization"	"0.281678845089614"
"9203"	"GO:0060156"	"multicellular organismal process"	"0.483538760903975"
"9204"	"GO:0060157"	"morphogenesis/development"	"0.937717837322148"
"9205"	"GO:0060158"	"neural related process"	"0.532447858355362"
"9206"	"GO:0060159"	"receptor related process"	"0.671565609629848"
"9207"	"GO:0060160"	"receptor related process"	"0.847558851521002"
"9208"	"GO:0060161"	"receptor related process"	"0.852792466155033"
"9209"	"GO:0060163"	"morphogenesis/development"	"0.497545300744697"
"9210"	"GO:0060164"	"neural related process"	"0.560609437348875"
"9211"	"GO:0060165"	"morphogenesis/development"	"0.537190492622314"
"9212"	"GO:0060166"	"morphogenesis/development"	"0.970808453014386"
"9213"	"GO:0060167"	"receptor related process"	"0.952692287118419"
"9214"	"GO:0060168"	"receptor related process"	"0.937735601914801"
"9215"	"GO:0060169"	"receptor related process"	"0.859638397982322"
"9216"	"GO:0060173"	"morphogenesis/development"	"+"
"9217"	"GO:0060174"	"morphogenesis/development"	"0.953394647397366"
"9218"	"GO:0060177"	"metabolic process"	"0.678324961210598"
"9219"	"GO:0060178"	"ER/endosome/lysosome related process"	"0.346025048320762"
"9220"	"GO:0060179"	"neural related process"	"0.600840477278033"
"9221"	"GO:0060180"	"neural related process"	"0.580764278444347"
"9222"	"GO:0060183"	"receptor related process"	"0.952287955882064"
"9223"	"GO:0060184"	"cell cycle"	"0.977216595244111"
"9224"	"GO:0060191"	"metabolic process"	"0.877521622545745"
"9225"	"GO:0060192"	"metabolic process"	"0.504148690748976"
"9226"	"GO:0060193"	"metabolic process"	"0.918017072120697"
"9227"	"GO:0060197"	"morphogenesis/development"	"0.903284845389502"
"9228"	"GO:0060211"	"gene regulation"	"0.95611095575341"
"9229"	"GO:0060212"	"gene regulation"	"0.872350652589135"
"9230"	"GO:0060213"	"gene regulation"	"+"
"9231"	"GO:0060214"	"morphogenesis/development"	"0.977185238751692"
"9232"	"GO:0060215"	"morphogenesis/development"	"0.982544762775024"
"9233"	"GO:0060216"	"morphogenesis/development"	"+"
"9234"	"GO:0060217"	"morphogenesis/development"	"0.958787422871711"
"9235"	"GO:0060218"	"morphogenesis/development"	"0.652070656194332"
"9236"	"GO:0060219"	"morphogenesis/development"	"0.908317739893354"
"9237"	"GO:0060220"	"morphogenesis/development"	"0.932429570725961"
"9238"	"GO:0060221"	"morphogenesis/development"	"+"
"9239"	"GO:0060231"	"morphogenesis/development"	"0.939527246579823"
"9240"	"GO:0060232"	"morphogenesis/development"	"0.290654328670761"
"9241"	"GO:0060234"	"morphogenesis/development"	"0.232966626832467"
"9242"	"GO:0060235"	"morphogenesis/development"	"0.877050339630914"
"9243"	"GO:0060236"	"cell cycle"	"+"
"9244"	"GO:0060242"	"response to stimulus"	"0.669667445018404"
"9245"	"GO:0060243"	"cellular component organization"	"0.240517996954833"
"9246"	"GO:0060244"	"cell cycle"	"0.838036489099809"
"9247"	"GO:0060245"	"response to stimulus"	"0.607153955573307"
"9248"	"GO:0060249"	"multicellular organismal process"	"+"
"9249"	"GO:0060251"	"cell cycle"	"+"
"9250"	"GO:0060252"	"neural related process"	"+"
"9251"	"GO:0060253"	"morphogenesis/development"	"0.325532582026068"
"9252"	"GO:0060254"	"protein modification/signaling"	"0.822364834520813"
"9253"	"GO:0060259"	"multicellular organismal process"	"0.419014165118498"
"9254"	"GO:0060260"	"gene regulation"	"+"
"9255"	"GO:0060261"	"gene regulation"	"+"
"9256"	"GO:0060262"	"protein modification/signaling"	"0.775041839640018"
"9257"	"GO:0060263"	"immune system process"	"0.903679615433787"
"9258"	"GO:0060264"	"immune system process"	"0.855433000259821"
"9259"	"GO:0060265"	"immune system process"	"0.790661016151068"
"9260"	"GO:0060266"	"immune system process"	"0.648551874546457"
"9261"	"GO:0060267"	"immune system process"	"0.907782220740329"
"9262"	"GO:0060268"	"immune system process"	"0.874904046817006"
"9263"	"GO:0060271"	"cellular component organization"	"+"
"9264"	"GO:0060272"	"morphogenesis/development"	"0.942165598537293"
"9265"	"GO:0060278"	"multicellular organismal process"	"0.610022834200253"
"9266"	"GO:0060279"	"multicellular organismal process"	"0.485714902631366"
"9267"	"GO:0060280"	"multicellular organismal process"	"0.452207216436036"
"9268"	"GO:0060281"	"morphogenesis/development"	"0.875284564037559"
"9269"	"GO:0060282"	"morphogenesis/development"	"0.900499448115915"
"9270"	"GO:0060283"	"morphogenesis/development"	"0.877793942182301"
"9271"	"GO:0060284"	"morphogenesis/development"	"0.904842442495769"
"9272"	"GO:0060285"	"other"	"+"
"9273"	"GO:0060287"	"cellular component organization"	"0.30638094709698"
"9274"	"GO:0060290"	"morphogenesis/development"	"0.734750068342725"
"9275"	"GO:0060291"	"neural related process"	"0.932842258736098"
"9276"	"GO:0060292"	"neural related process"	"0.931670344967412"
"9277"	"GO:0060294"	"other"	"0.847521839903115"
"9278"	"GO:0060295"	"other"	"0.731879503985447"
"9279"	"GO:0060296"	"other"	"0.505793628913305"
"9280"	"GO:0060297"	"cellular component organization"	"0.854329518098443"
"9281"	"GO:0060298"	"cellular component organization"	"0.669221235171046"
"9282"	"GO:0060299"	"cellular component organization"	"0.884905098642682"
"9283"	"GO:0060300"	"receptor related process"	"0.382063270025889"
"9284"	"GO:0060301"	"protein modification/signaling"	"0.373385374265699"
"9285"	"GO:0060302"	"protein modification/signaling"	"0.553178157087988"
"9286"	"GO:0060304"	"metabolic process"	"0.90516685893462"
"9287"	"GO:0060305"	"cellular component organization"	"0.851927942661708"
"9288"	"GO:0060306"	"other"	"0.408922966176646"
"9289"	"GO:0060307"	"cellular component organization"	"0.215098138548752"
"9290"	"GO:0060309"	"metabolic process"	"0.902172642210233"
"9291"	"GO:0060310"	"metabolic process"	"0.936185894291336"
"9292"	"GO:0060311"	"metabolic process"	"0.884845622229849"
"9293"	"GO:0060312"	"morphogenesis/development"	"0.677487475952931"
"9294"	"GO:0060313"	"morphogenesis/development"	"0.732825893382028"
"9295"	"GO:0060314"	"transport"	"0.386935515946321"
"9296"	"GO:0060315"	"transport"	"0.305045896223857"
"9297"	"GO:0060316"	"transport"	"0.300280591738778"
"9298"	"GO:0060317"	"morphogenesis/development"	"0.93349872459383"
"9299"	"GO:0060318"	"morphogenesis/development"	"0.904015289646164"
"9300"	"GO:0060319"	"morphogenesis/development"	"0.819247853912653"
"9301"	"GO:0060322"	"morphogenesis/development"	"+"
"9302"	"GO:0060323"	"morphogenesis/development"	"0.832365827716708"
"9303"	"GO:0060324"	"morphogenesis/development"	"+"
"9304"	"GO:0060325"	"morphogenesis/development"	"0.907014753145159"
"9305"	"GO:0060326"	"response to stimulus"	"+"
"9306"	"GO:0060327"	"multicellular organismal process"	"0.28462997715888"
"9307"	"GO:0060330"	"immune system process"	"0.846574696497382"
"9308"	"GO:0060331"	"immune system process"	"0.853469784755588"
"9309"	"GO:0060332"	"immune system process"	"0.91773639259041"
"9310"	"GO:0060333"	"immune system process"	"+"
"9311"	"GO:0060334"	"immune system process"	"0.882618827619821"
"9312"	"GO:0060335"	"immune system process"	"0.945210520870347"
"9313"	"GO:0060336"	"immune system process"	"0.929585145046487"
"9314"	"GO:0060337"	"immune system process"	"+"
"9315"	"GO:0060338"	"immune system process"	"+"
"9316"	"GO:0060339"	"immune system process"	"+"
"9317"	"GO:0060340"	"immune system process"	"+"
"9318"	"GO:0060341"	"cellular component organization"	"+"
"9319"	"GO:0060343"	"morphogenesis/development"	"+"
"9320"	"GO:0060345"	"morphogenesis/development"	"0.950850286596338"
"9321"	"GO:0060346"	"morphogenesis/development"	"0.974580013142968"
"9322"	"GO:0060347"	"morphogenesis/development"	"0.969473961092487"
"9323"	"GO:0060348"	"morphogenesis/development"	"+"
"9324"	"GO:0060349"	"morphogenesis/development"	"+"
"9325"	"GO:0060350"	"morphogenesis/development"	"+"
"9326"	"GO:0060351"	"morphogenesis/development"	"0.940107896133316"
"9327"	"GO:0060352"	"cell adhesion"	"+"
"9328"	"GO:0060353"	"cell adhesion"	"0.435936159161772"
"9329"	"GO:0060354"	"cell adhesion"	"0.362838356691641"
"9330"	"GO:0060355"	"immune system process"	"0.334465588803105"
"9331"	"GO:0060359"	"response to stimulus"	"0.949610430794264"
"9332"	"GO:0060363"	"morphogenesis/development"	"0.881558988916842"
"9333"	"GO:0060364"	"morphogenesis/development"	"0.939100415677427"
"9334"	"GO:0060366"	"morphogenesis/development"	"0.851826675737842"
"9335"	"GO:0060367"	"morphogenesis/development"	"0.860886060884556"
"9336"	"GO:0060368"	"immune system process"	"+"
"9337"	"GO:0060369"	"immune system process"	"0.903669217389536"
"9338"	"GO:0060370"	"immune system process"	"0.858395329161399"
"9339"	"GO:0060371"	"neural related process"	"0.220390499472988"
"9340"	"GO:0060372"	"multicellular organismal process"	"0.281621469031995"
"9341"	"GO:0060373"	"other"	"0.207748229507138"
"9342"	"GO:0060374"	"immune system process"	"0.689464813282664"
"9343"	"GO:0060375"	"immune system process"	"0.571337796263941"
"9344"	"GO:0060376"	"morphogenesis/development"	"0.428570208704559"
"9345"	"GO:0060377"	"immune system process"	"0.647106572560832"
"9346"	"GO:0060378"	"multicellular organismal process"	"0.671805507795942"
"9347"	"GO:0060379"	"morphogenesis/development"	"0.568039493082683"
"9348"	"GO:0060380"	"cell cycle"	"0.794393112012788"
"9349"	"GO:0060381"	"cell cycle"	"0.689138534583453"
"9350"	"GO:0060382"	"cell cycle"	"+"
"9351"	"GO:0060383"	"cell cycle"	"0.884186656026341"
"9352"	"GO:0060384"	"neural related process"	"+"
"9353"	"GO:0060385"	"neural related process"	"0.969682552374042"
"9354"	"GO:0060386"	"neural related process"	"0.713703122039882"
"9355"	"GO:0060390"	"protein modification/signaling"	"+"
"9356"	"GO:0060391"	"protein modification/signaling"	"+"
"9357"	"GO:0060392"	"protein modification/signaling"	"0.755268937413462"
"9358"	"GO:0060395"	"protein modification/signaling"	"0.764747744895182"
"9359"	"GO:0060396"	"receptor related process"	"0.791068374274581"
"9360"	"GO:0060397"	"receptor related process"	"0.71573523175096"
"9361"	"GO:0060398"	"receptor related process"	"0.861406857710197"
"9362"	"GO:0060399"	"receptor related process"	"0.833119430118155"
"9363"	"GO:0060400"	"receptor related process"	"0.895172333589688"
"9364"	"GO:0060402"	"transport"	"0.734353811812692"
"9365"	"GO:0060404"	"cellular component organization"	"0.824386533783403"
"9366"	"GO:0060405"	"multicellular organismal process"	"0.849729811249463"
"9367"	"GO:0060406"	"multicellular organismal process"	"0.856626851229986"
"9368"	"GO:0060407"	"multicellular organismal process"	"0.708750006455703"
"9369"	"GO:0060408"	"metabolic process"	"0.547733111981918"
"9370"	"GO:0060411"	"morphogenesis/development"	"0.956960233439249"
"9371"	"GO:0060412"	"morphogenesis/development"	"+"
"9372"	"GO:0060413"	"morphogenesis/development"	"0.935203246597246"
"9373"	"GO:0060414"	"multicellular organismal process"	"0.530454028435171"
"9374"	"GO:0060415"	"morphogenesis/development"	"0.705358954990483"
"9375"	"GO:0060416"	"response to stimulus"	"+"
"9376"	"GO:0060419"	"morphogenesis/development"	"0.801756773017174"
"9377"	"GO:0060420"	"morphogenesis/development"	"0.724118903938842"
"9378"	"GO:0060421"	"morphogenesis/development"	"0.763313155909062"
"9379"	"GO:0060423"	"morphogenesis/development"	"0.760106515232548"
"9380"	"GO:0060424"	"morphogenesis/development"	"0.895455061376661"
"9381"	"GO:0060425"	"morphogenesis/development"	"+"
"9382"	"GO:0060426"	"morphogenesis/development"	"0.965767778133217"
"9383"	"GO:0060427"	"morphogenesis/development"	"0.921863685981824"
"9384"	"GO:0060428"	"morphogenesis/development"	"0.962898350565427"
"9385"	"GO:0060429"	"morphogenesis/development"	"0.955684740849271"
"9386"	"GO:0060430"	"morphogenesis/development"	"0.956474643496476"
"9387"	"GO:0060431"	"morphogenesis/development"	"0.966576854108706"
"9388"	"GO:0060432"	"morphogenesis/development"	"0.797182980129945"
"9389"	"GO:0060433"	"morphogenesis/development"	"0.96918184339605"
"9390"	"GO:0060434"	"morphogenesis/development"	"0.972330593117363"
"9391"	"GO:0060435"	"morphogenesis/development"	"0.962167097873871"
"9392"	"GO:0060436"	"morphogenesis/development"	"0.933028983708064"
"9393"	"GO:0060437"	"multicellular organismal process"	"0.587047674545333"
"9394"	"GO:0060438"	"morphogenesis/development"	"+"
"9395"	"GO:0060439"	"morphogenesis/development"	"+"
"9396"	"GO:0060440"	"morphogenesis/development"	"0.950426417696366"
"9397"	"GO:0060441"	"morphogenesis/development"	"0.933573508739291"
"9398"	"GO:0060442"	"morphogenesis/development"	"0.939602779813823"
"9399"	"GO:0060443"	"morphogenesis/development"	"+"
"9400"	"GO:0060444"	"morphogenesis/development"	"+"
"9401"	"GO:0060445"	"morphogenesis/development"	"0.88786801359449"
"9402"	"GO:0060447"	"morphogenesis/development"	"0.962506112066666"
"9403"	"GO:0060448"	"morphogenesis/development"	"0.833236138671139"
"9404"	"GO:0060449"	"morphogenesis/development"	"0.948994384122464"
"9405"	"GO:0060452"	"multicellular organismal process"	"0.958061281871384"
"9406"	"GO:0060453"	"multicellular organismal process"	"0.488291651725979"
"9407"	"GO:0060455"	"multicellular organismal process"	"0.574419454812592"
"9408"	"GO:0060456"	"multicellular organismal process"	"0.772379175363273"
"9409"	"GO:0060457"	"multicellular organismal process"	"0.88861315491882"
"9410"	"GO:0060458"	"morphogenesis/development"	"0.898212856460122"
"9411"	"GO:0060459"	"morphogenesis/development"	"0.915575830169042"
"9412"	"GO:0060460"	"morphogenesis/development"	"0.976794234894344"
"9413"	"GO:0060461"	"morphogenesis/development"	"0.981871932437405"
"9414"	"GO:0060462"	"morphogenesis/development"	"0.982974826709895"
"9415"	"GO:0060463"	"morphogenesis/development"	"0.970973506779595"
"9416"	"GO:0060465"	"morphogenesis/development"	"0.855966607659576"
"9417"	"GO:0060466"	"cell cycle"	"0.36131350003283"
"9418"	"GO:0060467"	"morphogenesis/development"	"0.317283931123241"
"9419"	"GO:0060468"	"morphogenesis/development"	"0.248420313637723"
"9420"	"GO:0060470"	"other"	"0.451584243290193"
"9421"	"GO:0060471"	"ER/endosome/lysosome related process"	"0.34589320637121"
"9422"	"GO:0060474"	"other"	"0.333875331187959"
"9423"	"GO:0060478"	"transport"	"0.445563056064495"
"9424"	"GO:0060479"	"morphogenesis/development"	"0.945167901141441"
"9425"	"GO:0060480"	"morphogenesis/development"	"0.818023249533946"
"9426"	"GO:0060481"	"morphogenesis/development"	"0.927161112052725"
"9427"	"GO:0060482"	"morphogenesis/development"	"0.76678335416301"
"9428"	"GO:0060484"	"morphogenesis/development"	"0.972513566922106"
"9429"	"GO:0060485"	"morphogenesis/development"	"0.964142390126321"
"9430"	"GO:0060486"	"morphogenesis/development"	"0.947241305836472"
"9431"	"GO:0060487"	"morphogenesis/development"	"0.930682750878553"
"9432"	"GO:0060488"	"morphogenesis/development"	"0.866146429872938"
"9433"	"GO:0060489"	"morphogenesis/development"	"0.825117963602101"
"9434"	"GO:0060490"	"morphogenesis/development"	"0.925004719861724"
"9435"	"GO:0060491"	"cellular component organization"	"+"
"9436"	"GO:0060492"	"morphogenesis/development"	"0.867708396115329"
"9437"	"GO:0060495"	"morphogenesis/development"	"0.34858925638027"
"9438"	"GO:0060496"	"morphogenesis/development"	"0.425696397150234"
"9439"	"GO:0060501"	"cell cycle"	"0.798435708446411"
"9440"	"GO:0060502"	"cell cycle"	"0.978427445128499"
"9441"	"GO:0060503"	"morphogenesis/development"	"0.929547273170204"
"9442"	"GO:0060506"	"receptor related process"	"0.521536998511108"
"9443"	"GO:0060509"	"morphogenesis/development"	"0.91977445205174"
"9444"	"GO:0060510"	"morphogenesis/development"	"0.789837921624551"
"9445"	"GO:0060512"	"morphogenesis/development"	"+"
"9446"	"GO:0060513"	"morphogenesis/development"	"0.981965776865265"
"9447"	"GO:0060514"	"morphogenesis/development"	"0.919978468758583"
"9448"	"GO:0060515"	"morphogenesis/development"	"0.944445433887415"
"9449"	"GO:0060516"	"morphogenesis/development"	"0.749211041547956"
"9450"	"GO:0060517"	"cell cycle"	"0.957275665355419"
"9451"	"GO:0060523"	"morphogenesis/development"	"0.66677983072673"
"9452"	"GO:0060525"	"morphogenesis/development"	"0.996025185531226"
"9453"	"GO:0060526"	"morphogenesis/development"	"0.970889810773939"
"9454"	"GO:0060527"	"morphogenesis/development"	"0.946626557617138"
"9455"	"GO:0060528"	"morphogenesis/development"	"0.956525956227162"
"9456"	"GO:0060529"	"morphogenesis/development"	"0.94212411375372"
"9457"	"GO:0060532"	"morphogenesis/development"	"0.957319140102441"
"9458"	"GO:0060534"	"morphogenesis/development"	"0.980906023554619"
"9459"	"GO:0060535"	"morphogenesis/development"	"0.984453631076732"
"9460"	"GO:0060536"	"morphogenesis/development"	"0.958303381875761"
"9461"	"GO:0060537"	"morphogenesis/development"	"+"
"9462"	"GO:0060538"	"morphogenesis/development"	"+"
"9463"	"GO:0060539"	"morphogenesis/development"	"0.947550926620455"
"9464"	"GO:0060541"	"morphogenesis/development"	"+"
"9465"	"GO:0060542"	"cell cycle"	"0.782363179716706"
"9466"	"GO:0060544"	"cell death"	"+"
"9467"	"GO:0060545"	"cell death"	"0.797493646160539"
"9468"	"GO:0060546"	"cell death"	"0.904297326654111"
"9469"	"GO:0060549"	"metabolic process"	"0.839224427676633"
"9470"	"GO:0060550"	"metabolic process"	"0.83718700026793"
"9471"	"GO:0060551"	"metabolic process"	"0.938686134013959"
"9472"	"GO:0060552"	"metabolic process"	"0.885846687562932"
"9473"	"GO:0060556"	"metabolic process"	"0.817385546237196"
"9474"	"GO:0060557"	"metabolic process"	"0.818524408492145"
"9475"	"GO:0060558"	"metabolic process"	"0.834642769101754"
"9476"	"GO:0060559"	"metabolic process"	"0.876040118892583"
"9477"	"GO:0060560"	"morphogenesis/development"	"+"
"9478"	"GO:0060561"	"cell death"	"0.926540072286243"
"9479"	"GO:0060562"	"morphogenesis/development"	"+"
"9480"	"GO:0060563"	"morphogenesis/development"	"0.971870195844467"
"9481"	"GO:0060566"	"gene regulation"	"0.918007611452112"
"9482"	"GO:0060567"	"gene regulation"	"0.925017531278141"
"9483"	"GO:0060571"	"morphogenesis/development"	"+"
"9484"	"GO:0060572"	"morphogenesis/development"	"0.967860472049566"
"9485"	"GO:0060573"	"morphogenesis/development"	"0.76125787902878"
"9486"	"GO:0060574"	"morphogenesis/development"	"0.748649661822403"
"9487"	"GO:0060575"	"morphogenesis/development"	"+"
"9488"	"GO:0060576"	"morphogenesis/development"	"+"
"9489"	"GO:0060577"	"morphogenesis/development"	"0.921824605232934"
"9490"	"GO:0060579"	"morphogenesis/development"	"0.379252765340917"
"9491"	"GO:0060580"	"neural related process"	"0.652336140430785"
"9492"	"GO:0060581"	"morphogenesis/development"	"0.390318308532301"
"9493"	"GO:0060582"	"morphogenesis/development"	"0.583800938485129"
"9494"	"GO:0060584"	"metabolic process"	"0.734055846538164"
"9495"	"GO:0060585"	"metabolic process"	"0.667353863508984"
"9496"	"GO:0060586"	"multicellular organismal process"	"0.315781037005618"
"9497"	"GO:0060587"	"protein modification/signaling"	"0.60518899287216"
"9498"	"GO:0060588"	"protein modification/signaling"	"0.743479140000054"
"9499"	"GO:0060589"	"metabolic process"	"+"
"9500"	"GO:0060590"	"protein modification/signaling"	"+"
"9501"	"GO:0060591"	"morphogenesis/development"	"0.949749991596809"
"9502"	"GO:0060592"	"morphogenesis/development"	"0.969864298770953"
"9503"	"GO:0060594"	"morphogenesis/development"	"0.966603465620548"
"9504"	"GO:0060595"	"receptor related process"	"0.535415503703884"
"9505"	"GO:0060596"	"morphogenesis/development"	"0.985729918907046"
"9506"	"GO:0060598"	"morphogenesis/development"	"0.888134297309575"
"9507"	"GO:0060599"	"morphogenesis/development"	"0.970336801641748"
"9508"	"GO:0060600"	"morphogenesis/development"	"0.764270815541067"
"9509"	"GO:0060601"	"morphogenesis/development"	"0.98970713574957"
"9510"	"GO:0060602"	"morphogenesis/development"	"0.856578358319523"
"9511"	"GO:0060603"	"morphogenesis/development"	"+"
"9512"	"GO:0060605"	"morphogenesis/development"	"0.950815241178337"
"9513"	"GO:0060606"	"morphogenesis/development"	"0.962977143431173"
"9514"	"GO:0060611"	"morphogenesis/development"	"0.986622491764195"
"9515"	"GO:0060612"	"morphogenesis/development"	"+"
"9516"	"GO:0060613"	"morphogenesis/development"	"0.806577358846587"
"9517"	"GO:0060615"	"morphogenesis/development"	"0.978467552309175"
"9518"	"GO:0060618"	"morphogenesis/development"	"0.980998578139105"
"9519"	"GO:0060620"	"transport"	"0.568388718300262"
"9520"	"GO:0060621"	"transport"	"0.727014929828274"
"9521"	"GO:0060623"	"cell cycle"	"0.977587878454838"
"9522"	"GO:0060627"	"transport"	"+"
"9523"	"GO:0060628"	"ER/endosome/lysosome related process"	"0.761008246844393"
"9524"	"GO:0060629"	"cell cycle"	"0.974290204655762"
"9525"	"GO:0060631"	"cell cycle"	"0.990248036073336"
"9526"	"GO:0060632"	"other"	"0.57178935879851"
"9527"	"GO:0060633"	"gene regulation"	"0.935862162966013"
"9528"	"GO:0060638"	"morphogenesis/development"	"0.376939773026471"
"9529"	"GO:0060644"	"morphogenesis/development"	"0.811940567393698"
"9530"	"GO:0060648"	"morphogenesis/development"	"0.972257386277804"
"9531"	"GO:0060658"	"morphogenesis/development"	"0.932191566852642"
"9532"	"GO:0060661"	"morphogenesis/development"	"0.954612815171491"
"9533"	"GO:0060662"	"morphogenesis/development"	"0.946755040805552"
"9534"	"GO:0060664"	"cell cycle"	"0.961335519379544"
"9535"	"GO:0060665"	"morphogenesis/development"	"0.44615129442075"
"9536"	"GO:0060666"	"morphogenesis/development"	"0.851997670230938"
"9537"	"GO:0060667"	"morphogenesis/development"	"0.821839059810115"
"9538"	"GO:0060668"	"morphogenesis/development"	"0.372647953211113"
"9539"	"GO:0060669"	"morphogenesis/development"	"0.976539795518271"
"9540"	"GO:0060670"	"morphogenesis/development"	"0.969512811111292"
"9541"	"GO:0060671"	"morphogenesis/development"	"0.956738601474308"
"9542"	"GO:0060672"	"morphogenesis/development"	"0.799494375326958"
"9543"	"GO:0060674"	"morphogenesis/development"	"0.989351705147435"
"9544"	"GO:0060675"	"morphogenesis/development"	"0.94919020252989"
"9545"	"GO:0060676"	"morphogenesis/development"	"0.929937337502824"
"9546"	"GO:0060677"	"morphogenesis/development"	"0.835930883635681"
"9547"	"GO:0060678"	"morphogenesis/development"	"0.730463912546612"
"9548"	"GO:0060681"	"morphogenesis/development"	"0.921282713302474"
"9549"	"GO:0060682"	"morphogenesis/development"	"0.888293269352625"
"9550"	"GO:0060683"	"morphogenesis/development"	"0.314955684292282"
"9551"	"GO:0060684"	"morphogenesis/development"	"0.46514792067349"
"9552"	"GO:0060685"	"morphogenesis/development"	"0.907825129053138"
"9553"	"GO:0060686"	"morphogenesis/development"	"0.956179151371891"
"9554"	"GO:0060687"	"morphogenesis/development"	"0.899332574790403"
"9555"	"GO:0060688"	"morphogenesis/development"	"+"
"9556"	"GO:0060689"	"morphogenesis/development"	"0.944839221866554"
"9557"	"GO:0060693"	"morphogenesis/development"	"0.579498332771733"
"9558"	"GO:0060694"	"transport"	"0.71641267899763"
"9559"	"GO:0060695"	"transport"	"0.526031705710219"
"9560"	"GO:0060696"	"metabolic process"	"0.972879929909059"
"9561"	"GO:0060697"	"metabolic process"	"0.973645073429169"
"9562"	"GO:0060699"	"metabolic process"	"0.635120770053072"
"9563"	"GO:0060700"	"metabolic process"	"0.530871279306485"
"9564"	"GO:0060701"	"metabolic process"	"0.42955563982689"
"9565"	"GO:0060702"	"metabolic process"	"0.658217475094782"
"9566"	"GO:0060706"	"morphogenesis/development"	"0.958672443285498"
"9567"	"GO:0060707"	"morphogenesis/development"	"0.95181897097675"
"9568"	"GO:0060708"	"morphogenesis/development"	"0.88673091587204"
"9569"	"GO:0060709"	"morphogenesis/development"	"0.941036142872645"
"9570"	"GO:0060710"	"morphogenesis/development"	"0.440144931318718"
"9571"	"GO:0060711"	"morphogenesis/development"	"0.983372821655563"
"9572"	"GO:0060712"	"morphogenesis/development"	"+"
"9573"	"GO:0060713"	"morphogenesis/development"	"+"
"9574"	"GO:0060715"	"morphogenesis/development"	"0.900296124152169"
"9575"	"GO:0060716"	"morphogenesis/development"	"0.989923761968276"
"9576"	"GO:0060717"	"morphogenesis/development"	"0.907187065201491"
"9577"	"GO:0060718"	"morphogenesis/development"	"0.896921787513504"
"9578"	"GO:0060719"	"morphogenesis/development"	"0.974115431546979"
"9579"	"GO:0060720"	"cell cycle"	"0.986252219952529"
"9580"	"GO:0060721"	"cell cycle"	"0.975165878860776"
"9581"	"GO:0060722"	"cell cycle"	"0.990647223617764"
"9582"	"GO:0060723"	"cell cycle"	"0.982239815956263"
"9583"	"GO:0060729"	"multicellular organismal process"	"0.858753199077041"
"9584"	"GO:0060730"	"multicellular organismal process"	"0.734356458863126"
"9585"	"GO:0060731"	"multicellular organismal process"	"0.764749243662468"
"9586"	"GO:0060732"	"metabolic process"	"0.922062535519736"
"9587"	"GO:0060734"	"stress response"	"0.598211058342224"
"9588"	"GO:0060735"	"stress response"	"0.348842681526185"
"9589"	"GO:0060736"	"morphogenesis/development"	"+"
"9590"	"GO:0060737"	"morphogenesis/development"	"0.86410810627833"
"9591"	"GO:0060738"	"morphogenesis/development"	"0.309525149596378"
"9592"	"GO:0060739"	"morphogenesis/development"	"0.469083977550201"
"9593"	"GO:0060740"	"morphogenesis/development"	"+"
"9594"	"GO:0060741"	"morphogenesis/development"	"0.965585174229388"
"9595"	"GO:0060742"	"morphogenesis/development"	"0.952773310248159"
"9596"	"GO:0060743"	"morphogenesis/development"	"0.918024710788068"
"9597"	"GO:0060744"	"morphogenesis/development"	"0.824489332317698"
"9598"	"GO:0060745"	"morphogenesis/development"	"0.898875366112439"
"9599"	"GO:0060746"	"neural related process"	"0.946045526211638"
"9600"	"GO:0060748"	"morphogenesis/development"	"0.941621672086972"
"9601"	"GO:0060749"	"morphogenesis/development"	"0.975316751095684"
"9602"	"GO:0060750"	"cell cycle"	"0.88218906857396"
"9603"	"GO:0060751"	"morphogenesis/development"	"0.923394675467755"
"9604"	"GO:0060752"	"multicellular organismal process"	"0.871977056207292"
"9605"	"GO:0060753"	"immune system process"	"0.934445980379336"
"9606"	"GO:0060754"	"immune system process"	"0.894148308129357"
"9607"	"GO:0060755"	"immune system process"	"0.866381373033093"
"9608"	"GO:0060759"	"immune system process"	"+"
"9609"	"GO:0060760"	"immune system process"	"+"
"9610"	"GO:0060761"	"immune system process"	"+"
"9611"	"GO:0060762"	"morphogenesis/development"	"0.858639563264467"
"9612"	"GO:0060763"	"morphogenesis/development"	"0.847578397841085"
"9613"	"GO:0060764"	"morphogenesis/development"	"0.408706131728298"
"9614"	"GO:0060765"	"receptor related process"	"+"
"9615"	"GO:0060766"	"receptor related process"	"0.858587995355578"
"9616"	"GO:0060767"	"cell cycle"	"0.946876978273012"
"9617"	"GO:0060768"	"cell cycle"	"0.918754393082602"
"9618"	"GO:0060769"	"cell cycle"	"0.919131269658444"
"9619"	"GO:0060770"	"cell cycle"	"0.545517023544971"
"9620"	"GO:0060781"	"cell cycle"	"0.983532805213196"
"9621"	"GO:0060782"	"cell cycle"	"0.920106799952549"
"9622"	"GO:0060783"	"receptor related process"	"0.470206673616667"
"9623"	"GO:0060784"	"cell cycle"	"0.798180201862296"
"9624"	"GO:0060785"	"cell death"	"0.366234540527991"
"9625"	"GO:0060788"	"morphogenesis/development"	"0.975473904980076"
"9626"	"GO:0060789"	"morphogenesis/development"	"0.964337245408185"
"9627"	"GO:0060792"	"morphogenesis/development"	"0.927159760135101"
"9628"	"GO:0060795"	"morphogenesis/development"	"0.945535133418438"
"9629"	"GO:0060800"	"morphogenesis/development"	"0.96705854213933"
"9630"	"GO:0060802"	"protein modification/signaling"	"0.596798192399336"
"9631"	"GO:0060806"	"morphogenesis/development"	"0.880483746255473"
"9632"	"GO:0060809"	"morphogenesis/development"	"0.832675142646341"
"9633"	"GO:0060816"	"gene regulation"	"0.903096299186593"
"9634"	"GO:0060818"	"gene regulation"	"0.895999899973442"
"9635"	"GO:0060825"	"receptor related process"	"0.847623463522106"
"9636"	"GO:0060828"	"protein modification/signaling"	"0.858561662066246"
"9637"	"GO:0060831"	"protein modification/signaling"	"0.422811072762023"
"9638"	"GO:0060836"	"morphogenesis/development"	"0.922161625637672"
"9639"	"GO:0060837"	"morphogenesis/development"	"0.93986079590863"
"9640"	"GO:0060838"	"morphogenesis/development"	"0.885542606390835"
"9641"	"GO:0060839"	"morphogenesis/development"	"0.884064707239862"
"9642"	"GO:0060840"	"morphogenesis/development"	"+"
"9643"	"GO:0060841"	"morphogenesis/development"	"0.985012113582861"
"9644"	"GO:0060842"	"morphogenesis/development"	"0.951711356548396"
"9645"	"GO:0060843"	"morphogenesis/development"	"0.915981659687544"
"9646"	"GO:0060844"	"morphogenesis/development"	"0.890551813651931"
"9647"	"GO:0060846"	"morphogenesis/development"	"0.904255997649428"
"9648"	"GO:0060847"	"morphogenesis/development"	"0.768180990589126"
"9649"	"GO:0060853"	"receptor related process"	"0.39418989156315"
"9650"	"GO:0060854"	"morphogenesis/development"	"0.623306268194786"
"9651"	"GO:0060856"	"morphogenesis/development"	"0.663326856045497"
"9652"	"GO:0060857"	"morphogenesis/development"	"0.417047428307422"
"9653"	"GO:0060872"	"morphogenesis/development"	"0.993876639116175"
"9654"	"GO:0060873"	"morphogenesis/development"	"0.977780588472285"
"9655"	"GO:0060875"	"morphogenesis/development"	"0.988316587659906"
"9656"	"GO:0060876"	"morphogenesis/development"	"0.978526164433141"
"9657"	"GO:0060879"	"morphogenesis/development"	"0.985578654724102"
"9658"	"GO:0060887"	"morphogenesis/development"	"0.983641917228681"
"9659"	"GO:0060896"	"morphogenesis/development"	"0.865958936098353"
"9660"	"GO:0060897"	"morphogenesis/development"	"0.599637169180928"
"9661"	"GO:0060900"	"morphogenesis/development"	"0.98359314699775"
"9662"	"GO:0060903"	"cell cycle"	"0.976087330584083"
"9663"	"GO:0060904"	"ER/endosome/lysosome related process"	"0.639979274677285"
"9664"	"GO:0060907"	"immune system process"	"+"
"9665"	"GO:0060911"	"morphogenesis/development"	"0.813781019130532"
"9666"	"GO:0060912"	"morphogenesis/development"	"0.710815474007273"
"9667"	"GO:0060913"	"morphogenesis/development"	"0.837098332749555"
"9668"	"GO:0060914"	"morphogenesis/development"	"+"
"9669"	"GO:0060915"	"morphogenesis/development"	"0.960138211074348"
"9670"	"GO:0060916"	"cell cycle"	"0.991070262916771"
"9671"	"GO:0060920"	"morphogenesis/development"	"0.740237427643772"
"9672"	"GO:0060921"	"morphogenesis/development"	"0.918459043421309"
"9673"	"GO:0060922"	"morphogenesis/development"	"0.84850518757991"
"9674"	"GO:0060923"	"morphogenesis/development"	"0.856241511836971"
"9675"	"GO:0060926"	"morphogenesis/development"	"0.867321157199637"
"9676"	"GO:0060927"	"morphogenesis/development"	"0.66368016696263"
"9677"	"GO:0060928"	"morphogenesis/development"	"0.959030754604123"
"9678"	"GO:0060929"	"morphogenesis/development"	"0.851780211230037"
"9679"	"GO:0060930"	"morphogenesis/development"	"0.790246289234347"
"9680"	"GO:0060931"	"morphogenesis/development"	"0.951800088394972"
"9681"	"GO:0060932"	"morphogenesis/development"	"0.667099129496088"
"9682"	"GO:0060935"	"morphogenesis/development"	"0.503306936562177"
"9683"	"GO:0060936"	"morphogenesis/development"	"0.768589112305246"
"9684"	"GO:0060938"	"morphogenesis/development"	"0.643143505849339"
"9685"	"GO:0060939"	"morphogenesis/development"	"0.848823493374653"
"9686"	"GO:0060940"	"morphogenesis/development"	"0.685181182536373"
"9687"	"GO:0060945"	"neural related process"	"0.490074728774121"
"9688"	"GO:0060947"	"morphogenesis/development"	"0.69352805856935"
"9689"	"GO:0060948"	"morphogenesis/development"	"0.942274384599873"
"9690"	"GO:0060956"	"morphogenesis/development"	"0.922694031549137"
"9691"	"GO:0060957"	"morphogenesis/development"	"0.831263012529289"
"9692"	"GO:0060964"	"gene regulation"	"0.906756169412635"
"9693"	"GO:0060965"	"gene regulation"	"0.955798133204231"
"9694"	"GO:0060966"	"gene regulation"	"0.950299577705936"
"9695"	"GO:0060967"	"gene regulation"	"0.960599100242758"
"9696"	"GO:0060971"	"morphogenesis/development"	"0.779106707102895"
"9697"	"GO:0060972"	"morphogenesis/development"	"0.714565052704971"
"9698"	"GO:0060973"	"morphogenesis/development"	"0.794117870388681"
"9699"	"GO:0060974"	"morphogenesis/development"	"0.805679644275979"
"9700"	"GO:0060975"	"morphogenesis/development"	"0.630062074735316"
"9701"	"GO:0060976"	"morphogenesis/development"	"+"
"9702"	"GO:0060977"	"morphogenesis/development"	"+"
"9703"	"GO:0060978"	"morphogenesis/development"	"0.67551540144676"
"9704"	"GO:0060979"	"morphogenesis/development"	"0.967044828457157"
"9705"	"GO:0060980"	"multicellular organismal process"	"0.705303530472256"
"9706"	"GO:0060981"	"multicellular organismal process"	"0.637355874551239"
"9707"	"GO:0060982"	"morphogenesis/development"	"0.883274053086565"
"9708"	"GO:0060986"	"multicellular organismal process"	"+"
"9709"	"GO:0060988"	"cellular component organization"	"0.961679893125156"
"9710"	"GO:0060989"	"cellular component organization"	"0.910362336780972"
"9711"	"GO:0060992"	"response to stimulus"	"0.868383495731099"
"9712"	"GO:0060993"	"morphogenesis/development"	"0.920683925083422"
"9713"	"GO:0060996"	"neural related process"	"+"
"9714"	"GO:0060997"	"neural related process"	"0.988096585880221"
"9715"	"GO:0060998"	"neural related process"	"0.944273552003724"
"9716"	"GO:0060999"	"neural related process"	"0.925843280614355"
"9717"	"GO:0061000"	"neural related process"	"0.767722590738685"
"9718"	"GO:0061001"	"neural related process"	"0.974371458583147"
"9719"	"GO:0061002"	"neural related process"	"0.936935843408829"
"9720"	"GO:0061003"	"neural related process"	"0.980298870699728"
"9721"	"GO:0061004"	"morphogenesis/development"	"0.903873414495585"
"9722"	"GO:0061005"	"morphogenesis/development"	"+"
"9723"	"GO:0061006"	"cell cycle"	"0.680049501113411"
"9724"	"GO:0061008"	"morphogenesis/development"	"+"
"9725"	"GO:0061009"	"morphogenesis/development"	"0.95836461026028"
"9726"	"GO:0061010"	"morphogenesis/development"	"0.973603111296704"
"9727"	"GO:0061013"	"metabolic process"	"0.834892164716722"
"9728"	"GO:0061014"	"metabolic process"	"+"
"9729"	"GO:0061015"	"transport"	"0.89890286499258"
"9730"	"GO:0061017"	"cell cycle"	"0.684841827937985"
"9731"	"GO:0061024"	"cellular component organization"	"+"
"9732"	"GO:0061025"	"cellular component organization"	"+"
"9733"	"GO:0061026"	"morphogenesis/development"	"0.861939237415395"
"9734"	"GO:0061027"	"morphogenesis/development"	"0.965676392563948"
"9735"	"GO:0061028"	"morphogenesis/development"	"0.771463047079916"
"9736"	"GO:0061029"	"morphogenesis/development"	"+"
"9737"	"GO:0061030"	"morphogenesis/development"	"0.870678288611049"
"9738"	"GO:0061031"	"morphogenesis/development"	"0.937039670767285"
"9739"	"GO:0061032"	"morphogenesis/development"	"0.980366030195996"
"9740"	"GO:0061033"	"transport"	"0.49552652411571"
"9741"	"GO:0061034"	"morphogenesis/development"	"0.914147932431634"
"9742"	"GO:0061035"	"morphogenesis/development"	"0.96908108879629"
"9743"	"GO:0061036"	"morphogenesis/development"	"+"
"9744"	"GO:0061037"	"morphogenesis/development"	"0.951341731399566"
"9745"	"GO:0061038"	"morphogenesis/development"	"0.965394192022203"
"9746"	"GO:0061040"	"morphogenesis/development"	"0.928075286902044"
"9747"	"GO:0061041"	"immune system process"	"+"
"9748"	"GO:0061042"	"morphogenesis/development"	"0.93841661587561"
"9749"	"GO:0061043"	"morphogenesis/development"	"0.65714598907977"
"9750"	"GO:0061044"	"morphogenesis/development"	"0.436802657981357"
"9751"	"GO:0061045"	"immune system process"	"+"
"9752"	"GO:0061046"	"morphogenesis/development"	"0.848729263902132"
"9753"	"GO:0061047"	"morphogenesis/development"	"0.613988618442714"
"9754"	"GO:0061048"	"morphogenesis/development"	"0.660005503913511"
"9755"	"GO:0061049"	"morphogenesis/development"	"0.937463121688726"
"9756"	"GO:0061050"	"morphogenesis/development"	"0.601610472511193"
"9757"	"GO:0061051"	"morphogenesis/development"	"0.601800210507432"
"9758"	"GO:0061052"	"morphogenesis/development"	"0.575547253458581"
"9759"	"GO:0061053"	"morphogenesis/development"	"+"
"9760"	"GO:0061054"	"morphogenesis/development"	"0.986871712065675"
"9761"	"GO:0061055"	"morphogenesis/development"	"0.978282552634077"
"9762"	"GO:0061056"	"morphogenesis/development"	"0.992905037461227"
"9763"	"GO:0061061"	"morphogenesis/development"	"+"
"9764"	"GO:0061072"	"morphogenesis/development"	"0.832944417674482"
"9765"	"GO:0061073"	"morphogenesis/development"	"0.950746167964295"
"9766"	"GO:0061074"	"morphogenesis/development"	"0.944774263144748"
"9767"	"GO:0061077"	"protein modification/signaling"	"+"
"9768"	"GO:0061078"	"transport"	"0.459914303563839"
"9769"	"GO:0061081"	"immune system process"	"+"
"9770"	"GO:0061082"	"immune system process"	"+"
"9771"	"GO:0061083"	"protein modification/signaling"	"0.308013783328498"
"9772"	"GO:0061084"	"protein modification/signaling"	"0.28680188148831"
"9773"	"GO:0061091"	"transport"	"0.507284684301702"
"9774"	"GO:0061092"	"transport"	"0.618436456911054"
"9775"	"GO:0061097"	"protein modification/signaling"	"+"
"9776"	"GO:0061098"	"protein modification/signaling"	"+"
"9777"	"GO:0061099"	"protein modification/signaling"	"+"
"9778"	"GO:0061100"	"morphogenesis/development"	"0.898384038049849"
"9779"	"GO:0061101"	"morphogenesis/development"	"0.764574980929732"
"9780"	"GO:0061102"	"morphogenesis/development"	"0.894336579215851"
"9781"	"GO:0061103"	"morphogenesis/development"	"0.711542030274761"
"9782"	"GO:0061104"	"morphogenesis/development"	"0.837088607680737"
"9783"	"GO:0061105"	"morphogenesis/development"	"0.57120220759"
"9784"	"GO:0061106"	"morphogenesis/development"	"0.892012184905678"
"9785"	"GO:0061107"	"morphogenesis/development"	"0.974096497212773"
"9786"	"GO:0061108"	"morphogenesis/development"	"0.980933167010625"
"9787"	"GO:0061110"	"cellular component organization"	"0.860826023662389"
"9788"	"GO:0061113"	"morphogenesis/development"	"0.982884620174026"
"9789"	"GO:0061114"	"morphogenesis/development"	"0.900939602965819"
"9790"	"GO:0061115"	"morphogenesis/development"	"0.542135731574178"
"9791"	"GO:0061117"	"morphogenesis/development"	"0.692286873786513"
"9792"	"GO:0061135"	"metabolic process"	"+"
"9793"	"GO:0061136"	"metabolic process"	"+"
"9794"	"GO:0061138"	"morphogenesis/development"	"+"
"9795"	"GO:0061140"	"morphogenesis/development"	"0.880816241468692"
"9796"	"GO:0061141"	"morphogenesis/development"	"0.8109358728152"
"9797"	"GO:0061143"	"morphogenesis/development"	"0.981290902880065"
"9798"	"GO:0061144"	"morphogenesis/development"	"0.971407167932725"
"9799"	"GO:0061145"	"morphogenesis/development"	"0.976896991417555"
"9800"	"GO:0061146"	"morphogenesis/development"	"0.609499909596513"
"9801"	"GO:0061152"	"morphogenesis/development"	"0.992599995155079"
"9802"	"GO:0061153"	"morphogenesis/development"	"0.898490129196218"
"9803"	"GO:0061154"	"morphogenesis/development"	"0.935749816981083"
"9804"	"GO:0061156"	"morphogenesis/development"	"0.957059812698635"
"9805"	"GO:0061157"	"gene regulation"	"0.710608421096238"
"9806"	"GO:0061158"	"gene regulation"	"+"
"9807"	"GO:0061159"	"cellular component organization"	"0.332034147285766"
"9808"	"GO:0061162"	"cellular component organization"	"0.791626876344613"
"9809"	"GO:0061163"	"cellular component organization"	"0.425338909655486"
"9810"	"GO:0061168"	"morphogenesis/development"	"0.950541764384251"
"9811"	"GO:0061170"	"morphogenesis/development"	"0.917207106736297"
"9812"	"GO:0061171"	"cellular component organization"	"0.373032707258779"
"9813"	"GO:0061172"	"cell cycle"	"0.418601828055394"
"9814"	"GO:0061178"	"transport"	"0.672824935637451"
"9815"	"GO:0061179"	"transport"	"0.53128350469827"
"9816"	"GO:0061180"	"morphogenesis/development"	"+"
"9817"	"GO:0061181"	"morphogenesis/development"	"0.926362122905524"
"9818"	"GO:0061182"	"morphogenesis/development"	"0.930205021760314"
"9819"	"GO:0061183"	"morphogenesis/development"	"0.968098108795678"
"9820"	"GO:0061184"	"morphogenesis/development"	"0.945966592015032"
"9821"	"GO:0061185"	"morphogenesis/development"	"0.957264788874575"
"9822"	"GO:0061187"	"gene regulation"	"0.813442105810145"
"9823"	"GO:0061188"	"gene regulation"	"0.779983220582055"
"9824"	"GO:0061189"	"morphogenesis/development"	"0.974507311039755"
"9825"	"GO:0061190"	"morphogenesis/development"	"0.953441200625891"
"9826"	"GO:0061193"	"morphogenesis/development"	"0.60615019585727"
"9827"	"GO:0061196"	"morphogenesis/development"	"0.986230128095642"
"9828"	"GO:0061197"	"morphogenesis/development"	"0.941403922895468"
"9829"	"GO:0061198"	"morphogenesis/development"	"0.958162898534808"
"9830"	"GO:0061205"	"morphogenesis/development"	"0.973425260235677"
"9831"	"GO:0061206"	"morphogenesis/development"	"0.940854224295335"
"9832"	"GO:0061209"	"cell cycle"	"0.956836435407757"
"9833"	"GO:0061215"	"morphogenesis/development"	"0.955611183678485"
"9834"	"GO:0061217"	"morphogenesis/development"	"0.812021587895949"
"9835"	"GO:0061218"	"morphogenesis/development"	"0.808025030478672"
"9836"	"GO:0061227"	"morphogenesis/development"	"0.874890938273749"
"9837"	"GO:0061228"	"morphogenesis/development"	"0.73388331128049"
"9838"	"GO:0061235"	"cell cycle"	"0.473973543937569"
"9839"	"GO:0061245"	"cellular component organization"	"+"
"9840"	"GO:0061295"	"cell death"	"0.425209706655602"
"9841"	"GO:0061296"	"cell death"	"0.352032521150428"
"9842"	"GO:0061298"	"morphogenesis/development"	"0.914376510317852"
"9843"	"GO:0061299"	"morphogenesis/development"	"0.939024637130633"
"9844"	"GO:0061300"	"morphogenesis/development"	"0.914216606175812"
"9845"	"GO:0061301"	"morphogenesis/development"	"0.951914487366712"
"9846"	"GO:0061302"	"cell adhesion"	"0.424255943616725"
"9847"	"GO:0061303"	"morphogenesis/development"	"0.996687132137987"
"9848"	"GO:0061304"	"morphogenesis/development"	"0.98466781876261"
"9849"	"GO:0061307"	"morphogenesis/development"	"0.838451559355895"
"9850"	"GO:0061308"	"morphogenesis/development"	"0.897178214853787"
"9851"	"GO:0061309"	"morphogenesis/development"	"0.907748260290418"
"9852"	"GO:0061311"	"protein modification/signaling"	"0.402502161216741"
"9853"	"GO:0061314"	"receptor related process"	"0.398852378875314"
"9854"	"GO:0061318"	"morphogenesis/development"	"0.84296376303978"
"9855"	"GO:0061323"	"cell cycle"	"0.947828209640646"
"9856"	"GO:0061325"	"cell cycle"	"0.972858711232124"
"9857"	"GO:0061326"	"morphogenesis/development"	"0.957132322087875"
"9858"	"GO:0061333"	"morphogenesis/development"	"0.854684480182436"
"9859"	"GO:0061337"	"multicellular organismal process"	"0.797381618633166"
"9860"	"GO:0061339"	"cellular component organization"	"0.862611659159242"
"9861"	"GO:0061341"	"protein modification/signaling"	"0.587889566578153"
"9862"	"GO:0061343"	"cell adhesion"	"0.401134584869915"
"9863"	"GO:0061344"	"morphogenesis/development"	"0.4647849407569"
"9864"	"GO:0061351"	"cell cycle"	"0.672843260420909"
"9865"	"GO:0061355"	"transport"	"0.669049414237049"
"9866"	"GO:0061356"	"ER/endosome/lysosome related process"	"0.410906486170074"
"9867"	"GO:0061357"	"transport"	"0.443569839068886"
"9868"	"GO:0061358"	"ER/endosome/lysosome related process"	"0.415530950653383"
"9869"	"GO:0061360"	"morphogenesis/development"	"0.848206359707941"
"9870"	"GO:0061364"	"cell death"	"0.941401289922183"
"9871"	"GO:0061365"	"metabolic process"	"0.87079181123031"
"9872"	"GO:0061366"	"neural related process"	"0.42155322841569"
"9873"	"GO:0061367"	"neural related process"	"0.249210222029165"
"9874"	"GO:0061368"	"neural related process"	"0.515532053507136"
"9875"	"GO:0061369"	"morphogenesis/development"	"0.86185449851613"
"9876"	"GO:0061370"	"metabolic process"	"0.818364296292437"
"9877"	"GO:0061371"	"morphogenesis/development"	"0.644362065505438"
"9878"	"GO:0061373"	"neural related process"	"0.475734313800493"
"9879"	"GO:0061374"	"morphogenesis/development"	"0.83071132338811"
"9880"	"GO:0061377"	"morphogenesis/development"	"0.933628106706872"
"9881"	"GO:0061378"	"morphogenesis/development"	"0.927417582293508"
"9882"	"GO:0061379"	"morphogenesis/development"	"0.545290357236131"
"9883"	"GO:0061381"	"morphogenesis/development"	"0.403173734188901"
"9884"	"GO:0061383"	"morphogenesis/development"	"0.883819303196288"
"9885"	"GO:0061384"	"morphogenesis/development"	"0.886667934606072"
"9886"	"GO:0061386"	"morphogenesis/development"	"0.940394447195034"
"9887"	"GO:0061387"	"neural related process"	"0.559779322593243"
"9888"	"GO:0061430"	"morphogenesis/development"	"+"
"9889"	"GO:0061431"	"response to stimulus"	"0.607428537830755"
"9890"	"GO:0061433"	"stress response"	"0.888866414998455"
"9891"	"GO:0061436"	"multicellular organismal process"	"+"
"9892"	"GO:0061437"	"morphogenesis/development"	"+"
"9893"	"GO:0061438"	"morphogenesis/development"	"0.924861196162411"
"9894"	"GO:0061439"	"morphogenesis/development"	"0.980880103461446"
"9895"	"GO:0061440"	"morphogenesis/development"	"+"
"9896"	"GO:0061441"	"morphogenesis/development"	"0.859316256234959"
"9897"	"GO:0061443"	"morphogenesis/development"	"0.937614031754739"
"9898"	"GO:0061444"	"morphogenesis/development"	"0.971985284843571"
"9899"	"GO:0061445"	"morphogenesis/development"	"0.899429939818307"
"9900"	"GO:0061448"	"morphogenesis/development"	"+"
"9901"	"GO:0061450"	"morphogenesis/development"	"0.821623843701499"
"9902"	"GO:0061451"	"neural related process"	"0.607808211221003"
"9903"	"GO:0061452"	"neural related process"	"0.946606064030173"
"9904"	"GO:0061458"	"morphogenesis/development"	"0.970065310029215"
"9905"	"GO:0061462"	"ER/endosome/lysosome related process"	"+"
"9906"	"GO:0061469"	"cell cycle"	"0.746486051771677"
"9907"	"GO:0061470"	"immune system process"	"0.943441004260577"
"9908"	"GO:0061481"	"response to stimulus"	"0.811759302284118"
"9909"	"GO:0061484"	"multicellular organismal process"	"0.769478201213158"
"9910"	"GO:0061485"	"immune system process"	"0.820386935542029"
"9911"	"GO:0061511"	"cell cycle"	"0.968075586982177"
"9912"	"GO:0061512"	"transport"	"+"
"9913"	"GO:0061514"	"receptor related process"	"0.81459794683634"
"9914"	"GO:0061515"	"immune system process"	"+"
"9915"	"GO:0061516"	"immune system process"	"0.648200880204756"
"9916"	"GO:0061517"	"immune system process"	"0.781532157905713"
"9917"	"GO:0061518"	"immune system process"	"0.581842085579581"
"9918"	"GO:0061519"	"immune system process"	"0.783331456603841"
"9919"	"GO:0061520"	"neural related process"	"0.421077118729392"
"9920"	"GO:0061523"	"cellular component organization"	"0.905867024270759"
"9921"	"GO:0061525"	"morphogenesis/development"	"0.977633989515137"
"9922"	"GO:0061526"	"neural related process"	"0.500757186632976"
"9923"	"GO:0061528"	"transport"	"0.852505382502456"
"9924"	"GO:0061534"	"transport"	"0.346401709967817"
"9925"	"GO:0061535"	"transport"	"0.372225934823157"
"9926"	"GO:0061548"	"morphogenesis/development"	"0.744372903187312"
"9927"	"GO:0061549"	"neural related process"	"0.677879496851145"
"9928"	"GO:0061550"	"morphogenesis/development"	"0.838759665252936"
"9929"	"GO:0061551"	"morphogenesis/development"	"0.762372399796429"
"9930"	"GO:0061552"	"morphogenesis/development"	"0.675797847317744"
"9931"	"GO:0061564"	"neural related process"	"0.957758383936023"
"9932"	"GO:0061572"	"cellular component organization"	"0.94604436565439"
"9933"	"GO:0061573"	"cellular component organization"	"0.532146002609043"
"9934"	"GO:0061577"	"transport"	"0.68252814287892"
"9935"	"GO:0061580"	"multicellular organismal process"	"0.908498591990288"
"9936"	"GO:0061582"	"multicellular organismal process"	"0.933821636018671"
"9937"	"GO:0061586"	"gene regulation"	"0.875009471352353"
"9938"	"GO:0061588"	"transport"	"0.447435814895221"
"9939"	"GO:0061589"	"transport"	"0.385404165039443"
"9940"	"GO:0061590"	"cellular component organization"	"0.379067932317192"
"9941"	"GO:0061591"	"transport"	"0.452450528444141"
"9942"	"GO:0061611"	"metabolic process"	"0.979556544759969"
"9943"	"GO:0061614"	"gene regulation"	"+"
"9944"	"GO:0061615"	"metabolic process"	"0.960769769606329"
"9945"	"GO:0061620"	"metabolic process"	"+"
"9946"	"GO:0061621"	"metabolic process"	"+"
"9947"	"GO:0061622"	"metabolic process"	"0.943921945901146"
"9948"	"GO:0061623"	"metabolic process"	"0.950091480551124"
"9949"	"GO:0061624"	"metabolic process"	"0.983388699619684"
"9950"	"GO:0061626"	"morphogenesis/development"	"0.896584724802971"
"9951"	"GO:0061629"	"gene regulation"	"+"
"9952"	"GO:0061630"	"protein modification/signaling"	"+"
"9953"	"GO:0061635"	"cellular component organization"	"0.57370427045399"
"9954"	"GO:0061640"	"cell cycle"	"0.762625158078258"
"9955"	"GO:0061642"	"neural related process"	"0.557573907068265"
"9956"	"GO:0061643"	"immune system process"	"0.46230544075568"
"9957"	"GO:0061644"	"cellular component organization"	"0.644326851859197"
"9958"	"GO:0061646"	"neural related process"	"0.434113834071507"
"9959"	"GO:0061650"	"metabolic process"	"+"
"9960"	"GO:0061668"	"cellular component organization"	"0.976534018834713"
"9961"	"GO:0061669"	"neural related process"	"0.776873379970911"
"9962"	"GO:0061670"	"neural related process"	"0.71293004768748"
"9963"	"GO:0061682"	"morphogenesis/development"	"0.951106065255621"
"9964"	"GO:0061684"	"metabolic process"	"+"
"9965"	"GO:0061687"	"response to stimulus"	"0.457452367079391"
"9966"	"GO:0061691"	"metabolic process"	"0.431571708674648"
"9967"	"GO:0061692"	"metabolic process"	"0.228132953154683"
"9968"	"GO:0061695"	"protein modification/signaling"	"+"
"9969"	"GO:0061698"	"protein modification/signaling"	"0.77453011608976"
"9970"	"GO:0061709"	"metabolic process"	"0.469870811698541"
"9971"	"GO:0061713"	"morphogenesis/development"	"0.949639313728314"
"9972"	"GO:0061718"	"metabolic process"	"0.955372173862843"
"9973"	"GO:0061723"	"metabolic process"	"0.860615902086128"
"9974"	"GO:0061724"	"metabolic process"	"0.865826711733017"
"9975"	"GO:0061727"	"metabolic process"	"0.991574771005159"
"9976"	"GO:0061733"	"protein modification/signaling"	"+"
"9977"	"GO:0061734"	"cellular component organization"	"0.470002081384126"
"9978"	"GO:0061736"	"cellular component organization"	"0.655735183942246"
"9979"	"GO:0061737"	"receptor related process"	"0.730398257857773"
"9980"	"GO:0061738"	"ER/endosome/lysosome related process"	"0.591141548426314"
"9981"	"GO:0061739"	"metabolic process"	"0.569371213401939"
"9982"	"GO:0061743"	"neural related process"	"0.988995304471703"
"9983"	"GO:0061744"	"neural related process"	"0.86726113019147"
"9984"	"GO:0061753"	"cellular component organization"	"0.30041482135602"
"9985"	"GO:0061756"	"immune system process"	"+"
"9986"	"GO:0061757"	"immune system process"	"0.476410807741832"
"9987"	"GO:0061760"	"immune system process"	"0.512117582526445"
"9988"	"GO:0061762"	"protein modification/signaling"	"0.81647700463373"
"9989"	"GO:0061763"	"cellular component organization"	"0.60061467235387"
"9990"	"GO:0061767"	"multicellular organismal process"	"0.812204991659357"
"9991"	"GO:0061771"	"stress response"	"0.735774156296531"
"9992"	"GO:0061772"	"transport"	"0.851925686625901"
"9993"	"GO:0061789"	"neural related process"	"0.588902529924927"
"9994"	"GO:0061792"	"morphogenesis/development"	"0.801045763430514"
"9995"	"GO:0061795"	"ER/endosome/lysosome related process"	"+"
"9996"	"GO:0061817"	"ER/endosome/lysosome related process"	"0.856972877177318"
"9997"	"GO:0061819"	"cell cycle"	"0.425352072450288"
"9998"	"GO:0061820"	"cell cycle"	"0.680030213755026"
"9999"	"GO:0061824"	"cellular component organization"	"0.898623828473808"
"10000"	"GO:0061833"	"transport"	"0.71676876335959"
"10001"	"GO:0061837"	"receptor related process"	"0.315329092565857"
"10002"	"GO:0061842"	"cellular component organization"	"0.441562523440737"
"10003"	"GO:0061844"	"immune system process"	"+"
"10004"	"GO:0061847"	"response to stimulus"	"0.929604941777462"
"10005"	"GO:0061853"	"neural related process"	"0.227277827996043"
"10006"	"GO:0061855"	"immune system process"	"0.212837080203323"
"10007"	"GO:0061857"	"ER/endosome/lysosome related process"	"0.433563165257566"
"10008"	"GO:0061864"	"transport"	"0.341680596514054"
"10009"	"GO:0061865"	"transport"	"0.239041047443968"
"10010"	"GO:0061868"	"multicellular organismal process"	"0.344240919265541"
"10011"	"GO:0061869"	"multicellular organismal process"	"0.451032768688986"
"10012"	"GO:0061870"	"multicellular organismal process"	"0.377417028244185"
"10013"	"GO:0061872"	"multicellular organismal process"	"0.421137040759666"
"10014"	"GO:0061873"	"multicellular organismal process"	"0.620245212237568"
"10015"	"GO:0061874"	"multicellular organismal process"	"0.404239409181792"
"10016"	"GO:0061880"	"transport"	"0.268590251279167"
"10017"	"GO:0061881"	"ER/endosome/lysosome related process"	"0.273216150474919"
"10018"	"GO:0061884"	"neural related process"	"0.836560010475935"
"10019"	"GO:0061885"	"neural related process"	"0.703542648228703"
"10020"	"GO:0061886"	"neural related process"	"0.825095571659753"
"10021"	"GO:0061888"	"neural related process"	"0.921502403524751"
"10022"	"GO:0061889"	"neural related process"	"0.411240789233045"
"10023"	"GO:0061890"	"neural related process"	"0.581483650033414"
"10024"	"GO:0061900"	"neural related process"	"+"
"10025"	"GO:0061909"	"cellular component organization"	"0.646498182775847"
"10026"	"GO:0061910"	"ER/endosome/lysosome related process"	"0.52680114735359"
"10027"	"GO:0061919"	"metabolic process"	"0.933793521124048"
"10028"	"GO:0061921"	"protein modification/signaling"	"0.632958639422891"
"10029"	"GO:0061930"	"morphogenesis/development"	"0.382027551363509"
"10030"	"GO:0061931"	"cellular component organization"	"0.38722967716012"
"10031"	"GO:0061938"	"ER/endosome/lysosome related process"	"0.959561603002576"
"10032"	"GO:0061939"	"protein modification/signaling"	"0.361094535929386"
"10033"	"GO:0061944"	"protein modification/signaling"	"0.925748074278346"
"10034"	"GO:0061945"	"protein modification/signaling"	"0.946951766862937"
"10035"	"GO:0061951"	"ER/endosome/lysosome related process"	"0.761575148627737"
"10036"	"GO:0061952"	"cell cycle"	"0.485763465628028"
"10037"	"GO:0061956"	"morphogenesis/development"	"0.529539257236916"
"10038"	"GO:0061966"	"morphogenesis/development"	"0.460463044423596"
"10039"	"GO:0061973"	"morphogenesis/development"	"0.938519662274564"
"10040"	"GO:0061974"	"morphogenesis/development"	"0.902091299587278"
"10041"	"GO:0061975"	"morphogenesis/development"	"0.975901403237799"
"10042"	"GO:0061982"	"cell cycle"	"+"
"10043"	"GO:0061983"	"cell cycle"	"0.962145689342257"
"10044"	"GO:0061986"	"gene regulation"	"0.892432744776859"
"10045"	"GO:0061987"	"gene regulation"	"0.738226227439579"
"10046"	"GO:0061999"	"morphogenesis/development"	"0.866298858352136"
"10047"	"GO:0062000"	"morphogenesis/development"	"0.889778622624014"
"10048"	"GO:0062009"	"morphogenesis/development"	"0.94983343046922"
"10049"	"GO:0062012"	"metabolic process"	"+"
"10050"	"GO:0062013"	"metabolic process"	"0.919048153856848"
"10051"	"GO:0062014"	"metabolic process"	"+"
"10052"	"GO:0062023"	"cellular component organization"	"+"
"10053"	"GO:0062025"	"metabolic process"	"0.913811897131004"
"10054"	"GO:0062026"	"metabolic process"	"0.901325597950693"
"10055"	"GO:0062028"	"cellular component organization"	"0.496171414744852"
"10056"	"GO:0062029"	"cellular component organization"	"0.733216534411561"
"10057"	"GO:0062030"	"cellular component organization"	"0.422355749288087"
"10058"	"GO:0062033"	"cell cycle"	"0.980387960473956"
"10059"	"GO:0062035"	"neural related process"	"0.756821627446269"
"10060"	"GO:0062036"	"neural related process"	"0.773580472826195"
"10061"	"GO:0062042"	"morphogenesis/development"	"0.749562343237592"
"10062"	"GO:0062043"	"morphogenesis/development"	"0.833181605145863"
"10063"	"GO:0062044"	"morphogenesis/development"	"0.712371073380842"
"10064"	"GO:0062094"	"morphogenesis/development"	"0.903734866610697"
"10065"	"GO:0062098"	"cell death"	"+"
"10066"	"GO:0062099"	"cell death"	"0.871969330070889"
"10067"	"GO:0062100"	"cell death"	"0.763095787119579"
"10068"	"GO:0062111"	"ER/endosome/lysosome related process"	"0.728603209440238"
"10069"	"GO:0062112"	"metabolic process"	"0.961541556972051"
"10070"	"GO:0062125"	"gene regulation"	"+"
"10071"	"GO:0062126"	"metabolic process"	"0.976340244236772"
"10072"	"GO:0062149"	"neural related process"	"0.941730466429698"
"10073"	"GO:0062170"	"metabolic process"	"0.973062624059839"
"10074"	"GO:0062172"	"metabolic process"	"0.987242644775396"
"10075"	"GO:0062173"	"metabolic process"	"0.968995022255742"
"10076"	"GO:0062175"	"metabolic process"	"0.971323939358913"
"10077"	"GO:0062176"	"gene regulation"	"0.789512072501498"
"10078"	"GO:0062177"	"cellular component organization"	"0.9077197777248"
"10079"	"GO:0062196"	"cellular component organization"	"0.880528917047985"
"10080"	"GO:0062197"	"stress response"	"+"
"10081"	"GO:0062207"	"immune system process"	"+"
"10082"	"GO:0062208"	"immune system process"	"+"
"10083"	"GO:0062232"	"metabolic process"	"0.974910767237115"
"10084"	"GO:0062234"	"metabolic process"	"0.906287483881605"
"10085"	"GO:0062237"	"neural related process"	"0.724437487055982"
"10086"	"GO:0065001"	"morphogenesis/development"	"0.76146014516908"
"10087"	"GO:0065002"	"transport"	"+"
"10088"	"GO:0065003"	"cellular component organization"	"0.8875921210712"
"10089"	"GO:0065004"	"gene regulation"	"+"
"10090"	"GO:0065005"	"cellular component organization"	"0.928266221657423"
"10091"	"GO:0065008"	"other"	"0.332681017528649"
"10092"	"GO:0065009"	"metabolic process"	"0.544140694362837"
"10093"	"GO:0070034"	"cell cycle"	"+"
"10094"	"GO:0070050"	"neural related process"	"+"
"10095"	"GO:0070054"	"gene regulation"	"0.693920352381101"
"10096"	"GO:0070059"	"cell death"	"+"
"10097"	"GO:0070060"	"cellular component organization"	"0.790659086332101"
"10098"	"GO:0070063"	"gene regulation"	"+"
"10099"	"GO:0070064"	"other"	"+"
"10100"	"GO:0070070"	"cellular component organization"	"0.891726057107815"
"10101"	"GO:0070071"	"cellular component organization"	"+"
"10102"	"GO:0070072"	"cellular component organization"	"0.883729428856711"
"10103"	"GO:0070075"	"transport"	"0.485423052608095"
"10104"	"GO:0070085"	"protein modification/signaling"	"0.788713063339472"
"10105"	"GO:0070086"	"transport"	"0.569140263301347"
"10106"	"GO:0070091"	"transport"	"0.52839854135742"
"10107"	"GO:0070092"	"transport"	"0.615424852387494"
"10108"	"GO:0070093"	"transport"	"0.456722932867821"
"10109"	"GO:0070094"	"transport"	"0.473748669314778"
"10110"	"GO:0070098"	"receptor related process"	"+"
"10111"	"GO:0070099"	"receptor related process"	"0.729277483100429"
"10112"	"GO:0070100"	"receptor related process"	"0.639719771282528"
"10113"	"GO:0070101"	"receptor related process"	"0.751476919872555"
"10114"	"GO:0070102"	"immune system process"	"+"
"10115"	"GO:0070103"	"immune system process"	"0.740566133864998"
"10116"	"GO:0070104"	"immune system process"	"0.517981886407409"
"10117"	"GO:0070105"	"immune system process"	"0.665372303819193"
"10118"	"GO:0070106"	"immune system process"	"0.848372593220699"
"10119"	"GO:0070120"	"immune system process"	"0.484748152104595"
"10120"	"GO:0070121"	"morphogenesis/development"	"0.941388057901363"
"10121"	"GO:0070124"	"gene regulation"	"0.618543285330617"
"10122"	"GO:0070125"	"gene regulation"	"0.483981292513666"
"10123"	"GO:0070126"	"gene regulation"	"0.537053070110037"
"10124"	"GO:0070127"	"metabolic process"	"0.916249600354352"
"10125"	"GO:0070129"	"gene regulation"	"0.927713772061707"
"10126"	"GO:0070130"	"gene regulation"	"0.747815986265028"
"10127"	"GO:0070131"	"gene regulation"	"+"
"10128"	"GO:0070141"	"stress response"	"0.692957001065199"
"10129"	"GO:0070142"	"neural related process"	"0.266428984334353"
"10130"	"GO:0070143"	"metabolic process"	"0.775194706073935"
"10131"	"GO:0070145"	"metabolic process"	"0.760604940620622"
"10132"	"GO:0070150"	"metabolic process"	"0.787566452087857"
"10133"	"GO:0070158"	"metabolic process"	"0.632734188479669"
"10134"	"GO:0070159"	"metabolic process"	"0.742677385308595"
"10135"	"GO:0070160"	"cell adhesion"	"+"
"10136"	"GO:0070162"	"transport"	"0.663562197839165"
"10137"	"GO:0070163"	"transport"	"0.826068151101951"
"10138"	"GO:0070164"	"transport"	"0.553318512611911"
"10139"	"GO:0070165"	"transport"	"0.65879004997289"
"10140"	"GO:0070166"	"morphogenesis/development"	"0.914909959994859"
"10141"	"GO:0070167"	"morphogenesis/development"	"+"
"10142"	"GO:0070168"	"morphogenesis/development"	"0.893217729390884"
"10143"	"GO:0070169"	"morphogenesis/development"	"+"
"10144"	"GO:0070170"	"morphogenesis/development"	"0.929265153149964"
"10145"	"GO:0070171"	"morphogenesis/development"	"0.575467500983705"
"10146"	"GO:0070172"	"morphogenesis/development"	"0.881276849343839"
"10147"	"GO:0070173"	"morphogenesis/development"	"0.799759686556318"
"10148"	"GO:0070175"	"morphogenesis/development"	"0.762880912972217"
"10149"	"GO:0070178"	"metabolic process"	"0.972755192649407"
"10150"	"GO:0070179"	"metabolic process"	"0.913327642961314"
"10151"	"GO:0070182"	"cell cycle"	"+"
"10152"	"GO:0070183"	"metabolic process"	"0.682311888813421"
"10153"	"GO:0070184"	"metabolic process"	"0.774789652418836"
"10154"	"GO:0070189"	"metabolic process"	"0.972637669305632"
"10155"	"GO:0070192"	"cell cycle"	"+"
"10156"	"GO:0070193"	"cell cycle"	"0.801460117337448"
"10157"	"GO:0070194"	"cellular component organization"	"0.819065331685422"
"10158"	"GO:0070197"	"cell cycle"	"0.797889943932091"
"10159"	"GO:0070198"	"cell cycle"	"0.671354751419315"
"10160"	"GO:0070199"	"cell cycle"	"0.684600235409326"
"10161"	"GO:0070200"	"cell cycle"	"0.732742277203856"
"10162"	"GO:0070201"	"transport"	"0.762298952494772"
"10163"	"GO:0070202"	"transport"	"0.517479150405209"
"10164"	"GO:0070203"	"transport"	"0.450222233327392"
"10165"	"GO:0070206"	"cellular component organization"	"0.832427597601004"
"10166"	"GO:0070207"	"cellular component organization"	"0.820655384207159"
"10167"	"GO:0070208"	"cellular component organization"	"0.943721047947836"
"10168"	"GO:0070212"	"protein modification/signaling"	"0.848922323009837"
"10169"	"GO:0070213"	"protein modification/signaling"	"0.893113411427509"
"10170"	"GO:0070221"	"metabolic process"	"0.946062557476003"
"10171"	"GO:0070227"	"immune system process"	"+"
"10172"	"GO:0070228"	"immune system process"	"+"
"10173"	"GO:0070229"	"immune system process"	"+"
"10174"	"GO:0070230"	"immune system process"	"0.915529066152557"
"10175"	"GO:0070231"	"immune system process"	"+"
"10176"	"GO:0070232"	"immune system process"	"+"
"10177"	"GO:0070233"	"immune system process"	"+"
"10178"	"GO:0070234"	"immune system process"	"+"
"10179"	"GO:0070235"	"immune system process"	"0.977612420715846"
"10180"	"GO:0070236"	"immune system process"	"0.922031137549941"
"10181"	"GO:0070238"	"immune system process"	"0.368912629360409"
"10182"	"GO:0070239"	"immune system process"	"0.8958934852871"
"10183"	"GO:0070241"	"immune system process"	"0.928777050179523"
"10184"	"GO:0070242"	"cell death"	"+"
"10185"	"GO:0070243"	"immune system process"	"0.626063399192402"
"10186"	"GO:0070244"	"immune system process"	"0.616219349599568"
"10187"	"GO:0070245"	"immune system process"	"0.718883291114892"
"10188"	"GO:0070246"	"cell death"	"0.428394909653818"
"10189"	"GO:0070247"	"immune system process"	"0.713751399273436"
"10190"	"GO:0070252"	"cellular component organization"	"0.451361698440971"
"10191"	"GO:0070253"	"transport"	"0.625823210239989"
"10192"	"GO:0070254"	"multicellular organismal process"	"0.642383457204844"
"10193"	"GO:0070255"	"multicellular organismal process"	"0.754085048300717"
"10194"	"GO:0070256"	"multicellular organismal process"	"0.532158346033973"
"10195"	"GO:0070257"	"multicellular organismal process"	"0.449733572087208"
"10196"	"GO:0070262"	"protein modification/signaling"	"0.86845414771069"
"10197"	"GO:0070266"	"cell death"	"+"
"10198"	"GO:0070268"	"morphogenesis/development"	"0.405615742682894"
"10199"	"GO:0070269"	"stress response"	"0.526836259160056"
"10200"	"GO:0070278"	"transport"	"+"
"10201"	"GO:0070279"	"metabolic process"	"+"
"10202"	"GO:0070285"	"morphogenesis/development"	"0.965848738415746"
"10203"	"GO:0070286"	"cellular component organization"	"0.824316645291281"
"10204"	"GO:0070291"	"metabolic process"	"0.977934887812492"
"10205"	"GO:0070292"	"metabolic process"	"0.966668776725119"
"10206"	"GO:0070293"	"multicellular organismal process"	"0.406666991909635"
"10207"	"GO:0070294"	"transport"	"0.687472218821521"
"10208"	"GO:0070295"	"multicellular organismal process"	"0.562008061219912"
"10209"	"GO:0070296"	"ER/endosome/lysosome related process"	"0.694839651265245"
"10210"	"GO:0070301"	"stress response"	"+"
"10211"	"GO:0070302"	"stress response"	"+"
"10212"	"GO:0070303"	"stress response"	"0.809117325656351"
"10213"	"GO:0070304"	"stress response"	"+"
"10214"	"GO:0070305"	"response to stimulus"	"0.932687824787527"
"10215"	"GO:0070306"	"morphogenesis/development"	"+"
"10216"	"GO:0070307"	"morphogenesis/development"	"0.945954196242481"
"10217"	"GO:0070309"	"morphogenesis/development"	"0.942341837228617"
"10218"	"GO:0070314"	"cell cycle"	"0.520307840833507"
"10219"	"GO:0070315"	"cell cycle"	"0.554154545861114"
"10220"	"GO:0070316"	"cell cycle"	"+"
"10221"	"GO:0070317"	"cell cycle"	"0.947696749184228"
"10222"	"GO:0070318"	"cell cycle"	"0.985912625709648"
"10223"	"GO:0070325"	"receptor related process"	"+"
"10224"	"GO:0070327"	"transport"	"0.801375036252244"
"10225"	"GO:0070328"	"other"	"0.87438569565028"
"10226"	"GO:0070339"	"response to stimulus"	"0.745728786234887"
"10227"	"GO:0070340"	"response to stimulus"	"0.642261278274451"
"10228"	"GO:0070341"	"cell cycle"	"0.724515063777452"
"10229"	"GO:0070342"	"cell cycle"	"0.730082494598556"
"10230"	"GO:0070343"	"cell cycle"	"0.962289924834855"
"10231"	"GO:0070344"	"cell cycle"	"0.83927883462777"
"10232"	"GO:0070345"	"cell cycle"	"0.921627925942614"
"10233"	"GO:0070346"	"cell cycle"	"0.730873215958853"
"10234"	"GO:0070350"	"cell cycle"	"0.939498271412952"
"10235"	"GO:0070352"	"cell cycle"	"0.877517621952229"
"10236"	"GO:0070358"	"response to stimulus"	"0.272175353806459"
"10237"	"GO:0070365"	"morphogenesis/development"	"+"
"10238"	"GO:0070366"	"morphogenesis/development"	"0.884760249865277"
"10239"	"GO:0070367"	"morphogenesis/development"	"0.828579708419374"
"10240"	"GO:0070368"	"morphogenesis/development"	"0.85852897890626"
"10241"	"GO:0070370"	"stress response"	"0.887317778186963"
"10242"	"GO:0070371"	"protein modification/signaling"	"+"
"10243"	"GO:0070372"	"protein modification/signaling"	"+"
"10244"	"GO:0070373"	"protein modification/signaling"	"+"
"10245"	"GO:0070374"	"protein modification/signaling"	"+"
"10246"	"GO:0070375"	"protein modification/signaling"	"0.603019610580722"
"10247"	"GO:0070376"	"protein modification/signaling"	"0.875211935856877"
"10248"	"GO:0070378"	"protein modification/signaling"	"0.825344393606374"
"10249"	"GO:0070383"	"metabolic process"	"0.346192475677684"
"10250"	"GO:0070384"	"morphogenesis/development"	"0.88340282658475"
"10251"	"GO:0070391"	"response to stimulus"	"0.519020592712034"
"10252"	"GO:0070392"	"immune system process"	"0.45205911563225"
"10253"	"GO:0070402"	"metabolic process"	"+"
"10254"	"GO:0070407"	"metabolic process"	"0.944139149970638"
"10255"	"GO:0070408"	"metabolic process"	"0.944414443636543"
"10256"	"GO:0070409"	"metabolic process"	"0.935697221505217"
"10257"	"GO:0070412"	"receptor related process"	"+"
"10258"	"GO:0070413"	"stress response"	"0.67506496392217"
"10259"	"GO:0070417"	"stress response"	"0.96626799896778"
"10260"	"GO:0070424"	"immune system process"	"0.516246235330457"
"10261"	"GO:0070425"	"immune system process"	"0.715898008308608"
"10262"	"GO:0070426"	"immune system process"	"0.60457672626719"
"10263"	"GO:0070427"	"immune system process"	"0.68090772498269"
"10264"	"GO:0070428"	"immune system process"	"0.776572323835684"
"10265"	"GO:0070429"	"immune system process"	"0.625464854015461"
"10266"	"GO:0070430"	"immune system process"	"0.705750299767052"
"10267"	"GO:0070431"	"immune system process"	"+"
"10268"	"GO:0070432"	"immune system process"	"0.723346238877974"
"10269"	"GO:0070433"	"immune system process"	"0.668633161589854"
"10270"	"GO:0070434"	"immune system process"	"0.686352894530524"
"10271"	"GO:0070444"	"cell cycle"	"0.403540877253194"
"10272"	"GO:0070445"	"cell cycle"	"0.616414603175037"
"10273"	"GO:0070446"	"morphogenesis/development"	"0.466359856629781"
"10274"	"GO:0070447"	"neural related process"	"0.639596801441491"
"10275"	"GO:0070453"	"metabolic process"	"0.825612671151558"
"10276"	"GO:0070455"	"metabolic process"	"0.925335985123141"
"10277"	"GO:0070458"	"response to stimulus"	"0.349193598967736"
"10278"	"GO:0070459"	"transport"	"0.579870340531592"
"10279"	"GO:0070460"	"transport"	"0.749743653368132"
"10280"	"GO:0070462"	"cellular component organization"	"0.868903487379615"
"10281"	"GO:0070471"	"multicellular organismal process"	"0.943278592383372"
"10282"	"GO:0070472"	"multicellular organismal process"	"0.944394254634381"
"10283"	"GO:0070473"	"multicellular organismal process"	"0.973328290404909"
"10284"	"GO:0070474"	"multicellular organismal process"	"0.911141664646777"
"10285"	"GO:0070475"	"gene regulation"	"0.590281878703791"
"10286"	"GO:0070476"	"gene regulation"	"0.470941428237799"
"10287"	"GO:0070478"	"gene regulation"	"0.846930973651748"
"10288"	"GO:0070481"	"gene regulation"	"0.817002919870179"
"10289"	"GO:0070482"	"stress response"	"+"
"10290"	"GO:0070483"	"stress response"	"0.525750150183203"
"10291"	"GO:0070486"	"immune system process"	"0.563638186309094"
"10292"	"GO:0070487"	"cell adhesion"	"0.463705321995166"
"10293"	"GO:0070488"	"immune system process"	"0.492160430154746"
"10294"	"GO:0070489"	"immune system process"	"0.551746695552439"
"10295"	"GO:0070493"	"receptor related process"	"+"
"10296"	"GO:0070494"	"receptor related process"	"0.848066356459081"
"10297"	"GO:0070495"	"receptor related process"	"0.797063139362666"
"10298"	"GO:0070498"	"immune system process"	"+"
"10299"	"GO:0070507"	"cellular component organization"	"0.88273524550931"
"10300"	"GO:0070508"	"transport"	"0.896106932012977"
"10301"	"GO:0070509"	"transport"	"0.719030850177303"
"10302"	"GO:0070525"	"metabolic process"	"0.692216175707302"
"10303"	"GO:0070527"	"cell adhesion"	"0.614668606191007"
"10304"	"GO:0070528"	"protein modification/signaling"	"0.728912430852988"
"10305"	"GO:0070534"	"protein modification/signaling"	"+"
"10306"	"GO:0070536"	"protein modification/signaling"	"0.917962047648509"
"10307"	"GO:0070541"	"response to stimulus"	"0.950241886077283"
"10308"	"GO:0070542"	"response to stimulus"	"+"
"10309"	"GO:0070543"	"response to stimulus"	"0.746491910122594"
"10310"	"GO:0070555"	"immune system process"	"+"
"10311"	"GO:0070560"	"transport"	"0.716381083778747"
"10312"	"GO:0070561"	"receptor related process"	"0.797685850027466"
"10313"	"GO:0070562"	"receptor related process"	"0.57820309577939"
"10314"	"GO:0070563"	"protein modification/signaling"	"0.438951688391243"
"10315"	"GO:0070564"	"receptor related process"	"0.55962689575491"
"10316"	"GO:0070570"	"neural related process"	"0.654427797951113"
"10317"	"GO:0070571"	"neural related process"	"0.655323415483682"
"10318"	"GO:0070572"	"neural related process"	"0.812222845747873"
"10319"	"GO:0070574"	"transport"	"0.920419891049434"
"10320"	"GO:0070585"	"transport"	"0.889926903299058"
"10321"	"GO:0070586"	"cell adhesion"	"0.84124961557784"
"10322"	"GO:0070587"	"cell adhesion"	"0.64689382979126"
"10323"	"GO:0070588"	"transport"	"0.817743320765763"
"10324"	"GO:0070593"	"neural related process"	"0.819718838432252"
"10325"	"GO:0070601"	"cell cycle"	"0.972726441918079"
"10326"	"GO:0070602"	"cell cycle"	"0.965463437006103"
"10327"	"GO:0070613"	"protein modification/signaling"	"+"
"10328"	"GO:0070628"	"metabolic process"	"+"
"10329"	"GO:0070633"	"transport"	"+"
"10330"	"GO:0070634"	"transport"	"0.963175284949664"
"10331"	"GO:0070637"	"metabolic process"	"0.974849319579483"
"10332"	"GO:0070638"	"metabolic process"	"0.967641433156062"
"10333"	"GO:0070640"	"metabolic process"	"0.969773446602761"
"10334"	"GO:0070646"	"protein modification/signaling"	"+"
"10335"	"GO:0070647"	"protein modification/signaling"	"0.909732562386114"
"10336"	"GO:0070649"	"cellular component organization"	"0.9740448970288"
"10337"	"GO:0070650"	"cellular component organization"	"0.431945825695858"
"10338"	"GO:0070651"	"metabolic process"	"0.392933751438134"
"10339"	"GO:0070654"	"morphogenesis/development"	"0.843567396477263"
"10340"	"GO:0070661"	"immune system process"	"+"
"10341"	"GO:0070662"	"immune system process"	"0.774648272199831"
"10342"	"GO:0070663"	"immune system process"	"+"
"10343"	"GO:0070664"	"immune system process"	"+"
"10344"	"GO:0070665"	"immune system process"	"+"
"10345"	"GO:0070666"	"immune system process"	"0.630125076311277"
"10346"	"GO:0070667"	"immune system process"	"0.504555812763379"
"10347"	"GO:0070668"	"immune system process"	"0.812448328005955"
"10348"	"GO:0070669"	"immune system process"	"0.862610946157291"
"10349"	"GO:0070670"	"immune system process"	"+"
"10350"	"GO:0070671"	"immune system process"	"0.833667697079819"
"10351"	"GO:0070672"	"immune system process"	"0.892489114826796"
"10352"	"GO:0070673"	"immune system process"	"+"
"10353"	"GO:0070676"	"ER/endosome/lysosome related process"	"0.516973978538465"
"10354"	"GO:0070681"	"metabolic process"	"0.898912383934919"
"10355"	"GO:0070682"	"cellular component organization"	"0.915505255621439"
"10356"	"GO:0070684"	"multicellular organismal process"	"0.52621603399773"
"10357"	"GO:0070715"	"transport"	"0.918450211892501"
"10358"	"GO:0070716"	"stress response"	"0.949043391022235"
"10359"	"GO:0070723"	"response to stimulus"	"0.966561321241835"
"10360"	"GO:0070727"	"transport"	"0.868224506128886"
"10361"	"GO:0070729"	"transport"	"0.836641481571195"
"10362"	"GO:0070730"	"transport"	"0.858174308941699"
"10363"	"GO:0070731"	"transport"	"0.747869701241402"
"10364"	"GO:0070741"	"immune system process"	"+"
"10365"	"GO:0070757"	"receptor related process"	"0.578643550852313"
"10366"	"GO:0070777"	"transport"	"0.91196115309172"
"10367"	"GO:0070778"	"transport"	"0.964881025347018"
"10368"	"GO:0070779"	"transport"	"0.810664992768706"
"10369"	"GO:0070781"	"response to stimulus"	"0.953933805528928"
"10370"	"GO:0070782"	"transport"	"0.386467391432601"
"10371"	"GO:0070783"	"cell cycle"	"0.608934274855189"
"10372"	"GO:0070784"	"cell cycle"	"0.670793198705944"
"10373"	"GO:0070786"	"cell cycle"	"0.507278944342798"
"10374"	"GO:0070813"	"metabolic process"	"0.964503213108984"
"10375"	"GO:0070814"	"metabolic process"	"0.963690100365402"
"10376"	"GO:0070828"	"gene regulation"	"0.870118332035189"
"10377"	"GO:0070830"	"cellular component organization"	"0.81219704211735"
"10378"	"GO:0070831"	"cellular component organization"	"0.650629850140564"
"10379"	"GO:0070836"	"cellular component organization"	"0.744913602005492"
"10380"	"GO:0070837"	"transport"	"0.953882838609919"
"10381"	"GO:0070841"	"cellular component organization"	"0.797155898729538"
"10382"	"GO:0070842"	"cellular component organization"	"0.790819989421243"
"10383"	"GO:0070843"	"ER/endosome/lysosome related process"	"0.870940593697619"
"10384"	"GO:0070844"	"ER/endosome/lysosome related process"	"0.837835816000746"
"10385"	"GO:0070845"	"ER/endosome/lysosome related process"	"0.789802438312172"
"10386"	"GO:0070847"	"gene regulation"	"+"
"10387"	"GO:0070848"	"response to stimulus"	"+"
"10388"	"GO:0070849"	"response to stimulus"	"+"
"10389"	"GO:0070851"	"receptor related process"	"+"
"10390"	"GO:0070857"	"metabolic process"	"0.927977188560469"
"10391"	"GO:0070858"	"metabolic process"	"0.895046106089396"
"10392"	"GO:0070859"	"metabolic process"	"0.883982759770273"
"10393"	"GO:0070861"	"ER/endosome/lysosome related process"	"0.968531080975339"
"10394"	"GO:0070862"	"ER/endosome/lysosome related process"	"0.974624167171238"
"10395"	"GO:0070863"	"ER/endosome/lysosome related process"	"+"
"10396"	"GO:0070873"	"metabolic process"	"0.945164043407583"
"10397"	"GO:0070874"	"metabolic process"	"0.974929174439596"
"10398"	"GO:0070875"	"metabolic process"	"+"
"10399"	"GO:0070881"	"transport"	"0.625845338043907"
"10400"	"GO:0070884"	"protein modification/signaling"	"0.721215657443184"
"10401"	"GO:0070885"	"protein modification/signaling"	"0.801272628651994"
"10402"	"GO:0070886"	"protein modification/signaling"	"0.602903204573045"
"10403"	"GO:0070887"	"response to stimulus"	"0.915476612747789"
"10404"	"GO:0070889"	"cellular component organization"	"0.457684407935468"
"10405"	"GO:0070897"	"gene regulation"	"+"
"10406"	"GO:0070898"	"gene regulation"	"0.886341502267523"
"10407"	"GO:0070899"	"gene regulation"	"0.83460740820472"
"10408"	"GO:0070900"	"gene regulation"	"0.870500276897571"
"10409"	"GO:0070901"	"gene regulation"	"0.515097591183422"
"10410"	"GO:0070902"	"gene regulation"	"0.789594029073748"
"10411"	"GO:0070911"	"stress response"	"0.907034995921194"
"10412"	"GO:0070914"	"stress response"	"0.917306196865223"
"10413"	"GO:0070918"	"gene regulation"	"+"
"10414"	"GO:0070920"	"gene regulation"	"0.959861773702558"
"10415"	"GO:0070921"	"gene regulation"	"0.863812766982478"
"10416"	"GO:0070922"	"cellular component organization"	"0.518078198142252"
"10417"	"GO:0070925"	"cellular component organization"	"+"
"10418"	"GO:0070926"	"transport"	"0.576390728782471"
"10419"	"GO:0070934"	"gene regulation"	"0.888079016651107"
"10420"	"GO:0070935"	"gene regulation"	"0.849499748874461"
"10421"	"GO:0070936"	"protein modification/signaling"	"+"
"10422"	"GO:0070942"	"immune system process"	"0.947842382814942"
"10423"	"GO:0070943"	"immune system process"	"0.616968366717823"
"10424"	"GO:0070944"	"immune system process"	"0.53519155562044"
"10425"	"GO:0070945"	"immune system process"	"0.620927840574887"
"10426"	"GO:0070946"	"immune system process"	"0.481185177920881"
"10427"	"GO:0070947"	"immune system process"	"0.409379528959931"
"10428"	"GO:0070948"	"immune system process"	"0.977799151404906"
"10429"	"GO:0070949"	"immune system process"	"0.845816982915113"
"10430"	"GO:0070950"	"immune system process"	"0.76413493068359"
"10431"	"GO:0070951"	"immune system process"	"0.821738005864545"
"10432"	"GO:0070953"	"immune system process"	"0.747470836591124"
"10433"	"GO:0070960"	"immune system process"	"0.950053845594128"
"10434"	"GO:0070961"	"immune system process"	"0.773964137912021"
"10435"	"GO:0070962"	"immune system process"	"0.767778554200008"
"10436"	"GO:0070963"	"immune system process"	"0.838704900840097"
"10437"	"GO:0070965"	"immune system process"	"0.755476486635252"
"10438"	"GO:0070966"	"gene regulation"	"0.878803642722398"
"10439"	"GO:0070971"	"ER/endosome/lysosome related process"	"+"
"10440"	"GO:0070972"	"ER/endosome/lysosome related process"	"+"
"10441"	"GO:0070973"	"ER/endosome/lysosome related process"	"0.97911418826182"
"10442"	"GO:0070977"	"morphogenesis/development"	"0.932763734812485"
"10443"	"GO:0070979"	"protein modification/signaling"	"+"
"10444"	"GO:0070980"	"metabolic process"	"0.956290541998813"
"10445"	"GO:0070981"	"metabolic process"	"0.93381934966146"
"10446"	"GO:0070982"	"metabolic process"	"0.951282772329676"
"10447"	"GO:0070986"	"morphogenesis/development"	"0.741586543819744"
"10448"	"GO:0070987"	"stress response"	"0.749710940165518"
"10449"	"GO:0070988"	"protein modification/signaling"	"+"
"10450"	"GO:0070989"	"metabolic process"	"+"
"10451"	"GO:0070994"	"stress response"	"0.860953088850206"
"10452"	"GO:0070995"	"metabolic process"	"0.966002192381251"
"10453"	"GO:0071000"	"response to stimulus"	"0.849209344929591"
"10454"	"GO:0071005"	"gene regulation"	"+"
"10455"	"GO:0071007"	"gene regulation"	"+"
"10456"	"GO:0071011"	"gene regulation"	"+"
"10457"	"GO:0071013"	"gene regulation"	"+"
"10458"	"GO:0071025"	"metabolic process"	"0.48969951407239"
"10459"	"GO:0071026"	"metabolic process"	"0.511890457093313"
"10460"	"GO:0071027"	"metabolic process"	"0.678820842826255"
"10461"	"GO:0071028"	"gene regulation"	"0.939665251348337"
"10462"	"GO:0071031"	"gene regulation"	"0.850990784365522"
"10463"	"GO:0071034"	"metabolic process"	"0.743175515043672"
"10464"	"GO:0071035"	"metabolic process"	"0.823374980286068"
"10465"	"GO:0071036"	"metabolic process"	"0.520723753060948"
"10466"	"GO:0071037"	"metabolic process"	"0.571133000014893"
"10467"	"GO:0071038"	"metabolic process"	"0.456980461863958"
"10468"	"GO:0071039"	"gene regulation"	"0.618059404617179"
"10469"	"GO:0071040"	"gene regulation"	"0.548052442518783"
"10470"	"GO:0071041"	"gene regulation"	"0.709113895341248"
"10471"	"GO:0071042"	"gene regulation"	"0.85279456376801"
"10472"	"GO:0071043"	"metabolic process"	"0.498715718962165"
"10473"	"GO:0071044"	"gene regulation"	"0.955013572270483"
"10474"	"GO:0071045"	"gene regulation"	"0.852931412624197"
"10475"	"GO:0071046"	"metabolic process"	"0.547147523683977"
"10476"	"GO:0071047"	"gene regulation"	"0.778042584724996"
"10477"	"GO:0071051"	"gene regulation"	"0.644499911589399"
"10478"	"GO:0071071"	"metabolic process"	"+"
"10479"	"GO:0071072"	"metabolic process"	"0.903707810861557"
"10480"	"GO:0071073"	"metabolic process"	"0.897468281679755"
"10481"	"GO:0071076"	"gene regulation"	"0.84716350243671"
"10482"	"GO:0071103"	"cell cycle"	"+"
"10483"	"GO:0071104"	"immune system process"	"0.748377509198586"
"10484"	"GO:0071105"	"response to stimulus"	"0.529827610649792"
"10485"	"GO:0071106"	"transport"	"0.811723840290118"
"10486"	"GO:0071107"	"response to stimulus"	"0.946655186375172"
"10487"	"GO:0071108"	"protein modification/signaling"	"0.91894184348148"
"10488"	"GO:0071109"	"morphogenesis/development"	"0.895308002563134"
"10489"	"GO:0071139"	"cell cycle"	"0.941407733122147"
"10490"	"GO:0071140"	"cell cycle"	"0.96291461465511"
"10491"	"GO:0071163"	"cell cycle"	"0.580456854529397"
"10492"	"GO:0071166"	"transport"	"0.835860797441301"
"10493"	"GO:0071168"	"transport"	"0.478987974553717"
"10494"	"GO:0071169"	"transport"	"0.544468512340166"
"10495"	"GO:0071173"	"cell cycle"	"+"
"10496"	"GO:0071174"	"cell cycle"	"+"
"10497"	"GO:0071205"	"transport"	"0.384063815581062"
"10498"	"GO:0071206"	"ER/endosome/lysosome related process"	"0.716101157642866"
"10499"	"GO:0071211"	"transport"	"0.395906279178683"
"10500"	"GO:0071214"	"response to stimulus"	"+"
"10501"	"GO:0071215"	"response to stimulus"	"0.860042803579782"
"10502"	"GO:0071216"	"response to stimulus"	"+"
"10503"	"GO:0071217"	"response to stimulus"	"0.845995092208646"
"10504"	"GO:0071218"	"stress response"	"0.751156789276762"
"10505"	"GO:0071219"	"immune system process"	"+"
"10506"	"GO:0071220"	"response to stimulus"	"0.763197427991894"
"10507"	"GO:0071221"	"response to stimulus"	"0.734540114735003"
"10508"	"GO:0071222"	"immune system process"	"+"
"10509"	"GO:0071223"	"response to stimulus"	"0.439386544805117"
"10510"	"GO:0071224"	"response to stimulus"	"0.469989066361481"
"10511"	"GO:0071225"	"response to stimulus"	"0.95397347878318"
"10512"	"GO:0071226"	"response to stimulus"	"0.549636180524061"
"10513"	"GO:0071228"	"response to stimulus"	"0.964693931267762"
"10514"	"GO:0071229"	"response to stimulus"	"0.904434223123782"
"10515"	"GO:0071230"	"response to stimulus"	"0.938268110963753"
"10516"	"GO:0071231"	"response to stimulus"	"0.804659550821361"
"10517"	"GO:0071233"	"response to stimulus"	"0.820764266480079"
"10518"	"GO:0071236"	"response to stimulus"	"0.785140961671009"
"10519"	"GO:0071242"	"response to stimulus"	"0.949727478917458"
"10520"	"GO:0071243"	"response to stimulus"	"+"
"10521"	"GO:0071244"	"response to stimulus"	"0.911314075207692"
"10522"	"GO:0071248"	"response to stimulus"	"+"
"10523"	"GO:0071257"	"response to stimulus"	"0.78738528637034"
"10524"	"GO:0071258"	"response to stimulus"	"0.73555353337598"
"10525"	"GO:0071259"	"response to stimulus"	"0.514468213695119"
"10526"	"GO:0071260"	"response to stimulus"	"+"
"10527"	"GO:0071262"	"gene regulation"	"0.428609411984496"
"10528"	"GO:0071264"	"gene regulation"	"0.553155628844325"
"10529"	"GO:0071265"	"metabolic process"	"0.900995331237256"
"10530"	"GO:0071266"	"metabolic process"	"0.809934974196562"
"10531"	"GO:0071267"	"metabolic process"	"0.82407819796802"
"10532"	"GO:0071275"	"response to stimulus"	"0.795431822409594"
"10533"	"GO:0071276"	"response to stimulus"	"0.940853248457017"
"10534"	"GO:0071277"	"response to stimulus"	"0.830257287127596"
"10535"	"GO:0071279"	"response to stimulus"	"0.921807872249684"
"10536"	"GO:0071280"	"response to stimulus"	"0.833272532594752"
"10537"	"GO:0071281"	"response to stimulus"	"0.873994105955987"
"10538"	"GO:0071283"	"response to stimulus"	"0.554022754115595"
"10539"	"GO:0071284"	"response to stimulus"	"0.935659131787319"
"10540"	"GO:0071285"	"response to stimulus"	"0.886322198026764"
"10541"	"GO:0071286"	"response to stimulus"	"0.825825321613523"
"10542"	"GO:0071287"	"stress response"	"0.530337602788865"
"10543"	"GO:0071288"	"response to stimulus"	"0.905905542316563"
"10544"	"GO:0071294"	"response to stimulus"	"0.907163111635086"
"10545"	"GO:0071295"	"response to stimulus"	"0.939927718267573"
"10546"	"GO:0071298"	"response to stimulus"	"0.83572394411269"
"10547"	"GO:0071300"	"response to stimulus"	"+"
"10548"	"GO:0071301"	"response to stimulus"	"0.7110419632729"
"10549"	"GO:0071305"	"response to stimulus"	"0.938375468345139"
"10550"	"GO:0071306"	"response to stimulus"	"0.923729494601569"
"10551"	"GO:0071307"	"response to stimulus"	"0.781187482839605"
"10552"	"GO:0071312"	"response to stimulus"	"0.705783808482966"
"10553"	"GO:0071313"	"response to stimulus"	"0.744047528697703"
"10554"	"GO:0071314"	"response to stimulus"	"0.937384998336727"
"10555"	"GO:0071315"	"response to stimulus"	"0.797745230962783"
"10556"	"GO:0071316"	"response to stimulus"	"0.807622947804342"
"10557"	"GO:0071317"	"response to stimulus"	"0.569232303241143"
"10558"	"GO:0071318"	"response to stimulus"	"0.919996179802905"
"10559"	"GO:0071320"	"response to stimulus"	"+"
"10560"	"GO:0071321"	"response to stimulus"	"0.961146443775983"
"10561"	"GO:0071322"	"response to stimulus"	"0.796521321310638"
"10562"	"GO:0071324"	"response to stimulus"	"0.857050207553458"
"10563"	"GO:0071326"	"response to stimulus"	"0.812647294255522"
"10564"	"GO:0071329"	"response to stimulus"	"0.858031835308558"
"10565"	"GO:0071331"	"response to stimulus"	"0.82844304646897"
"10566"	"GO:0071332"	"response to stimulus"	"0.859184053762162"
"10567"	"GO:0071333"	"response to stimulus"	"0.65329341475519"
"10568"	"GO:0071335"	"cell cycle"	"0.990553383056823"
"10569"	"GO:0071336"	"cell cycle"	"0.959021069379377"
"10570"	"GO:0071338"	"cell cycle"	"0.950860244036712"
"10571"	"GO:0071340"	"cellular component organization"	"0.339654332749377"
"10572"	"GO:0071344"	"metabolic process"	"0.8717442061777"
"10573"	"GO:0071345"	"immune system process"	"+"
"10574"	"GO:0071346"	"immune system process"	"+"
"10575"	"GO:0071347"	"immune system process"	"+"
"10576"	"GO:0071348"	"immune system process"	"0.663507886760845"
"10577"	"GO:0071349"	"immune system process"	"0.863290806237357"
"10578"	"GO:0071350"	"immune system process"	"0.89812640004011"
"10579"	"GO:0071351"	"immune system process"	"0.937503907922971"
"10580"	"GO:0071352"	"immune system process"	"0.818821526346851"
"10581"	"GO:0071353"	"immune system process"	"+"
"10582"	"GO:0071354"	"immune system process"	"+"
"10583"	"GO:0071355"	"immune system process"	"0.751187817293221"
"10584"	"GO:0071356"	"immune system process"	"+"
"10585"	"GO:0071357"	"immune system process"	"+"
"10586"	"GO:0071358"	"immune system process"	"0.963626475305844"
"10587"	"GO:0071359"	"immune system process"	"+"
"10588"	"GO:0071360"	"immune system process"	"0.857986812196972"
"10589"	"GO:0071361"	"response to stimulus"	"0.951382628955701"
"10590"	"GO:0071362"	"response to stimulus"	"0.769274326575212"
"10591"	"GO:0071363"	"response to stimulus"	"+"
"10592"	"GO:0071364"	"response to stimulus"	"+"
"10593"	"GO:0071370"	"response to stimulus"	"0.919263404549926"
"10594"	"GO:0071371"	"response to stimulus"	"0.953740755409166"
"10595"	"GO:0071372"	"response to stimulus"	"0.923227039191156"
"10596"	"GO:0071373"	"response to stimulus"	"0.936711604630689"
"10597"	"GO:0071374"	"response to stimulus"	"0.955416134806706"
"10598"	"GO:0071375"	"response to stimulus"	"+"
"10599"	"GO:0071376"	"response to stimulus"	"0.732574441057747"
"10600"	"GO:0071377"	"response to stimulus"	"0.943100279771153"
"10601"	"GO:0071378"	"response to stimulus"	"0.877997307839554"
"10602"	"GO:0071379"	"response to stimulus"	"0.947255455433151"
"10603"	"GO:0071380"	"response to stimulus"	"+"
"10604"	"GO:0071383"	"response to stimulus"	"0.903113154715833"
"10605"	"GO:0071384"	"response to stimulus"	"+"
"10606"	"GO:0071385"	"response to stimulus"	"+"
"10607"	"GO:0071386"	"response to stimulus"	"0.691409381294103"
"10608"	"GO:0071387"	"response to stimulus"	"0.812508428713849"
"10609"	"GO:0071389"	"response to stimulus"	"0.891544608754995"
"10610"	"GO:0071391"	"response to stimulus"	"+"
"10611"	"GO:0071392"	"response to stimulus"	"0.918770352288678"
"10612"	"GO:0071393"	"response to stimulus"	"0.912940473674243"
"10613"	"GO:0071394"	"response to stimulus"	"0.944075492839433"
"10614"	"GO:0071395"	"response to stimulus"	"0.877839121972526"
"10615"	"GO:0071396"	"response to stimulus"	"+"
"10616"	"GO:0071397"	"response to stimulus"	"0.939851982072544"
"10617"	"GO:0071398"	"response to stimulus"	"+"
"10618"	"GO:0071400"	"response to stimulus"	"0.864896313694534"
"10619"	"GO:0071401"	"response to stimulus"	"0.816920640155903"
"10620"	"GO:0071402"	"response to stimulus"	"+"
"10621"	"GO:0071403"	"response to stimulus"	"0.80743905704261"
"10622"	"GO:0071404"	"response to stimulus"	"0.911651563704598"
"10623"	"GO:0071407"	"response to stimulus"	"+"
"10624"	"GO:0071409"	"response to stimulus"	"0.489719493648584"
"10625"	"GO:0071412"	"response to stimulus"	"0.883811820791779"
"10626"	"GO:0071413"	"response to stimulus"	"0.882580572901286"
"10627"	"GO:0071415"	"response to stimulus"	"0.867863007159614"
"10628"	"GO:0071418"	"response to stimulus"	"0.854010352306305"
"10629"	"GO:0071420"	"response to stimulus"	"0.651842857966189"
"10630"	"GO:0071421"	"transport"	"0.879839125340849"
"10631"	"GO:0071422"	"transport"	"0.979484797665563"
"10632"	"GO:0071423"	"transport"	"0.957598360589174"
"10633"	"GO:0071425"	"cell cycle"	"0.561732852731875"
"10634"	"GO:0071444"	"response to stimulus"	"0.898118690110283"
"10635"	"GO:0071447"	"stress response"	"0.900189391080416"
"10636"	"GO:0071449"	"stress response"	"0.93665302901353"
"10637"	"GO:0071450"	"stress response"	"0.829233014863244"
"10638"	"GO:0071451"	"stress response"	"0.95489486966117"
"10639"	"GO:0071453"	"stress response"	"+"
"10640"	"GO:0071454"	"stress response"	"0.815152098970413"
"10641"	"GO:0071455"	"stress response"	"0.922302789414401"
"10642"	"GO:0071456"	"stress response"	"+"
"10643"	"GO:0071459"	"cellular component organization"	"+"
"10644"	"GO:0071461"	"stress response"	"0.469678542359885"
"10645"	"GO:0071462"	"response to stimulus"	"0.738701618048532"
"10646"	"GO:0071464"	"stress response"	"0.621312187723916"
"10647"	"GO:0071466"	"response to stimulus"	"+"
"10648"	"GO:0071467"	"response to stimulus"	"0.723014406243302"
"10649"	"GO:0071468"	"response to stimulus"	"0.405866529877329"
"10650"	"GO:0071469"	"response to stimulus"	"0.761489888889669"
"10651"	"GO:0071470"	"stress response"	"+"
"10652"	"GO:0071471"	"stress response"	"0.849124477901164"
"10653"	"GO:0071472"	"stress response"	"0.881866573779846"
"10654"	"GO:0071474"	"stress response"	"0.91538147228278"
"10655"	"GO:0071475"	"stress response"	"0.907032339489082"
"10656"	"GO:0071476"	"stress response"	"0.874928492759258"
"10657"	"GO:0071477"	"stress response"	"0.722597869794937"
"10658"	"GO:0071478"	"response to stimulus"	"0.600426401457046"
"10659"	"GO:0071479"	"stress response"	"+"
"10660"	"GO:0071480"	"stress response"	"0.851180828136218"
"10661"	"GO:0071481"	"stress response"	"0.861820607856335"
"10662"	"GO:0071482"	"response to stimulus"	"+"
"10663"	"GO:0071483"	"response to stimulus"	"0.689454102547572"
"10664"	"GO:0071484"	"response to stimulus"	"0.683595822511773"
"10665"	"GO:0071485"	"response to stimulus"	"0.776277090849474"
"10666"	"GO:0071486"	"response to stimulus"	"0.650910259865015"
"10667"	"GO:0071492"	"stress response"	"0.766691342409721"
"10668"	"GO:0071493"	"stress response"	"0.838363263595059"
"10669"	"GO:0071494"	"stress response"	"0.8005995148951"
"10670"	"GO:0071495"	"response to stimulus"	"0.946438439587341"
"10671"	"GO:0071496"	"response to stimulus"	"+"
"10672"	"GO:0071498"	"stress response"	"+"
"10673"	"GO:0071499"	"stress response"	"0.921667563598788"
"10674"	"GO:0071500"	"stress response"	"0.831974405154193"
"10675"	"GO:0071501"	"stress response"	"+"
"10676"	"GO:0071502"	"response to stimulus"	"0.478714527998012"
"10677"	"GO:0071503"	"response to stimulus"	"0.931038715722401"
"10678"	"GO:0071504"	"response to stimulus"	"0.910416104499704"
"10679"	"GO:0071505"	"response to stimulus"	"0.811465498370295"
"10680"	"GO:0071506"	"response to stimulus"	"0.783787151012529"
"10681"	"GO:0071514"	"gene regulation"	"0.44464347392721"
"10682"	"GO:0071526"	"neural related process"	"0.256117615443955"
"10683"	"GO:0071528"	"transport"	"0.420248912623792"
"10684"	"GO:0071529"	"morphogenesis/development"	"0.744147936715096"
"10685"	"GO:0071539"	"transport"	"+"
"10686"	"GO:0071542"	"neural related process"	"0.59153588550591"
"10687"	"GO:0071543"	"metabolic process"	"0.968856740283722"
"10688"	"GO:0071544"	"metabolic process"	"0.965597769564332"
"10689"	"GO:0071545"	"metabolic process"	"0.959789767405844"
"10690"	"GO:0071548"	"response to stimulus"	"+"
"10691"	"GO:0071549"	"response to stimulus"	"+"
"10692"	"GO:0071550"	"cellular component organization"	"0.471443755030417"
"10693"	"GO:0071559"	"immune system process"	"+"
"10694"	"GO:0071560"	"immune system process"	"+"
"10695"	"GO:0071569"	"protein modification/signaling"	"0.905921099164135"
"10696"	"GO:0071573"	"cellular component organization"	"0.850902253380354"
"10697"	"GO:0071577"	"transport"	"0.953654168456744"
"10698"	"GO:0071578"	"transport"	"0.685762269972614"
"10699"	"GO:0071579"	"transport"	"0.67936774474769"
"10700"	"GO:0071580"	"transport"	"0.669751020558508"
"10701"	"GO:0071581"	"transport"	"0.483213018712141"
"10702"	"GO:0071582"	"transport"	"0.711245757763524"
"10703"	"GO:0071583"	"transport"	"0.4934544330488"
"10704"	"GO:0071584"	"transport"	"0.62274709397245"
"10705"	"GO:0071585"	"transport"	"0.43985356507999"
"10706"	"GO:0071586"	"protein modification/signaling"	"0.861304129902508"
"10707"	"GO:0071588"	"immune system process"	"0.303891709354763"
"10708"	"GO:0071593"	"immune system process"	"0.629662679487497"
"10709"	"GO:0071596"	"metabolic process"	"0.898331114177847"
"10710"	"GO:0071599"	"morphogenesis/development"	"0.9684679079226"
"10711"	"GO:0071600"	"morphogenesis/development"	"0.949367502473258"
"10712"	"GO:0071602"	"metabolic process"	"0.894539770607601"
"10713"	"GO:0071603"	"cell adhesion"	"0.806602586216968"
"10714"	"GO:0071604"	"immune system process"	"+"
"10715"	"GO:0071605"	"immune system process"	"0.940726557253172"
"10716"	"GO:0071606"	"immune system process"	"0.905291535025229"
"10717"	"GO:0071608"	"immune system process"	"0.918058282334586"
"10718"	"GO:0071609"	"immune system process"	"0.967171959275107"
"10719"	"GO:0071610"	"immune system process"	"0.919797834860218"
"10720"	"GO:0071611"	"immune system process"	"0.952973906038825"
"10721"	"GO:0071612"	"immune system process"	"0.966973290214497"
"10722"	"GO:0071613"	"immune system process"	"0.956789372666344"
"10723"	"GO:0071616"	"metabolic process"	"0.974084855253998"
"10724"	"GO:0071617"	"metabolic process"	"+"
"10725"	"GO:0071621"	"immune system process"	"+"
"10726"	"GO:0071622"	"immune system process"	"+"
"10727"	"GO:0071623"	"immune system process"	"0.951646682270321"
"10728"	"GO:0071624"	"immune system process"	"0.974175866245368"
"10729"	"GO:0071625"	"neural related process"	"0.956700298033793"
"10730"	"GO:0071626"	"multicellular organismal process"	"0.551321042782852"
"10731"	"GO:0071629"	"ER/endosome/lysosome related process"	"0.466712924210292"
"10732"	"GO:0071630"	"metabolic process"	"0.371149661911884"
"10733"	"GO:0071634"	"immune system process"	"+"
"10734"	"GO:0071635"	"immune system process"	"+"
"10735"	"GO:0071636"	"immune system process"	"+"
"10736"	"GO:0071637"	"immune system process"	"0.910344120013342"
"10737"	"GO:0071638"	"immune system process"	"0.942761339750241"
"10738"	"GO:0071639"	"immune system process"	"0.919520486547083"
"10739"	"GO:0071640"	"immune system process"	"0.947484735766474"
"10740"	"GO:0071641"	"immune system process"	"0.929005027077488"
"10741"	"GO:0071642"	"immune system process"	"0.791734315257595"
"10742"	"GO:0071643"	"immune system process"	"0.921848331978964"
"10743"	"GO:0071644"	"immune system process"	"0.921749919328203"
"10744"	"GO:0071649"	"immune system process"	"0.939345772092625"
"10745"	"GO:0071650"	"immune system process"	"0.942710747984578"
"10746"	"GO:0071651"	"immune system process"	"0.930380784118708"
"10747"	"GO:0071652"	"immune system process"	"0.914318593884912"
"10748"	"GO:0071654"	"immune system process"	"0.910168973950422"
"10749"	"GO:0071655"	"immune system process"	"0.924029430434231"
"10750"	"GO:0071656"	"immune system process"	"0.929032006831141"
"10751"	"GO:0071657"	"immune system process"	"0.898192922582957"
"10752"	"GO:0071658"	"immune system process"	"0.973651166572849"
"10753"	"GO:0071659"	"immune system process"	"0.972750816047342"
"10754"	"GO:0071660"	"immune system process"	"0.964102378148602"
"10755"	"GO:0071661"	"immune system process"	"0.983637280300293"
"10756"	"GO:0071663"	"immune system process"	"0.966145523654943"
"10757"	"GO:0071670"	"response to stimulus"	"0.522952970402404"
"10758"	"GO:0071671"	"immune system process"	"0.497840232123543"
"10759"	"GO:0071672"	"immune system process"	"0.427954490725368"
"10760"	"GO:0071673"	"immune system process"	"0.46423405268953"
"10761"	"GO:0071674"	"immune system process"	"+"
"10762"	"GO:0071675"	"immune system process"	"+"
"10763"	"GO:0071676"	"immune system process"	"0.924140659444521"
"10764"	"GO:0071677"	"immune system process"	"+"
"10765"	"GO:0071678"	"neural related process"	"0.923474563345257"
"10766"	"GO:0071679"	"neural related process"	"+"
"10767"	"GO:0071680"	"response to stimulus"	"0.920395026640546"
"10768"	"GO:0071681"	"response to stimulus"	"0.889514858978122"
"10769"	"GO:0071684"	"morphogenesis/development"	"0.815314972396655"
"10770"	"GO:0071688"	"cellular component organization"	"0.942630386374762"
"10771"	"GO:0071691"	"cellular component organization"	"0.965148226678694"
"10772"	"GO:0071692"	"transport"	"0.853367892883139"
"10773"	"GO:0071693"	"transport"	"0.551496107633952"
"10774"	"GO:0071694"	"ER/endosome/lysosome related process"	"0.235026088646661"
"10775"	"GO:0071695"	"morphogenesis/development"	"+"
"10776"	"GO:0071696"	"morphogenesis/development"	"+"
"10777"	"GO:0071697"	"morphogenesis/development"	"0.956499047526151"
"10778"	"GO:0071698"	"morphogenesis/development"	"0.988407188127855"
"10779"	"GO:0071699"	"morphogenesis/development"	"0.94899172187961"
"10780"	"GO:0071705"	"transport"	"+"
"10781"	"GO:0071706"	"immune system process"	"+"
"10782"	"GO:0071707"	"immune system process"	"0.824071371279046"
"10783"	"GO:0071709"	"cellular component organization"	"0.943587986665323"
"10784"	"GO:0071711"	"cellular component organization"	"+"
"10785"	"GO:0071715"	"transport"	"0.748468735027099"
"10786"	"GO:0071716"	"transport"	"0.496259845194752"
"10787"	"GO:0071724"	"response to stimulus"	"0.801871696122264"
"10788"	"GO:0071725"	"response to stimulus"	"0.832264810762892"
"10789"	"GO:0071726"	"response to stimulus"	"0.713184033754034"
"10790"	"GO:0071727"	"response to stimulus"	"0.744035568772703"
"10791"	"GO:0071731"	"response to stimulus"	"0.56568103037836"
"10792"	"GO:0071732"	"response to stimulus"	"0.706679302488863"
"10793"	"GO:0071763"	"cellular component organization"	"0.865505300331252"
"10794"	"GO:0071765"	"cellular component organization"	"0.926330815148664"
"10795"	"GO:0071772"	"response to stimulus"	"+"
"10796"	"GO:0071773"	"response to stimulus"	"0.942209340251435"
"10797"	"GO:0071774"	"response to stimulus"	"+"
"10798"	"GO:0071786"	"ER/endosome/lysosome related process"	"+"
"10799"	"GO:0071787"	"ER/endosome/lysosome related process"	"0.689444850585703"
"10800"	"GO:0071788"	"ER/endosome/lysosome related process"	"0.836616860572379"
"10801"	"GO:0071798"	"response to stimulus"	"0.905338769284155"
"10802"	"GO:0071799"	"response to stimulus"	"0.865931348120758"
"10803"	"GO:0071800"	"cellular component organization"	"0.891401597801304"
"10804"	"GO:0071801"	"cellular component organization"	"0.976552641475356"
"10805"	"GO:0071803"	"cellular component organization"	"0.951649089094927"
"10806"	"GO:0071805"	"transport"	"0.802625531409957"
"10807"	"GO:0071806"	"transport"	"0.954186879580011"
"10808"	"GO:0071812"	"immune system process"	"0.253805684644355"
"10809"	"GO:0071816"	"ER/endosome/lysosome related process"	"0.712782012006199"
"10810"	"GO:0071824"	"cell cycle"	"0.913917083741507"
"10811"	"GO:0071825"	"cellular component organization"	"0.854075056774673"
"10812"	"GO:0071826"	"cellular component organization"	"+"
"10813"	"GO:0071827"	"cellular component organization"	"0.586374532953888"
"10814"	"GO:0071830"	"multicellular organismal process"	"0.913888652134327"
"10815"	"GO:0071831"	"multicellular organismal process"	"0.833635161811654"
"10816"	"GO:0071838"	"cell cycle"	"0.942419889469921"
"10817"	"GO:0071839"	"cell death"	"0.948343629534626"
"10818"	"GO:0071846"	"cellular component organization"	"0.689459045070918"
"10819"	"GO:0071855"	"neural related process"	"+"
"10820"	"GO:0071863"	"cell cycle"	"0.922720004678405"
"10821"	"GO:0071864"	"cell cycle"	"0.812092865857188"
"10822"	"GO:0071865"	"cell death"	"0.788228220349098"
"10823"	"GO:0071866"	"cell death"	"0.858859277898859"
"10824"	"GO:0071867"	"response to stimulus"	"0.935801178762371"
"10825"	"GO:0071868"	"response to stimulus"	"+"
"10826"	"GO:0071869"	"response to stimulus"	"0.935042694511687"
"10827"	"GO:0071870"	"response to stimulus"	"0.939202830079921"
"10828"	"GO:0071871"	"response to stimulus"	"0.471914905274771"
"10829"	"GO:0071872"	"response to stimulus"	"0.565672113513742"
"10830"	"GO:0071873"	"response to stimulus"	"0.81692337249243"
"10831"	"GO:0071874"	"response to stimulus"	"0.867132533871203"
"10832"	"GO:0071875"	"receptor related process"	"0.813371350433851"
"10833"	"GO:0071877"	"receptor related process"	"0.870132322557731"
"10834"	"GO:0071878"	"receptor related process"	"0.703167217207133"
"10835"	"GO:0071879"	"receptor related process"	"0.796553677740638"
"10836"	"GO:0071880"	"receptor related process"	"0.802354652666565"
"10837"	"GO:0071881"	"receptor related process"	"0.915539281243066"
"10838"	"GO:0071882"	"receptor related process"	"0.892170390568537"
"10839"	"GO:0071887"	"cell death"	"+"
"10840"	"GO:0071888"	"cell death"	"0.903604909925918"
"10841"	"GO:0071889"	"other"	"+"
"10842"	"GO:0071895"	"morphogenesis/development"	"0.962814625285181"
"10843"	"GO:0071896"	"transport"	"0.727351981106629"
"10844"	"GO:0071897"	"cell cycle"	"+"
"10845"	"GO:0071900"	"protein modification/signaling"	"+"
"10846"	"GO:0071901"	"protein modification/signaling"	"0.944233668337125"
"10847"	"GO:0071902"	"protein modification/signaling"	"+"
"10848"	"GO:0071907"	"multicellular organismal process"	"0.52830748783024"
"10849"	"GO:0071908"	"multicellular organismal process"	"0.464016623041133"
"10850"	"GO:0071909"	"multicellular organismal process"	"0.328371055894616"
"10851"	"GO:0071910"	"morphogenesis/development"	"0.42014593231321"
"10852"	"GO:0071911"	"neural related process"	"0.770430025392077"
"10853"	"GO:0071918"	"transport"	"0.931756607175271"
"10854"	"GO:0071919"	"metabolic process"	"0.35703643427527"
"10855"	"GO:0071926"	"receptor related process"	"0.562001548689394"
"10856"	"GO:0071929"	"protein modification/signaling"	"0.511537110374266"
"10857"	"GO:0071932"	"cell cycle"	"0.788261852955948"
"10858"	"GO:0071934"	"transport"	"0.852261270938178"
"10859"	"GO:0071938"	"transport"	"0.90784745789126"
"10860"	"GO:0071939"	"transport"	"0.722596610997743"
"10861"	"GO:0071941"	"metabolic process"	"0.891237443295783"
"10862"	"GO:0071947"	"protein modification/signaling"	"0.4593464441949"
"10863"	"GO:0071951"	"metabolic process"	"0.762972419551381"
"10864"	"GO:0071955"	"ER/endosome/lysosome related process"	"0.99788638560053"
"10865"	"GO:0071960"	"cell cycle"	"0.986949812956354"
"10866"	"GO:0071962"	"cell cycle"	"0.96222424897233"
"10867"	"GO:0071963"	"cellular component organization"	"0.636689144826706"
"10868"	"GO:0071965"	"multicellular organismal process"	"0.659566989217249"
"10869"	"GO:0071971"	"cellular component organization"	"0.48185454518578"
"10870"	"GO:0071976"	"multicellular organismal process"	"0.205728053100188"
"10871"	"GO:0071985"	"ER/endosome/lysosome related process"	"0.895358782530765"
"10872"	"GO:0071988"	"transport"	"0.700077276012611"
"10873"	"GO:0072001"	"morphogenesis/development"	"+"
"10874"	"GO:0072003"	"morphogenesis/development"	"0.898588781336431"
"10875"	"GO:0072004"	"morphogenesis/development"	"0.820222974378588"
"10876"	"GO:0072006"	"morphogenesis/development"	"+"
"10877"	"GO:0072007"	"morphogenesis/development"	"0.981358287970844"
"10878"	"GO:0072008"	"morphogenesis/development"	"0.976054716951978"
"10879"	"GO:0072009"	"morphogenesis/development"	"0.984794631780677"
"10880"	"GO:0072010"	"morphogenesis/development"	"0.874534948163048"
"10881"	"GO:0072011"	"morphogenesis/development"	"0.979919244364503"
"10882"	"GO:0072012"	"morphogenesis/development"	"+"
"10883"	"GO:0072014"	"morphogenesis/development"	"0.967546873804182"
"10884"	"GO:0072015"	"morphogenesis/development"	"0.980658583621641"
"10885"	"GO:0072016"	"morphogenesis/development"	"0.686201052049763"
"10886"	"GO:0072017"	"morphogenesis/development"	"+"
"10887"	"GO:0072019"	"morphogenesis/development"	"0.966683342715796"
"10888"	"GO:0072020"	"morphogenesis/development"	"0.962747987026471"
"10889"	"GO:0072021"	"morphogenesis/development"	"0.733812611582075"
"10890"	"GO:0072022"	"morphogenesis/development"	"0.826936485448508"
"10891"	"GO:0072023"	"morphogenesis/development"	"0.591053708099388"
"10892"	"GO:0072024"	"morphogenesis/development"	"0.961772677531325"
"10893"	"GO:0072025"	"morphogenesis/development"	"0.713540141836569"
"10894"	"GO:0072027"	"morphogenesis/development"	"0.961613428318785"
"10895"	"GO:0072028"	"morphogenesis/development"	"0.942165396983576"
"10896"	"GO:0072032"	"morphogenesis/development"	"0.944982641369444"
"10897"	"GO:0072033"	"morphogenesis/development"	"0.971053057496646"
"10898"	"GO:0072034"	"morphogenesis/development"	"0.903985384529829"
"10899"	"GO:0072036"	"morphogenesis/development"	"0.866698189334585"
"10900"	"GO:0072038"	"cell cycle"	"0.453432452404036"
"10901"	"GO:0072039"	"cell death"	"0.398374375371277"
"10902"	"GO:0072040"	"cell death"	"0.334529100012147"
"10903"	"GO:0072044"	"morphogenesis/development"	"0.947612453454358"
"10904"	"GO:0072046"	"cellular component organization"	"0.33357233421422"
"10905"	"GO:0072047"	"morphogenesis/development"	"0.943838991463179"
"10906"	"GO:0072048"	"morphogenesis/development"	"0.757905644964794"
"10907"	"GO:0072049"	"morphogenesis/development"	"0.869019281620676"
"10908"	"GO:0072050"	"morphogenesis/development"	"0.872514763212196"
"10909"	"GO:0072051"	"morphogenesis/development"	"0.608107099167811"
"10910"	"GO:0072053"	"morphogenesis/development"	"0.978499048887112"
"10911"	"GO:0072054"	"morphogenesis/development"	"0.948833832895708"
"10912"	"GO:0072055"	"morphogenesis/development"	"0.95780389021024"
"10913"	"GO:0072059"	"morphogenesis/development"	"0.931051236074331"
"10914"	"GO:0072060"	"morphogenesis/development"	"0.943624695077685"
"10915"	"GO:0072061"	"morphogenesis/development"	"0.984489250800544"
"10916"	"GO:0072069"	"morphogenesis/development"	"0.93097420133995"
"10917"	"GO:0072070"	"morphogenesis/development"	"0.971342102744221"
"10918"	"GO:0072071"	"morphogenesis/development"	"0.971327103479464"
"10919"	"GO:0072073"	"morphogenesis/development"	"+"
"10920"	"GO:0072074"	"morphogenesis/development"	"+"
"10921"	"GO:0072075"	"morphogenesis/development"	"0.970058839301664"
"10922"	"GO:0072076"	"morphogenesis/development"	"0.985883686532998"
"10923"	"GO:0072077"	"morphogenesis/development"	"+"
"10924"	"GO:0072078"	"morphogenesis/development"	"0.950321065126874"
"10925"	"GO:0072079"	"morphogenesis/development"	"0.97856052491842"
"10926"	"GO:0072080"	"morphogenesis/development"	"0.977355372721457"
"10927"	"GO:0072081"	"morphogenesis/development"	"0.888521700385012"
"10928"	"GO:0072086"	"morphogenesis/development"	"0.922501347076895"
"10929"	"GO:0072087"	"morphogenesis/development"	"0.974849304086465"
"10930"	"GO:0072088"	"morphogenesis/development"	"0.974018052525335"
"10931"	"GO:0072089"	"cell cycle"	"+"
"10932"	"GO:0072091"	"cell cycle"	"+"
"10933"	"GO:0072092"	"morphogenesis/development"	"0.922617856013105"
"10934"	"GO:0072093"	"morphogenesis/development"	"0.974411509126853"
"10935"	"GO:0072095"	"morphogenesis/development"	"0.770882016269411"
"10936"	"GO:0072098"	"morphogenesis/development"	"0.785078823951882"
"10937"	"GO:0072102"	"morphogenesis/development"	"0.977591898922498"
"10938"	"GO:0072103"	"morphogenesis/development"	"0.97311636080161"
"10939"	"GO:0072104"	"morphogenesis/development"	"0.98666927725897"
"10940"	"GO:0072105"	"multicellular organismal process"	"0.808056894874331"
"10941"	"GO:0072106"	"morphogenesis/development"	"0.916869603992342"
"10942"	"GO:0072107"	"morphogenesis/development"	"0.905710819048838"
"10943"	"GO:0072108"	"morphogenesis/development"	"0.718865127408778"
"10944"	"GO:0072109"	"morphogenesis/development"	"+"
"10945"	"GO:0072110"	"cell cycle"	"0.981552745626208"
"10946"	"GO:0072111"	"cell cycle"	"+"
"10947"	"GO:0072112"	"morphogenesis/development"	"0.940320761482393"
"10948"	"GO:0072114"	"morphogenesis/development"	"0.904448356283048"
"10949"	"GO:0072124"	"cell cycle"	"0.889009419214025"
"10950"	"GO:0072125"	"cell cycle"	"0.852716932025241"
"10951"	"GO:0072126"	"cell cycle"	"0.84022343975158"
"10952"	"GO:0072127"	"morphogenesis/development"	"0.953685592847829"
"10953"	"GO:0072128"	"morphogenesis/development"	"0.875557211106642"
"10954"	"GO:0072129"	"morphogenesis/development"	"0.911470066594353"
"10955"	"GO:0072130"	"morphogenesis/development"	"0.786608401443904"
"10956"	"GO:0072131"	"morphogenesis/development"	"0.968781772752034"
"10957"	"GO:0072132"	"morphogenesis/development"	"+"
"10958"	"GO:0072133"	"morphogenesis/development"	"0.966619306387555"
"10959"	"GO:0072134"	"morphogenesis/development"	"0.961208162671869"
"10960"	"GO:0072135"	"cell cycle"	"0.961700762578301"
"10961"	"GO:0072136"	"cell cycle"	"0.943811109779967"
"10962"	"GO:0072137"	"cell cycle"	"0.98385386032543"
"10963"	"GO:0072138"	"cell cycle"	"0.950507935229469"
"10964"	"GO:0072139"	"morphogenesis/development"	"0.732233232776476"
"10965"	"GO:0072141"	"morphogenesis/development"	"0.974563783538346"
"10966"	"GO:0072143"	"morphogenesis/development"	"0.993869404925542"
"10967"	"GO:0072144"	"morphogenesis/development"	"0.986808397199886"
"10968"	"GO:0072148"	"morphogenesis/development"	"0.935904963152294"
"10969"	"GO:0072156"	"morphogenesis/development"	"0.764014920988886"
"10970"	"GO:0072158"	"morphogenesis/development"	"0.830477491165607"
"10971"	"GO:0072160"	"morphogenesis/development"	"0.96068909596327"
"10972"	"GO:0072161"	"morphogenesis/development"	"0.937744412439213"
"10973"	"GO:0072162"	"morphogenesis/development"	"0.901453887800301"
"10974"	"GO:0072163"	"morphogenesis/development"	"0.990224038753595"
"10975"	"GO:0072164"	"morphogenesis/development"	"0.989648662913449"
"10976"	"GO:0072165"	"morphogenesis/development"	"0.969744980884987"
"10977"	"GO:0072166"	"morphogenesis/development"	"0.987360256182243"
"10978"	"GO:0072167"	"morphogenesis/development"	"0.831577823010347"
"10979"	"GO:0072168"	"morphogenesis/development"	"0.839906894168337"
"10980"	"GO:0072169"	"morphogenesis/development"	"0.857809799033567"
"10981"	"GO:0072170"	"morphogenesis/development"	"0.986122362893129"
"10982"	"GO:0072171"	"morphogenesis/development"	"0.975056442283826"
"10983"	"GO:0072172"	"morphogenesis/development"	"0.965971585399113"
"10984"	"GO:0072173"	"morphogenesis/development"	"0.958307128538843"
"10985"	"GO:0072174"	"morphogenesis/development"	"0.990848474200253"
"10986"	"GO:0072175"	"morphogenesis/development"	"0.968160088217113"
"10987"	"GO:0072176"	"morphogenesis/development"	"0.976479865457226"
"10988"	"GO:0072177"	"morphogenesis/development"	"0.987593260048071"
"10989"	"GO:0072178"	"morphogenesis/development"	"0.954248364629538"
"10990"	"GO:0072179"	"morphogenesis/development"	"0.995153599795653"
"10991"	"GO:0072180"	"morphogenesis/development"	"0.968016984715623"
"10992"	"GO:0072181"	"morphogenesis/development"	"0.984079104007609"
"10993"	"GO:0072182"	"morphogenesis/development"	"0.881449250600659"
"10994"	"GO:0072183"	"morphogenesis/development"	"0.892900538215929"
"10995"	"GO:0072184"	"morphogenesis/development"	"0.879582105570471"
"10996"	"GO:0072185"	"morphogenesis/development"	"0.893438659446039"
"10997"	"GO:0072186"	"morphogenesis/development"	"0.77416713315354"
"10998"	"GO:0072189"	"morphogenesis/development"	"0.967170228997035"
"10999"	"GO:0072190"	"morphogenesis/development"	"0.990517446574686"
"11000"	"GO:0072191"	"morphogenesis/development"	"0.985265216465542"
"11001"	"GO:0072193"	"morphogenesis/development"	"0.920334020031425"
"11002"	"GO:0072194"	"morphogenesis/development"	"0.977647731683118"
"11003"	"GO:0072195"	"morphogenesis/development"	"0.914011209808738"
"11004"	"GO:0072197"	"morphogenesis/development"	"0.957358269739838"
"11005"	"GO:0072198"	"cell cycle"	"0.994350406127521"
"11006"	"GO:0072199"	"cell cycle"	"0.964262082643364"
"11007"	"GO:0072200"	"cell cycle"	"0.776374856151573"
"11008"	"GO:0072201"	"cell cycle"	"0.95383714294663"
"11009"	"GO:0072202"	"morphogenesis/development"	"+"
"11010"	"GO:0072203"	"cell cycle"	"0.971204630056393"
"11011"	"GO:0072205"	"morphogenesis/development"	"+"
"11012"	"GO:0072206"	"morphogenesis/development"	"0.542886341975434"
"11013"	"GO:0072207"	"morphogenesis/development"	"0.974582178767222"
"11014"	"GO:0072208"	"morphogenesis/development"	"0.971355804443803"
"11015"	"GO:0072209"	"morphogenesis/development"	"0.977943633589548"
"11016"	"GO:0072210"	"morphogenesis/development"	"0.963517486974808"
"11017"	"GO:0072213"	"morphogenesis/development"	"0.973785827871145"
"11018"	"GO:0072214"	"morphogenesis/development"	"0.95512872257085"
"11019"	"GO:0072215"	"morphogenesis/development"	"0.787598491015156"
"11020"	"GO:0072216"	"morphogenesis/development"	"0.831868438625586"
"11021"	"GO:0072217"	"morphogenesis/development"	"0.72361635866391"
"11022"	"GO:0072218"	"morphogenesis/development"	"0.533847996239961"
"11023"	"GO:0072219"	"morphogenesis/development"	"0.9018375432599"
"11024"	"GO:0072220"	"morphogenesis/development"	"0.790710245758226"
"11025"	"GO:0072221"	"morphogenesis/development"	"0.751732767561456"
"11026"	"GO:0072223"	"morphogenesis/development"	"0.969890375397816"
"11027"	"GO:0072224"	"morphogenesis/development"	"+"
"11028"	"GO:0072227"	"morphogenesis/development"	"0.924425885894483"
"11029"	"GO:0072229"	"morphogenesis/development"	"0.964371026550593"
"11030"	"GO:0072230"	"morphogenesis/development"	"0.916978828322111"
"11031"	"GO:0072232"	"morphogenesis/development"	"0.91236432625636"
"11032"	"GO:0072233"	"morphogenesis/development"	"0.456676063139093"
"11033"	"GO:0072234"	"morphogenesis/development"	"0.967964476680835"
"11034"	"GO:0072235"	"morphogenesis/development"	"0.959775150866211"
"11035"	"GO:0072236"	"morphogenesis/development"	"0.958256201157657"
"11036"	"GO:0072237"	"morphogenesis/development"	"0.964204759279137"
"11037"	"GO:0072239"	"morphogenesis/development"	"0.947434089122433"
"11038"	"GO:0072240"	"morphogenesis/development"	"0.932541914404342"
"11039"	"GO:0072243"	"morphogenesis/development"	"0.967177850995261"
"11040"	"GO:0072244"	"morphogenesis/development"	"0.579262245052994"
"11041"	"GO:0072248"	"morphogenesis/development"	"0.890585848538985"
"11042"	"GO:0072249"	"morphogenesis/development"	"0.945853855083807"
"11043"	"GO:0072254"	"morphogenesis/development"	"0.980002985766856"
"11044"	"GO:0072255"	"morphogenesis/development"	"0.983631385028871"
"11045"	"GO:0072257"	"morphogenesis/development"	"0.966337573026204"
"11046"	"GO:0072258"	"morphogenesis/development"	"0.965228444958435"
"11047"	"GO:0072259"	"morphogenesis/development"	"0.971005165292292"
"11048"	"GO:0072262"	"cell cycle"	"0.984079951033"
"11049"	"GO:0072265"	"morphogenesis/development"	"0.92041588492377"
"11050"	"GO:0072266"	"morphogenesis/development"	"0.945799613073997"
"11051"	"GO:0072267"	"morphogenesis/development"	"0.824424132211109"
"11052"	"GO:0072268"	"morphogenesis/development"	"0.954775604081068"
"11053"	"GO:0072272"	"morphogenesis/development"	"0.8777629711341"
"11054"	"GO:0072273"	"morphogenesis/development"	"0.911039988918002"
"11055"	"GO:0072274"	"morphogenesis/development"	"0.462932788637226"
"11056"	"GO:0072275"	"morphogenesis/development"	"0.977023816920287"
"11057"	"GO:0072276"	"morphogenesis/development"	"0.943381857999928"
"11058"	"GO:0072277"	"morphogenesis/development"	"0.975139476876354"
"11059"	"GO:0072278"	"morphogenesis/development"	"0.913978591735909"
"11060"	"GO:0072282"	"morphogenesis/development"	"0.858240382632379"
"11061"	"GO:0072283"	"morphogenesis/development"	"0.964864082458573"
"11062"	"GO:0072284"	"morphogenesis/development"	"0.931491549486329"
"11063"	"GO:0072285"	"morphogenesis/development"	"0.80289026698425"
"11064"	"GO:0072286"	"morphogenesis/development"	"0.934405891052575"
"11065"	"GO:0072287"	"morphogenesis/development"	"0.823134856899474"
"11066"	"GO:0072289"	"morphogenesis/development"	"0.984379613059097"
"11067"	"GO:0072298"	"morphogenesis/development"	"0.940314989958591"
"11068"	"GO:0072300"	"morphogenesis/development"	"0.930683189719507"
"11069"	"GO:0072301"	"cell cycle"	"0.929634128129108"
"11070"	"GO:0072302"	"cell cycle"	"0.942077431038648"
"11071"	"GO:0072303"	"cell cycle"	"0.832373013543847"
"11072"	"GO:0072304"	"cell death"	"0.569639153024644"
"11073"	"GO:0072305"	"cell death"	"0.414986762030158"
"11074"	"GO:0072307"	"morphogenesis/development"	"0.916457456765525"
"11075"	"GO:0072308"	"morphogenesis/development"	"0.862970800253336"
"11076"	"GO:0072309"	"morphogenesis/development"	"0.620779131257629"
"11077"	"GO:0072310"	"morphogenesis/development"	"0.96203732414845"
"11078"	"GO:0072311"	"morphogenesis/development"	"0.946218063442626"
"11079"	"GO:0072312"	"morphogenesis/development"	"0.932154430142042"
"11080"	"GO:0072313"	"morphogenesis/development"	"0.95595938802572"
"11081"	"GO:0072318"	"ER/endosome/lysosome related process"	"0.781473334271437"
"11082"	"GO:0072319"	"ER/endosome/lysosome related process"	"0.463994822910761"
"11083"	"GO:0072329"	"metabolic process"	"+"
"11084"	"GO:0072330"	"metabolic process"	"+"
"11085"	"GO:0072331"	"protein modification/signaling"	"+"
"11086"	"GO:0072332"	"cell death"	"+"
"11087"	"GO:0072334"	"transport"	"0.871035380937479"
"11088"	"GO:0072337"	"transport"	"0.966757055413166"
"11089"	"GO:0072338"	"metabolic process"	"0.971319539655174"
"11090"	"GO:0072340"	"metabolic process"	"0.959706726514485"
"11091"	"GO:0072341"	"protein modification/signaling"	"+"
"11092"	"GO:0072343"	"cell cycle"	"0.321456585736352"
"11093"	"GO:0072344"	"gene regulation"	"0.390611105747756"
"11094"	"GO:0072347"	"response to stimulus"	"0.829754188033115"
"11095"	"GO:0072348"	"transport"	"+"
"11096"	"GO:0072350"	"metabolic process"	"+"
"11097"	"GO:0072356"	"cellular component organization"	"0.304249085456287"
"11098"	"GO:0072359"	"morphogenesis/development"	"0.926455271104835"
"11099"	"GO:0072376"	"metabolic process"	"0.523701066224533"
"11100"	"GO:0072377"	"metabolic process"	"0.408295115421401"
"11101"	"GO:0072378"	"metabolic process"	"0.425435345829483"
"11102"	"GO:0072383"	"ER/endosome/lysosome related process"	"0.675660316108434"
"11103"	"GO:0072384"	"transport"	"0.783376200640262"
"11104"	"GO:0072385"	"ER/endosome/lysosome related process"	"0.631101212769394"
"11105"	"GO:0072386"	"ER/endosome/lysosome related process"	"0.514175316793253"
"11106"	"GO:0072387"	"metabolic process"	"0.973220869634018"
"11107"	"GO:0072388"	"metabolic process"	"0.958884361046561"
"11108"	"GO:0072389"	"metabolic process"	"0.972032929275816"
"11109"	"GO:0072393"	"cellular component organization"	"0.496800444096859"
"11110"	"GO:0072396"	"stress response"	"0.35379530927713"
"11111"	"GO:0072402"	"stress response"	"0.623545637093904"
"11112"	"GO:0072414"	"stress response"	"0.507652557324501"
"11113"	"GO:0072423"	"stress response"	"0.668537740181063"
"11114"	"GO:0072429"	"stress response"	"0.515119863125289"
"11115"	"GO:0072432"	"cell cycle"	"0.49393601189571"
"11116"	"GO:0072488"	"transport"	"0.850069798986041"
"11117"	"GO:0072489"	"transport"	"0.879746545901953"
"11118"	"GO:0072497"	"morphogenesis/development"	"0.758825669835778"
"11119"	"GO:0072498"	"morphogenesis/development"	"0.98156043479352"
"11120"	"GO:0072513"	"cell cycle"	"0.704189752636173"
"11121"	"GO:0072520"	"morphogenesis/development"	"+"
"11122"	"GO:0072521"	"metabolic process"	"+"
"11123"	"GO:0072522"	"metabolic process"	"+"
"11124"	"GO:0072523"	"metabolic process"	"0.954417008801066"
"11125"	"GO:0072524"	"metabolic process"	"+"
"11126"	"GO:0072525"	"metabolic process"	"+"
"11127"	"GO:0072526"	"metabolic process"	"0.956305097186439"
"11128"	"GO:0072527"	"metabolic process"	"+"
"11129"	"GO:0072528"	"metabolic process"	"0.928039320588794"
"11130"	"GO:0072529"	"metabolic process"	"+"
"11131"	"GO:0072530"	"transport"	"0.804246148318884"
"11132"	"GO:0072531"	"transport"	"0.96372397052928"
"11133"	"GO:0072535"	"immune system process"	"0.87220009233847"
"11134"	"GO:0072537"	"multicellular organismal process"	"0.35875977383629"
"11135"	"GO:0072538"	"immune system process"	"+"
"11136"	"GO:0072539"	"immune system process"	"+"
"11137"	"GO:0072540"	"immune system process"	"0.929116197758703"
"11138"	"GO:0072553"	"neural related process"	"0.50255516494102"
"11139"	"GO:0072554"	"morphogenesis/development"	"0.9658396094314"
"11140"	"GO:0072560"	"morphogenesis/development"	"0.835052444668734"
"11141"	"GO:0072564"	"morphogenesis/development"	"0.695168847985897"
"11142"	"GO:0072566"	"immune system process"	"0.926997452594697"
"11143"	"GO:0072567"	"immune system process"	"0.878511720868205"
"11144"	"GO:0072573"	"immune system process"	"0.823667180274459"
"11145"	"GO:0072574"	"cell cycle"	"+"
"11146"	"GO:0072575"	"cell cycle"	"+"
"11147"	"GO:0072576"	"morphogenesis/development"	"+"
"11148"	"GO:0072577"	"cell death"	"+"
"11149"	"GO:0072578"	"neural related process"	"0.583119305352035"
"11150"	"GO:0072579"	"ER/endosome/lysosome related process"	"0.282007052625678"
"11151"	"GO:0072583"	"transport"	"+"
"11152"	"GO:0072584"	"transport"	"0.623653880265026"
"11153"	"GO:0072592"	"metabolic process"	"0.971094018613857"
"11154"	"GO:0072593"	"metabolic process"	"+"
"11155"	"GO:0072594"	"transport"	"0.92877101610058"
"11156"	"GO:0072595"	"cellular component organization"	"+"
"11157"	"GO:0072599"	"ER/endosome/lysosome related process"	"0.723416747486503"
"11158"	"GO:0072639"	"immune system process"	"0.648233815853752"
"11159"	"GO:0072655"	"transport"	"0.925529071172335"
"11160"	"GO:0072656"	"cellular component organization"	"0.594594402054437"
"11161"	"GO:0072657"	"cellular component organization"	"0.720347835492877"
"11162"	"GO:0072658"	"ER/endosome/lysosome related process"	"0.462065822041837"
"11163"	"GO:0072659"	"transport"	"+"
"11164"	"GO:0072660"	"ER/endosome/lysosome related process"	"0.574017961598997"
"11165"	"GO:0072662"	"transport"	"0.692638526172665"
"11166"	"GO:0072663"	"transport"	"0.616506232347858"
"11167"	"GO:0072665"	"transport"	"+"
"11168"	"GO:0072666"	"transport"	"+"
"11169"	"GO:0072672"	"immune system process"	"0.949105613061298"
"11170"	"GO:0072673"	"cellular component organization"	"0.602262101859275"
"11171"	"GO:0072674"	"morphogenesis/development"	"0.891750447487806"
"11172"	"GO:0072675"	"morphogenesis/development"	"0.932363078834992"
"11173"	"GO:0072676"	"immune system process"	"+"
"11174"	"GO:0072677"	"immune system process"	"+"
"11175"	"GO:0072678"	"immune system process"	"+"
"11176"	"GO:0072679"	"immune system process"	"0.815815457377861"
"11177"	"GO:0072680"	"immune system process"	"0.536632981013439"
"11178"	"GO:0072681"	"immune system process"	"0.608156348350673"
"11179"	"GO:0072682"	"immune system process"	"0.85163523735847"
"11180"	"GO:0072683"	"immune system process"	"0.793792191981009"
"11181"	"GO:0072695"	"cell cycle"	"0.895549255721414"
"11182"	"GO:0072697"	"transport"	"+"
"11183"	"GO:0072698"	"cellular component organization"	"+"
"11184"	"GO:0072702"	"response to stimulus"	"0.877939316620879"
"11185"	"GO:0072703"	"response to stimulus"	"0.743163050212284"
"11186"	"GO:0072706"	"response to stimulus"	"0.883793785961667"
"11187"	"GO:0072707"	"response to stimulus"	"0.855908731561887"
"11188"	"GO:0072708"	"response to stimulus"	"0.870600573446351"
"11189"	"GO:0072709"	"response to stimulus"	"0.810712228337052"
"11190"	"GO:0072710"	"response to stimulus"	"0.781790487644602"
"11191"	"GO:0072711"	"response to stimulus"	"0.765842936584388"
"11192"	"GO:0072714"	"response to stimulus"	"0.92538131609659"
"11193"	"GO:0072715"	"response to stimulus"	"0.899818461522099"
"11194"	"GO:0072716"	"response to stimulus"	"0.745419154788174"
"11195"	"GO:0072717"	"response to stimulus"	"0.798916144499314"
"11196"	"GO:0072718"	"response to stimulus"	"0.786775614278156"
"11197"	"GO:0072719"	"response to stimulus"	"0.679321301586022"
"11198"	"GO:0072720"	"response to stimulus"	"0.837026144113916"
"11199"	"GO:0072721"	"response to stimulus"	"0.739378701175049"
"11200"	"GO:0072732"	"stress response"	"0.763964826058922"
"11201"	"GO:0072733"	"response to stimulus"	"0.809918121328682"
"11202"	"GO:0072734"	"response to stimulus"	"0.713402163680321"
"11203"	"GO:0072737"	"response to stimulus"	"0.918743646660017"
"11204"	"GO:0072738"	"response to stimulus"	"0.832552807443153"
"11205"	"GO:0072739"	"response to stimulus"	"0.783586076187799"
"11206"	"GO:0072740"	"response to stimulus"	"0.856870929093266"
"11207"	"GO:0072749"	"response to stimulus"	"0.749537664412062"
"11208"	"GO:0072750"	"response to stimulus"	"0.621626816356303"
"11209"	"GO:0072752"	"response to stimulus"	"0.837669672756567"
"11210"	"GO:0072757"	"response to stimulus"	"0.702884742546504"
"11211"	"GO:0075071"	"viral related process"	"0.276055702158846"
"11212"	"GO:0075136"	"response to stimulus"	"0.34657162581363"
"11213"	"GO:0075294"	"response to stimulus"	"0.524210077413364"
"11214"	"GO:0075342"	"response to stimulus"	"0.253187660283839"
"11215"	"GO:0075506"	"transport"	"0.329346380725883"
"11216"	"GO:0075509"	"viral related process"	"0.398613655561028"
"11217"	"GO:0075512"	"transport"	"0.316650419598526"
"11218"	"GO:0075519"	"ER/endosome/lysosome related process"	"0.450995099326318"
"11219"	"GO:0075521"	"ER/endosome/lysosome related process"	"0.428197746941277"
"11220"	"GO:0075522"	"viral related process"	"+"
"11221"	"GO:0075523"	"gene regulation"	"0.263575269741775"
"11222"	"GO:0075525"	"gene regulation"	"0.529985951397783"
"11223"	"GO:0075528"	"viral related process"	"0.360674878731205"
"11224"	"GO:0075606"	"ER/endosome/lysosome related process"	"0.313267564238814"
"11225"	"GO:0075713"	"viral related process"	"0.30038565882046"
"11226"	"GO:0075732"	"transport"	"0.391137371775747"
"11227"	"GO:0075733"	"viral related process"	"0.895150965180388"
"11228"	"GO:0080021"	"response to stimulus"	"0.928918558784443"
"11229"	"GO:0080120"	"protein modification/signaling"	"0.781776597469246"
"11230"	"GO:0080121"	"transport"	"0.847279966713326"
"11231"	"GO:0080129"	"cellular component organization"	"0.751404488434413"
"11232"	"GO:0080134"	"stress response"	"0.961795054710509"
"11233"	"GO:0080135"	"stress response"	"+"
"11234"	"GO:0080144"	"other"	"0.38318790343549"
"11235"	"GO:0080154"	"other"	"0.346574401868121"
"11236"	"GO:0080164"	"metabolic process"	"+"
"11237"	"GO:0080170"	"ER/endosome/lysosome related process"	"0.472776681311272"
"11238"	"GO:0080171"	"ER/endosome/lysosome related process"	"0.599412872026464"
"11239"	"GO:0080184"	"response to stimulus"	"0.785146226005802"
"11240"	"GO:0085017"	"viral related process"	"0.345140314197765"
"11241"	"GO:0085020"	"protein modification/signaling"	"0.891823448235776"
"11242"	"GO:0085029"	"cellular component organization"	"0.880194419710703"
"11243"	"GO:0086001"	"neural related process"	"0.347779596326934"
"11244"	"GO:0086002"	"multicellular organismal process"	"0.243242331022217"
"11245"	"GO:0086003"	"multicellular organismal process"	"0.32054210110993"
"11246"	"GO:0086004"	"multicellular organismal process"	"0.743972804357291"
"11247"	"GO:0086005"	"multicellular organismal process"	"0.279337962700508"
"11248"	"GO:0086009"	"other"	"0.418069236159394"
"11249"	"GO:0086010"	"neural related process"	"0.385746949716343"
"11250"	"GO:0086011"	"neural related process"	"0.318393650429282"
"11251"	"GO:0086012"	"neural related process"	"0.366026579240446"
"11252"	"GO:0086013"	"neural related process"	"0.355290652167102"
"11253"	"GO:0086014"	"multicellular organismal process"	"0.361574191597568"
"11254"	"GO:0086015"	"multicellular organismal process"	"0.320235974615957"
"11255"	"GO:0086016"	"neural related process"	"0.353011643694445"
"11256"	"GO:0086017"	"neural related process"	"0.512218474317791"
"11257"	"GO:0086018"	"protein modification/signaling"	"0.240309426391488"
"11258"	"GO:0086019"	"multicellular organismal process"	"0.230089468815703"
"11259"	"GO:0086021"	"protein modification/signaling"	"0.282674651651195"
"11260"	"GO:0086023"	"receptor related process"	"0.503870655512478"
"11261"	"GO:0086026"	"neural related process"	"0.200076016609704"
"11262"	"GO:0086027"	"neural related process"	"0.198519371991146"
"11263"	"GO:0086028"	"neural related process"	"0.222181290284178"
"11264"	"GO:0086029"	"protein modification/signaling"	"0.208082175136882"
"11265"	"GO:0086030"	"protein modification/signaling"	"0.249251653594433"
"11266"	"GO:0086036"	"other"	"0.273780420573109"
"11267"	"GO:0086042"	"cell adhesion"	"0.663115930305195"
"11268"	"GO:0086043"	"neural related process"	"0.317533733999991"
"11269"	"GO:0086044"	"protein modification/signaling"	"0.37654898233734"
"11270"	"GO:0086045"	"neural related process"	"0.297070041900078"
"11271"	"GO:0086046"	"neural related process"	"0.343624057452421"
"11272"	"GO:0086047"	"neural related process"	"0.492591503553387"
"11273"	"GO:0086048"	"neural related process"	"0.326624871107839"
"11274"	"GO:0086050"	"neural related process"	"0.345734253189304"
"11275"	"GO:0086052"	"neural related process"	"0.251477094869465"
"11276"	"GO:0086053"	"protein modification/signaling"	"0.348900993119617"
"11277"	"GO:0086054"	"protein modification/signaling"	"0.272370115507281"
"11278"	"GO:0086055"	"protein modification/signaling"	"0.342265429817205"
"11279"	"GO:0086064"	"other"	"0.243120396200435"
"11280"	"GO:0086065"	"multicellular organismal process"	"0.233437308134608"
"11281"	"GO:0086066"	"other"	"0.246806609995398"
"11282"	"GO:0086067"	"other"	"0.196686226225224"
"11283"	"GO:0086068"	"multicellular organismal process"	"0.20439970862523"
"11284"	"GO:0086069"	"multicellular organismal process"	"0.248333832294922"
"11285"	"GO:0086070"	"multicellular organismal process"	"0.283907753867377"
"11286"	"GO:0086072"	"cell adhesion"	"0.372108212933886"
"11287"	"GO:0086073"	"cell adhesion"	"0.55870816472867"
"11288"	"GO:0086080"	"cell adhesion"	"+"
"11289"	"GO:0086091"	"multicellular organismal process"	"0.838564971382471"
"11290"	"GO:0086092"	"multicellular organismal process"	"0.903896800290003"
"11291"	"GO:0086097"	"receptor related process"	"0.895178760641431"
"11292"	"GO:0086098"	"receptor related process"	"0.526331946624704"
"11293"	"GO:0086100"	"receptor related process"	"0.4667156869978"
"11294"	"GO:0086101"	"receptor related process"	"0.463077792628424"
"11295"	"GO:0086103"	"receptor related process"	"0.562576345807613"
"11296"	"GO:0089708"	"transport"	"0.731400014656612"
"11297"	"GO:0089709"	"transport"	"0.89358177458344"
"11298"	"GO:0089718"	"transport"	"0.805504133733204"
"11299"	"GO:0090009"	"morphogenesis/development"	"0.9827073662981"
"11300"	"GO:0090022"	"immune system process"	"+"
"11301"	"GO:0090023"	"immune system process"	"0.973721444771936"
"11302"	"GO:0090024"	"immune system process"	"0.956399557613057"
"11303"	"GO:0090025"	"immune system process"	"0.955478338886357"
"11304"	"GO:0090026"	"immune system process"	"0.941610337109805"
"11305"	"GO:0090027"	"immune system process"	"0.905651259982654"
"11306"	"GO:0090030"	"metabolic process"	"0.889333412435215"
"11307"	"GO:0090031"	"metabolic process"	"0.861469272730305"
"11308"	"GO:0090032"	"metabolic process"	"0.80432403447016"
"11309"	"GO:0090033"	"multicellular organismal process"	"0.445192710814933"
"11310"	"GO:0090034"	"cellular component organization"	"0.857996102378141"
"11311"	"GO:0090035"	"cellular component organization"	"0.87212998745735"
"11312"	"GO:0090036"	"protein modification/signaling"	"0.787935854191948"
"11313"	"GO:0090037"	"protein modification/signaling"	"0.74950276282939"
"11314"	"GO:0090038"	"protein modification/signaling"	"0.793826821083729"
"11315"	"GO:0090042"	"protein modification/signaling"	"+"
"11316"	"GO:0090043"	"protein modification/signaling"	"+"
"11317"	"GO:0090044"	"protein modification/signaling"	"0.950138341529142"
"11318"	"GO:0090045"	"protein modification/signaling"	"0.691977827837998"
"11319"	"GO:0090049"	"multicellular organismal process"	"+"
"11320"	"GO:0090050"	"multicellular organismal process"	"+"
"11321"	"GO:0090051"	"multicellular organismal process"	"0.928428226815832"
"11322"	"GO:0090063"	"cellular component organization"	"0.748779394849037"
"11323"	"GO:0090066"	"cellular component organization"	"+"
"11324"	"GO:0090067"	"cellular component organization"	"0.374905859108581"
"11325"	"GO:0090068"	"cell cycle"	"+"
"11326"	"GO:0090069"	"cellular component organization"	"0.719427112665414"
"11327"	"GO:0090070"	"cellular component organization"	"0.865709082969826"
"11328"	"GO:0090071"	"cellular component organization"	"0.734234709757088"
"11329"	"GO:0090074"	"protein modification/signaling"	"0.61337816236509"
"11330"	"GO:0090075"	"multicellular organismal process"	"0.646530200587464"
"11331"	"GO:0090076"	"multicellular organismal process"	"0.623858132646646"
"11332"	"GO:0090077"	"morphogenesis/development"	"+"
"11333"	"GO:0090079"	"gene regulation"	"+"
"11334"	"GO:0090080"	"receptor related process"	"0.656990419218865"
"11335"	"GO:0090083"	"cellular component organization"	"0.839922097822792"
"11336"	"GO:0090084"	"cellular component organization"	"+"
"11337"	"GO:0090085"	"protein modification/signaling"	"+"
"11338"	"GO:0090086"	"protein modification/signaling"	"0.889146339359341"
"11339"	"GO:0090087"	"transport"	"0.907307196465109"
"11340"	"GO:0090088"	"transport"	"0.827034661574454"
"11341"	"GO:0090089"	"transport"	"0.815345163836771"
"11342"	"GO:0090090"	"protein modification/signaling"	"+"
"11343"	"GO:0090091"	"cellular component organization"	"0.928334415994711"
"11344"	"GO:0090092"	"receptor related process"	"+"
"11345"	"GO:0090094"	"cell cycle"	"0.984745028231435"
"11346"	"GO:0090095"	"cell cycle"	"0.994992533739408"
"11347"	"GO:0090096"	"cell cycle"	"0.967084346948119"
"11348"	"GO:0090100"	"receptor related process"	"+"
"11349"	"GO:0090101"	"receptor related process"	"0.557229205120808"
"11350"	"GO:0090102"	"morphogenesis/development"	"+"
"11351"	"GO:0090103"	"morphogenesis/development"	"0.914938977861853"
"11352"	"GO:0090104"	"morphogenesis/development"	"0.755756374031223"
"11353"	"GO:0090107"	"cellular component organization"	"0.927221277290273"
"11354"	"GO:0090108"	"cellular component organization"	"0.74364138775868"
"11355"	"GO:0090109"	"cellular component organization"	"0.833802506978715"
"11356"	"GO:0090110"	"transport"	"0.691747938949931"
"11357"	"GO:0090114"	"transport"	"+"
"11358"	"GO:0090118"	"transport"	"0.824568727953317"
"11359"	"GO:0090119"	"ER/endosome/lysosome related process"	"0.930002285978771"
"11360"	"GO:0090122"	"metabolic process"	"0.601381839776104"
"11361"	"GO:0090125"	"neural related process"	"0.648551237314473"
"11362"	"GO:0090126"	"cellular component organization"	"0.807348026926072"
"11363"	"GO:0090128"	"neural related process"	"0.822878413411765"
"11364"	"GO:0090129"	"neural related process"	"0.82062601971051"
"11365"	"GO:0090130"	"multicellular organismal process"	"+"
"11366"	"GO:0090131"	"multicellular organismal process"	"0.867425241593631"
"11367"	"GO:0090132"	"multicellular organismal process"	"+"
"11368"	"GO:0090133"	"multicellular organismal process"	"0.616672147616101"
"11369"	"GO:0090134"	"multicellular organismal process"	"0.573223561113628"
"11370"	"GO:0090135"	"cellular component organization"	"0.74061726455088"
"11371"	"GO:0090136"	"cell adhesion"	"+"
"11372"	"GO:0090138"	"cellular component organization"	"0.55595393738413"
"11373"	"GO:0090140"	"cellular component organization"	"+"
"11374"	"GO:0090141"	"cellular component organization"	"0.821295304606295"
"11375"	"GO:0090143"	"cellular component organization"	"0.93496965585295"
"11376"	"GO:0090144"	"cellular component organization"	"0.953873356770524"
"11377"	"GO:0090148"	"cellular component organization"	"+"
"11378"	"GO:0090149"	"cellular component organization"	"0.894053232098281"
"11379"	"GO:0090150"	"transport"	"+"
"11380"	"GO:0090151"	"transport"	"0.743825449806083"
"11381"	"GO:0090152"	"cellular component organization"	"0.323154162968578"
"11382"	"GO:0090153"	"metabolic process"	"0.609586205306584"
"11383"	"GO:0090154"	"metabolic process"	"0.779655736217653"
"11384"	"GO:0090155"	"metabolic process"	"0.641418906887094"
"11385"	"GO:0090156"	"other"	"0.509650167388415"
"11386"	"GO:0090158"	"ER/endosome/lysosome related process"	"0.670508501865672"
"11387"	"GO:0090160"	"ER/endosome/lysosome related process"	"0.986816259764078"
"11388"	"GO:0090161"	"ER/endosome/lysosome related process"	"0.695160998414159"
"11389"	"GO:0090162"	"cellular component organization"	"0.734137756663529"
"11390"	"GO:0090164"	"ER/endosome/lysosome related process"	"0.539864491060175"
"11391"	"GO:0090166"	"cellular component organization"	"0.72771807427215"
"11392"	"GO:0090168"	"cellular component organization"	"0.689764812360623"
"11393"	"GO:0090169"	"cell cycle"	"+"
"11394"	"GO:0090170"	"cellular component organization"	"0.714090788062838"
"11395"	"GO:0090171"	"morphogenesis/development"	"0.955519632494346"
"11396"	"GO:0090174"	"cellular component organization"	"0.824156541369227"
"11397"	"GO:0090175"	"cellular component organization"	"+"
"11398"	"GO:0090176"	"cellular component organization"	"0.695134743907786"
"11399"	"GO:0090177"	"cellular component organization"	"0.769691459990325"
"11400"	"GO:0090178"	"cellular component organization"	"0.838665036086992"
"11401"	"GO:0090181"	"metabolic process"	"+"
"11402"	"GO:0090182"	"ER/endosome/lysosome related process"	"0.619018670418862"
"11403"	"GO:0090183"	"morphogenesis/development"	"+"
"11404"	"GO:0090184"	"morphogenesis/development"	"+"
"11405"	"GO:0090185"	"morphogenesis/development"	"0.925587369721377"
"11406"	"GO:0090186"	"multicellular organismal process"	"0.633554505087064"
"11407"	"GO:0090187"	"multicellular organismal process"	"0.587741053628568"
"11408"	"GO:0090188"	"multicellular organismal process"	"0.616634024334659"
"11409"	"GO:0090189"	"morphogenesis/development"	"0.936211085687156"
"11410"	"GO:0090190"	"morphogenesis/development"	"0.911590459487606"
"11411"	"GO:0090191"	"morphogenesis/development"	"0.931377730181366"
"11412"	"GO:0090192"	"morphogenesis/development"	"0.947785113747011"
"11413"	"GO:0090193"	"morphogenesis/development"	"+"
"11414"	"GO:0090194"	"morphogenesis/development"	"0.922842215572103"
"11415"	"GO:0090199"	"cell death"	"+"
"11416"	"GO:0090200"	"cell death"	"+"
"11417"	"GO:0090201"	"cell death"	"+"
"11418"	"GO:0090204"	"transport"	"0.684178828412674"
"11419"	"GO:0090205"	"metabolic process"	"0.915945395836452"
"11420"	"GO:0090206"	"metabolic process"	"0.942982540515563"
"11421"	"GO:0090207"	"metabolic process"	"0.913188796814467"
"11422"	"GO:0090208"	"metabolic process"	"0.964887786797684"
"11423"	"GO:0090209"	"metabolic process"	"0.917251576531527"
"11424"	"GO:0090210"	"morphogenesis/development"	"0.652658281959857"
"11425"	"GO:0090212"	"morphogenesis/development"	"0.639886493637496"
"11426"	"GO:0090214"	"morphogenesis/development"	"0.935351335749505"
"11427"	"GO:0090218"	"protein modification/signaling"	"0.826097616292254"
"11428"	"GO:0090219"	"protein modification/signaling"	"0.754368458415625"
"11429"	"GO:0090220"	"cell cycle"	"0.767210601934131"
"11430"	"GO:0090222"	"cellular component organization"	"0.890445262834829"
"11431"	"GO:0090224"	"cell cycle"	"+"
"11432"	"GO:0090230"	"cell cycle"	"0.490959739747395"
"11433"	"GO:0090231"	"cell cycle"	"+"
"11434"	"GO:0090232"	"cell cycle"	"0.852281347346104"
"11435"	"GO:0090233"	"cell cycle"	"0.792947352954215"
"11436"	"GO:0090234"	"cell cycle"	"0.637072025671008"
"11437"	"GO:0090235"	"cell cycle"	"0.933574461673108"
"11438"	"GO:0090237"	"transport"	"0.871499156191367"
"11439"	"GO:0090238"	"transport"	"0.797012810479219"
"11440"	"GO:0090244"	"protein modification/signaling"	"0.6022259112979"
"11441"	"GO:0090245"	"morphogenesis/development"	"0.910591629725652"
"11442"	"GO:0090246"	"morphogenesis/development"	"0.927384322974434"
"11443"	"GO:0090248"	"multicellular organismal process"	"0.379987320851538"
"11444"	"GO:0090249"	"multicellular organismal process"	"0.365331595522705"
"11445"	"GO:0090251"	"ER/endosome/lysosome related process"	"0.500019232895542"
"11446"	"GO:0090257"	"multicellular organismal process"	"0.964721471779061"
"11447"	"GO:0090258"	"cellular component organization"	"0.861896223424726"
"11448"	"GO:0090259"	"neural related process"	"0.733147375733013"
"11449"	"GO:0090260"	"neural related process"	"0.529513661289794"
"11450"	"GO:0090261"	"cellular component organization"	"0.926978037858484"
"11451"	"GO:0090262"	"stress response"	"0.758225870822973"
"11452"	"GO:0090263"	"protein modification/signaling"	"0.759187724096266"
"11453"	"GO:0090264"	"immune system process"	"0.918526073423656"
"11454"	"GO:0090265"	"immune system process"	"0.937386249691417"
"11455"	"GO:0090266"	"cell cycle"	"+"
"11456"	"GO:0090267"	"cell cycle"	"0.943610497182669"
"11457"	"GO:0090269"	"immune system process"	"0.295821230423806"
"11458"	"GO:0090270"	"immune system process"	"0.445604419293406"
"11459"	"GO:0090271"	"immune system process"	"0.515635569988802"
"11460"	"GO:0090272"	"immune system process"	"0.409015968102874"
"11461"	"GO:0090273"	"transport"	"0.340403929128324"
"11462"	"GO:0090274"	"transport"	"0.275102197974828"
"11463"	"GO:0090275"	"transport"	"0.316380588010596"
"11464"	"GO:0090276"	"transport"	"0.854844565349614"
"11465"	"GO:0090277"	"transport"	"0.900894447739995"
"11466"	"GO:0090278"	"transport"	"0.753112246221666"
"11467"	"GO:0090279"	"transport"	"0.755480115906833"
"11468"	"GO:0090280"	"transport"	"0.832943652375512"
"11469"	"GO:0090281"	"transport"	"0.84597166283839"
"11470"	"GO:0090287"	"response to stimulus"	"+"
"11471"	"GO:0090288"	"response to stimulus"	"+"
"11472"	"GO:0090289"	"cell cycle"	"0.630323123975466"
"11473"	"GO:0090290"	"cell cycle"	"0.716342504373394"
"11474"	"GO:0090291"	"cell cycle"	"0.784065806411966"
"11475"	"GO:0090292"	"cellular component organization"	"0.532285467987337"
"11476"	"GO:0090293"	"gene regulation"	"0.569381201605615"
"11477"	"GO:0090294"	"gene regulation"	"0.567506643410702"
"11478"	"GO:0090296"	"cell cycle"	"0.898238541386917"
"11479"	"GO:0090297"	"cell cycle"	"0.645029481973468"
"11480"	"GO:0090298"	"cell cycle"	"0.763556878035342"
"11481"	"GO:0090299"	"morphogenesis/development"	"0.709570157062068"
"11482"	"GO:0090301"	"morphogenesis/development"	"0.864214322280771"
"11483"	"GO:0090303"	"immune system process"	"+"
"11484"	"GO:0090306"	"cell cycle"	"0.786833049094469"
"11485"	"GO:0090307"	"cell cycle"	"+"
"11486"	"GO:0090310"	"gene regulation"	"0.944807693944021"
"11487"	"GO:0090311"	"protein modification/signaling"	"+"
"11488"	"GO:0090312"	"protein modification/signaling"	"+"
"11489"	"GO:0090313"	"cellular component organization"	"+"
"11490"	"GO:0090314"	"cellular component organization"	"0.794708588605528"
"11491"	"GO:0090315"	"cellular component organization"	"0.834299650104803"
"11492"	"GO:0090316"	"transport"	"+"
"11493"	"GO:0090317"	"transport"	"+"
"11494"	"GO:0090320"	"multicellular organismal process"	"0.773513429015299"
"11495"	"GO:0090321"	"multicellular organismal process"	"0.827818777086018"
"11496"	"GO:0090322"	"response to stimulus"	"0.572123047510547"
"11497"	"GO:0090323"	"transport"	"0.319635239426559"
"11498"	"GO:0090324"	"metabolic process"	"0.846417491162442"
"11499"	"GO:0090325"	"neural related process"	"0.325152076261018"
"11500"	"GO:0090326"	"multicellular organismal process"	"0.397781020209819"
"11501"	"GO:0090327"	"multicellular organismal process"	"0.641821803801818"
"11502"	"GO:0090329"	"cell cycle"	"+"
"11503"	"GO:0090330"	"multicellular organismal process"	"+"
"11504"	"GO:0090331"	"stress response"	"0.468095189406706"
"11505"	"GO:0090335"	"morphogenesis/development"	"+"
"11506"	"GO:0090336"	"morphogenesis/development"	"0.941452277378859"
"11507"	"GO:0090340"	"ER/endosome/lysosome related process"	"0.61347943443556"
"11508"	"GO:0090341"	"ER/endosome/lysosome related process"	"0.706387787631479"
"11509"	"GO:0090345"	"metabolic process"	"0.92895316786346"
"11510"	"GO:0090346"	"metabolic process"	"0.948048655389342"
"11511"	"GO:0090347"	"metabolic process"	"0.812062439274158"
"11512"	"GO:0090348"	"metabolic process"	"0.784560117166444"
"11513"	"GO:0090349"	"metabolic process"	"0.847508974927585"
"11514"	"GO:0090350"	"metabolic process"	"0.857025519028377"
"11515"	"GO:0090357"	"metabolic process"	"0.844370331576878"
"11516"	"GO:0090360"	"immune system process"	"0.578827017462176"
"11517"	"GO:0090361"	"immune system process"	"0.608635398677237"
"11518"	"GO:0090362"	"immune system process"	"0.787822474395997"
"11519"	"GO:0090364"	"cellular component organization"	"0.898235062634313"
"11520"	"GO:0090365"	"gene regulation"	"0.712634647586366"
"11521"	"GO:0090367"	"gene regulation"	"0.716873900787259"
"11522"	"GO:0090370"	"transport"	"0.825161738414337"
"11523"	"GO:0090382"	"cellular component organization"	"0.464048713323504"
"11524"	"GO:0090383"	"cellular component organization"	"0.474754828815507"
"11525"	"GO:0090384"	"ER/endosome/lysosome related process"	"0.661845515645655"
"11526"	"GO:0090385"	"cellular component organization"	"0.476322616169259"
"11527"	"GO:0090386"	"cellular component organization"	"0.342482619437973"
"11528"	"GO:0090387"	"cellular component organization"	"0.528357758104733"
"11529"	"GO:0090389"	"cellular component organization"	"0.451207267262424"
"11530"	"GO:0090394"	"neural related process"	"0.836331810464132"
"11531"	"GO:0090398"	"stress response"	"+"
"11532"	"GO:0090399"	"stress response"	"0.565606906591939"
"11533"	"GO:0090400"	"stress response"	"0.689541666045045"
"11534"	"GO:0090402"	"stress response"	"0.873833855860289"
"11535"	"GO:0090403"	"stress response"	"0.77682514464867"
"11536"	"GO:0090407"	"metabolic process"	"0.950079925594328"
"11537"	"GO:0090410"	"metabolic process"	"0.909862431521927"
"11538"	"GO:0090425"	"morphogenesis/development"	"0.938589028963686"
"11539"	"GO:0090427"	"cell cycle"	"0.829629773522808"
"11540"	"GO:0090435"	"transport"	"+"
"11541"	"GO:0090459"	"other"	"0.326891093855996"
"11542"	"GO:0090461"	"other"	"0.356237045910428"
"11543"	"GO:0090472"	"metabolic process"	"0.867552615190593"
"11544"	"GO:0090480"	"transport"	"0.823398622596939"
"11545"	"GO:0090481"	"transport"	"0.960709624160923"
"11546"	"GO:0090493"	"neural related process"	"0.644114291177474"
"11547"	"GO:0090494"	"neural related process"	"0.64245813786596"
"11548"	"GO:0090497"	"multicellular organismal process"	"+"
"11549"	"GO:0090500"	"morphogenesis/development"	"0.860889795573203"
"11550"	"GO:0090504"	"morphogenesis/development"	"+"
"11551"	"GO:0090505"	"stress response"	"+"
"11552"	"GO:0090520"	"protein modification/signaling"	"0.497529218101362"
"11553"	"GO:0090521"	"multicellular organismal process"	"0.873407463788372"
"11554"	"GO:0090522"	"transport"	"0.550994317268829"
"11555"	"GO:0090529"	"cellular component organization"	"0.54560325180021"
"11556"	"GO:0090557"	"morphogenesis/development"	"0.534994643966149"
"11557"	"GO:0090559"	"transport"	"+"
"11558"	"GO:0090575"	"gene regulation"	"+"
"11559"	"GO:0090592"	"cell cycle"	"0.765563919857291"
"11560"	"GO:0090594"	"immune system process"	"0.943679316756381"
"11561"	"GO:0090596"	"morphogenesis/development"	"0.874067644341217"
"11562"	"GO:0090598"	"morphogenesis/development"	"0.920118971841751"
"11563"	"GO:0090601"	"cellular component organization"	"0.952466899635715"
"11564"	"GO:0090611"	"metabolic process"	"0.751232212029993"
"11565"	"GO:0090615"	"gene regulation"	"0.973286321895223"
"11566"	"GO:0090618"	"cell cycle"	"0.761180267539278"
"11567"	"GO:0090625"	"gene regulation"	"0.601451094383145"
"11568"	"GO:0090630"	"protein modification/signaling"	"+"
"11569"	"GO:0090634"	"immune system process"	"0.936271771375743"
"11570"	"GO:0090646"	"gene regulation"	"0.924701306873574"
"11571"	"GO:0090648"	"response to stimulus"	"0.750741355202417"
"11572"	"GO:0090649"	"stress response"	"0.765289224549748"
"11573"	"GO:0090650"	"stress response"	"0.66820984696294"
"11574"	"GO:0090656"	"cellular component organization"	"+"
"11575"	"GO:0090657"	"cell cycle"	"0.54417701182263"
"11576"	"GO:0090659"	"neural related process"	"0.92982557138795"
"11577"	"GO:0090660"	"multicellular organismal process"	"0.467299702247285"
"11578"	"GO:0090663"	"receptor related process"	"0.738247150785722"
"11579"	"GO:0090666"	"transport"	"0.746533759334662"
"11580"	"GO:0090667"	"response to stimulus"	"0.585298628040994"
"11581"	"GO:0090668"	"response to stimulus"	"0.583904514587358"
"11582"	"GO:0090669"	"gene regulation"	"0.759736875133595"
"11583"	"GO:0090670"	"cell cycle"	"0.70114738055044"
"11584"	"GO:0090671"	"cell cycle"	"0.84857618095009"
"11585"	"GO:0090672"	"cell cycle"	"+"
"11586"	"GO:0090673"	"cell adhesion"	"0.567144594586781"
"11587"	"GO:0090674"	"cell adhesion"	"0.519395373210631"
"11588"	"GO:0090675"	"cell adhesion"	"0.430422624014856"
"11589"	"GO:0090676"	"transport"	"0.590363104696188"
"11590"	"GO:0090677"	"morphogenesis/development"	"0.504990517275716"
"11591"	"GO:0090678"	"morphogenesis/development"	"0.569177445540962"
"11592"	"GO:0090679"	"morphogenesis/development"	"0.611528515178248"
"11593"	"GO:0090685"	"cell cycle"	"0.605349249619487"
"11594"	"GO:0090713"	"immune system process"	"0.972169118116113"
"11595"	"GO:0090715"	"immune system process"	"0.957670484531604"
"11596"	"GO:0090716"	"immune system process"	"0.911274008815333"
"11597"	"GO:0090717"	"immune system process"	"0.903667479863709"
"11598"	"GO:0090720"	"immune system process"	"0.899462719962304"
"11599"	"GO:0090721"	"immune system process"	"0.921659568237353"
"11600"	"GO:0090731"	"response to stimulus"	"0.77703334663393"
"11601"	"GO:0090735"	"cellular component organization"	"0.620382272331359"
"11602"	"GO:0090737"	"cell cycle"	"0.431128609784566"
"11603"	"GO:0093001"	"metabolic process"	"0.914985740420277"
"11604"	"GO:0095500"	"neural related process"	"0.926378764885575"
"11605"	"GO:0097006"	"multicellular organismal process"	"0.466733692003869"
"11606"	"GO:0097009"	"multicellular organismal process"	"+"
"11607"	"GO:0097010"	"cellular component organization"	"0.58336927524973"
"11608"	"GO:0097011"	"immune system process"	"0.807437678106564"
"11609"	"GO:0097012"	"immune system process"	"0.840294089267874"
"11610"	"GO:0097017"	"multicellular organismal process"	"0.406380810223286"
"11611"	"GO:0097018"	"multicellular organismal process"	"0.537001512985217"
"11612"	"GO:0097021"	"immune system process"	"0.832650271080009"
"11613"	"GO:0097022"	"immune system process"	"0.843877064447845"
"11614"	"GO:0097026"	"cellular component organization"	"0.491491627697583"
"11615"	"GO:0097028"	"morphogenesis/development"	"+"
"11616"	"GO:0097029"	"immune system process"	"0.470559886452251"
"11617"	"GO:0097035"	"cellular component organization"	"0.841581856114927"
"11618"	"GO:0097036"	"cellular component organization"	"0.851477482669653"
"11619"	"GO:0097037"	"ER/endosome/lysosome related process"	"0.437768394405305"
"11620"	"GO:0097039"	"protein modification/signaling"	"0.91774950301422"
"11621"	"GO:0097045"	"multicellular organismal process"	"0.225180546394987"
"11622"	"GO:0097048"	"cell death"	"0.591433110888562"
"11623"	"GO:0097049"	"cell death"	"0.773393286785477"
"11624"	"GO:0097050"	"cell death"	"0.359658905890982"
"11625"	"GO:0097052"	"metabolic process"	"0.971312587422598"
"11626"	"GO:0097053"	"metabolic process"	"0.967485759735901"
"11627"	"GO:0097055"	"metabolic process"	"0.809773713269479"
"11628"	"GO:0097061"	"neural related process"	"0.971341926824305"
"11629"	"GO:0097062"	"neural related process"	"0.949667245921425"
"11630"	"GO:0097065"	"morphogenesis/development"	"0.98697182394805"
"11631"	"GO:0097066"	"response to stimulus"	"0.925423764522233"
"11632"	"GO:0097067"	"response to stimulus"	"0.899808728732409"
"11633"	"GO:0097068"	"response to stimulus"	"0.964919586523294"
"11634"	"GO:0097069"	"response to stimulus"	"0.955986268153246"
"11635"	"GO:0097070"	"morphogenesis/development"	"0.947858154904977"
"11636"	"GO:0097080"	"transport"	"0.424298889815857"
"11637"	"GO:0097084"	"morphogenesis/development"	"0.824164656129719"
"11638"	"GO:0097086"	"morphogenesis/development"	"0.68567197760603"
"11639"	"GO:0097087"	"immune system process"	"0.88929891194094"
"11640"	"GO:0097089"	"metabolic process"	"0.958097714656907"
"11641"	"GO:0097090"	"neural related process"	"0.761082681734879"
"11642"	"GO:0097091"	"neural related process"	"0.869688034250615"
"11643"	"GO:0097094"	"morphogenesis/development"	"0.9378944469787"
"11644"	"GO:0097101"	"morphogenesis/development"	"0.842121244678308"
"11645"	"GO:0097102"	"morphogenesis/development"	"0.562095101944503"
"11646"	"GO:0097104"	"neural related process"	"0.901282537320897"
"11647"	"GO:0097105"	"neural related process"	"0.789930884559194"
"11648"	"GO:0097106"	"neural related process"	"0.852864338250078"
"11649"	"GO:0097107"	"neural related process"	"0.853490909631551"
"11650"	"GO:0097111"	"ER/endosome/lysosome related process"	"0.734377444784262"
"11651"	"GO:0097112"	"neural related process"	"0.244188409381541"
"11652"	"GO:0097113"	"neural related process"	"0.333986994346147"
"11653"	"GO:0097114"	"neural related process"	"0.391979171492345"
"11654"	"GO:0097115"	"neural related process"	"0.519853009137541"
"11655"	"GO:0097116"	"cellular component organization"	"0.527893016354631"
"11656"	"GO:0097117"	"neural related process"	"0.337888343856935"
"11657"	"GO:0097118"	"neural related process"	"0.42418858356158"
"11658"	"GO:0097119"	"neural related process"	"0.524193786469763"
"11659"	"GO:0097120"	"neural related process"	"0.952355477836031"
"11660"	"GO:0097150"	"morphogenesis/development"	"0.742155455339171"
"11661"	"GO:0097151"	"neural related process"	"0.957259330214218"
"11662"	"GO:0097152"	"cell death"	"0.626436198901311"
"11663"	"GO:0097154"	"neural related process"	"0.966604901400177"
"11664"	"GO:0097155"	"neural related process"	"0.726904965723382"
"11665"	"GO:0097156"	"neural related process"	"0.861598436021688"
"11666"	"GO:0097157"	"gene regulation"	"+"
"11667"	"GO:0097159"	"metabolic process"	"+"
"11668"	"GO:0097164"	"metabolic process"	"0.92141758445142"
"11669"	"GO:0097166"	"cell cycle"	"0.890861038605638"
"11670"	"GO:0097167"	"gene regulation"	"0.952993442395255"
"11671"	"GO:0097168"	"cell cycle"	"0.987360171752764"
"11672"	"GO:0097176"	"metabolic process"	"0.817396618408237"
"11673"	"GO:0097178"	"cellular component organization"	"0.702973707236412"
"11674"	"GO:0097184"	"response to stimulus"	"0.926831407156955"
"11675"	"GO:0097185"	"response to stimulus"	"0.810560134019319"
"11676"	"GO:0097186"	"morphogenesis/development"	"+"
"11677"	"GO:0097187"	"morphogenesis/development"	"0.935542621524843"
"11678"	"GO:0097188"	"morphogenesis/development"	"0.872763356005366"
"11679"	"GO:0097190"	"cell death"	"+"
"11680"	"GO:0097191"	"cell death"	"+"
"11681"	"GO:0097192"	"cell death"	"+"
"11682"	"GO:0097193"	"cell death"	"+"
"11683"	"GO:0097194"	"cell death"	"+"
"11684"	"GO:0097195"	"multicellular organismal process"	"0.451573188261246"
"11685"	"GO:0097202"	"metabolic process"	"+"
"11686"	"GO:0097205"	"multicellular organismal process"	"0.706490919024823"
"11687"	"GO:0097210"	"response to stimulus"	"0.932051569008383"
"11688"	"GO:0097211"	"response to stimulus"	"0.918005312898659"
"11689"	"GO:0097212"	"cellular component organization"	"0.539843328641141"
"11690"	"GO:0097213"	"cellular component organization"	"0.455372303804545"
"11691"	"GO:0097214"	"cellular component organization"	"0.512651988774304"
"11692"	"GO:0097222"	"gene regulation"	"0.942345640567183"
"11693"	"GO:0097237"	"response to stimulus"	"+"
"11694"	"GO:0097238"	"response to stimulus"	"0.766690418927414"
"11695"	"GO:0097240"	"cell cycle"	"0.872446294915801"
"11696"	"GO:0097241"	"immune system process"	"0.452971021128313"
"11697"	"GO:0097242"	"neural related process"	"+"
"11698"	"GO:0097250"	"cellular component organization"	"0.96149873018267"
"11699"	"GO:0097252"	"cell death"	"0.570838857525585"
"11700"	"GO:0097254"	"multicellular organismal process"	"0.411145875892488"
"11701"	"GO:0097264"	"metabolic process"	"0.883652912915264"
"11702"	"GO:0097267"	"metabolic process"	"0.964695354306033"
"11703"	"GO:0097272"	"other"	"0.699464779177407"
"11704"	"GO:0097278"	"immune system process"	"0.786261186791803"
"11705"	"GO:0097279"	"immune system process"	"0.721493192867624"
"11706"	"GO:0097280"	"immune system process"	"0.55342095299113"
"11707"	"GO:0097281"	"immune system process"	"0.761381627898842"
"11708"	"GO:0097283"	"cell death"	"0.822434665824154"
"11709"	"GO:0097284"	"cell death"	"+"
"11710"	"GO:0097291"	"multicellular organismal process"	"0.432186186217139"
"11711"	"GO:0097292"	"metabolic process"	"0.933115581290229"
"11712"	"GO:0097293"	"metabolic process"	"0.885181487002531"
"11713"	"GO:0097294"	"metabolic process"	"0.936070464256405"
"11714"	"GO:0097298"	"cellular component organization"	"0.852895584946558"
"11715"	"GO:0097300"	"cell death"	"+"
"11716"	"GO:0097305"	"response to stimulus"	"+"
"11717"	"GO:0097306"	"response to stimulus"	"+"
"11718"	"GO:0097314"	"cellular component organization"	"0.470434801834117"
"11719"	"GO:0097320"	"cellular component organization"	"+"
"11720"	"GO:0097323"	"immune system process"	"0.365957819717695"
"11721"	"GO:0097324"	"multicellular organismal process"	"0.663440393000014"
"11722"	"GO:0097325"	"cell cycle"	"0.821145701332067"
"11723"	"GO:0097326"	"cell adhesion"	"0.593329491359089"
"11724"	"GO:0097327"	"response to stimulus"	"0.828081279656128"
"11725"	"GO:0097332"	"response to stimulus"	"0.736205449741243"
"11726"	"GO:0097340"	"protein modification/signaling"	"0.540610512913915"
"11727"	"GO:0097341"	"protein modification/signaling"	"0.567896371288268"
"11728"	"GO:0097343"	"cellular component organization"	"0.607200640346092"
"11729"	"GO:0097345"	"cell death"	"0.539473714322009"
"11730"	"GO:0097350"	"transport"	"0.745930765058174"
"11731"	"GO:0097352"	"metabolic process"	"+"
"11732"	"GO:0097354"	"protein modification/signaling"	"0.86286793678712"
"11733"	"GO:0097355"	"transport"	"0.437643286834346"
"11734"	"GO:0097359"	"metabolic process"	"0.954344639377643"
"11735"	"GO:0097360"	"cell cycle"	"0.944741124941938"
"11736"	"GO:0097368"	"morphogenesis/development"	"0.790885258113905"
"11737"	"GO:0097370"	"protein modification/signaling"	"0.767136381013358"
"11738"	"GO:0097374"	"neural related process"	"0.943134426927927"
"11739"	"GO:0097376"	"neural related process"	"0.906258584781435"
"11740"	"GO:0097377"	"neural related process"	"0.842203865753496"
"11741"	"GO:0097378"	"neural related process"	"0.853557403943781"
"11742"	"GO:0097379"	"neural related process"	"0.774626129302112"
"11743"	"GO:0097380"	"neural related process"	"0.701707728563236"
"11744"	"GO:0097396"	"immune system process"	"0.914155533938769"
"11745"	"GO:0097398"	"immune system process"	"+"
"11746"	"GO:0097400"	"immune system process"	"0.827745107068004"
"11747"	"GO:0097401"	"neural related process"	"+"
"11748"	"GO:0097402"	"neural related process"	"0.531491495139496"
"11749"	"GO:0097403"	"response to stimulus"	"0.828417894245934"
"11750"	"GO:0097411"	"stress response"	"0.32904010005831"
"11751"	"GO:0097421"	"morphogenesis/development"	"+"
"11752"	"GO:0097428"	"metabolic process"	"+"
"11753"	"GO:0097435"	"cellular component organization"	"+"
"11754"	"GO:0097466"	"ER/endosome/lysosome related process"	"0.634277538017471"
"11755"	"GO:0097468"	"cell death"	"0.594085455970948"
"11756"	"GO:0097473"	"cell death"	"0.78520602744417"
"11757"	"GO:0097474"	"cell death"	"0.785228071055808"
"11758"	"GO:0097475"	"neural related process"	"0.865602223371962"
"11759"	"GO:0097476"	"neural related process"	"0.734485485982794"
"11760"	"GO:0097477"	"neural related process"	"0.849648669352563"
"11761"	"GO:0097479"	"neural related process"	"0.927135835431036"
"11762"	"GO:0097484"	"neural related process"	"0.92155808484128"
"11763"	"GO:0097485"	"neural related process"	"+"
"11764"	"GO:0097490"	"neural related process"	"0.91294685877612"
"11765"	"GO:0097491"	"neural related process"	"0.95033867584685"
"11766"	"GO:0097492"	"neural related process"	"0.910147536297042"
"11767"	"GO:0097494"	"cellular component organization"	"0.741691965138665"
"11768"	"GO:0097497"	"multicellular organismal process"	"0.262266446544923"
"11769"	"GO:0097498"	"morphogenesis/development"	"0.918218158438058"
"11770"	"GO:0097499"	"transport"	"0.681280718046661"
"11771"	"GO:0097500"	"transport"	"0.762419130834354"
"11772"	"GO:0097501"	"response to stimulus"	"0.521892614031215"
"11773"	"GO:0097502"	"protein modification/signaling"	"0.63765385740875"
"11774"	"GO:0097503"	"metabolic process"	"0.580762228527355"
"11775"	"GO:0097510"	"stress response"	"0.589538637502243"
"11776"	"GO:0097527"	"cell death"	"0.520386487498029"
"11777"	"GO:0097528"	"cellular component organization"	"0.203811776311396"
"11778"	"GO:0097529"	"immune system process"	"+"
"11779"	"GO:0097530"	"immune system process"	"+"
"11780"	"GO:0097531"	"immune system process"	"0.943058444361382"
"11781"	"GO:0097532"	"stress response"	"0.720620508704393"
"11782"	"GO:0097533"	"stress response"	"0.774456568528106"
"11783"	"GO:0097534"	"immune system process"	"0.77272110936248"
"11784"	"GO:0097535"	"immune system process"	"0.550643625503589"
"11785"	"GO:0097536"	"morphogenesis/development"	"0.880869586865693"
"11786"	"GO:0097551"	"stress response"	"0.977371091214085"
"11787"	"GO:0097552"	"stress response"	"0.97349798398432"
"11788"	"GO:0097553"	"transport"	"+"
"11789"	"GO:0097576"	"cellular component organization"	"0.64255260365426"
"11790"	"GO:0097577"	"other"	"0.415525738550276"
"11791"	"GO:0097581"	"cellular component organization"	"+"
"11792"	"GO:0097601"	"multicellular organismal process"	"0.773808380699038"
"11793"	"GO:0097623"	"transport"	"0.906954462480952"
"11794"	"GO:0097638"	"transport"	"0.86074101253695"
"11795"	"GO:0097639"	"transport"	"0.704269263477937"
"11796"	"GO:0097640"	"transport"	"0.723652897488374"
"11797"	"GO:0097646"	"receptor related process"	"0.779945671759928"
"11798"	"GO:0097647"	"receptor related process"	"0.840736131089121"
"11799"	"GO:0097680"	"stress response"	"0.820569113346191"
"11800"	"GO:0097681"	"stress response"	"0.786231067368772"
"11801"	"GO:0097688"	"neural related process"	"0.318746502657365"
"11802"	"GO:0097694"	"cell cycle"	"0.75485145382366"
"11803"	"GO:0097695"	"cell cycle"	"0.377098951819804"
"11804"	"GO:0097696"	"receptor related process"	"0.400845370648844"
"11805"	"GO:0097698"	"stress response"	"0.683999578893283"
"11806"	"GO:0097699"	"stress response"	"0.771548466987168"
"11807"	"GO:0097707"	"other"	"0.136885135445446"
"11808"	"GO:0097709"	"multicellular organismal process"	"+"
"11809"	"GO:0097711"	"transport"	"0.447557054589636"
"11810"	"GO:0097712"	"ER/endosome/lysosome related process"	"0.763307422155404"
"11811"	"GO:0097719"	"morphogenesis/development"	"0.59290544394524"
"11812"	"GO:0097720"	"protein modification/signaling"	"0.405329367731108"
"11813"	"GO:0097722"	"other"	"0.857886352037393"
"11814"	"GO:0097734"	"morphogenesis/development"	"+"
"11815"	"GO:0097742"	"cellular component organization"	"0.493987843327108"
"11816"	"GO:0097744"	"multicellular organismal process"	"0.39286254853276"
"11817"	"GO:0097745"	"gene regulation"	"0.958867589474595"
"11818"	"GO:0097746"	"multicellular organismal process"	"+"
"11819"	"GO:0097749"	"cellular component organization"	"0.55637722329083"
"11820"	"GO:0097750"	"ER/endosome/lysosome related process"	"0.441251097233152"
"11821"	"GO:0097752"	"cell cycle"	"0.483084945045534"
"11822"	"GO:0097753"	"cellular component organization"	"0.704758233716651"
"11823"	"GO:0098038"	"stress response"	"0.468623385500856"
"11824"	"GO:0098508"	"morphogenesis/development"	"0.547175262157967"
"11825"	"GO:0098528"	"morphogenesis/development"	"0.933272179098526"
"11826"	"GO:0098529"	"cellular component organization"	"0.794120201204478"
"11827"	"GO:0098530"	"cell cycle"	"0.492688989123724"
"11828"	"GO:0098531"	"gene regulation"	"+"
"11829"	"GO:0098534"	"cell cycle"	"0.700939770114127"
"11830"	"GO:0098535"	"cellular component organization"	"0.414723358948906"
"11831"	"GO:0098542"	"stress response"	"0.941347378920805"
"11832"	"GO:0098543"	"immune system process"	"0.579174684065195"
"11833"	"GO:0098544"	"ER/endosome/lysosome related process"	"0.378103723442524"
"11834"	"GO:0098562"	"cellular component organization"	"+"
"11835"	"GO:0098581"	"immune system process"	"0.648141517643129"
"11836"	"GO:0098583"	"neural related process"	"0.504800955080965"
"11837"	"GO:0098586"	"viral related process"	"+"
"11838"	"GO:0098596"	"neural related process"	"0.953610832700178"
"11839"	"GO:0098597"	"neural related process"	"0.976370426753585"
"11840"	"GO:0098598"	"neural related process"	"0.901846972531011"
"11841"	"GO:0098609"	"cell adhesion"	"+"
"11842"	"GO:0098629"	"ER/endosome/lysosome related process"	"0.411307490506203"
"11843"	"GO:0098630"	"cellular component organization"	"0.532593244905973"
"11844"	"GO:0098631"	"cell adhesion"	"+"
"11845"	"GO:0098636"	"cell adhesion"	"+"
"11846"	"GO:0098641"	"cell adhesion"	"+"
"11847"	"GO:0098655"	"transport"	"0.847812524023022"
"11848"	"GO:0098656"	"transport"	"+"
"11849"	"GO:0098657"	"transport"	"+"
"11850"	"GO:0098658"	"transport"	"0.403557548838429"
"11851"	"GO:0098659"	"transport"	"0.913178033990902"
"11852"	"GO:0098660"	"transport"	"0.877216660571912"
"11853"	"GO:0098661"	"transport"	"0.916425706256758"
"11854"	"GO:0098662"	"transport"	"0.892602828705526"
"11855"	"GO:0098664"	"receptor related process"	"0.639013085515136"
"11856"	"GO:0098670"	"viral related process"	"0.213896252293371"
"11857"	"GO:0098685"	"neural related process"	"+"
"11858"	"GO:0098693"	"neural related process"	"0.561183675825784"
"11859"	"GO:0098694"	"neural related process"	"0.631853198726937"
"11860"	"GO:0098696"	"neural related process"	"0.812249282265681"
"11861"	"GO:0098698"	"neural related process"	"0.755351037751257"
"11862"	"GO:0098700"	"neural related process"	"0.916198033291133"
"11863"	"GO:0098703"	"transport"	"0.707736804111266"
"11864"	"GO:0098704"	"ER/endosome/lysosome related process"	"0.480435032141434"
"11865"	"GO:0098705"	"ER/endosome/lysosome related process"	"0.575621551153393"
"11866"	"GO:0098708"	"ER/endosome/lysosome related process"	"0.484318169659595"
"11867"	"GO:0098711"	"transport"	"0.611946603764147"
"11868"	"GO:0098712"	"transport"	"0.529390106357943"
"11869"	"GO:0098718"	"transport"	"0.678469634049667"
"11870"	"GO:0098719"	"transport"	"0.90153059376333"
"11871"	"GO:0098722"	"cell cycle"	"0.935124091559415"
"11872"	"GO:0098725"	"cell cycle"	"0.888474082714849"
"11873"	"GO:0098727"	"morphogenesis/development"	"+"
"11874"	"GO:0098728"	"cell cycle"	"0.948608534704512"
"11875"	"GO:0098732"	"protein modification/signaling"	"0.798807111065765"
"11876"	"GO:0098734"	"metabolic process"	"0.493226808802761"
"11877"	"GO:0098735"	"multicellular organismal process"	"0.901940096347658"
"11878"	"GO:0098736"	"multicellular organismal process"	"0.954171965367391"
"11879"	"GO:0098737"	"ER/endosome/lysosome related process"	"0.740019348749907"
"11880"	"GO:0098739"	"transport"	"+"
"11881"	"GO:0098742"	"cell adhesion"	"+"
"11882"	"GO:0098743"	"morphogenesis/development"	"0.811558584210532"
"11883"	"GO:0098746"	"neural related process"	"0.501356578500033"
"11884"	"GO:0098749"	"neural related process"	"0.85363603958172"
"11885"	"GO:0098751"	"morphogenesis/development"	"0.849726885246842"
"11886"	"GO:0098754"	"response to stimulus"	"+"
"11887"	"GO:0098756"	"immune system process"	"0.524796487870941"
"11888"	"GO:0098757"	"response to stimulus"	"0.493756740151839"
"11889"	"GO:0098758"	"immune system process"	"0.638588058726444"
"11890"	"GO:0098759"	"immune system process"	"0.64119112974276"
"11891"	"GO:0098760"	"immune system process"	"0.935309754445412"
"11892"	"GO:0098761"	"immune system process"	"+"
"11893"	"GO:0098771"	"other"	"0.884522797119301"
"11894"	"GO:0098773"	"morphogenesis/development"	"+"
"11895"	"GO:0098780"	"stress response"	"+"
"11896"	"GO:0098784"	"cellular component organization"	"0.954606276341322"
"11897"	"GO:0098786"	"cellular component organization"	"0.878347072651388"
"11898"	"GO:0098791"	"ER/endosome/lysosome related process"	"+"
"11899"	"GO:0098792"	"stress response"	"+"
"11900"	"GO:0098794"	"neural related process"	"+"
"11901"	"GO:0098795"	"gene regulation"	"0.914164541871211"
"11902"	"GO:0098801"	"multicellular organismal process"	"0.723264676040939"
"11903"	"GO:0098802"	"receptor related process"	"+"
"11904"	"GO:0098810"	"neural related process"	"0.894292749950395"
"11905"	"GO:0098813"	"cell cycle"	"+"
"11906"	"GO:0098814"	"neural related process"	"0.956347739867943"
"11907"	"GO:0098815"	"neural related process"	"+"
"11908"	"GO:0098816"	"neural related process"	"0.832893808803476"
"11909"	"GO:0098828"	"neural related process"	"0.953385101788093"
"11910"	"GO:0098829"	"multicellular organismal process"	"0.572653624638939"
"11911"	"GO:0098838"	"transport"	"0.926341790208285"
"11912"	"GO:0098840"	"transport"	"0.823897550927025"
"11913"	"GO:0098847"	"gene regulation"	"+"
"11914"	"GO:0098849"	"transport"	"0.298311862694031"
"11915"	"GO:0098856"	"multicellular organismal process"	"0.759026447721942"
"11916"	"GO:0098868"	"morphogenesis/development"	"0.84418243963689"
"11917"	"GO:0098869"	"response to stimulus"	"0.624480175747254"
"11918"	"GO:0098870"	"neural related process"	"0.902275255871996"
"11919"	"GO:0098874"	"neural related process"	"0.685872760478254"
"11920"	"GO:0098876"	"transport"	"+"
"11921"	"GO:0098877"	"ER/endosome/lysosome related process"	"0.803556796483827"
"11922"	"GO:0098880"	"cellular component organization"	"0.850815565604741"
"11923"	"GO:0098883"	"neural related process"	"0.599739541481855"
"11924"	"GO:0098884"	"neural related process"	"+"
"11925"	"GO:0098885"	"neural related process"	"0.887448934611132"
"11926"	"GO:0098886"	"neural related process"	"0.744796290911954"
"11927"	"GO:0098900"	"neural related process"	"+"
"11928"	"GO:0098901"	"neural related process"	"0.533060425323189"
"11929"	"GO:0098902"	"neural related process"	"0.256538655650765"
"11930"	"GO:0098903"	"other"	"0.297330803487886"
"11931"	"GO:0098904"	"neural related process"	"0.291043576389128"
"11932"	"GO:0098905"	"neural related process"	"0.265781093344944"
"11933"	"GO:0098906"	"neural related process"	"0.373221680083658"
"11934"	"GO:0098907"	"neural related process"	"0.336538565709332"
"11935"	"GO:0098908"	"neural related process"	"0.982096515487288"
"11936"	"GO:0098909"	"cellular component organization"	"0.251592792575849"
"11937"	"GO:0098910"	"multicellular organismal process"	"0.591136132813348"
"11938"	"GO:0098911"	"multicellular organismal process"	"0.498138057521356"
"11939"	"GO:0098912"	"multicellular organismal process"	"0.281088307123174"
"11940"	"GO:0098914"	"other"	"0.261679529070331"
"11941"	"GO:0098915"	"neural related process"	"0.244716565880211"
"11942"	"GO:0098916"	"neural related process"	"0.946552399387518"
"11943"	"GO:0098917"	"neural related process"	"0.721137493414066"
"11944"	"GO:0098920"	"neural related process"	"0.609754811421712"
"11945"	"GO:0098921"	"neural related process"	"0.774054468096777"
"11946"	"GO:0098923"	"neural related process"	"0.624280216527135"
"11947"	"GO:0098924"	"neural related process"	"0.577490353979978"
"11948"	"GO:0098925"	"neural related process"	"0.535530716812748"
"11949"	"GO:0098926"	"neural related process"	"0.935941609649063"
"11950"	"GO:0098927"	"ER/endosome/lysosome related process"	"+"
"11951"	"GO:0098928"	"neural related process"	"0.651147314864739"
"11952"	"GO:0098930"	"transport"	"0.78948629194897"
"11953"	"GO:0098935"	"transport"	"0.895609240075047"
"11954"	"GO:0098937"	"transport"	"0.716623897087433"
"11955"	"GO:0098939"	"transport"	"0.48203305675572"
"11956"	"GO:0098942"	"neural related process"	"0.755934167014121"
"11957"	"GO:0098953"	"neural related process"	"0.634496044248651"
"11958"	"GO:0098957"	"transport"	"0.517634888694565"
"11959"	"GO:0098958"	"ER/endosome/lysosome related process"	"0.54248707084887"
"11960"	"GO:0098961"	"transport"	"0.755038458564831"
"11961"	"GO:0098962"	"neural related process"	"0.674153679466758"
"11962"	"GO:0098963"	"transport"	"0.840505648448603"
"11963"	"GO:0098964"	"transport"	"0.553159891796454"
"11964"	"GO:0098967"	"neural related process"	"0.601063541438695"
"11965"	"GO:0098969"	"ER/endosome/lysosome related process"	"0.772085563523008"
"11966"	"GO:0098970"	"neural related process"	"0.666719508893421"
"11967"	"GO:0098971"	"neural related process"	"0.599197009204636"
"11968"	"GO:0098972"	"ER/endosome/lysosome related process"	"0.608614714027462"
"11969"	"GO:0098974"	"cellular component organization"	"0.955122049519014"
"11970"	"GO:0098976"	"neural related process"	"0.9836361475526"
"11971"	"GO:0098977"	"neural related process"	"0.973182647864162"
"11972"	"GO:0098978"	"neural related process"	"+"
"11973"	"GO:0098982"	"neural related process"	"+"
"11974"	"GO:0098984"	"neural related process"	"+"
"11975"	"GO:0098990"	"neural related process"	"0.436357942380871"
"11976"	"GO:0099003"	"transport"	"+"
"11977"	"GO:0099010"	"neural related process"	"+"
"11978"	"GO:0099011"	"neural related process"	"0.728799810249324"
"11979"	"GO:0099022"	"transport"	"+"
"11980"	"GO:0099024"	"cellular component organization"	"0.4018927018395"
"11981"	"GO:0099039"	"transport"	"0.396028261875403"
"11982"	"GO:0099040"	"transport"	"0.469811515305451"
"11983"	"GO:0099046"	"stress response"	"0.437821907126479"
"11984"	"GO:0099054"	"neural related process"	"+"
"11985"	"GO:0099068"	"neural related process"	"0.930283613187084"
"11986"	"GO:0099072"	"neural related process"	"0.390271726124123"
"11987"	"GO:0099074"	"ER/endosome/lysosome related process"	"0.925771848713421"
"11988"	"GO:0099075"	"ER/endosome/lysosome related process"	"0.827763190862007"
"11989"	"GO:0099082"	"neural related process"	"0.785963760458585"
"11990"	"GO:0099084"	"neural related process"	"0.714657028984694"
"11991"	"GO:0099088"	"transport"	"0.521050599262117"
"11992"	"GO:0099093"	"transport"	"0.405466670489043"
"11993"	"GO:0099105"	"receptor related process"	"0.59257503653023"
"11994"	"GO:0099109"	"receptor related process"	"0.724659626418408"
"11995"	"GO:0099111"	"transport"	"0.639441035061457"
"11996"	"GO:0099116"	"gene regulation"	"+"
"11997"	"GO:0099118"	"transport"	"0.707126981644572"
"11998"	"GO:0099123"	"neural related process"	"0.301654708728025"
"11999"	"GO:0099140"	"cellular component organization"	"0.783861675389258"
"12000"	"GO:0099145"	"ER/endosome/lysosome related process"	"0.504914744709789"
"12001"	"GO:0099149"	"neural related process"	"0.753079476253911"
"12002"	"GO:0099150"	"cellular component organization"	"0.530926378245742"
"12003"	"GO:0099151"	"cellular component organization"	"0.538752266184492"
"12004"	"GO:0099152"	"ER/endosome/lysosome related process"	"0.948160517649086"
"12005"	"GO:0099156"	"cellular component organization"	"0.166439164513358"
"12006"	"GO:0099159"	"neural related process"	"0.799351200807176"
"12007"	"GO:0099161"	"neural related process"	"0.836515921400025"
"12008"	"GO:0099163"	"neural related process"	"0.383537033504187"
"12009"	"GO:0099170"	"neural related process"	"+"
"12010"	"GO:0099171"	"neural related process"	"0.912514419774362"
"12011"	"GO:0099172"	"neural related process"	"+"
"12012"	"GO:0099173"	"neural related process"	"+"
"12013"	"GO:0099174"	"neural related process"	"0.909750996192167"
"12014"	"GO:0099175"	"neural related process"	"0.919796848275355"
"12015"	"GO:0099177"	"neural related process"	"+"
"12016"	"GO:0099178"	"neural related process"	"0.461786518090986"
"12017"	"GO:0099179"	"neural related process"	"0.389531117490348"
"12018"	"GO:0099180"	"ER/endosome/lysosome related process"	"0.865114379874234"
"12019"	"GO:0099183"	"neural related process"	"0.575487001996978"
"12020"	"GO:0099185"	"cellular component organization"	"0.896835431791214"
"12021"	"GO:0099187"	"cellular component organization"	"0.777056776555189"
"12022"	"GO:0099188"	"cellular component organization"	"+"
"12023"	"GO:0099191"	"neural related process"	"0.844836843492325"
"12024"	"GO:0099403"	"cell cycle"	"0.979007855260345"
"12025"	"GO:0099404"	"cell cycle"	"0.977545765313121"
"12026"	"GO:0099500"	"neural related process"	"0.768023356209112"
"12027"	"GO:0099502"	"neural related process"	"0.289812304320114"
"12028"	"GO:0099504"	"transport"	"0.544513899288047"
"12029"	"GO:0099505"	"neural related process"	"0.834524291178233"
"12030"	"GO:0099509"	"neural related process"	"0.652831337259045"
"12031"	"GO:0099514"	"ER/endosome/lysosome related process"	"0.400794296188703"
"12032"	"GO:0099515"	"transport"	"+"
"12033"	"GO:0099517"	"neural related process"	"0.445180861770951"
"12034"	"GO:0099518"	"transport"	"0.934951086077788"
"12035"	"GO:0099519"	"ER/endosome/lysosome related process"	"0.346159713779447"
"12036"	"GO:0099525"	"neural related process"	"0.743422133761167"
"12037"	"GO:0099526"	"ER/endosome/lysosome related process"	"0.292764838566113"
"12038"	"GO:0099527"	"neural related process"	"0.183142845702966"
"12039"	"GO:0099528"	"neural related process"	"+"
"12040"	"GO:0099532"	"ER/endosome/lysosome related process"	"0.848938717183457"
"12041"	"GO:0099536"	"neural related process"	"0.934844794097045"
"12042"	"GO:0099537"	"neural related process"	"0.959062252139553"
"12043"	"GO:0099538"	"neural related process"	"0.908021365619614"
"12044"	"GO:0099540"	"neural related process"	"0.877005110734499"
"12045"	"GO:0099541"	"neural related process"	"0.809093454628788"
"12046"	"GO:0099542"	"neural related process"	"0.852617006764271"
"12047"	"GO:0099543"	"neural related process"	"0.622255822185224"
"12048"	"GO:0099545"	"neural related process"	"0.734498198417043"
"12049"	"GO:0099547"	"neural related process"	"0.503616227420892"
"12050"	"GO:0099548"	"protein modification/signaling"	"0.351755552297636"
"12051"	"GO:0099550"	"neural related process"	"0.880561312854332"
"12052"	"GO:0099551"	"neural related process"	"0.879327455849474"
"12053"	"GO:0099552"	"neural related process"	"0.853756698618617"
"12054"	"GO:0099553"	"neural related process"	"0.795644705200267"
"12055"	"GO:0099554"	"neural related process"	"0.624291916835405"
"12056"	"GO:0099555"	"neural related process"	"0.477255299089533"
"12057"	"GO:0099557"	"neural related process"	"0.548329653781383"
"12058"	"GO:0099558"	"neural related process"	"+"
"12059"	"GO:0099560"	"cell adhesion"	"0.554658126073214"
"12060"	"GO:0099562"	"cellular component organization"	"0.849774125544898"
"12061"	"GO:0099563"	"neural related process"	"0.948252066924286"
"12062"	"GO:0099565"	"neural related process"	"0.980315625912417"
"12063"	"GO:0099566"	"ER/endosome/lysosome related process"	"0.268253393474304"
"12064"	"GO:0099575"	"metabolic process"	"0.32690786397824"
"12065"	"GO:0099576"	"neural related process"	"0.534063471646621"
"12066"	"GO:0099578"	"neural related process"	"0.558358728515566"
"12067"	"GO:0099587"	"transport"	"0.942076845248864"
"12068"	"GO:0099590"	"neural related process"	"0.860807812859152"
"12069"	"GO:0099601"	"neural related process"	"0.48310790203411"
"12070"	"GO:0099606"	"cell cycle"	"0.72256736487949"
"12071"	"GO:0099607"	"cell cycle"	"0.941379399199609"
"12072"	"GO:0099608"	"neural related process"	"0.822301462817854"
"12073"	"GO:0099610"	"neural related process"	"0.908264940071648"
"12074"	"GO:0099611"	"neural related process"	"0.802066191425995"
"12075"	"GO:0099612"	"ER/endosome/lysosome related process"	"0.520827790540133"
"12076"	"GO:0099622"	"other"	"0.331069626462232"
"12077"	"GO:0099623"	"other"	"0.269832234328277"
"12078"	"GO:0099624"	"other"	"0.280838604619607"
"12079"	"GO:0099625"	"other"	"0.229631094201044"
"12080"	"GO:0099627"	"ER/endosome/lysosome related process"	"0.587562905209305"
"12081"	"GO:0099628"	"neural related process"	"0.592959815519009"
"12082"	"GO:0099630"	"ER/endosome/lysosome related process"	"0.469273031743704"
"12083"	"GO:0099633"	"neural related process"	"0.515211470371214"
"12084"	"GO:0099637"	"ER/endosome/lysosome related process"	"0.684430549246515"
"12085"	"GO:0099639"	"ER/endosome/lysosome related process"	"0.968569627218034"
"12086"	"GO:0099640"	"transport"	"0.478860310967423"
"12087"	"GO:0099641"	"transport"	"0.489156173316717"
"12088"	"GO:0099642"	"transport"	"0.522569893284787"
"12089"	"GO:0099643"	"neural related process"	"0.958041357130392"
"12090"	"GO:0099645"	"neural related process"	"0.531544838499094"
"12091"	"GO:0100001"	"neural related process"	"0.398685666430613"
"12092"	"GO:0101002"	"immune system process"	"+"
"12093"	"GO:0101023"	"cell cycle"	"0.986622610519877"
"12094"	"GO:0101024"	"cell cycle"	"0.5159244930108"
"12095"	"GO:0101027"	"neural related process"	"0.41151560998546"
"12096"	"GO:0101030"	"metabolic process"	"0.730515127232701"
"12097"	"GO:0104004"	"response to stimulus"	"+"
"12098"	"GO:0106001"	"multicellular organismal process"	"0.628075215998102"
"12099"	"GO:0106004"	"metabolic process"	"0.445692907635203"
"12100"	"GO:0106005"	"gene regulation"	"0.767817218344978"
"12101"	"GO:0106014"	"immune system process"	"0.927802603363554"
"12102"	"GO:0106015"	"immune system process"	"0.879905028722622"
"12103"	"GO:0106016"	"immune system process"	"0.560580577483313"
"12104"	"GO:0106020"	"cellular component organization"	"0.492939559072593"
"12105"	"GO:0106022"	"neural related process"	"0.289379986282122"
"12106"	"GO:0106027"	"neural related process"	"+"
"12107"	"GO:0106028"	"cellular component organization"	"0.40790475651171"
"12108"	"GO:0106030"	"neural related process"	"0.960396542988748"
"12109"	"GO:0106034"	"metabolic process"	"0.912668953857794"
"12110"	"GO:0106035"	"metabolic process"	"0.828113719438094"
"12111"	"GO:0106040"	"receptor related process"	"0.685980119377597"
"12112"	"GO:0106044"	"metabolic process"	"0.94833899591975"
"12113"	"GO:0106045"	"metabolic process"	"0.943264733608082"
"12114"	"GO:0106046"	"metabolic process"	"0.96700036227174"
"12115"	"GO:0106047"	"metabolic process"	"0.77810211909531"
"12116"	"GO:0106048"	"metabolic process"	"0.751592717079158"
"12117"	"GO:0106049"	"stress response"	"0.626772641156982"
"12118"	"GO:0106056"	"protein modification/signaling"	"0.770364952781343"
"12119"	"GO:0106057"	"protein modification/signaling"	"0.868289940915024"
"12120"	"GO:0106058"	"protein modification/signaling"	"0.686629992726368"
"12121"	"GO:0106064"	"metabolic process"	"0.843892321010721"
"12122"	"GO:0106070"	"receptor related process"	"0.895508728719275"
"12123"	"GO:0106071"	"receptor related process"	"0.834075176045228"
"12124"	"GO:0106072"	"receptor related process"	"0.884160112103071"
"12125"	"GO:0106074"	"metabolic process"	"0.67685129373256"
"12126"	"GO:0106088"	"morphogenesis/development"	"0.322916815856947"
"12127"	"GO:0106089"	"morphogenesis/development"	"0.831391469218675"
"12128"	"GO:0106091"	"neural related process"	"0.660646485221099"
"12129"	"GO:0106101"	"ER/endosome/lysosome related process"	"0.985715095828251"
"12130"	"GO:0106104"	"neural related process"	"0.414923478782854"
"12131"	"GO:0106106"	"multicellular organismal process"	"0.909663210791504"
"12132"	"GO:0106118"	"metabolic process"	"0.809988653779544"
"12133"	"GO:0106119"	"metabolic process"	"0.78967363257216"
"12134"	"GO:0106120"	"metabolic process"	"0.878703500438858"
"12135"	"GO:0106121"	"metabolic process"	"0.755675393108062"
"12136"	"GO:0106134"	"multicellular organismal process"	"0.737599162289469"
"12137"	"GO:0106135"	"multicellular organismal process"	"0.612393222677525"
"12138"	"GO:0106217"	"gene regulation"	"0.62649129228776"
"12139"	"GO:0106227"	"protein modification/signaling"	"0.729325159451673"
"12140"	"GO:0106230"	"protein modification/signaling"	"0.861093050499229"
"12141"	"GO:0106272"	"ER/endosome/lysosome related process"	"0.993545843276087"
"12142"	"GO:0106273"	"ER/endosome/lysosome related process"	"0.9843539322012"
"12143"	"GO:0106288"	"gene regulation"	"0.971141168769933"
"12144"	"GO:0106289"	"gene regulation"	"0.966785949493268"
"12145"	"GO:0106300"	"stress response"	"0.902005654673529"
"12146"	"GO:0106310"	"protein modification/signaling"	"+"
"12147"	"GO:0106342"	"metabolic process"	"0.942075307011736"
"12148"	"GO:0106349"	"gene regulation"	"0.588214930766945"
"12149"	"GO:0106354"	"metabolic process"	"0.701795096263358"
"12150"	"GO:0106380"	"metabolic process"	"0.76975872515791"
"12151"	"GO:0106381"	"metabolic process"	"0.755946169565352"
"12152"	"GO:0106383"	"metabolic process"	"0.600271447899111"
"12153"	"GO:0106402"	"metabolic process"	"0.622386092757075"
"12154"	"GO:0110002"	"metabolic process"	"0.446569407811212"
"12155"	"GO:0110009"	"cellular component organization"	"0.949815226544971"
"12156"	"GO:0110010"	"transport"	"0.746082661737459"
"12157"	"GO:0110011"	"cellular component organization"	"0.902068375517174"
"12158"	"GO:0110012"	"ER/endosome/lysosome related process"	"0.834576203722019"
"12159"	"GO:0110017"	"gene regulation"	"0.867291710754658"
"12160"	"GO:0110020"	"cellular component organization"	"+"
"12161"	"GO:0110021"	"cell cycle"	"0.973223710064558"
"12162"	"GO:0110022"	"cell cycle"	"0.949448960077675"
"12163"	"GO:0110024"	"cell cycle"	"0.934629993426284"
"12164"	"GO:0110025"	"cell cycle"	"0.894841547799169"
"12165"	"GO:0110026"	"cell cycle"	"0.871553257766916"
"12166"	"GO:0110029"	"cell cycle"	"0.925896650975899"
"12167"	"GO:0110030"	"cell cycle"	"0.921843001956183"
"12168"	"GO:0110031"	"cell cycle"	"0.854805314187017"
"12169"	"GO:0110032"	"cell cycle"	"0.897570083012298"
"12170"	"GO:0110051"	"metabolic process"	"0.829612607611934"
"12171"	"GO:0110053"	"cellular component organization"	"+"
"12172"	"GO:0110057"	"morphogenesis/development"	"0.76578648818646"
"12173"	"GO:0110059"	"morphogenesis/development"	"0.81154237542839"
"12174"	"GO:0110061"	"receptor related process"	"0.612847139333184"
"12175"	"GO:0110062"	"receptor related process"	"0.668345536315277"
"12176"	"GO:0110063"	"receptor related process"	"0.83102220092195"
"12177"	"GO:0110064"	"metabolic process"	"0.646626871082128"
"12178"	"GO:0110075"	"cell death"	"0.388013495000063"
"12179"	"GO:0110076"	"cell death"	"0.428700753810783"
"12180"	"GO:0110077"	"ER/endosome/lysosome related process"	"0.384793512453217"
"12181"	"GO:0110088"	"cell death"	"0.719288929113826"
"12182"	"GO:0110089"	"cell death"	"0.726844054749498"
"12183"	"GO:0110091"	"cell death"	"0.794803719680612"
"12184"	"GO:0110095"	"metabolic process"	"0.518395573567057"
"12185"	"GO:0110096"	"response to stimulus"	"+"
"12186"	"GO:0110097"	"transport"	"0.567551970125497"
"12187"	"GO:0110099"	"transport"	"0.611002710139225"
"12188"	"GO:0110104"	"gene regulation"	"0.760639477003072"
"12189"	"GO:0110110"	"morphogenesis/development"	"+"
"12190"	"GO:0110111"	"morphogenesis/development"	"+"
"12191"	"GO:0110112"	"transport"	"0.719986186143105"
"12192"	"GO:0110113"	"transport"	"0.737835149962882"
"12193"	"GO:0110114"	"transport"	"0.489229884156991"
"12194"	"GO:0110135"	"receptor related process"	"0.617597786823465"
"12195"	"GO:0110154"	"gene regulation"	"+"
"12196"	"GO:0110155"	"gene regulation"	"0.817027908497067"
"12197"	"GO:0110156"	"gene regulation"	"0.983147202703047"
"12198"	"GO:0120006"	"neural related process"	"0.790461325992212"
"12199"	"GO:0120007"	"neural related process"	"0.541122130488734"
"12200"	"GO:0120008"	"neural related process"	"0.880471525213146"
"12201"	"GO:0120009"	"cellular component organization"	"0.461689109753201"
"12202"	"GO:0120012"	"ER/endosome/lysosome related process"	"0.36322047178781"
"12203"	"GO:0120031"	"cellular component organization"	"+"
"12204"	"GO:0120032"	"cellular component organization"	"0.963316594477706"
"12205"	"GO:0120033"	"cellular component organization"	"0.948245000158359"
"12206"	"GO:0120034"	"cellular component organization"	"0.958625954802317"
"12207"	"GO:0120035"	"cellular component organization"	"+"
"12208"	"GO:0120036"	"cellular component organization"	"0.782173884417458"
"12209"	"GO:0120039"	"neural related process"	"0.872038817446794"
"12210"	"GO:0120040"	"immune system process"	"0.814603969274878"
"12211"	"GO:0120041"	"immune system process"	"0.575642560493356"
"12212"	"GO:0120042"	"immune system process"	"0.821122463905279"
"12213"	"GO:0120045"	"neural related process"	"0.910398448210995"
"12214"	"GO:0120049"	"gene regulation"	"0.799343650705131"
"12215"	"GO:0120054"	"multicellular organismal process"	"0.664141312020628"
"12216"	"GO:0120055"	"multicellular organismal process"	"0.73742301929482"
"12217"	"GO:0120056"	"multicellular organismal process"	"0.82471804487801"
"12218"	"GO:0120057"	"multicellular organismal process"	"0.739128009107251"
"12219"	"GO:0120058"	"multicellular organismal process"	"0.681841492339184"
"12220"	"GO:0120063"	"multicellular organismal process"	"0.955215157609749"
"12221"	"GO:0120064"	"multicellular organismal process"	"0.945490357909839"
"12222"	"GO:0120065"	"multicellular organismal process"	"0.933274270348369"
"12223"	"GO:0120071"	"multicellular organismal process"	"0.908235525760293"
"12224"	"GO:0120072"	"multicellular organismal process"	"0.942380298267255"
"12225"	"GO:0120077"	"morphogenesis/development"	"0.911484485940638"
"12226"	"GO:0120078"	"cell adhesion"	"0.330770890632308"
"12227"	"GO:0120093"	"protein modification/signaling"	"0.908627347426583"
"12228"	"GO:0120094"	"protein modification/signaling"	"0.862126991567703"
"12229"	"GO:0120116"	"metabolic process"	"0.650863786931208"
"12230"	"GO:0120117"	"immune system process"	"0.849894910629876"
"12231"	"GO:0120126"	"stress response"	"0.759766132010151"
"12232"	"GO:0120127"	"response to stimulus"	"0.506630914670812"
"12233"	"GO:0120154"	"protein modification/signaling"	"0.437296075856035"
"12234"	"GO:0120158"	"metabolic process"	"0.880469496043314"
"12235"	"GO:0120161"	"multicellular organismal process"	"+"
"12236"	"GO:0120162"	"multicellular organismal process"	"+"
"12237"	"GO:0120163"	"multicellular organismal process"	"+"
"12238"	"GO:0120168"	"neural related process"	"0.333379540053352"
"12239"	"GO:0120169"	"neural related process"	"0.401855198587293"
"12240"	"GO:0120178"	"metabolic process"	"0.847446280848176"
"12241"	"GO:0120179"	"cellular component organization"	"0.330450070200897"
"12242"	"GO:0120180"	"cellular component organization"	"0.671971989679"
"12243"	"GO:0120181"	"cellular component organization"	"0.486091801042128"
"12244"	"GO:0120182"	"cellular component organization"	"0.765148208855624"
"12245"	"GO:0120183"	"cellular component organization"	"0.857721188169131"
"12246"	"GO:0120186"	"transport"	"0.453669528246095"
"12247"	"GO:0120187"	"transport"	"0.537526728702204"
"12248"	"GO:0120188"	"transport"	"0.410120797335891"
"12249"	"GO:0120189"	"transport"	"0.539131307783182"
"12250"	"GO:0120190"	"transport"	"0.356931138910422"
"12251"	"GO:0120191"	"gene regulation"	"0.914498787437495"
"12252"	"GO:0120192"	"cellular component organization"	"0.854501664117388"
"12253"	"GO:0120193"	"cellular component organization"	"0.857519101843841"
"12254"	"GO:0120197"	"transport"	"0.503488238111434"
"12255"	"GO:0120211"	"cellular component organization"	"0.564924977778039"
"12256"	"GO:0120221"	"cellular component organization"	"0.328090741560559"
"12257"	"GO:0120222"	"morphogenesis/development"	"0.903421376148221"
"12258"	"GO:0120223"	"morphogenesis/development"	"0.908466616393879"
"12259"	"GO:0120224"	"morphogenesis/development"	"0.954734515268097"
"12260"	"GO:0120229"	"transport"	"0.928723366349212"
"12261"	"GO:0120252"	"metabolic process"	"0.979168214845511"
"12262"	"GO:0120253"	"metabolic process"	"0.973237646442856"
"12263"	"GO:0120254"	"metabolic process"	"+"
"12264"	"GO:0120255"	"metabolic process"	"0.96570751989666"
"12265"	"GO:0120256"	"metabolic process"	"0.986910298325156"
"12266"	"GO:0120261"	"gene regulation"	"+"
"12267"	"GO:0120262"	"gene regulation"	"0.737855800518561"
"12268"	"GO:0120263"	"gene regulation"	"0.877881049510079"
"12269"	"GO:0120302"	"response to stimulus"	"0.322391108285415"
"12270"	"GO:0120305"	"morphogenesis/development"	"0.481940495602141"
"12271"	"GO:0120316"	"cellular component organization"	"0.556682148593306"
"12272"	"GO:0120317"	"cellular component organization"	"0.867749213082083"
"12273"	"GO:0120322"	"protein modification/signaling"	"0.861072617984233"
"12274"	"GO:0120323"	"protein modification/signaling"	"0.716165279244786"
"12275"	"GO:0140009"	"transport"	"0.908093859887457"
"12276"	"GO:0140013"	"cell cycle"	"+"
"12277"	"GO:0140014"	"cell cycle"	"+"
"12278"	"GO:0140018"	"gene regulation"	"0.764350810261837"
"12279"	"GO:0140021"	"transport"	"0.514481458607916"
"12280"	"GO:0140029"	"transport"	"0.61894844036784"
"12281"	"GO:0140030"	"protein modification/signaling"	"+"
"12282"	"GO:0140033"	"protein modification/signaling"	"+"
"12283"	"GO:0140039"	"cell adhesion"	"0.493362429272259"
"12284"	"GO:0140041"	"metabolic process"	"0.193862933000235"
"12285"	"GO:0140042"	"cellular component organization"	"0.986001542037751"
"12286"	"GO:0140048"	"transport"	"0.794322936152438"
"12287"	"GO:0140049"	"morphogenesis/development"	"0.75184118804708"
"12288"	"GO:0140051"	"morphogenesis/development"	"0.794652265957731"
"12289"	"GO:0140052"	"response to stimulus"	"0.762263228127014"
"12290"	"GO:0140053"	"gene regulation"	"+"
"12291"	"GO:0140056"	"other"	"0.624719900028955"
"12292"	"GO:0140058"	"neural related process"	"+"
"12293"	"GO:0140059"	"neural related process"	"0.983528723609877"
"12294"	"GO:0140060"	"neural related process"	"0.931547343038903"
"12295"	"GO:0140066"	"protein modification/signaling"	"0.801170301797888"
"12296"	"GO:0140067"	"protein modification/signaling"	"0.772778532287838"
"12297"	"GO:0140074"	"morphogenesis/development"	"0.777183324108577"
"12298"	"GO:0140097"	"gene regulation"	"+"
"12299"	"GO:0140098"	"gene regulation"	"+"
"12300"	"GO:0140105"	"immune system process"	"0.607464896930263"
"12301"	"GO:0140112"	"cellular component organization"	"+"
"12302"	"GO:0140115"	"transport"	"+"
"12303"	"GO:0140121"	"cellular component organization"	"0.931902029868376"
"12304"	"GO:0140122"	"cellular component organization"	"0.810678100837135"
"12305"	"GO:0140123"	"cellular component organization"	"0.83290049316452"
"12306"	"GO:0140131"	"immune system process"	"+"
"12307"	"GO:0140141"	"transport"	"0.710517065000698"
"12308"	"GO:0140142"	"transport"	"+"
"12309"	"GO:0140157"	"transport"	"0.44324907579669"
"12310"	"GO:0140199"	"receptor related process"	"0.663142685468179"
"12311"	"GO:0140205"	"transport"	"0.758823759223562"
"12312"	"GO:0140206"	"transport"	"0.612111679049016"
"12313"	"GO:0140207"	"transport"	"0.553921586894711"
"12314"	"GO:0140208"	"cell death"	"0.864962268465359"
"12315"	"GO:0140212"	"transport"	"0.831911034328368"
"12316"	"GO:0140213"	"transport"	"0.792117160750038"
"12317"	"GO:0140214"	"transport"	"0.791882491402115"
"12318"	"GO:0140223"	"gene regulation"	"+"
"12319"	"GO:0140231"	"transport"	"0.483434131596813"
"12320"	"GO:0140236"	"metabolic process"	"0.414869279128806"
"12321"	"GO:0140238"	"neural related process"	"0.768699452825262"
"12322"	"GO:0140239"	"neural related process"	"0.567567417171606"
"12323"	"GO:0140241"	"metabolic process"	"0.380955104370304"
"12324"	"GO:0140243"	"gene regulation"	"0.426237584924839"
"12325"	"GO:0140245"	"neural related process"	"0.486972644946476"
"12326"	"GO:0140246"	"metabolic process"	"0.897929138445193"
"12327"	"GO:0140249"	"metabolic process"	"0.898648274831828"
"12328"	"GO:0140250"	"metabolic process"	"0.366166239419844"
"12329"	"GO:0140251"	"ER/endosome/lysosome related process"	"0.404095936117464"
"12330"	"GO:0140252"	"metabolic process"	"0.446456905305268"
"12331"	"GO:0140253"	"cellular component organization"	"+"
"12332"	"GO:0140271"	"ER/endosome/lysosome related process"	"0.471561114032711"
"12333"	"GO:0140285"	"ER/endosome/lysosome related process"	"0.64405158975672"
"12334"	"GO:0140290"	"protein modification/signaling"	"0.837185003447459"
"12335"	"GO:0140291"	"protein modification/signaling"	"0.779143281281635"
"12336"	"GO:0140296"	"gene regulation"	"+"
"12337"	"GO:0140297"	"gene regulation"	"+"
"12338"	"GO:0140298"	"ER/endosome/lysosome related process"	"0.324206781744562"
"12339"	"GO:0140300"	"transport"	"0.758210005586975"
"12340"	"GO:0140329"	"transport"	"0.424026062960952"
"12341"	"GO:0140331"	"transport"	"0.468947855717071"
"12342"	"GO:0140352"	"transport"	"0.906342166706998"
"12343"	"GO:0140353"	"transport"	"+"
"12344"	"GO:0140354"	"transport"	"0.948102519283669"
"12345"	"GO:0140361"	"transport"	"0.834099268080537"
"12346"	"GO:0140367"	"viral related process"	"0.296922677101051"
"12347"	"GO:0140374"	"viral related process"	"+"
"12348"	"GO:0140438"	"protein modification/signaling"	"0.669281130804697"
"12349"	"GO:0140447"	"receptor related process"	"0.505988475039955"
"12350"	"GO:0140448"	"receptor related process"	"+"
"12351"	"GO:0140454"	"cellular component organization"	"0.742357111070472"
"12352"	"GO:0140455"	"metabolic process"	"0.530378569588445"
"12353"	"GO:0140457"	"protein modification/signaling"	"+"
"12354"	"GO:0140459"	"response to stimulus"	"0.807469102140656"
"12355"	"GO:0140460"	"response to stimulus"	"0.693231318657409"
"12356"	"GO:0140466"	"transport"	"0.579614415434023"
"12357"	"GO:0140467"	"stress response"	"+"
"12358"	"GO:0140468"	"stress response"	"0.57781660272306"
"12359"	"GO:0140469"	"stress response"	"0.742297060293297"
"12360"	"GO:0140484"	"transport"	"0.879558991689947"
"12361"	"GO:0140493"	"metabolic process"	"0.823881388306156"
"12362"	"GO:0140495"	"transport"	"0.447482158145335"
"12363"	"GO:0140499"	"cell cycle"	"0.724264754676934"
"12364"	"GO:0140507"	"cell death"	"0.339787393889508"
"12365"	"GO:0140527"	"cell cycle"	"0.981329748355006"
"12366"	"GO:0140535"	"other"	"+"
"12367"	"GO:0140541"	"gene regulation"	"0.950477315751495"
"12368"	"GO:0140542"	"gene regulation"	"0.979869291141481"
"12369"	"GO:0140543"	"gene regulation"	"0.977913666446877"
"12370"	"GO:0140546"	"stress response"	"+"
"12371"	"GO:0140568"	"ER/endosome/lysosome related process"	"0.833680499712778"
"12372"	"GO:0140569"	"ER/endosome/lysosome related process"	"0.976778571109844"
"12373"	"GO:0140570"	"ER/endosome/lysosome related process"	"0.702114655026359"
"12374"	"GO:0140576"	"other"	"0.65218512533246"
"12375"	"GO:0140588"	"cell cycle"	"0.589612587788879"
"12376"	"GO:0140591"	"ER/endosome/lysosome related process"	"0.325820826837769"
"12377"	"GO:0140597"	"cellular component organization"	"+"
"12378"	"GO:0140627"	"metabolic process"	"0.815007721544253"
"12379"	"GO:0140632"	"cellular component organization"	"0.610985978475852"
"12380"	"GO:0140633"	"cellular component organization"	"0.937830169532381"
"12381"	"GO:0140639"	"immune system process"	"0.745095881934606"
"12382"	"GO:0140640"	"metabolic process"	"+"
"12383"	"GO:0140647"	"metabolic process"	"0.886227790464154"
"12384"	"GO:0140650"	"neural related process"	"0.905470152014381"
"12385"	"GO:0140651"	"metabolic process"	"0.322565839013839"
"12386"	"GO:0140657"	"other"	"+"
"12387"	"GO:0140658"	"cell cycle"	"+"
"12388"	"GO:0140664"	"stress response"	"+"
"12389"	"GO:0140666"	"cell cycle"	"+"
"12390"	"GO:0140667"	"gene regulation"	"0.551593210612088"
"12391"	"GO:0140668"	"gene regulation"	"0.353546998770762"
"12392"	"GO:0140673"	"gene regulation"	"0.846290367817088"
"12393"	"GO:0140678"	"other"	"+"
"12394"	"GO:0140694"	"cellular component organization"	"0.80958419143312"
"12395"	"GO:0140706"	"transport"	"0.794823885023713"
"12396"	"GO:0140708"	"gene regulation"	"0.261693451143045"
"12397"	"GO:0140718"	"gene regulation"	"+"
"12398"	"GO:0140719"	"gene regulation"	"+"
"12399"	"GO:0140739"	"cellular component organization"	"0.952921716877534"
"12400"	"GO:0140742"	"gene regulation"	"0.966460102854862"
"12401"	"GO:0140743"	"gene regulation"	"0.97956116778863"
"12402"	"GO:0140744"	"gene regulation"	"0.928959921380486"
"12403"	"GO:0140745"	"gene regulation"	"0.936788470157785"
"12404"	"GO:0140754"	"viral related process"	"0.323026901780555"
"12405"	"GO:0140766"	"immune system process"	"0.284934685234742"
"12406"	"GO:0140820"	"ER/endosome/lysosome related process"	"0.907434991602383"
"12407"	"GO:0140861"	"stress response"	"0.611025264978972"
"12408"	"GO:0140865"	"receptor related process"	"0.750334760603877"
"12409"	"GO:0140882"	"transport"	"0.600164864117353"
"12410"	"GO:0140886"	"immune system process"	"0.310887992483037"
"12411"	"GO:0140888"	"immune system process"	"+"
"12412"	"GO:0140889"	"cell cycle"	"0.606067656856572"
"12413"	"GO:0140894"	"immune system process"	"+"
"12414"	"GO:0140895"	"immune system process"	"+"
"12415"	"GO:0140896"	"immune system process"	"0.731460058032648"
"12416"	"GO:0140914"	"ER/endosome/lysosome related process"	"0.821557583314881"
"12417"	"GO:0140915"	"ER/endosome/lysosome related process"	"0.844753846328408"
"12418"	"GO:0140917"	"ER/endosome/lysosome related process"	"0.839814169163957"
"12419"	"GO:0140924"	"transport"	"0.639750059479"
"12420"	"GO:0140928"	"multicellular organismal process"	"0.485169816107559"
"12421"	"GO:0140958"	"gene regulation"	"0.902041571119011"
"12422"	"GO:0140961"	"response to stimulus"	"0.231403039070484"
"12423"	"GO:0140962"	"multicellular organismal process"	"0.576330819185911"
"12424"	"GO:0140965"	"gene regulation"	"0.662213556848107"
"12425"	"GO:0140966"	"gene regulation"	"0.894545775067431"
"12426"	"GO:0140970"	"cellular component organization"	"0.834190145070474"
"12427"	"GO:0140971"	"cellular component organization"	"0.720517369684247"
"12428"	"GO:0140972"	"cellular component organization"	"0.785727935174417"
"12429"	"GO:0140973"	"cellular component organization"	"0.852101152397468"
"12430"	"GO:0140975"	"stress response"	"0.322550026673836"
"12431"	"GO:0140990"	"gene regulation"	"0.853427727277294"
"12432"	"GO:0140993"	"gene regulation"	"+"
"12433"	"GO:0141005"	"gene regulation"	"0.924619792679778"
"12434"	"GO:0141006"	"gene regulation"	"0.920798801288811"
"12435"	"GO:0141007"	"gene regulation"	"0.932041313859493"
"12436"	"GO:0141008"	"gene regulation"	"0.938110567258786"
"12437"	"GO:0141014"	"gene regulation"	"0.41278034266048"
"12438"	"GO:0141060"	"immune system process"	"0.344786755495652"
"12439"	"GO:0141061"	"immune system process"	"0.565410341301375"
"12440"	"GO:0141067"	"other"	"0.54969433107175"
"12441"	"GO:0141068"	"gene regulation"	"0.526653305797125"
"12442"	"GO:0141084"	"immune system process"	"0.803242286415643"
"12443"	"GO:0141085"	"immune system process"	"0.875441843554941"
"12444"	"GO:0141086"	"immune system process"	"0.824986444408857"
"12445"	"GO:0141087"	"immune system process"	"0.80359341771871"
"12446"	"GO:0141091"	"immune system process"	"0.46920050791367"
"12447"	"GO:0141113"	"protein modification/signaling"	"0.766878384811246"
"12448"	"GO:0141124"	"protein modification/signaling"	"0.941340972715782"
"12449"	"GO:0141137"	"gene regulation"	"0.934664059921981"
"12450"	"GO:0150003"	"neural related process"	"0.845447824654149"
"12451"	"GO:0150007"	"neural related process"	"0.526361082146112"
"12452"	"GO:0150011"	"neural related process"	"0.887808030892904"
"12453"	"GO:0150012"	"neural related process"	"0.941952448751847"
"12454"	"GO:0150013"	"neural related process"	"0.456105982675852"
"12455"	"GO:0150018"	"neural related process"	"0.826154937507112"
"12456"	"GO:0150019"	"neural related process"	"0.60434514294894"
"12457"	"GO:0150020"	"neural related process"	"0.92677947974168"
"12458"	"GO:0150024"	"multicellular organismal process"	"0.784971865546465"
"12459"	"GO:0150031"	"ER/endosome/lysosome related process"	"0.967659228801421"
"12460"	"GO:0150034"	"neural related process"	"+"
"12461"	"GO:0150035"	"neural related process"	"0.910299941188966"
"12462"	"GO:0150036"	"neural related process"	"0.899804749416312"
"12463"	"GO:0150037"	"neural related process"	"0.477934007676169"
"12464"	"GO:0150038"	"neural related process"	"0.557338542891581"
"12465"	"GO:0150044"	"neural related process"	"0.443677816344801"
"12466"	"GO:0150045"	"neural related process"	"0.281594747049794"
"12467"	"GO:0150052"	"cellular component organization"	"0.762221941006772"
"12468"	"GO:0150054"	"neural related process"	"0.666477190407256"
"12469"	"GO:0150062"	"cellular component organization"	"0.60255877179332"
"12470"	"GO:0150063"	"morphogenesis/development"	"+"
"12471"	"GO:0150064"	"neural related process"	"0.736375316494047"
"12472"	"GO:0150065"	"protein modification/signaling"	"0.547647444131052"
"12473"	"GO:0150070"	"immune system process"	"0.392888622904602"
"12474"	"GO:0150072"	"immune system process"	"0.310043524431809"
"12475"	"GO:0150073"	"metabolic process"	"0.462021964127446"
"12476"	"GO:0150074"	"metabolic process"	"0.391926231363814"
"12477"	"GO:0150076"	"immune system process"	"+"
"12478"	"GO:0150077"	"immune system process"	"+"
"12479"	"GO:0150078"	"immune system process"	"0.888396633417416"
"12480"	"GO:0150079"	"immune system process"	"0.874015991261327"
"12481"	"GO:0150089"	"cellular component organization"	"0.645915388133591"
"12482"	"GO:0150090"	"cellular component organization"	"0.727046743875231"
"12483"	"GO:0150093"	"transport"	"0.668858744921462"
"12484"	"GO:0150094"	"neural related process"	"0.415018526752923"
"12485"	"GO:0150098"	"neural related process"	"0.31919857398698"
"12486"	"GO:0150099"	"neural related process"	"0.632746753856539"
"12487"	"GO:0150101"	"cellular component organization"	"0.667402865203435"
"12488"	"GO:0150102"	"immune system process"	"0.970399511560328"
"12489"	"GO:0150103"	"neural related process"	"0.368142685778225"
"12490"	"GO:0150104"	"transport"	"+"
"12491"	"GO:0150105"	"transport"	"+"
"12492"	"GO:0150106"	"cellular component organization"	"0.242913405899225"
"12493"	"GO:0150107"	"cellular component organization"	"0.245072321189622"
"12494"	"GO:0150111"	"transport"	"0.70396135068773"
"12495"	"GO:0150115"	"cellular component organization"	"+"
"12496"	"GO:0150116"	"cellular component organization"	"+"
"12497"	"GO:0150117"	"cellular component organization"	"0.890843735999897"
"12498"	"GO:0150118"	"cellular component organization"	"0.448688377379515"
"12499"	"GO:0150127"	"immune system process"	"0.802610939881534"
"12500"	"GO:0150129"	"immune system process"	"0.893326066965562"
"12501"	"GO:0150140"	"immune system process"	"0.664273384962969"
"12502"	"GO:0150142"	"immune system process"	"0.690685146974617"
"12503"	"GO:0150143"	"immune system process"	"0.784107183528524"
"12504"	"GO:0150145"	"immune system process"	"0.625884357669003"
"12505"	"GO:0150146"	"cellular component organization"	"+"
"12506"	"GO:0150147"	"cellular component organization"	"0.873424768343091"
"12507"	"GO:0150151"	"immune system process"	"0.971141710984245"
"12508"	"GO:0150153"	"immune system process"	"0.948150962474131"
"12509"	"GO:0150172"	"metabolic process"	"0.894476941450502"
"12510"	"GO:0150173"	"metabolic process"	"0.86849568807826"
"12511"	"GO:0150174"	"metabolic process"	"0.903832055332952"
"12512"	"GO:0150175"	"metabolic process"	"0.799694918795729"
"12513"	"GO:0150178"	"metabolic process"	"0.814152503756239"
"12514"	"GO:0150200"	"transport"	"0.662518714423607"
"12515"	"GO:0150201"	"transport"	"0.609000758450915"
"12516"	"GO:0160006"	"transport"	"0.472078755651616"
"12517"	"GO:0160007"	"transport"	"0.677250724509128"
"12518"	"GO:0160020"	"cell death"	"0.479629234119399"
"12519"	"GO:0160021"	"gene regulation"	"0.555837931600293"
"12520"	"GO:0160023"	"response to stimulus"	"0.194408015934269"
"12521"	"GO:0160024"	"cell cycle"	"0.896700306877088"
"12522"	"GO:0160025"	"neural related process"	"0.646849457990199"
"12523"	"GO:0160040"	"transport"	"0.5493799896937"
"12524"	"GO:0160049"	"immune system process"	"0.63181420993724"
"12525"	"GO:0160054"	"cellular component organization"	"0.99386349193197"
"12526"	"GO:0160063"	"ER/endosome/lysosome related process"	"0.906911824911379"
"12527"	"GO:0160075"	"cellular component organization"	"0.902762678258806"
"12528"	"GO:0160077"	"cellular component organization"	"0.888572873440455"
"12529"	"GO:0160093"	"morphogenesis/development"	"0.989432294692347"
"12530"	"GO:0170033"	"metabolic process"	"0.924980825052865"
"12531"	"GO:0170034"	"metabolic process"	"0.896612136864543"
"12532"	"GO:0170035"	"metabolic process"	"0.922902289759267"
"12533"	"GO:0170036"	"transport"	"0.837716438349899"
"12534"	"GO:0170037"	"ER/endosome/lysosome related process"	"0.514258679167536"
"12535"	"GO:0170038"	"metabolic process"	"0.641802156462397"
"12536"	"GO:0170039"	"metabolic process"	"0.765563865270624"
"12537"	"GO:0170040"	"metabolic process"	"0.799892796025303"
"12538"	"GO:0170041"	"metabolic process"	"0.982877964337089"
"12539"	"GO:0170043"	"metabolic process"	"0.90226296853574"
"12540"	"GO:0170044"	"metabolic process"	"0.977779695303626"
"12541"	"GO:0180010"	"gene regulation"	"0.922153196588706"
"12542"	"GO:0180011"	"gene regulation"	"0.788756193082974"
"12543"	"GO:0180012"	"gene regulation"	"0.955398926553245"
"12544"	"GO:0180015"	"ER/endosome/lysosome related process"	"0.556891035764748"
"12545"	"GO:0180025"	"cellular component organization"	"0.961208298350319"
"12546"	"GO:1900003"	"metabolic process"	"0.835581708408551"
"12547"	"GO:1900004"	"metabolic process"	"0.767409498125596"
"12548"	"GO:1900005"	"metabolic process"	"0.818091631616056"
"12549"	"GO:1900006"	"neural related process"	"+"
"12550"	"GO:1900010"	"receptor related process"	"0.686190805844507"
"12551"	"GO:1900011"	"receptor related process"	"0.616631828628859"
"12552"	"GO:1900015"	"immune system process"	"0.954882439999467"
"12553"	"GO:1900016"	"immune system process"	"0.922513606638439"
"12554"	"GO:1900017"	"immune system process"	"+"
"12555"	"GO:1900019"	"protein modification/signaling"	"0.939627046463775"
"12556"	"GO:1900020"	"protein modification/signaling"	"0.920581662116231"
"12557"	"GO:1900024"	"response to stimulus"	"0.44759313086429"
"12558"	"GO:1900025"	"cell adhesion"	"+"
"12559"	"GO:1900026"	"cell adhesion"	"0.286214111849273"
"12560"	"GO:1900027"	"cellular component organization"	"0.917830817322133"
"12561"	"GO:1900028"	"cellular component organization"	"0.840469289600115"
"12562"	"GO:1900029"	"cellular component organization"	"0.87371650982168"
"12563"	"GO:1900034"	"response to stimulus"	"+"
"12564"	"GO:1900036"	"stress response"	"0.576989006431822"
"12565"	"GO:1900037"	"stress response"	"0.851179385170378"
"12566"	"GO:1900038"	"stress response"	"0.55758253996482"
"12567"	"GO:1900039"	"stress response"	"0.610623848950599"
"12568"	"GO:1900044"	"protein modification/signaling"	"+"
"12569"	"GO:1900045"	"protein modification/signaling"	"0.93316297314155"
"12570"	"GO:1900046"	"multicellular organismal process"	"0.941971302115729"
"12571"	"GO:1900047"	"multicellular organismal process"	"+"
"12572"	"GO:1900048"	"multicellular organismal process"	"0.854383160344498"
"12573"	"GO:1900052"	"metabolic process"	"0.739724999399287"
"12574"	"GO:1900053"	"metabolic process"	"0.690358857522112"
"12575"	"GO:1900054"	"metabolic process"	"0.7695470438817"
"12576"	"GO:1900060"	"cellular component organization"	"0.451772964455611"
"12577"	"GO:1900063"	"cellular component organization"	"0.858532728408271"
"12578"	"GO:1900069"	"stress response"	"0.722407022514795"
"12579"	"GO:1900073"	"neural related process"	"0.933850360997743"
"12580"	"GO:1900075"	"neural related process"	"0.922568037616189"
"12581"	"GO:1900076"	"response to stimulus"	"0.413234413113101"
"12582"	"GO:1900077"	"receptor related process"	"0.732721517594372"
"12583"	"GO:1900078"	"receptor related process"	"0.648008035529011"
"12584"	"GO:1900079"	"metabolic process"	"0.497897506845915"
"12585"	"GO:1900081"	"metabolic process"	"0.825096154909655"
"12586"	"GO:1900082"	"metabolic process"	"0.869498643419296"
"12587"	"GO:1900084"	"protein modification/signaling"	"0.927361936106835"
"12588"	"GO:1900085"	"protein modification/signaling"	"0.876807077967066"
"12589"	"GO:1900086"	"protein modification/signaling"	"0.880694448162563"
"12590"	"GO:1900087"	"cell cycle"	"+"
"12591"	"GO:1900098"	"immune system process"	"0.882228360474806"
"12592"	"GO:1900099"	"immune system process"	"0.864037337212547"
"12593"	"GO:1900100"	"immune system process"	"0.866545918611145"
"12594"	"GO:1900101"	"stress response"	"+"
"12595"	"GO:1900102"	"stress response"	"0.699082755306097"
"12596"	"GO:1900103"	"stress response"	"0.897786538362537"
"12597"	"GO:1900104"	"cellular component organization"	"0.848366894371789"
"12598"	"GO:1900106"	"cellular component organization"	"0.846232877142207"
"12599"	"GO:1900107"	"receptor related process"	"0.705015332163674"
"12600"	"GO:1900108"	"receptor related process"	"0.558718152371583"
"12601"	"GO:1900115"	"protein modification/signaling"	"0.526516320601991"
"12602"	"GO:1900116"	"protein modification/signaling"	"0.404637179571327"
"12603"	"GO:1900117"	"cell death"	"+"
"12604"	"GO:1900118"	"cell death"	"0.97789246370703"
"12605"	"GO:1900119"	"cell death"	"0.90612149190308"
"12606"	"GO:1900120"	"protein modification/signaling"	"0.302057383681785"
"12607"	"GO:1900121"	"protein modification/signaling"	"0.357839769676265"
"12608"	"GO:1900122"	"receptor related process"	"0.202710938268903"
"12609"	"GO:1900125"	"metabolic process"	"0.588257388058793"
"12610"	"GO:1900126"	"metabolic process"	"0.477358061828866"
"12611"	"GO:1900127"	"metabolic process"	"0.554408610797455"
"12612"	"GO:1900130"	"protein modification/signaling"	"0.290997636861553"
"12613"	"GO:1900131"	"protein modification/signaling"	"0.325266195028584"
"12614"	"GO:1900133"	"transport"	"0.56412342946197"
"12615"	"GO:1900134"	"transport"	"0.470892920975013"
"12616"	"GO:1900135"	"transport"	"0.36122361152465"
"12617"	"GO:1900138"	"metabolic process"	"0.668594000304165"
"12618"	"GO:1900139"	"transport"	"0.725310009881413"
"12619"	"GO:1900141"	"cell death"	"0.859314099841415"
"12620"	"GO:1900142"	"cell death"	"0.864929795751888"
"12621"	"GO:1900143"	"cell death"	"0.836961664426009"
"12622"	"GO:1900147"	"neural related process"	"0.479410999063118"
"12623"	"GO:1900148"	"immune system process"	"0.309512118037854"
"12624"	"GO:1900149"	"neural related process"	"0.592044639281811"
"12625"	"GO:1900150"	"immune system process"	"0.56607873599449"
"12626"	"GO:1900151"	"gene regulation"	"0.897489489715963"
"12627"	"GO:1900152"	"gene regulation"	"0.855145630526916"
"12628"	"GO:1900153"	"gene regulation"	"0.881317969156747"
"12629"	"GO:1900154"	"morphogenesis/development"	"0.888734005621415"
"12630"	"GO:1900155"	"morphogenesis/development"	"0.907290195644285"
"12631"	"GO:1900157"	"morphogenesis/development"	"0.90978169815721"
"12632"	"GO:1900158"	"morphogenesis/development"	"0.901807417538826"
"12633"	"GO:1900159"	"morphogenesis/development"	"0.79702799087973"
"12634"	"GO:1900161"	"transport"	"0.36408529749273"
"12635"	"GO:1900163"	"ER/endosome/lysosome related process"	"0.347458520184873"
"12636"	"GO:1900166"	"immune system process"	"0.267206306239066"
"12637"	"GO:1900168"	"immune system process"	"0.378258833269529"
"12638"	"GO:1900180"	"transport"	"+"
"12639"	"GO:1900181"	"transport"	"0.82605657193362"
"12640"	"GO:1900182"	"transport"	"+"
"12641"	"GO:1900186"	"ER/endosome/lysosome related process"	"0.328285936854018"
"12642"	"GO:1900190"	"cellular component organization"	"0.294250524947538"
"12643"	"GO:1900191"	"cellular component organization"	"0.343389947906114"
"12644"	"GO:1900193"	"morphogenesis/development"	"0.871283278594693"
"12645"	"GO:1900194"	"morphogenesis/development"	"0.834421587154496"
"12646"	"GO:1900195"	"morphogenesis/development"	"0.72886384344111"
"12647"	"GO:1900200"	"cell death"	"0.823338626415579"
"12648"	"GO:1900204"	"cell death"	"0.868812866067112"
"12649"	"GO:1900205"	"cell death"	"0.909359739821965"
"12650"	"GO:1900208"	"metabolic process"	"0.56625555731055"
"12651"	"GO:1900210"	"metabolic process"	"0.765329016159631"
"12652"	"GO:1900211"	"cell death"	"0.746931621519089"
"12653"	"GO:1900212"	"cell death"	"0.737117576092542"
"12654"	"GO:1900214"	"cell death"	"0.807234496243395"
"12655"	"GO:1900215"	"cell death"	"0.831374846509315"
"12656"	"GO:1900217"	"cell death"	"0.745520408845096"
"12657"	"GO:1900218"	"cell death"	"0.753579741838904"
"12658"	"GO:1900221"	"multicellular organismal process"	"0.426136463565602"
"12659"	"GO:1900222"	"multicellular organismal process"	"0.517547325114006"
"12660"	"GO:1900223"	"multicellular organismal process"	"0.428628590698302"
"12661"	"GO:1900225"	"cellular component organization"	"0.429491590715643"
"12662"	"GO:1900226"	"cellular component organization"	"0.80587746672339"
"12663"	"GO:1900227"	"cellular component organization"	"0.549655355549555"
"12664"	"GO:1900228"	"viral related process"	"0.22515946353034"
"12665"	"GO:1900229"	"cellular component organization"	"0.23059811412662"
"12666"	"GO:1900234"	"immune system process"	"0.401405397389184"
"12667"	"GO:1900235"	"immune system process"	"0.484808305144693"
"12668"	"GO:1900238"	"receptor related process"	"0.812148753603323"
"12669"	"GO:1900239"	"cell cycle"	"0.804471896989704"
"12670"	"GO:1900240"	"cell cycle"	"0.610147872563749"
"12671"	"GO:1900242"	"neural related process"	"0.661212684648447"
"12672"	"GO:1900244"	"neural related process"	"0.453960507986187"
"12673"	"GO:1900245"	"immune system process"	"0.801119252763639"
"12674"	"GO:1900246"	"immune system process"	"+"
"12675"	"GO:1900247"	"gene regulation"	"0.759203085259874"
"12676"	"GO:1900248"	"gene regulation"	"0.787997965935188"
"12677"	"GO:1900259"	"gene regulation"	"0.648900942636203"
"12678"	"GO:1900260"	"gene regulation"	"0.587127391874878"
"12679"	"GO:1900262"	"cell cycle"	"+"
"12680"	"GO:1900264"	"cell cycle"	"+"
"12681"	"GO:1900271"	"neural related process"	"0.938355324002139"
"12682"	"GO:1900272"	"neural related process"	"0.803697295268188"
"12683"	"GO:1900273"	"neural related process"	"0.930102391173243"
"12684"	"GO:1900276"	"receptor related process"	"0.764286863517057"
"12685"	"GO:1900279"	"immune system process"	"0.913043672077543"
"12686"	"GO:1900280"	"immune system process"	"0.907001727144522"
"12687"	"GO:1900281"	"immune system process"	"0.88121667219019"
"12688"	"GO:1900368"	"gene regulation"	"0.919083033643014"
"12689"	"GO:1900369"	"gene regulation"	"0.914516936103554"
"12690"	"GO:1900370"	"gene regulation"	"0.857585452710022"
"12691"	"GO:1900371"	"metabolic process"	"0.897126046628746"
"12692"	"GO:1900372"	"metabolic process"	"0.773544383690921"
"12693"	"GO:1900373"	"metabolic process"	"0.929925825543083"
"12694"	"GO:1900376"	"metabolic process"	"0.47772545579954"
"12695"	"GO:1900377"	"metabolic process"	"0.50608603797545"
"12696"	"GO:1900378"	"metabolic process"	"0.327133575034023"
"12697"	"GO:1900407"	"stress response"	"0.944066907022837"
"12698"	"GO:1900408"	"stress response"	"0.828361080594746"
"12699"	"GO:1900409"	"stress response"	"0.871006825830094"
"12700"	"GO:1900424"	"immune system process"	"0.690295824870757"
"12701"	"GO:1900425"	"immune system process"	"0.510274211005739"
"12702"	"GO:1900426"	"immune system process"	"0.784635153614672"
"12703"	"GO:1900428"	"cell cycle"	"0.737909039151208"
"12704"	"GO:1900430"	"cell cycle"	"0.707050499510838"
"12705"	"GO:1900449"	"receptor related process"	"0.541273675986332"
"12706"	"GO:1900450"	"receptor related process"	"0.742851001084419"
"12707"	"GO:1900451"	"receptor related process"	"0.733881977176969"
"12708"	"GO:1900452"	"neural related process"	"0.953943197794809"
"12709"	"GO:1900453"	"neural related process"	"0.744873962376265"
"12710"	"GO:1900454"	"neural related process"	"0.941469322120575"
"12711"	"GO:1900461"	"gene regulation"	"0.369476449431311"
"12712"	"GO:1900480"	"metabolic process"	"0.809329414285831"
"12713"	"GO:1900533"	"metabolic process"	"0.974647087451143"
"12714"	"GO:1900535"	"metabolic process"	"0.948555821565085"
"12715"	"GO:1900542"	"metabolic process"	"0.953650090509053"
"12716"	"GO:1900543"	"metabolic process"	"0.955999206995875"
"12717"	"GO:1900544"	"metabolic process"	"0.965223340590753"
"12718"	"GO:1900619"	"metabolic process"	"0.538491210248978"
"12719"	"GO:1900620"	"metabolic process"	"0.68026930139629"
"12720"	"GO:1900623"	"immune system process"	"0.337387496726487"
"12721"	"GO:1900625"	"cell adhesion"	"0.347071971936148"
"12722"	"GO:1900673"	"metabolic process"	"0.987053254031819"
"12723"	"GO:1900719"	"multicellular organismal process"	"0.873048653374769"
"12724"	"GO:1900721"	"multicellular organismal process"	"0.883343282709177"
"12725"	"GO:1900729"	"receptor related process"	"0.931610969189538"
"12726"	"GO:1900731"	"receptor related process"	"0.862589720586136"
"12727"	"GO:1900736"	"receptor related process"	"0.879460826860634"
"12728"	"GO:1900737"	"receptor related process"	"0.844826705939443"
"12729"	"GO:1900738"	"receptor related process"	"0.851112715137002"
"12730"	"GO:1900744"	"protein modification/signaling"	"+"
"12731"	"GO:1900745"	"protein modification/signaling"	"0.944349457867937"
"12732"	"GO:1900746"	"response to stimulus"	"0.377595701892113"
"12733"	"GO:1900747"	"protein modification/signaling"	"0.350316431978752"
"12734"	"GO:1900748"	"response to stimulus"	"0.267959036171874"
"12735"	"GO:1900749"	"transport"	"0.923658103253153"
"12736"	"GO:1900753"	"transport"	"0.75848830525035"
"12737"	"GO:1900756"	"metabolic process"	"0.540096764856108"
"12738"	"GO:1900757"	"metabolic process"	"0.668930917778437"
"12739"	"GO:1900825"	"cellular component organization"	"0.219916657407909"
"12740"	"GO:1900826"	"cellular component organization"	"0.215658746860767"
"12741"	"GO:1900827"	"neural related process"	"0.286808769921329"
"12742"	"GO:1900864"	"gene regulation"	"0.456215189882389"
"12743"	"GO:1900923"	"transport"	"0.517045744739315"
"12744"	"GO:1900924"	"transport"	"0.559244632791411"
"12745"	"GO:1901000"	"stress response"	"0.84874577698166"
"12746"	"GO:1901003"	"metabolic process"	"0.756261758690636"
"12747"	"GO:1901004"	"metabolic process"	"0.940649690772469"
"12748"	"GO:1901006"	"metabolic process"	"0.972923698516237"
"12749"	"GO:1901016"	"transport"	"0.573864913457326"
"12750"	"GO:1901017"	"transport"	"0.817415128362756"
"12751"	"GO:1901018"	"transport"	"0.784094556319395"
"12752"	"GO:1901019"	"transport"	"0.735626150714306"
"12753"	"GO:1901020"	"transport"	"0.658720958846295"
"12754"	"GO:1901021"	"transport"	"0.671290487708569"
"12755"	"GO:1901026"	"cellular component organization"	"0.574394657187721"
"12756"	"GO:1901027"	"metabolic process"	"0.986831733967428"
"12757"	"GO:1901028"	"cell death"	"+"
"12758"	"GO:1901029"	"cell death"	"+"
"12759"	"GO:1901030"	"cell death"	"0.734829486550759"
"12760"	"GO:1901031"	"stress response"	"+"
"12761"	"GO:1901032"	"stress response"	"0.849758031560403"
"12762"	"GO:1901034"	"transport"	"0.648582516274836"
"12763"	"GO:1901036"	"transport"	"0.670437336952859"
"12764"	"GO:1901052"	"metabolic process"	"0.98043063588149"
"12765"	"GO:1901053"	"metabolic process"	"0.963657317248471"
"12766"	"GO:1901068"	"metabolic process"	"0.968334571567982"
"12767"	"GO:1901071"	"metabolic process"	"0.960269892075785"
"12768"	"GO:1901072"	"metabolic process"	"0.984381445974115"
"12769"	"GO:1901073"	"metabolic process"	"0.967611463051067"
"12770"	"GO:1901074"	"cellular component organization"	"0.367639458377849"
"12771"	"GO:1901076"	"cellular component organization"	"0.270282375689121"
"12772"	"GO:1901077"	"multicellular organismal process"	"0.877017584607829"
"12773"	"GO:1901078"	"multicellular organismal process"	"0.729251984846367"
"12774"	"GO:1901079"	"multicellular organismal process"	"0.804759495725777"
"12775"	"GO:1901080"	"multicellular organismal process"	"0.901509357434086"
"12776"	"GO:1901081"	"multicellular organismal process"	"0.863415308258022"
"12777"	"GO:1901082"	"multicellular organismal process"	"0.88437260234567"
"12778"	"GO:1901096"	"cellular component organization"	"0.540652433736088"
"12779"	"GO:1901097"	"cellular component organization"	"0.700796704987146"
"12780"	"GO:1901098"	"metabolic process"	"0.634226491217686"
"12781"	"GO:1901099"	"protein modification/signaling"	"+"
"12782"	"GO:1901128"	"metabolic process"	"0.968004982631925"
"12783"	"GO:1901135"	"metabolic process"	"0.959929725450755"
"12784"	"GO:1901136"	"metabolic process"	"+"
"12785"	"GO:1901137"	"metabolic process"	"+"
"12786"	"GO:1901142"	"metabolic process"	"0.918636026156194"
"12787"	"GO:1901143"	"metabolic process"	"0.93502708869498"
"12788"	"GO:1901145"	"cell death"	"0.858046016271677"
"12789"	"GO:1901146"	"cell death"	"0.921693897142755"
"12790"	"GO:1901147"	"cell death"	"0.87375626491458"
"12791"	"GO:1901148"	"gene regulation"	"0.778788116582217"
"12792"	"GO:1901159"	"metabolic process"	"0.99352646846059"
"12793"	"GO:1901160"	"metabolic process"	"0.965644661513093"
"12794"	"GO:1901162"	"metabolic process"	"0.9789105087854"
"12795"	"GO:1901163"	"morphogenesis/development"	"+"
"12796"	"GO:1901164"	"morphogenesis/development"	"0.45699759239358"
"12797"	"GO:1901165"	"morphogenesis/development"	"0.903950329046238"
"12798"	"GO:1901166"	"neural related process"	"0.389420281888186"
"12799"	"GO:1901170"	"metabolic process"	"0.978461429163059"
"12800"	"GO:1901175"	"metabolic process"	"0.991501651174896"
"12801"	"GO:1901176"	"metabolic process"	"0.986131046584969"
"12802"	"GO:1901184"	"receptor related process"	"+"
"12803"	"GO:1901185"	"receptor related process"	"+"
"12804"	"GO:1901186"	"receptor related process"	"+"
"12805"	"GO:1901187"	"receptor related process"	"0.821927275071783"
"12806"	"GO:1901189"	"receptor related process"	"0.782707465609718"
"12807"	"GO:1901193"	"gene regulation"	"0.70585599455571"
"12808"	"GO:1901194"	"gene regulation"	"0.77783722026136"
"12809"	"GO:1901201"	"cellular component organization"	"0.755726791100405"
"12810"	"GO:1901202"	"cellular component organization"	"0.898261306916834"
"12811"	"GO:1901203"	"cellular component organization"	"0.750684197709531"
"12812"	"GO:1901207"	"morphogenesis/development"	"0.754228079092108"
"12813"	"GO:1901208"	"morphogenesis/development"	"0.772806147415148"
"12814"	"GO:1901210"	"morphogenesis/development"	"0.903713546828964"
"12815"	"GO:1901211"	"morphogenesis/development"	"0.886044416688195"
"12816"	"GO:1901222"	"protein modification/signaling"	"0.858132431832142"
"12817"	"GO:1901223"	"protein modification/signaling"	"0.833273870115191"
"12818"	"GO:1901224"	"protein modification/signaling"	"0.698886245045467"
"12819"	"GO:1901246"	"morphogenesis/development"	"0.827619455967405"
"12820"	"GO:1901247"	"morphogenesis/development"	"0.732372320077856"
"12821"	"GO:1901248"	"morphogenesis/development"	"0.826606519773102"
"12822"	"GO:1901249"	"morphogenesis/development"	"0.832091264894042"
"12823"	"GO:1901251"	"morphogenesis/development"	"0.824607569777647"
"12824"	"GO:1901252"	"viral related process"	"0.796151100292655"
"12825"	"GO:1901253"	"viral related process"	"0.44894188356068"
"12826"	"GO:1901254"	"viral related process"	"0.264684585850451"
"12827"	"GO:1901255"	"stress response"	"0.983654875380223"
"12828"	"GO:1901256"	"immune system process"	"0.918104064884749"
"12829"	"GO:1901257"	"immune system process"	"0.874655388074475"
"12830"	"GO:1901258"	"immune system process"	"0.913167636302501"
"12831"	"GO:1901264"	"transport"	"+"
"12832"	"GO:1901289"	"metabolic process"	"0.97772259264866"
"12833"	"GO:1901290"	"metabolic process"	"0.977800513432518"
"12834"	"GO:1901291"	"stress response"	"0.839759779775535"
"12835"	"GO:1901292"	"metabolic process"	"+"
"12836"	"GO:1901293"	"metabolic process"	"+"
"12837"	"GO:1901298"	"cell death"	"0.928936588748119"
"12838"	"GO:1901299"	"cell death"	"0.915683486046462"
"12839"	"GO:1901300"	"cell death"	"0.608863724573059"
"12840"	"GO:1901301"	"ER/endosome/lysosome related process"	"0.86755633468111"
"12841"	"GO:1901303"	"ER/endosome/lysosome related process"	"0.879467506066635"
"12842"	"GO:1901304"	"metabolic process"	"0.813944166172964"
"12843"	"GO:1901307"	"metabolic process"	"0.776386260407013"
"12844"	"GO:1901317"	"other"	"0.659660194642318"
"12845"	"GO:1901318"	"other"	"0.507431559314519"
"12846"	"GO:1901327"	"response to stimulus"	"0.804379703127995"
"12847"	"GO:1901328"	"response to stimulus"	"0.72171206354254"
"12848"	"GO:1901329"	"morphogenesis/development"	"0.93594952973441"
"12849"	"GO:1901330"	"morphogenesis/development"	"0.942950251180035"
"12850"	"GO:1901331"	"morphogenesis/development"	"0.900958516250935"
"12851"	"GO:1901334"	"metabolic process"	"0.967452793762883"
"12852"	"GO:1901336"	"metabolic process"	"0.988690389642474"
"12853"	"GO:1901337"	"transport"	"0.949757373782521"
"12854"	"GO:1901339"	"transport"	"0.550239559415793"
"12855"	"GO:1901340"	"transport"	"0.376585543380812"
"12856"	"GO:1901341"	"transport"	"0.487559919438102"
"12857"	"GO:1901342"	"morphogenesis/development"	"+"
"12858"	"GO:1901343"	"morphogenesis/development"	"+"
"12859"	"GO:1901344"	"response to stimulus"	"0.643271907226762"
"12860"	"GO:1901346"	"morphogenesis/development"	"0.938867406687073"
"12861"	"GO:1901355"	"response to stimulus"	"0.916145590743982"
"12862"	"GO:1901373"	"transport"	"0.977620567850467"
"12863"	"GO:1901374"	"transport"	"0.546097145241007"
"12864"	"GO:1901376"	"metabolic process"	"0.967402995214782"
"12865"	"GO:1901377"	"metabolic process"	"0.92242488561995"
"12866"	"GO:1901379"	"transport"	"0.794128626465727"
"12867"	"GO:1901380"	"transport"	"0.767058261692701"
"12868"	"GO:1901381"	"transport"	"0.707594432888266"
"12869"	"GO:1901382"	"cell cycle"	"0.903057070517255"
"12870"	"GO:1901383"	"cell cycle"	"0.938679587759245"
"12871"	"GO:1901384"	"cell cycle"	"0.962145033826827"
"12872"	"GO:1901385"	"transport"	"0.765382362019056"
"12873"	"GO:1901386"	"transport"	"0.567100883304646"
"12874"	"GO:1901387"	"transport"	"0.626828361921108"
"12875"	"GO:1901401"	"metabolic process"	"0.936151293229543"
"12876"	"GO:1901403"	"metabolic process"	"0.931682164915571"
"12877"	"GO:1901419"	"response to stimulus"	"0.579482700363219"
"12878"	"GO:1901463"	"metabolic process"	"0.851288695020528"
"12879"	"GO:1901465"	"metabolic process"	"0.909975131069076"
"12880"	"GO:1901475"	"transport"	"0.944193221803551"
"12881"	"GO:1901490"	"morphogenesis/development"	"0.924112663758188"
"12882"	"GO:1901491"	"morphogenesis/development"	"0.898990912842201"
"12883"	"GO:1901492"	"morphogenesis/development"	"0.796723998013107"
"12884"	"GO:1901494"	"metabolic process"	"0.660661922827601"
"12885"	"GO:1901502"	"metabolic process"	"0.965562283845283"
"12886"	"GO:1901503"	"metabolic process"	"+"
"12887"	"GO:1901506"	"transport"	"0.667256367931396"
"12888"	"GO:1901508"	"transport"	"0.599165627577126"
"12889"	"GO:1901509"	"morphogenesis/development"	"0.926999386342949"
"12890"	"GO:1901523"	"metabolic process"	"0.98475873474394"
"12891"	"GO:1901524"	"metabolic process"	"0.554005298218226"
"12892"	"GO:1901525"	"metabolic process"	"0.659941816031584"
"12893"	"GO:1901526"	"metabolic process"	"0.873292610372797"
"12894"	"GO:1901529"	"transport"	"0.658642869374927"
"12895"	"GO:1901532"	"immune system process"	"0.622558045153008"
"12896"	"GO:1901533"	"immune system process"	"+"
"12897"	"GO:1901534"	"morphogenesis/development"	"0.575866553845833"
"12898"	"GO:1901545"	"response to stimulus"	"0.913396427030325"
"12899"	"GO:1901550"	"morphogenesis/development"	"0.782536782752111"
"12900"	"GO:1901551"	"morphogenesis/development"	"0.854647090781997"
"12901"	"GO:1901552"	"morphogenesis/development"	"0.519596387819945"
"12902"	"GO:1901557"	"response to stimulus"	"0.959003180394874"
"12903"	"GO:1901563"	"response to stimulus"	"0.829254736168557"
"12904"	"GO:1901568"	"metabolic process"	"+"
"12905"	"GO:1901569"	"metabolic process"	"+"
"12906"	"GO:1901570"	"metabolic process"	"0.949756541190074"
"12907"	"GO:1901594"	"response to stimulus"	"0.870783369637701"
"12908"	"GO:1901605"	"metabolic process"	"+"
"12909"	"GO:1901606"	"metabolic process"	"+"
"12910"	"GO:1901607"	"metabolic process"	"+"
"12911"	"GO:1901608"	"transport"	"0.444109755900412"
"12912"	"GO:1901610"	"transport"	"0.392239930417965"
"12913"	"GO:1901615"	"metabolic process"	"+"
"12914"	"GO:1901616"	"metabolic process"	"0.966956586344076"
"12915"	"GO:1901617"	"metabolic process"	"+"
"12916"	"GO:1901620"	"protein modification/signaling"	"0.425384093288712"
"12917"	"GO:1901621"	"protein modification/signaling"	"0.439641945874389"
"12918"	"GO:1901623"	"immune system process"	"+"
"12919"	"GO:1901624"	"immune system process"	"0.927325198832104"
"12920"	"GO:1901625"	"response to stimulus"	"0.871633724245757"
"12921"	"GO:1901626"	"cellular component organization"	"0.653912101482433"
"12922"	"GO:1901628"	"cellular component organization"	"0.473341429086225"
"12923"	"GO:1901629"	"neural related process"	"0.650129411280567"
"12924"	"GO:1901631"	"neural related process"	"0.709630101101197"
"12925"	"GO:1901632"	"neural related process"	"0.755985446149268"
"12926"	"GO:1901634"	"neural related process"	"0.742627982053843"
"12927"	"GO:1901642"	"transport"	"0.773041243534237"
"12928"	"GO:1901645"	"cell cycle"	"0.793756545003965"
"12929"	"GO:1901647"	"cell cycle"	"0.769875168201873"
"12930"	"GO:1901652"	"response to stimulus"	"+"
"12931"	"GO:1901653"	"response to stimulus"	"+"
"12932"	"GO:1901654"	"response to stimulus"	"+"
"12933"	"GO:1901655"	"response to stimulus"	"+"
"12934"	"GO:1901656"	"transport"	"0.921916620085629"
"12935"	"GO:1901657"	"metabolic process"	"+"
"12936"	"GO:1901658"	"metabolic process"	"0.988310725888387"
"12937"	"GO:1901659"	"metabolic process"	"0.942254490548401"
"12938"	"GO:1901660"	"transport"	"0.853427815014"
"12939"	"GO:1901661"	"metabolic process"	"+"
"12940"	"GO:1901662"	"metabolic process"	"0.992086458909172"
"12941"	"GO:1901663"	"metabolic process"	"0.990242343705353"
"12942"	"GO:1901668"	"metabolic process"	"0.597189618801276"
"12943"	"GO:1901671"	"metabolic process"	"0.65781657543557"
"12944"	"GO:1901673"	"cell cycle"	"0.890794193074918"
"12945"	"GO:1901678"	"transport"	"+"
"12946"	"GO:1901679"	"transport"	"0.927150084895033"
"12947"	"GO:1901681"	"other"	"+"
"12948"	"GO:1901684"	"transport"	"0.639499839203222"
"12949"	"GO:1901685"	"metabolic process"	"0.987757791263577"
"12950"	"GO:1901687"	"metabolic process"	"0.988716155755771"
"12951"	"GO:1901696"	"metabolic process"	"0.871493099749083"
"12952"	"GO:1901698"	"response to stimulus"	"0.917200846341959"
"12953"	"GO:1901699"	"response to stimulus"	"+"
"12954"	"GO:1901700"	"response to stimulus"	"0.971992145807001"
"12955"	"GO:1901701"	"response to stimulus"	"0.965050909568289"
"12956"	"GO:1901706"	"morphogenesis/development"	"0.970180774405823"
"12957"	"GO:1901722"	"cell cycle"	"+"
"12958"	"GO:1901723"	"cell cycle"	"0.935760364302009"
"12959"	"GO:1901724"	"cell cycle"	"0.944806371343823"
"12960"	"GO:1901731"	"multicellular organismal process"	"0.625952923772069"
"12961"	"GO:1901732"	"metabolic process"	"0.980973808943248"
"12962"	"GO:1901733"	"metabolic process"	"0.968863027748948"
"12963"	"GO:1901739"	"morphogenesis/development"	"+"
"12964"	"GO:1901740"	"morphogenesis/development"	"0.876102294160292"
"12965"	"GO:1901741"	"morphogenesis/development"	"0.920871158659988"
"12966"	"GO:1901748"	"metabolic process"	"0.957692127533726"
"12967"	"GO:1901749"	"metabolic process"	"0.952524851093339"
"12968"	"GO:1901750"	"metabolic process"	"0.93025963475581"
"12969"	"GO:1901751"	"metabolic process"	"0.932541148869674"
"12970"	"GO:1901753"	"metabolic process"	"0.882116982848904"
"12971"	"GO:1901787"	"metabolic process"	"0.987565755623902"
"12972"	"GO:1901796"	"protein modification/signaling"	"+"
"12973"	"GO:1901797"	"cell death"	"0.550074164671263"
"12974"	"GO:1901798"	"protein modification/signaling"	"+"
"12975"	"GO:1901799"	"metabolic process"	"0.915937295046422"
"12976"	"GO:1901800"	"metabolic process"	"+"
"12977"	"GO:1901804"	"metabolic process"	"0.994059817865503"
"12978"	"GO:1901805"	"metabolic process"	"0.991992921308469"
"12979"	"GO:1901810"	"metabolic process"	"0.989441801327809"
"12980"	"GO:1901825"	"metabolic process"	"0.986287007858844"
"12981"	"GO:1901826"	"metabolic process"	"0.988744078284965"
"12982"	"GO:1901827"	"metabolic process"	"0.97057859072991"
"12983"	"GO:1901834"	"gene regulation"	"0.839418558917686"
"12984"	"GO:1901835"	"gene regulation"	"0.845090234840895"
"12985"	"GO:1901836"	"gene regulation"	"0.815813882559613"
"12986"	"GO:1901837"	"gene regulation"	"0.882936012303884"
"12987"	"GO:1901838"	"gene regulation"	"0.895905916039997"
"12988"	"GO:1901841"	"transport"	"0.692553199511751"
"12989"	"GO:1901842"	"transport"	"0.389324985089846"
"12990"	"GO:1901843"	"transport"	"0.501970697494445"
"12991"	"GO:1901844"	"other"	"0.201146336991996"
"12992"	"GO:1901845"	"cell death"	"0.1397968157496"
"12993"	"GO:1901846"	"other"	"0.151959523119478"
"12994"	"GO:1901856"	"metabolic process"	"0.888935156211143"
"12995"	"GO:1901857"	"metabolic process"	"0.895385591843634"
"12996"	"GO:1901858"	"cell cycle"	"0.789880573561251"
"12997"	"GO:1901859"	"cell cycle"	"0.741559927106993"
"12998"	"GO:1901860"	"cell cycle"	"0.421990241177761"
"12999"	"GO:1901861"	"morphogenesis/development"	"0.900656142499003"
"13000"	"GO:1901862"	"morphogenesis/development"	"0.805347605388726"
"13001"	"GO:1901863"	"morphogenesis/development"	"0.799696114549059"
"13002"	"GO:1901873"	"protein modification/signaling"	"0.914490886629683"
"13003"	"GO:1901874"	"protein modification/signaling"	"0.931345140885262"
"13004"	"GO:1901875"	"protein modification/signaling"	"0.927837396998931"
"13005"	"GO:1901876"	"other"	"0.236868915960724"
"13006"	"GO:1901877"	"other"	"0.169564550029486"
"13007"	"GO:1901879"	"cellular component organization"	"0.926766479918501"
"13008"	"GO:1901880"	"cellular component organization"	"+"
"13009"	"GO:1901881"	"cellular component organization"	"0.902814047197148"
"13010"	"GO:1901888"	"cellular component organization"	"+"
"13011"	"GO:1901889"	"cellular component organization"	"0.618231683370517"
"13012"	"GO:1901890"	"cellular component organization"	"+"
"13013"	"GO:1901894"	"transport"	"0.606813643431245"
"13014"	"GO:1901895"	"transport"	"0.666836407199332"
"13015"	"GO:1901896"	"transport"	"0.335575066419654"
"13016"	"GO:1901897"	"multicellular organismal process"	"0.744759141563593"
"13017"	"GO:1901898"	"multicellular organismal process"	"0.679507165136507"
"13018"	"GO:1901899"	"multicellular organismal process"	"0.660126510621726"
"13019"	"GO:1901906"	"metabolic process"	"0.978579901473669"
"13020"	"GO:1901907"	"metabolic process"	"0.977772392499188"
"13021"	"GO:1901908"	"metabolic process"	"0.984362138528116"
"13022"	"GO:1901909"	"metabolic process"	"0.982541902309494"
"13023"	"GO:1901910"	"metabolic process"	"0.984856503519899"
"13024"	"GO:1901911"	"metabolic process"	"0.979711052288262"
"13025"	"GO:1901950"	"ER/endosome/lysosome related process"	"0.38249022091962"
"13026"	"GO:1901951"	"transport"	"0.275163900428912"
"13027"	"GO:1901953"	"transport"	"0.246172037613698"
"13028"	"GO:1901954"	"ER/endosome/lysosome related process"	"0.355137914823528"
"13029"	"GO:1901956"	"transport"	"0.285849785431549"
"13030"	"GO:1901962"	"transport"	"0.664865775009436"
"13031"	"GO:1901970"	"cell cycle"	"+"
"13032"	"GO:1901976"	"cell cycle"	"+"
"13033"	"GO:1901977"	"cell cycle"	"0.829982840999406"
"13034"	"GO:1901978"	"cell cycle"	"+"
"13035"	"GO:1901979"	"transport"	"0.543985936533235"
"13036"	"GO:1901980"	"transport"	"0.675690561159669"
"13037"	"GO:1901983"	"protein modification/signaling"	"+"
"13038"	"GO:1901984"	"protein modification/signaling"	"+"
"13039"	"GO:1901985"	"protein modification/signaling"	"0.908458910372949"
"13040"	"GO:1901986"	"response to stimulus"	"0.947693629784014"
"13041"	"GO:1901987"	"cell cycle"	"+"
"13042"	"GO:1901988"	"cell cycle"	"+"
"13043"	"GO:1901989"	"cell cycle"	"+"
"13044"	"GO:1901990"	"cell cycle"	"+"
"13045"	"GO:1901991"	"cell cycle"	"+"
"13046"	"GO:1901992"	"cell cycle"	"+"
"13047"	"GO:1901993"	"cell cycle"	"0.977788824564713"
"13048"	"GO:1901994"	"cell cycle"	"0.984954705400901"
"13049"	"GO:1901995"	"cell cycle"	"0.97293769860621"
"13050"	"GO:1901999"	"metabolic process"	"0.979974097225967"
"13051"	"GO:1902000"	"metabolic process"	"0.963181912736332"
"13052"	"GO:1902001"	"transport"	"0.94687907434659"
"13053"	"GO:1902003"	"metabolic process"	"0.602295311737233"
"13054"	"GO:1902004"	"metabolic process"	"0.880881963384931"
"13055"	"GO:1902010"	"stress response"	"0.6518582522694"
"13056"	"GO:1902017"	"cellular component organization"	"0.911395319714653"
"13057"	"GO:1902018"	"cellular component organization"	"0.949158778072629"
"13058"	"GO:1902019"	"other"	"0.831905258574029"
"13059"	"GO:1902020"	"other"	"0.466136164437828"
"13060"	"GO:1902022"	"transport"	"0.910598885619301"
"13061"	"GO:1902024"	"transport"	"0.836338880850662"
"13062"	"GO:1902025"	"transport"	"0.901689172746681"
"13063"	"GO:1902031"	"metabolic process"	"0.940010061602332"
"13064"	"GO:1902033"	"cell cycle"	"0.920530282595809"
"13065"	"GO:1902034"	"immune system process"	"0.598994008769854"
"13066"	"GO:1902035"	"cell cycle"	"0.923799148581974"
"13067"	"GO:1902036"	"morphogenesis/development"	"+"
"13068"	"GO:1902037"	"morphogenesis/development"	"0.599457168490316"
"13069"	"GO:1902038"	"morphogenesis/development"	"0.826360158443196"
"13070"	"GO:1902041"	"cell death"	"+"
"13071"	"GO:1902042"	"cell death"	"+"
"13072"	"GO:1902043"	"cell death"	"+"
"13073"	"GO:1902044"	"receptor related process"	"0.298527247099824"
"13074"	"GO:1902045"	"protein modification/signaling"	"0.410533411855924"
"13075"	"GO:1902047"	"transport"	"0.976221331912571"
"13076"	"GO:1902065"	"response to stimulus"	"+"
"13077"	"GO:1902068"	"protein modification/signaling"	"0.59225758728375"
"13078"	"GO:1902070"	"protein modification/signaling"	"0.47978434051423"
"13079"	"GO:1902071"	"protein modification/signaling"	"0.724611090855254"
"13080"	"GO:1902073"	"protein modification/signaling"	"0.676071874418314"
"13081"	"GO:1902074"	"response to stimulus"	"+"
"13082"	"GO:1902075"	"response to stimulus"	"+"
"13083"	"GO:1902076"	"neural related process"	"0.884009344922015"
"13084"	"GO:1902078"	"neural related process"	"0.846644294236769"
"13085"	"GO:1902080"	"ER/endosome/lysosome related process"	"0.784800169116698"
"13086"	"GO:1902081"	"ER/endosome/lysosome related process"	"0.850678763504424"
"13087"	"GO:1902082"	"ER/endosome/lysosome related process"	"0.668942758336691"
"13088"	"GO:1902083"	"protein modification/signaling"	"0.790162114363226"
"13089"	"GO:1902093"	"other"	"0.498051692704733"
"13090"	"GO:1902099"	"cell cycle"	"+"
"13091"	"GO:1902100"	"cell cycle"	"+"
"13092"	"GO:1902101"	"cell cycle"	"0.995174733747924"
"13093"	"GO:1902102"	"cell cycle"	"0.989104821089891"
"13094"	"GO:1902103"	"cell cycle"	"0.96731929032219"
"13095"	"GO:1902104"	"cell cycle"	"0.973788562637581"
"13096"	"GO:1902105"	"immune system process"	"+"
"13097"	"GO:1902106"	"immune system process"	"+"
"13098"	"GO:1902107"	"immune system process"	"+"
"13099"	"GO:1902108"	"cell death"	"0.402182303089246"
"13100"	"GO:1902109"	"cell death"	"0.462021233554889"
"13101"	"GO:1902110"	"cell death"	"0.619157710586812"
"13102"	"GO:1902115"	"cellular component organization"	"+"
"13103"	"GO:1902116"	"cellular component organization"	"+"
"13104"	"GO:1902117"	"cellular component organization"	"+"
"13105"	"GO:1902145"	"cell cycle"	"0.48732435220156"
"13106"	"GO:1902151"	"cell cycle"	"0.806472952839465"
"13107"	"GO:1902153"	"cell cycle"	"0.355715333261377"
"13108"	"GO:1902159"	"transport"	"0.461083357841169"
"13109"	"GO:1902161"	"transport"	"0.455622390766798"
"13110"	"GO:1902162"	"stress response"	"0.5284910411625"
"13111"	"GO:1902164"	"stress response"	"0.614781644591006"
"13112"	"GO:1902165"	"cell death"	"+"
"13113"	"GO:1902166"	"cell death"	"0.878383457848985"
"13114"	"GO:1902167"	"cell death"	"0.529187021864454"
"13115"	"GO:1902170"	"stress response"	"0.580940357608107"
"13116"	"GO:1902172"	"cell death"	"0.949134781395394"
"13117"	"GO:1902173"	"cell death"	"0.952998203472501"
"13118"	"GO:1902174"	"cell death"	"0.875204689792681"
"13119"	"GO:1902175"	"cell death"	"+"
"13120"	"GO:1902176"	"cell death"	"0.924498401938966"
"13121"	"GO:1902177"	"cell death"	"0.830778467055189"
"13122"	"GO:1902178"	"receptor related process"	"0.652355497381725"
"13123"	"GO:1902202"	"receptor related process"	"0.861526346119472"
"13124"	"GO:1902203"	"receptor related process"	"0.633254750266458"
"13125"	"GO:1902204"	"receptor related process"	"0.637796519689246"
"13126"	"GO:1902205"	"immune system process"	"0.606531536544683"
"13127"	"GO:1902206"	"immune system process"	"0.584683065512867"
"13128"	"GO:1902214"	"immune system process"	"0.743965879289059"
"13129"	"GO:1902215"	"immune system process"	"0.476511074818386"
"13130"	"GO:1902216"	"immune system process"	"0.608232378542883"
"13131"	"GO:1902217"	"cell death"	"0.896000853913887"
"13132"	"GO:1902218"	"cell death"	"0.709600465593408"
"13133"	"GO:1902219"	"cell death"	"0.743002061705612"
"13134"	"GO:1902220"	"cell death"	"0.787764677587895"
"13135"	"GO:1902221"	"metabolic process"	"0.925447170375967"
"13136"	"GO:1902222"	"metabolic process"	"0.836330231402675"
"13137"	"GO:1902224"	"metabolic process"	"0.984332539056932"
"13138"	"GO:1902225"	"morphogenesis/development"	"0.398602742780389"
"13139"	"GO:1902226"	"immune system process"	"0.738136703459426"
"13140"	"GO:1902227"	"immune system process"	"0.78326360409205"
"13141"	"GO:1902228"	"immune system process"	"0.684871022732306"
"13142"	"GO:1902229"	"cell death"	"0.91838655088891"
"13143"	"GO:1902230"	"cell death"	"0.891072591794385"
"13144"	"GO:1902231"	"cell death"	"0.773363416372259"
"13145"	"GO:1902232"	"immune system process"	"0.830123981000554"
"13146"	"GO:1902233"	"immune system process"	"0.905575714011656"
"13147"	"GO:1902235"	"cell death"	"+"
"13148"	"GO:1902236"	"cell death"	"+"
"13149"	"GO:1902237"	"cell death"	"+"
"13150"	"GO:1902238"	"cell death"	"0.803519164239087"
"13151"	"GO:1902239"	"cell death"	"0.687492691810266"
"13152"	"GO:1902247"	"metabolic process"	"0.98262844067233"
"13153"	"GO:1902250"	"cell death"	"0.869797647784274"
"13154"	"GO:1902251"	"cell death"	"0.851170584608504"
"13155"	"GO:1902253"	"cell death"	"0.919356241796266"
"13156"	"GO:1902254"	"cell death"	"0.914296071917741"
"13157"	"GO:1902255"	"cell death"	"0.769445873406166"
"13158"	"GO:1902256"	"cell death"	"0.589773174476769"
"13159"	"GO:1902257"	"cell death"	"0.657623381358166"
"13160"	"GO:1902259"	"transport"	"0.806691620991541"
"13161"	"GO:1902260"	"transport"	"0.68208875990933"
"13162"	"GO:1902261"	"transport"	"0.522486142322504"
"13163"	"GO:1902262"	"cell death"	"0.802402988604435"
"13164"	"GO:1902263"	"cell death"	"0.964555331102338"
"13165"	"GO:1902267"	"transport"	"0.812902124739232"
"13166"	"GO:1902268"	"transport"	"0.830174531864314"
"13167"	"GO:1902269"	"transport"	"0.755755435776435"
"13168"	"GO:1902270"	"transport"	"0.892832899800976"
"13169"	"GO:1902275"	"cell cycle"	"+"
"13170"	"GO:1902283"	"metabolic process"	"0.669248319570568"
"13171"	"GO:1902284"	"neural related process"	"0.835588680298082"
"13172"	"GO:1902285"	"neural related process"	"0.969099782644631"
"13173"	"GO:1902287"	"neural related process"	"+"
"13174"	"GO:1902292"	"cell cycle"	"0.94283910210887"
"13175"	"GO:1902294"	"cell cycle"	"0.852307234777404"
"13176"	"GO:1902296"	"cell cycle"	"0.960409492939975"
"13177"	"GO:1902298"	"cell cycle"	"0.979062529213447"
"13178"	"GO:1902305"	"transport"	"+"
"13179"	"GO:1902306"	"transport"	"0.713985437812487"
"13180"	"GO:1902307"	"transport"	"0.799978478214146"
"13181"	"GO:1902311"	"transport"	"0.43978782514879"
"13182"	"GO:1902315"	"cell cycle"	"0.949503113626145"
"13183"	"GO:1902317"	"cell cycle"	"0.896641170745126"
"13184"	"GO:1902319"	"cell cycle"	"0.938711983285399"
"13185"	"GO:1902336"	"neural related process"	"0.738719088856306"
"13186"	"GO:1902337"	"cell death"	"0.798573649293247"
"13187"	"GO:1902338"	"cell death"	"0.485469002447882"
"13188"	"GO:1902339"	"cell death"	"0.720330975933948"
"13189"	"GO:1902340"	"cell cycle"	"0.887588435805077"
"13190"	"GO:1902349"	"response to stimulus"	"0.840164434897759"
"13191"	"GO:1902350"	"response to stimulus"	"0.868483972812254"
"13192"	"GO:1902356"	"transport"	"0.973253233319162"
"13193"	"GO:1902358"	"transport"	"0.975971357913663"
"13194"	"GO:1902359"	"receptor related process"	"0.529790443813581"
"13195"	"GO:1902362"	"cell death"	"0.654776659793283"
"13196"	"GO:1902363"	"transport"	"0.382175482416688"
"13197"	"GO:1902365"	"transport"	"0.451512079087281"
"13198"	"GO:1902366"	"protein modification/signaling"	"0.276242502980176"
"13199"	"GO:1902367"	"protein modification/signaling"	"0.248256467218396"
"13200"	"GO:1902369"	"gene regulation"	"0.666797677904928"
"13201"	"GO:1902370"	"metabolic process"	"0.445862548113251"
"13202"	"GO:1902371"	"gene regulation"	"0.519296069440286"
"13203"	"GO:1902373"	"gene regulation"	"0.76472295209888"
"13204"	"GO:1902374"	"metabolic process"	"0.703203509086803"
"13205"	"GO:1902380"	"metabolic process"	"0.499790068701546"
"13206"	"GO:1902389"	"transport"	"0.879148922950792"
"13207"	"GO:1902396"	"transport"	"0.801533525926451"
"13208"	"GO:1902407"	"cellular component organization"	"0.532974169649382"
"13209"	"GO:1902410"	"cell cycle"	"0.88431958181042"
"13210"	"GO:1902412"	"cell cycle"	"0.981874180296109"
"13211"	"GO:1902414"	"cellular component organization"	"+"
"13212"	"GO:1902415"	"gene regulation"	"0.882079264556766"
"13213"	"GO:1902416"	"gene regulation"	"0.918103875677119"
"13214"	"GO:1902423"	"cell cycle"	"0.909866317371704"
"13215"	"GO:1902425"	"cell cycle"	"0.855357868884215"
"13216"	"GO:1902426"	"cell cycle"	"0.794032869336644"
"13217"	"GO:1902430"	"metabolic process"	"0.716565057209982"
"13218"	"GO:1902435"	"morphogenesis/development"	"0.29270789087881"
"13219"	"GO:1902437"	"morphogenesis/development"	"0.393090524623894"
"13220"	"GO:1902442"	"cellular component organization"	"0.563554376067859"
"13221"	"GO:1902443"	"cellular component organization"	"0.586918253621101"
"13222"	"GO:1902445"	"cell death"	"0.330554504782411"
"13223"	"GO:1902455"	"morphogenesis/development"	"+"
"13224"	"GO:1902459"	"morphogenesis/development"	"+"
"13225"	"GO:1902460"	"cell cycle"	"0.984444766975187"
"13226"	"GO:1902462"	"cell cycle"	"0.979937308138315"
"13227"	"GO:1902463"	"transport"	"0.838163309577282"
"13228"	"GO:1902473"	"neural related process"	"0.93886848526241"
"13229"	"GO:1902474"	"neural related process"	"0.734494499766841"
"13230"	"GO:1902475"	"transport"	"0.881657964686002"
"13231"	"GO:1902476"	"transport"	"0.884211562336603"
"13232"	"GO:1902480"	"ER/endosome/lysosome related process"	"0.374476230806761"
"13233"	"GO:1902482"	"cell death"	"0.692472363797853"
"13234"	"GO:1902483"	"stress response"	"0.504896715764839"
"13235"	"GO:1902488"	"cell death"	"0.943614936579988"
"13236"	"GO:1902490"	"morphogenesis/development"	"0.937398275322131"
"13237"	"GO:1902491"	"morphogenesis/development"	"0.927444891318357"
"13238"	"GO:1902492"	"morphogenesis/development"	"0.837609965670553"
"13239"	"GO:1902497"	"transport"	"0.867467131264611"
"13240"	"GO:1902498"	"protein modification/signaling"	"0.976328712801992"
"13241"	"GO:1902499"	"protein modification/signaling"	"0.900531711970201"
"13242"	"GO:1902510"	"cell death"	"0.408192359088781"
"13243"	"GO:1902511"	"metabolic process"	"0.394809184639072"
"13244"	"GO:1902512"	"metabolic process"	"0.571630836188438"
"13245"	"GO:1902513"	"transport"	"0.568916467060129"
"13246"	"GO:1902514"	"transport"	"0.552640465859308"
"13247"	"GO:1902523"	"protein modification/signaling"	"0.938852822318051"
"13248"	"GO:1902524"	"protein modification/signaling"	"0.9430621085538"
"13249"	"GO:1902525"	"protein modification/signaling"	"0.888593404848073"
"13250"	"GO:1902527"	"protein modification/signaling"	"0.898733462482251"
"13251"	"GO:1902528"	"protein modification/signaling"	"0.898720720031016"
"13252"	"GO:1902530"	"protein modification/signaling"	"0.906501217509273"
"13253"	"GO:1902531"	"protein modification/signaling"	"0.916437208710261"
"13254"	"GO:1902532"	"protein modification/signaling"	"+"
"13255"	"GO:1902533"	"protein modification/signaling"	"+"
"13256"	"GO:1902547"	"response to stimulus"	"0.618587729372245"
"13257"	"GO:1902548"	"response to stimulus"	"0.330839045846791"
"13258"	"GO:1902551"	"metabolic process"	"0.623032533946672"
"13259"	"GO:1902553"	"metabolic process"	"0.623569228121332"
"13260"	"GO:1902558"	"transport"	"0.832904732034224"
"13261"	"GO:1902559"	"transport"	"0.892116411118782"
"13262"	"GO:1902563"	"immune system process"	"0.964130717915682"
"13263"	"GO:1902564"	"immune system process"	"0.957541840196368"
"13264"	"GO:1902565"	"immune system process"	"0.899356224615183"
"13265"	"GO:1902566"	"immune system process"	"0.965034046345415"
"13266"	"GO:1902567"	"immune system process"	"0.974158572887255"
"13267"	"GO:1902570"	"transport"	"+"
"13268"	"GO:1902571"	"metabolic process"	"0.859479827872773"
"13269"	"GO:1902572"	"metabolic process"	"0.769181193876675"
"13270"	"GO:1902573"	"metabolic process"	"0.88408616187831"
"13271"	"GO:1902576"	"cell cycle"	"0.952447952591326"
"13272"	"GO:1902595"	"cell cycle"	"0.472491520318241"
"13273"	"GO:1902600"	"transport"	"+"
"13274"	"GO:1902601"	"transport"	"0.775900814216295"
"13275"	"GO:1902603"	"transport"	"0.947783747846858"
"13276"	"GO:1902605"	"cellular component organization"	"0.908611414893168"
"13277"	"GO:1902606"	"transport"	"0.634179536583478"
"13278"	"GO:1902608"	"transport"	"0.363627950290938"
"13279"	"GO:1902612"	"receptor related process"	"0.547061207771528"
"13280"	"GO:1902613"	"protein modification/signaling"	"0.472792615160361"
"13281"	"GO:1902615"	"immune system process"	"0.735297245926814"
"13282"	"GO:1902616"	"transport"	"0.937162815939565"
"13283"	"GO:1902617"	"response to stimulus"	"0.847689712569542"
"13284"	"GO:1902618"	"response to stimulus"	"0.874644339218032"
"13285"	"GO:1902622"	"immune system process"	"+"
"13286"	"GO:1902623"	"immune system process"	"0.933044471399901"
"13287"	"GO:1902624"	"immune system process"	"0.974391002176349"
"13288"	"GO:1902626"	"cellular component organization"	"0.910157706292762"
"13289"	"GO:1902629"	"gene regulation"	"0.760006417892812"
"13290"	"GO:1902630"	"other"	"0.200490122374994"
"13291"	"GO:1902631"	"other"	"0.179239220904819"
"13292"	"GO:1902633"	"metabolic process"	"0.971846409447849"
"13293"	"GO:1902635"	"metabolic process"	"0.968683811817044"
"13294"	"GO:1902644"	"metabolic process"	"0.984002493895907"
"13295"	"GO:1902645"	"metabolic process"	"0.971816501262279"
"13296"	"GO:1902652"	"metabolic process"	"0.957484246015687"
"13297"	"GO:1902653"	"metabolic process"	"+"
"13298"	"GO:1902656"	"transport"	"0.800250480675606"
"13299"	"GO:1902659"	"protein modification/signaling"	"0.386669185771625"
"13300"	"GO:1902661"	"protein modification/signaling"	"0.314688804301425"
"13301"	"GO:1902667"	"neural related process"	"0.923174164975562"
"13302"	"GO:1902668"	"neural related process"	"0.49869859790092"
"13303"	"GO:1902669"	"neural related process"	"0.889570530197232"
"13304"	"GO:1902679"	"gene regulation"	"0.890489537508449"
"13305"	"GO:1902680"	"metabolic process"	"0.624157216106367"
"13306"	"GO:1902682"	"transport"	"0.441301342093383"
"13307"	"GO:1902683"	"neural related process"	"+"
"13308"	"GO:1902685"	"neural related process"	"0.727174498151926"
"13309"	"GO:1902686"	"transport"	"0.509047836703035"
"13310"	"GO:1902688"	"metabolic process"	"0.834837487337397"
"13311"	"GO:1902691"	"morphogenesis/development"	"0.785780999127643"
"13312"	"GO:1902692"	"cell cycle"	"0.638284598335449"
"13313"	"GO:1902722"	"transport"	"0.502461714338331"
"13314"	"GO:1902723"	"cell cycle"	"0.911233239885398"
"13315"	"GO:1902724"	"cell cycle"	"0.77877540646887"
"13316"	"GO:1902725"	"morphogenesis/development"	"0.791464309185056"
"13317"	"GO:1902728"	"cell cycle"	"0.440230756167041"
"13318"	"GO:1902729"	"metabolic process"	"0.880303586087769"
"13319"	"GO:1902730"	"metabolic process"	"0.892851416376179"
"13320"	"GO:1902731"	"cell cycle"	"0.926240012560505"
"13321"	"GO:1902732"	"cell cycle"	"0.981620578074068"
"13322"	"GO:1902742"	"cell death"	"+"
"13323"	"GO:1902743"	"cellular component organization"	"0.951556824107784"
"13324"	"GO:1902744"	"cellular component organization"	"0.880951723476863"
"13325"	"GO:1902745"	"cellular component organization"	"0.95833315881984"
"13326"	"GO:1902746"	"morphogenesis/development"	"0.881112092721641"
"13327"	"GO:1902747"	"morphogenesis/development"	"0.91088982731228"
"13328"	"GO:1902748"	"morphogenesis/development"	"0.84767484452792"
"13329"	"GO:1902749"	"cell cycle"	"+"
"13330"	"GO:1902750"	"cell cycle"	"+"
"13331"	"GO:1902751"	"cell cycle"	"+"
"13332"	"GO:1902761"	"morphogenesis/development"	"0.879836684246922"
"13333"	"GO:1902766"	"cell cycle"	"0.259084097645089"
"13334"	"GO:1902774"	"ER/endosome/lysosome related process"	"0.944657582856654"
"13335"	"GO:1902775"	"cellular component organization"	"0.928232537496353"
"13336"	"GO:1902803"	"neural related process"	"0.568442758234418"
"13337"	"GO:1902805"	"neural related process"	"0.696212529943876"
"13338"	"GO:1902806"	"cell cycle"	"0.947311620247729"
"13339"	"GO:1902807"	"cell cycle"	"+"
"13340"	"GO:1902808"	"cell cycle"	"+"
"13341"	"GO:1902809"	"morphogenesis/development"	"0.9097280615107"
"13342"	"GO:1902811"	"morphogenesis/development"	"0.830595149359839"
"13343"	"GO:1902816"	"cellular component organization"	"0.355936177817246"
"13344"	"GO:1902817"	"ER/endosome/lysosome related process"	"0.353960542448183"
"13345"	"GO:1902822"	"ER/endosome/lysosome related process"	"0.984991344449005"
"13346"	"GO:1902834"	"transport"	"0.632532815391382"
"13347"	"GO:1902836"	"transport"	"0.630968815308096"
"13348"	"GO:1902838"	"transport"	"0.541627816767561"
"13349"	"GO:1902846"	"cell cycle"	"0.965302131032848"
"13350"	"GO:1902847"	"neural related process"	"0.665514042500506"
"13351"	"GO:1902850"	"cell cycle"	"+"
"13352"	"GO:1902855"	"cellular component organization"	"+"
"13353"	"GO:1902856"	"cellular component organization"	"0.901339941153067"
"13354"	"GO:1902857"	"cellular component organization"	"0.925199650292522"
"13355"	"GO:1902858"	"metabolic process"	"0.990123257849064"
"13356"	"GO:1902859"	"metabolic process"	"0.983470841560806"
"13357"	"GO:1902860"	"metabolic process"	"0.975427159869337"
"13358"	"GO:1902866"	"morphogenesis/development"	"0.864424572825803"
"13359"	"GO:1902869"	"neural related process"	"0.495352447826504"
"13360"	"GO:1902870"	"morphogenesis/development"	"0.506071957680855"
"13361"	"GO:1902871"	"neural related process"	"0.755969853982598"
"13362"	"GO:1902882"	"stress response"	"+"
"13363"	"GO:1902883"	"stress response"	"0.843494972446331"
"13364"	"GO:1902884"	"stress response"	"0.54910165129842"
"13365"	"GO:1902888"	"ER/endosome/lysosome related process"	"0.489926950368033"
"13366"	"GO:1902889"	"transport"	"0.511175571219076"
"13367"	"GO:1902893"	"gene regulation"	"+"
"13368"	"GO:1902894"	"gene regulation"	"0.907805789153285"
"13369"	"GO:1902895"	"gene regulation"	"+"
"13370"	"GO:1902896"	"cellular component organization"	"0.922686406009177"
"13371"	"GO:1902897"	"cellular component organization"	"0.885094792691017"
"13372"	"GO:1902902"	"cellular component organization"	"0.873995790664212"
"13373"	"GO:1902903"	"cellular component organization"	"0.95240676686142"
"13374"	"GO:1902904"	"cellular component organization"	"0.943621826403102"
"13375"	"GO:1902905"	"cellular component organization"	"+"
"13376"	"GO:1902908"	"transport"	"0.41147596005399"
"13377"	"GO:1902910"	"ER/endosome/lysosome related process"	"0.347362113900226"
"13378"	"GO:1902911"	"protein modification/signaling"	"+"
"13379"	"GO:1902913"	"morphogenesis/development"	"0.788149148125202"
"13380"	"GO:1902914"	"protein modification/signaling"	"+"
"13381"	"GO:1902915"	"protein modification/signaling"	"0.96749386071177"
"13382"	"GO:1902916"	"protein modification/signaling"	"0.96346996845367"
"13383"	"GO:1902930"	"metabolic process"	"0.905197145167918"
"13384"	"GO:1902931"	"metabolic process"	"0.925182730145797"
"13385"	"GO:1902932"	"metabolic process"	"0.948904361987273"
"13386"	"GO:1902936"	"protein modification/signaling"	"+"
"13387"	"GO:1902941"	"transport"	"0.404611482579232"
"13388"	"GO:1902943"	"transport"	"0.376796841049792"
"13389"	"GO:1902946"	"ER/endosome/lysosome related process"	"0.845717411331982"
"13390"	"GO:1902947"	"protein modification/signaling"	"0.722088290400581"
"13391"	"GO:1902948"	"protein modification/signaling"	"0.694198600570185"
"13392"	"GO:1902949"	"protein modification/signaling"	"0.773950427355967"
"13393"	"GO:1902950"	"cellular component organization"	"0.636104352571309"
"13394"	"GO:1902951"	"neural related process"	"0.521456010022596"
"13395"	"GO:1902952"	"neural related process"	"0.6681139464328"
"13396"	"GO:1902953"	"ER/endosome/lysosome related process"	"0.967084256913927"
"13397"	"GO:1902954"	"ER/endosome/lysosome related process"	"0.922219466002108"
"13398"	"GO:1902955"	"ER/endosome/lysosome related process"	"0.912160811537163"
"13399"	"GO:1902956"	"metabolic process"	"0.883532016201968"
"13400"	"GO:1902957"	"metabolic process"	"0.8098031183094"
"13401"	"GO:1902958"	"metabolic process"	"0.907645452027873"
"13402"	"GO:1902959"	"metabolic process"	"0.867035131877598"
"13403"	"GO:1902960"	"metabolic process"	"0.877589631322509"
"13404"	"GO:1902961"	"metabolic process"	"0.898562097475898"
"13405"	"GO:1902962"	"metabolic process"	"0.862901386428264"
"13406"	"GO:1902965"	"ER/endosome/lysosome related process"	"0.873845499595838"
"13407"	"GO:1902966"	"ER/endosome/lysosome related process"	"0.801166255384846"
"13408"	"GO:1902969"	"cell cycle"	"0.986285113170049"
"13409"	"GO:1902975"	"cell cycle"	"0.975170557590587"
"13410"	"GO:1902977"	"cell cycle"	"0.792574823482144"
"13411"	"GO:1902979"	"cell cycle"	"0.921515232095703"
"13412"	"GO:1902983"	"cell cycle"	"0.966067145389251"
"13413"	"GO:1902988"	"cellular component organization"	"0.958853094652223"
"13414"	"GO:1902990"	"cell cycle"	"0.938073931745974"
"13415"	"GO:1902991"	"metabolic process"	"0.871759059638786"
"13416"	"GO:1902992"	"metabolic process"	"0.864065884876501"
"13417"	"GO:1902993"	"metabolic process"	"0.955173255450765"
"13418"	"GO:1902994"	"transport"	"0.489721374627541"
"13419"	"GO:1902995"	"transport"	"0.372872510547782"
"13420"	"GO:1902996"	"cellular component organization"	"0.931443481056732"
"13421"	"GO:1902997"	"cellular component organization"	"0.952884473410998"
"13422"	"GO:1902998"	"cellular component organization"	"0.917984374970675"
"13423"	"GO:1903000"	"transport"	"0.620853260318574"
"13424"	"GO:1903002"	"transport"	"0.588380017722279"
"13425"	"GO:1903003"	"protein modification/signaling"	"0.815727188457744"
"13426"	"GO:1903004"	"protein modification/signaling"	"0.65487944429528"
"13427"	"GO:1903006"	"protein modification/signaling"	"0.440073367637534"
"13428"	"GO:1903007"	"protein modification/signaling"	"0.552972394273581"
"13429"	"GO:1903008"	"cellular component organization"	"0.89344097801571"
"13430"	"GO:1903010"	"morphogenesis/development"	"0.947212195704316"
"13431"	"GO:1903011"	"morphogenesis/development"	"0.941552478211601"
"13432"	"GO:1903012"	"morphogenesis/development"	"0.820053613066559"
"13433"	"GO:1903015"	"metabolic process"	"0.534668702544753"
"13434"	"GO:1903016"	"metabolic process"	"0.465819538080219"
"13435"	"GO:1903018"	"metabolic process"	"0.936382195173264"
"13436"	"GO:1903019"	"metabolic process"	"0.639073453620544"
"13437"	"GO:1903020"	"metabolic process"	"+"
"13438"	"GO:1903025"	"gene regulation"	"0.931954859523636"
"13439"	"GO:1903026"	"gene regulation"	"0.936748219268566"
"13440"	"GO:1903027"	"immune system process"	"0.802121705464952"
"13441"	"GO:1903028"	"transport"	"0.457530349583087"
"13442"	"GO:1903034"	"immune system process"	"+"
"13443"	"GO:1903035"	"immune system process"	"+"
"13444"	"GO:1903036"	"immune system process"	"+"
"13445"	"GO:1903037"	"immune system process"	"+"
"13446"	"GO:1903038"	"immune system process"	"+"
"13447"	"GO:1903039"	"immune system process"	"+"
"13448"	"GO:1903041"	"morphogenesis/development"	"0.608306472773683"
"13449"	"GO:1903043"	"morphogenesis/development"	"0.698575153391958"
"13450"	"GO:1903044"	"transport"	"0.634225537245012"
"13451"	"GO:1903046"	"cell cycle"	"+"
"13452"	"GO:1903047"	"cell cycle"	"0.972035507923366"
"13453"	"GO:1903048"	"neural related process"	"0.70162969194629"
"13454"	"GO:1903050"	"metabolic process"	"+"
"13455"	"GO:1903051"	"metabolic process"	"+"
"13456"	"GO:1903052"	"metabolic process"	"0.954371687711426"
"13457"	"GO:1903053"	"cellular component organization"	"+"
"13458"	"GO:1903054"	"cellular component organization"	"0.794300640165782"
"13459"	"GO:1903055"	"cellular component organization"	"+"
"13460"	"GO:1903056"	"cellular component organization"	"0.838613421308839"
"13461"	"GO:1903059"	"metabolic process"	"0.588614287601018"
"13462"	"GO:1903060"	"metabolic process"	"0.500982839200518"
"13463"	"GO:1903061"	"metabolic process"	"0.744362146520694"
"13464"	"GO:1903062"	"transport"	"0.797757277688986"
"13465"	"GO:1903064"	"transport"	"0.744261137576897"
"13466"	"GO:1903072"	"cellular component organization"	"0.717831981152351"
"13467"	"GO:1903073"	"cell death"	"0.352831168727253"
"13468"	"GO:1903076"	"cellular component organization"	"+"
"13469"	"GO:1903077"	"cellular component organization"	"0.588225117298943"
"13470"	"GO:1903078"	"transport"	"+"
"13471"	"GO:1903080"	"receptor related process"	"0.506778548365596"
"13472"	"GO:1903082"	"receptor related process"	"0.465953001356102"
"13473"	"GO:1903083"	"cell cycle"	"+"
"13474"	"GO:1903093"	"protein modification/signaling"	"0.887700785496312"
"13475"	"GO:1903094"	"protein modification/signaling"	"0.653082510865773"
"13476"	"GO:1903096"	"cell cycle"	"0.432331963321436"
"13477"	"GO:1903100"	"metabolic process"	"0.963115023633684"
"13478"	"GO:1903108"	"gene regulation"	"0.942690940793012"
"13479"	"GO:1903109"	"gene regulation"	"0.759523445646708"
"13480"	"GO:1903115"	"multicellular organismal process"	"0.605530297377252"
"13481"	"GO:1903116"	"multicellular organismal process"	"0.481610394551061"
"13482"	"GO:1903119"	"transport"	"0.539495466308694"
"13483"	"GO:1903121"	"cell death"	"0.773512703517456"
"13484"	"GO:1903122"	"cell death"	"0.647646733868979"
"13485"	"GO:1903125"	"protein modification/signaling"	"0.600147805946404"
"13486"	"GO:1903126"	"cell cycle"	"0.956310107615579"
"13487"	"GO:1903131"	"immune system process"	"+"
"13488"	"GO:1903140"	"morphogenesis/development"	"0.854331045877677"
"13489"	"GO:1903141"	"morphogenesis/development"	"0.874662040978042"
"13490"	"GO:1903142"	"morphogenesis/development"	"0.7348951098322"
"13491"	"GO:1903146"	"cell death"	"+"
"13492"	"GO:1903147"	"metabolic process"	"0.770975107689197"
"13493"	"GO:1903167"	"metabolic process"	"0.47955595616637"
"13494"	"GO:1903168"	"metabolic process"	"0.513244843540221"
"13495"	"GO:1903169"	"transport"	"0.91944778890698"
"13496"	"GO:1903170"	"transport"	"0.765703638295232"
"13497"	"GO:1903173"	"metabolic process"	"0.985456083107627"
"13498"	"GO:1903176"	"metabolic process"	"0.540981774721124"
"13499"	"GO:1903178"	"metabolic process"	"0.653140452245267"
"13500"	"GO:1903179"	"metabolic process"	"0.727173764663472"
"13501"	"GO:1903181"	"metabolic process"	"0.876637718438278"
"13502"	"GO:1903182"	"protein modification/signaling"	"0.837151224275902"
"13503"	"GO:1903184"	"metabolic process"	"0.964294254011248"
"13504"	"GO:1903185"	"metabolic process"	"0.939453590915156"
"13505"	"GO:1903189"	"metabolic process"	"0.981549021175782"
"13506"	"GO:1903190"	"metabolic process"	"0.973778117034176"
"13507"	"GO:1903195"	"metabolic process"	"0.666412344922906"
"13508"	"GO:1903197"	"metabolic process"	"0.609345712180189"
"13509"	"GO:1903198"	"metabolic process"	"0.663373672644446"
"13510"	"GO:1903200"	"metabolic process"	"0.654873754168949"
"13511"	"GO:1903210"	"cell death"	"0.93069975306911"
"13512"	"GO:1903214"	"transport"	"+"
"13513"	"GO:1903215"	"ER/endosome/lysosome related process"	"0.401665355450413"
"13514"	"GO:1903216"	"protein modification/signaling"	"0.429477037820732"
"13515"	"GO:1903217"	"protein modification/signaling"	"0.454781512364729"
"13516"	"GO:1903224"	"morphogenesis/development"	"0.820272242190716"
"13517"	"GO:1903225"	"morphogenesis/development"	"0.815335666093462"
"13518"	"GO:1903226"	"morphogenesis/development"	"0.798322697601033"
"13519"	"GO:1903232"	"cellular component organization"	"0.47258730142777"
"13520"	"GO:1903233"	"neural related process"	"0.692955750985777"
"13521"	"GO:1903235"	"neural related process"	"0.70104993550339"
"13522"	"GO:1903236"	"immune system process"	"0.91805943904439"
"13523"	"GO:1903237"	"immune system process"	"0.827191773783062"
"13524"	"GO:1903238"	"immune system process"	"0.856618513051679"
"13525"	"GO:1903241"	"gene regulation"	"+"
"13526"	"GO:1903242"	"multicellular organismal process"	"0.768413175209467"
"13527"	"GO:1903243"	"multicellular organismal process"	"0.645412949922031"
"13528"	"GO:1903244"	"multicellular organismal process"	"0.514750020270491"
"13529"	"GO:1903248"	"metabolic process"	"0.766377753348703"
"13530"	"GO:1903249"	"metabolic process"	"0.772061520850354"
"13531"	"GO:1903251"	"morphogenesis/development"	"0.732814917872313"
"13532"	"GO:1903259"	"cellular component organization"	"0.652695052704629"
"13533"	"GO:1903265"	"immune system process"	"0.832984245322407"
"13534"	"GO:1903276"	"transport"	"0.810110562453506"
"13535"	"GO:1903278"	"transport"	"0.770738865124043"
"13536"	"GO:1903279"	"transport"	"0.611509776207054"
"13537"	"GO:1903281"	"transport"	"0.551519697015666"
"13538"	"GO:1903282"	"metabolic process"	"0.699402416890675"
"13539"	"GO:1903284"	"metabolic process"	"0.629611695839885"
"13540"	"GO:1903285"	"metabolic process"	"0.472375531411635"
"13541"	"GO:1903286"	"transport"	"0.759056019670266"
"13542"	"GO:1903288"	"transport"	"0.67251114048957"
"13543"	"GO:1903292"	"ER/endosome/lysosome related process"	"0.917937421790558"
"13544"	"GO:1903294"	"neural related process"	"0.770147961130253"
"13545"	"GO:1903296"	"neural related process"	"0.540574244824477"
"13546"	"GO:1903297"	"cell death"	"0.834184190348786"
"13547"	"GO:1903298"	"cell death"	"0.676976567909437"
"13548"	"GO:1903299"	"metabolic process"	"0.487790498842922"
"13549"	"GO:1903300"	"protein modification/signaling"	"0.485758565762217"
"13550"	"GO:1903301"	"metabolic process"	"0.687481433008113"
"13551"	"GO:1903302"	"metabolic process"	"0.574763568283275"
"13552"	"GO:1903305"	"transport"	"0.760129768212077"
"13553"	"GO:1903306"	"transport"	"0.536773822158986"
"13554"	"GO:1903307"	"transport"	"0.817396695311666"
"13555"	"GO:1903311"	"gene regulation"	"+"
"13556"	"GO:1903312"	"gene regulation"	"+"
"13557"	"GO:1903313"	"gene regulation"	"0.512896348829207"
"13558"	"GO:1903314"	"metabolic process"	"0.550279057956817"
"13559"	"GO:1903317"	"protein modification/signaling"	"+"
"13560"	"GO:1903318"	"protein modification/signaling"	"0.86245229601562"
"13561"	"GO:1903319"	"protein modification/signaling"	"0.75272806701529"
"13562"	"GO:1903320"	"protein modification/signaling"	"+"
"13563"	"GO:1903321"	"protein modification/signaling"	"0.933461073751377"
"13564"	"GO:1903322"	"protein modification/signaling"	"+"
"13565"	"GO:1903326"	"metabolic process"	"0.672940105675322"
"13566"	"GO:1903327"	"gene regulation"	"0.482240695497428"
"13567"	"GO:1903329"	"cellular component organization"	"0.924582831235345"
"13568"	"GO:1903331"	"cellular component organization"	"0.91243049228857"
"13569"	"GO:1903332"	"ER/endosome/lysosome related process"	"0.4587922357939"
"13570"	"GO:1903333"	"protein modification/signaling"	"0.423036534427428"
"13571"	"GO:1903334"	"protein modification/signaling"	"0.354254024724383"
"13572"	"GO:1903335"	"ER/endosome/lysosome related process"	"0.951261942451407"
"13573"	"GO:1903336"	"ER/endosome/lysosome related process"	"0.916369173307393"
"13574"	"GO:1903337"	"ER/endosome/lysosome related process"	"0.926056053770804"
"13575"	"GO:1903341"	"cell cycle"	"0.971368966846586"
"13576"	"GO:1903343"	"cell cycle"	"0.953315621773911"
"13577"	"GO:1903347"	"cellular component organization"	"0.917436467726308"
"13578"	"GO:1903348"	"cellular component organization"	"0.829632745706374"
"13579"	"GO:1903350"	"response to stimulus"	"0.915392526802273"
"13580"	"GO:1903351"	"response to stimulus"	"0.93655158334053"
"13581"	"GO:1903352"	"transport"	"0.893878323023626"
"13582"	"GO:1903353"	"cellular component organization"	"0.648837230887315"
"13583"	"GO:1903358"	"cellular component organization"	"0.78835621161245"
"13584"	"GO:1903361"	"transport"	"0.441842575423773"
"13585"	"GO:1903365"	"neural related process"	"0.343754513405979"
"13586"	"GO:1903367"	"neural related process"	"0.32426174323224"
"13587"	"GO:1903371"	"cellular component organization"	"0.458588527080605"
"13588"	"GO:1903373"	"ER/endosome/lysosome related process"	"0.404267218615751"
"13589"	"GO:1903375"	"morphogenesis/development"	"0.685384395961299"
"13590"	"GO:1903376"	"cell death"	"0.918332297821093"
"13591"	"GO:1903377"	"cell death"	"0.876761017013437"
"13592"	"GO:1903378"	"cell death"	"0.760374897074369"
"13593"	"GO:1903379"	"cell cycle"	"0.968390349341362"
"13594"	"GO:1903381"	"cell death"	"0.729914948841838"
"13595"	"GO:1903382"	"cell death"	"0.725967002573144"
"13596"	"GO:1903383"	"cell death"	"0.662929438830809"
"13597"	"GO:1903384"	"cell death"	"0.810273762127753"
"13598"	"GO:1903385"	"cell adhesion"	"0.501111298052785"
"13599"	"GO:1903387"	"cell adhesion"	"0.313780739952313"
"13600"	"GO:1903391"	"cellular component organization"	"0.74285169078861"
"13601"	"GO:1903392"	"cellular component organization"	"0.744048491210507"
"13602"	"GO:1903393"	"cellular component organization"	"0.799954476051624"
"13603"	"GO:1903394"	"cell cycle"	"0.555404128867054"
"13604"	"GO:1903401"	"transport"	"0.886133305360849"
"13605"	"GO:1903402"	"multicellular organismal process"	"0.524486071000669"
"13606"	"GO:1903403"	"multicellular organismal process"	"0.481728676775694"
"13607"	"GO:1903405"	"transport"	"0.825670418672692"
"13608"	"GO:1903406"	"transport"	"0.720106862507406"
"13609"	"GO:1903408"	"transport"	"0.739609121743309"
"13610"	"GO:1903409"	"metabolic process"	"0.603350011827898"
"13611"	"GO:1903412"	"response to stimulus"	"0.869209172418632"
"13612"	"GO:1903413"	"response to stimulus"	"0.895820286283929"
"13613"	"GO:1903416"	"response to stimulus"	"0.910641040580267"
"13614"	"GO:1903420"	"ER/endosome/lysosome related process"	"0.981452441658145"
"13615"	"GO:1903421"	"neural related process"	"0.785487280917885"
"13616"	"GO:1903422"	"neural related process"	"0.540453558050502"
"13617"	"GO:1903423"	"neural related process"	"0.667302503868155"
"13618"	"GO:1903424"	"ER/endosome/lysosome related process"	"0.561251640353254"
"13619"	"GO:1903426"	"stress response"	"0.427201415249202"
"13620"	"GO:1903427"	"stress response"	"0.484295326066023"
"13621"	"GO:1903428"	"immune system process"	"0.596156934009264"
"13622"	"GO:1903429"	"morphogenesis/development"	"0.696384087784145"
"13623"	"GO:1903430"	"morphogenesis/development"	"0.866951044165088"
"13624"	"GO:1903431"	"morphogenesis/development"	"0.58763542413571"
"13625"	"GO:1903432"	"protein modification/signaling"	"0.795942300394072"
"13626"	"GO:1903433"	"ER/endosome/lysosome related process"	"0.44402332016202"
"13627"	"GO:1903434"	"ER/endosome/lysosome related process"	"0.509526095437692"
"13628"	"GO:1903435"	"ER/endosome/lysosome related process"	"0.274035829016753"
"13629"	"GO:1903436"	"cell cycle"	"0.968310936894476"
"13630"	"GO:1903438"	"cell cycle"	"0.930635400647363"
"13631"	"GO:1903441"	"transport"	"0.579410230279293"
"13632"	"GO:1903442"	"response to stimulus"	"0.882771710692013"
"13633"	"GO:1903444"	"morphogenesis/development"	"0.896686335929275"
"13634"	"GO:1903445"	"ER/endosome/lysosome related process"	"0.607031562855299"
"13635"	"GO:1903450"	"cell cycle"	"0.893360288602626"
"13636"	"GO:1903451"	"cell cycle"	"0.906580653604228"
"13637"	"GO:1903457"	"metabolic process"	"0.97060035657517"
"13638"	"GO:1903461"	"cell cycle"	"0.898600435301147"
"13639"	"GO:1903463"	"cell cycle"	"0.98180315760433"
"13640"	"GO:1903464"	"cell cycle"	"0.971003637835936"
"13641"	"GO:1903465"	"cell cycle"	"0.960859076999223"
"13642"	"GO:1903475"	"cellular component organization"	"0.568314745476244"
"13643"	"GO:1903479"	"cell cycle"	"0.785442845103971"
"13644"	"GO:1903487"	"multicellular organismal process"	"0.388904734619731"
"13645"	"GO:1903489"	"multicellular organismal process"	"0.426914813361873"
"13646"	"GO:1903490"	"cell cycle"	"0.955330167612468"
"13647"	"GO:1903494"	"response to stimulus"	"0.90651879087838"
"13648"	"GO:1903495"	"response to stimulus"	"0.918724691974878"
"13649"	"GO:1903496"	"response to stimulus"	"0.905570042872711"
"13650"	"GO:1903504"	"cell cycle"	"+"
"13651"	"GO:1903509"	"metabolic process"	"0.969007430361793"
"13652"	"GO:1903510"	"metabolic process"	"+"
"13653"	"GO:1903512"	"metabolic process"	"0.966433925734953"
"13654"	"GO:1903513"	"ER/endosome/lysosome related process"	"+"
"13655"	"GO:1903516"	"stress response"	"0.904402433452128"
"13656"	"GO:1903517"	"stress response"	"0.863573144549508"
"13657"	"GO:1903518"	"stress response"	"0.885787209143016"
"13658"	"GO:1903522"	"multicellular organismal process"	"+"
"13659"	"GO:1903523"	"multicellular organismal process"	"0.875373034193661"
"13660"	"GO:1903524"	"multicellular organismal process"	"+"
"13661"	"GO:1903525"	"cellular component organization"	"0.903439456684958"
"13662"	"GO:1903526"	"cellular component organization"	"0.766407868138865"
"13663"	"GO:1903527"	"cellular component organization"	"0.902098043184536"
"13664"	"GO:1903530"	"transport"	"+"
"13665"	"GO:1903531"	"transport"	"0.855439272703796"
"13666"	"GO:1903532"	"transport"	"+"
"13667"	"GO:1903533"	"transport"	"+"
"13668"	"GO:1903537"	"morphogenesis/development"	"0.72729937301149"
"13669"	"GO:1903538"	"cell cycle"	"0.736341558895529"
"13670"	"GO:1903539"	"neural related process"	"0.494494199940785"
"13671"	"GO:1903540"	"ER/endosome/lysosome related process"	"0.602350193547708"
"13672"	"GO:1903541"	"transport"	"0.743661650718696"
"13673"	"GO:1903542"	"transport"	"0.508076030922479"
"13674"	"GO:1903543"	"transport"	"0.730440852191013"
"13675"	"GO:1903544"	"response to stimulus"	"0.891530269138219"
"13676"	"GO:1903545"	"response to stimulus"	"0.65579985762679"
"13677"	"GO:1903546"	"transport"	"0.402108073472556"
"13678"	"GO:1903551"	"cellular component organization"	"0.938553453197445"
"13679"	"GO:1903553"	"cellular component organization"	"0.92256030425753"
"13680"	"GO:1903555"	"immune system process"	"+"
"13681"	"GO:1903556"	"immune system process"	"0.955494645591517"
"13682"	"GO:1903557"	"immune system process"	"+"
"13683"	"GO:1903564"	"cellular component organization"	"0.722870336207403"
"13684"	"GO:1903565"	"cellular component organization"	"0.393670443085096"
"13685"	"GO:1903566"	"cellular component organization"	"0.737513259623691"
"13686"	"GO:1903567"	"cellular component organization"	"0.523261745626688"
"13687"	"GO:1903568"	"cellular component organization"	"0.530883762315398"
"13688"	"GO:1903569"	"cellular component organization"	"0.550238010466236"
"13689"	"GO:1903573"	"stress response"	"+"
"13690"	"GO:1903575"	"cellular component organization"	"0.869714415252132"
"13691"	"GO:1903576"	"response to stimulus"	"0.944039484454543"
"13692"	"GO:1903577"	"response to stimulus"	"0.886966151493052"
"13693"	"GO:1903578"	"metabolic process"	"0.938227878727138"
"13694"	"GO:1903579"	"metabolic process"	"0.936980737271794"
"13695"	"GO:1903580"	"metabolic process"	"0.920051000100787"
"13696"	"GO:1903587"	"cell cycle"	"0.904020567736546"
"13697"	"GO:1903588"	"cell cycle"	"0.851451978834667"
"13698"	"GO:1903589"	"cell cycle"	"0.769473254523133"
"13699"	"GO:1903593"	"transport"	"0.331834326823213"
"13700"	"GO:1903595"	"immune system process"	"0.482300793043859"
"13701"	"GO:1903596"	"cellular component organization"	"0.783575453604184"
"13702"	"GO:1903597"	"cellular component organization"	"0.610650503008078"
"13703"	"GO:1903598"	"cellular component organization"	"0.818216134299146"
"13704"	"GO:1903599"	"metabolic process"	"+"
"13705"	"GO:1903608"	"transport"	"0.29331127378172"
"13706"	"GO:1903609"	"transport"	"0.536969136549579"
"13707"	"GO:1903610"	"metabolic process"	"0.230408699042242"
"13708"	"GO:1903612"	"metabolic process"	"0.317602000146976"
"13709"	"GO:1903618"	"morphogenesis/development"	"0.654751108065373"
"13710"	"GO:1903620"	"morphogenesis/development"	"0.540010562965545"
"13711"	"GO:1903621"	"ER/endosome/lysosome related process"	"0.508243608001485"
"13712"	"GO:1903624"	"cell death"	"0.516713589418672"
"13713"	"GO:1903625"	"metabolic process"	"0.291692475885166"
"13714"	"GO:1903626"	"cell cycle"	"0.276756148453619"
"13715"	"GO:1903636"	"ER/endosome/lysosome related process"	"0.430822102027252"
"13716"	"GO:1903638"	"ER/endosome/lysosome related process"	"0.500459031999642"
"13717"	"GO:1903639"	"transport"	"0.660026709693657"
"13718"	"GO:1903640"	"transport"	"0.393164939934877"
"13719"	"GO:1903644"	"protein modification/signaling"	"0.550706292905802"
"13720"	"GO:1903645"	"protein modification/signaling"	"0.401829346853861"
"13721"	"GO:1903659"	"immune system process"	"0.8393194533259"
"13722"	"GO:1903660"	"immune system process"	"0.672290490046538"
"13723"	"GO:1903661"	"immune system process"	"0.658512173922256"
"13724"	"GO:1903670"	"morphogenesis/development"	"+"
"13725"	"GO:1903671"	"morphogenesis/development"	"0.804561831186772"
"13726"	"GO:1903672"	"morphogenesis/development"	"+"
"13727"	"GO:1903673"	"cell cycle"	"0.326032068976474"
"13728"	"GO:1903674"	"gene regulation"	"0.831962379798304"
"13729"	"GO:1903676"	"gene regulation"	"0.811806071565131"
"13730"	"GO:1903677"	"gene regulation"	"0.868005198250807"
"13731"	"GO:1903679"	"gene regulation"	"0.904198699914428"
"13732"	"GO:1903689"	"immune system process"	"0.460584028810734"
"13733"	"GO:1903690"	"stress response"	"0.294515396518214"
"13734"	"GO:1903691"	"immune system process"	"0.401046876757622"
"13735"	"GO:1903697"	"cellular component organization"	"0.906205101343411"
"13736"	"GO:1903699"	"morphogenesis/development"	"0.922180463884262"
"13737"	"GO:1903701"	"morphogenesis/development"	"0.833827433258542"
"13738"	"GO:1903703"	"morphogenesis/development"	"0.95236665582844"
"13739"	"GO:1903706"	"immune system process"	"+"
"13740"	"GO:1903707"	"immune system process"	"+"
"13741"	"GO:1903708"	"immune system process"	"+"
"13742"	"GO:1903709"	"morphogenesis/development"	"0.912634672818887"
"13743"	"GO:1903710"	"transport"	"0.865955799769396"
"13744"	"GO:1903711"	"transport"	"0.931482889590347"
"13745"	"GO:1903712"	"transport"	"0.898102317373534"
"13746"	"GO:1903713"	"transport"	"0.850426002102346"
"13747"	"GO:1903714"	"transport"	"0.91260446853123"
"13748"	"GO:1903715"	"metabolic process"	"+"
"13749"	"GO:1903716"	"transport"	"0.920191184090961"
"13750"	"GO:1903719"	"protein modification/signaling"	"0.81331082518574"
"13751"	"GO:1903720"	"protein modification/signaling"	"0.793199726549716"
"13752"	"GO:1903721"	"protein modification/signaling"	"0.829119774844568"
"13753"	"GO:1903722"	"cell cycle"	"0.917958820664031"
"13754"	"GO:1903723"	"cell cycle"	"0.882774819798999"
"13755"	"GO:1903724"	"cell cycle"	"0.856000676082126"
"13756"	"GO:1903725"	"metabolic process"	"+"
"13757"	"GO:1903726"	"metabolic process"	"0.898667087475134"
"13758"	"GO:1903727"	"metabolic process"	"0.917476473124722"
"13759"	"GO:1903729"	"cellular component organization"	"+"
"13760"	"GO:1903742"	"ER/endosome/lysosome related process"	"0.39919744746413"
"13761"	"GO:1903744"	"transport"	"0.335099379189146"
"13762"	"GO:1903747"	"transport"	"0.644927173300908"
"13763"	"GO:1903748"	"transport"	"0.383050368234809"
"13764"	"GO:1903749"	"cellular component organization"	"+"
"13765"	"GO:1903750"	"cell death"	"0.841049589932774"
"13766"	"GO:1903751"	"cell death"	"0.873034035884606"
"13767"	"GO:1903753"	"protein modification/signaling"	"0.75805658964047"
"13768"	"GO:1903755"	"protein modification/signaling"	"0.731543718933555"
"13769"	"GO:1903760"	"transport"	"0.193288685416534"
"13770"	"GO:1903762"	"neural related process"	"0.232903942276005"
"13771"	"GO:1903764"	"transport"	"0.873668420982004"
"13772"	"GO:1903765"	"transport"	"0.829793889184006"
"13773"	"GO:1903766"	"transport"	"0.838176040164159"
"13774"	"GO:1903770"	"cell cycle"	"0.251468351821151"
"13775"	"GO:1903771"	"metabolic process"	"0.504068810333996"
"13776"	"GO:1903772"	"viral related process"	"0.357976212661982"
"13777"	"GO:1903774"	"viral related process"	"0.517810676961632"
"13778"	"GO:1903775"	"cell cycle"	"0.642227947660588"
"13779"	"GO:1903778"	"ER/endosome/lysosome related process"	"0.871278454974591"
"13780"	"GO:1903779"	"multicellular organismal process"	"+"
"13781"	"GO:1903780"	"multicellular organismal process"	"0.819072377427566"
"13782"	"GO:1903781"	"multicellular organismal process"	"0.808280822578752"
"13783"	"GO:1903785"	"transport"	"0.902679339946163"
"13784"	"GO:1903786"	"metabolic process"	"0.609856882625119"
"13785"	"GO:1903788"	"metabolic process"	"0.789803475720862"
"13786"	"GO:1903789"	"transport"	"0.706840397763425"
"13787"	"GO:1903790"	"transport"	"0.949897124488827"
"13788"	"GO:1903791"	"transport"	"0.956216938339688"
"13789"	"GO:1903792"	"transport"	"0.886520310140543"
"13790"	"GO:1903793"	"transport"	"0.884843654511636"
"13791"	"GO:1903795"	"transport"	"0.554164916455538"
"13792"	"GO:1903797"	"transport"	"0.450376577375175"
"13793"	"GO:1903798"	"gene regulation"	"0.935023054872324"
"13794"	"GO:1903799"	"gene regulation"	"0.898102804930289"
"13795"	"GO:1903800"	"gene regulation"	"0.874619281133595"
"13796"	"GO:1903801"	"transport"	"0.802583662807075"
"13797"	"GO:1903803"	"transport"	"0.814749676227629"
"13798"	"GO:1903804"	"transport"	"0.705670559359927"
"13799"	"GO:1903806"	"transport"	"0.718506817552524"
"13800"	"GO:1903810"	"transport"	"0.787824051908508"
"13801"	"GO:1903811"	"transport"	"0.723297107873114"
"13802"	"GO:1903812"	"transport"	"0.794800856875609"
"13803"	"GO:1903817"	"transport"	"0.788419267172924"
"13804"	"GO:1903818"	"transport"	"0.440366802320204"
"13805"	"GO:1903823"	"stress response"	"0.950276196981399"
"13806"	"GO:1903824"	"stress response"	"0.873732281361042"
"13807"	"GO:1903825"	"transport"	"+"
"13808"	"GO:1903826"	"transport"	"0.901064907458275"
"13809"	"GO:1903828"	"transport"	"+"
"13810"	"GO:1903829"	"cellular component organization"	"+"
"13811"	"GO:1903830"	"transport"	"+"
"13812"	"GO:1903840"	"response to stimulus"	"0.923361709505931"
"13813"	"GO:1903841"	"response to stimulus"	"0.852042852844059"
"13814"	"GO:1903842"	"response to stimulus"	"0.850777659425188"
"13815"	"GO:1903843"	"response to stimulus"	"0.815942173895547"
"13816"	"GO:1903844"	"response to stimulus"	"+"
"13817"	"GO:1903845"	"immune system process"	"0.393547292620116"
"13818"	"GO:1903846"	"immune system process"	"+"
"13819"	"GO:1903847"	"morphogenesis/development"	"0.765703831618282"
"13820"	"GO:1903849"	"morphogenesis/development"	"0.697330415957589"
"13821"	"GO:1903850"	"cellular component organization"	"0.908826940981261"
"13822"	"GO:1903852"	"cellular component organization"	"0.871918514121059"
"13823"	"GO:1903859"	"neural related process"	"0.860229304982035"
"13824"	"GO:1903860"	"morphogenesis/development"	"0.398926135188544"
"13825"	"GO:1903861"	"neural related process"	"0.874731874722739"
"13826"	"GO:1903862"	"metabolic process"	"0.71542320993512"
"13827"	"GO:1903867"	"morphogenesis/development"	"0.963694749036393"
"13828"	"GO:1903881"	"immune system process"	"0.530298486413734"
"13829"	"GO:1903883"	"immune system process"	"0.6025472046383"
"13830"	"GO:1903884"	"immune system process"	"0.719216691897941"
"13831"	"GO:1903886"	"immune system process"	"0.733669957114373"
"13832"	"GO:1903891"	"protein modification/signaling"	"0.69050847542447"
"13833"	"GO:1903892"	"protein modification/signaling"	"0.672387402607694"
"13834"	"GO:1903893"	"protein modification/signaling"	"0.563773838262154"
"13835"	"GO:1903894"	"protein modification/signaling"	"+"
"13836"	"GO:1903895"	"protein modification/signaling"	"0.767974304982685"
"13837"	"GO:1903896"	"protein modification/signaling"	"0.824491405625067"
"13838"	"GO:1903897"	"stress response"	"0.754430199613405"
"13839"	"GO:1903898"	"stress response"	"0.49434873600412"
"13840"	"GO:1903899"	"stress response"	"0.662247900491249"
"13841"	"GO:1903900"	"viral related process"	"+"
"13842"	"GO:1903901"	"viral related process"	"+"
"13843"	"GO:1903902"	"viral related process"	"+"
"13844"	"GO:1903903"	"cellular component organization"	"0.550744062691566"
"13845"	"GO:1903904"	"immune system process"	"0.475525143435208"
"13846"	"GO:1903905"	"immune system process"	"0.478496921861341"
"13847"	"GO:1903906"	"cellular component organization"	"0.882332275268453"
"13848"	"GO:1903909"	"cellular component organization"	"0.340293143782831"
"13849"	"GO:1903910"	"cellular component organization"	"0.624598591348963"
"13850"	"GO:1903911"	"cellular component organization"	"0.366959395160792"
"13851"	"GO:1903912"	"protein modification/signaling"	"0.529650002053759"
"13852"	"GO:1903913"	"viral related process"	"0.364117057127091"
"13853"	"GO:1903914"	"viral related process"	"0.23319904585418"
"13854"	"GO:1903918"	"cellular component organization"	"0.341548959033375"
"13855"	"GO:1903919"	"cellular component organization"	"0.341636273955985"
"13856"	"GO:1903920"	"cellular component organization"	"0.494645456117687"
"13857"	"GO:1903921"	"protein modification/signaling"	"0.345600210772599"
"13858"	"GO:1903923"	"protein modification/signaling"	"0.276460512209116"
"13859"	"GO:1903925"	"response to stimulus"	"0.96323500200709"
"13860"	"GO:1903926"	"response to stimulus"	"0.96200906203286"
"13861"	"GO:1903929"	"morphogenesis/development"	"0.961278888316506"
"13862"	"GO:1903932"	"cell cycle"	"0.824761378070656"
"13863"	"GO:1903934"	"gene regulation"	"0.45938891557871"
"13864"	"GO:1903935"	"response to stimulus"	"0.94847835612403"
"13865"	"GO:1903936"	"response to stimulus"	"0.910228210166951"
"13866"	"GO:1903937"	"response to stimulus"	"0.939997654944757"
"13867"	"GO:1903939"	"protein modification/signaling"	"0.854408759319551"
"13868"	"GO:1903940"	"protein modification/signaling"	"0.753168099263091"
"13869"	"GO:1903941"	"multicellular organismal process"	"0.597709607770303"
"13870"	"GO:1903942"	"multicellular organismal process"	"0.45064808096887"
"13871"	"GO:1903943"	"cell death"	"0.882083146275205"
"13872"	"GO:1903944"	"cell death"	"0.839777529549336"
"13873"	"GO:1903945"	"cell death"	"0.835848521262887"
"13874"	"GO:1903946"	"multicellular organismal process"	"0.479288702552436"
"13875"	"GO:1903949"	"multicellular organismal process"	"0.581452479187425"
"13876"	"GO:1903952"	"transport"	"0.295216866661235"
"13877"	"GO:1903955"	"cellular component organization"	"0.769322897637171"
"13878"	"GO:1903959"	"transport"	"+"
"13879"	"GO:1903960"	"transport"	"0.799786044622466"
"13880"	"GO:1903961"	"transport"	"0.751072577831167"
"13881"	"GO:1903963"	"transport"	"0.836626072849541"
"13882"	"GO:1903964"	"metabolic process"	"0.953690153470407"
"13883"	"GO:1903965"	"metabolic process"	"0.952796672047165"
"13884"	"GO:1903966"	"metabolic process"	"0.926853750613729"
"13885"	"GO:1903969"	"immune system process"	"0.913806790227379"
"13886"	"GO:1903971"	"immune system process"	"0.915828734952954"
"13887"	"GO:1903972"	"immune system process"	"0.90836690107754"
"13888"	"GO:1903974"	"immune system process"	"0.923811041287343"
"13889"	"GO:1903975"	"neural related process"	"0.679581149217994"
"13890"	"GO:1903976"	"immune system process"	"0.264898327691547"
"13891"	"GO:1903977"	"neural related process"	"0.84245926797735"
"13892"	"GO:1903978"	"immune system process"	"0.933590697562843"
"13893"	"GO:1903979"	"immune system process"	"0.882470435432586"
"13894"	"GO:1903980"	"immune system process"	"0.908643554443042"
"13895"	"GO:1903984"	"cell death"	"0.691347334777451"
"13896"	"GO:1903988"	"transport"	"0.896851838610759"
"13897"	"GO:1903995"	"protein modification/signaling"	"0.941540311627885"
"13898"	"GO:1903996"	"protein modification/signaling"	"0.77827232893063"
"13899"	"GO:1903997"	"protein modification/signaling"	"0.903219902549336"
"13900"	"GO:1903998"	"neural related process"	"0.423444231177715"
"13901"	"GO:1903999"	"multicellular organismal process"	"0.461854522558576"
"13902"	"GO:1904000"	"multicellular organismal process"	"0.594163925435488"
"13903"	"GO:1904002"	"cell cycle"	"0.791088247246384"
"13904"	"GO:1904003"	"cell cycle"	"0.861611991500917"
"13905"	"GO:1904010"	"response to stimulus"	"0.926125625650221"
"13906"	"GO:1904014"	"response to stimulus"	"0.914418173994813"
"13907"	"GO:1904015"	"response to stimulus"	"0.911550480354236"
"13908"	"GO:1904016"	"response to stimulus"	"0.954828704830605"
"13909"	"GO:1904017"	"response to stimulus"	"0.950566872287611"
"13910"	"GO:1904018"	"morphogenesis/development"	"+"
"13911"	"GO:1904019"	"cell death"	"+"
"13912"	"GO:1904020"	"receptor related process"	"0.802459289412438"
"13913"	"GO:1904021"	"receptor related process"	"0.735937462017629"
"13914"	"GO:1904022"	"receptor related process"	"0.794153750660337"
"13915"	"GO:1904023"	"metabolic process"	"0.871320207228056"
"13916"	"GO:1904024"	"metabolic process"	"0.773000110840655"
"13917"	"GO:1904025"	"metabolic process"	"0.897120477605134"
"13918"	"GO:1904026"	"cellular component organization"	"0.764107253525739"
"13919"	"GO:1904027"	"cellular component organization"	"0.860239428345785"
"13920"	"GO:1904028"	"cellular component organization"	"0.819103133014606"
"13921"	"GO:1904029"	"cell cycle"	"+"
"13922"	"GO:1904030"	"cell cycle"	"+"
"13923"	"GO:1904031"	"cell cycle"	"0.500487159728504"
"13924"	"GO:1904032"	"cellular component organization"	"0.529890412259261"
"13925"	"GO:1904034"	"cellular component organization"	"0.456817972606389"
"13926"	"GO:1904035"	"cell death"	"+"
"13927"	"GO:1904036"	"cell death"	"+"
"13928"	"GO:1904037"	"cell death"	"0.878637883786838"
"13929"	"GO:1904041"	"metabolic process"	"0.412600369240339"
"13930"	"GO:1904042"	"metabolic process"	"0.461922217877152"
"13931"	"GO:1904044"	"response to stimulus"	"0.763619046625176"
"13932"	"GO:1904045"	"response to stimulus"	"0.905897437432977"
"13933"	"GO:1904046"	"gene regulation"	"0.476258564862381"
"13934"	"GO:1904048"	"neural related process"	"0.576713622800513"
"13935"	"GO:1904049"	"neural related process"	"0.307254582402058"
"13936"	"GO:1904050"	"neural related process"	"0.62121500386329"
"13937"	"GO:1904054"	"cell cycle"	"0.827592051119425"
"13938"	"GO:1904055"	"cell cycle"	"0.813907431113722"
"13939"	"GO:1904056"	"cell cycle"	"0.813424829116183"
"13940"	"GO:1904057"	"neural related process"	"0.360751081839873"
"13941"	"GO:1904058"	"neural related process"	"0.676970187977982"
"13942"	"GO:1904059"	"multicellular organismal process"	"0.385923209199856"
"13943"	"GO:1904062"	"transport"	"0.901682837549062"
"13944"	"GO:1904063"	"transport"	"0.805005681774649"
"13945"	"GO:1904064"	"transport"	"0.88163432061288"
"13946"	"GO:1904071"	"neural related process"	"0.814212986132356"
"13947"	"GO:1904073"	"cell cycle"	"0.824632902881506"
"13948"	"GO:1904075"	"cell cycle"	"0.620581395106612"
"13949"	"GO:1904082"	"transport"	"0.905900928426087"
"13950"	"GO:1904092"	"cell death"	"0.741626090342923"
"13951"	"GO:1904093"	"cell death"	"0.533202681520674"
"13952"	"GO:1904094"	"cell death"	"0.617235513230655"
"13953"	"GO:1904098"	"protein modification/signaling"	"0.715212169680565"
"13954"	"GO:1904100"	"protein modification/signaling"	"0.490046980653019"
"13955"	"GO:1904103"	"morphogenesis/development"	"0.833145976353344"
"13956"	"GO:1904105"	"morphogenesis/development"	"0.796517356680775"
"13957"	"GO:1904106"	"transport"	"0.519839321886068"
"13958"	"GO:1904108"	"ER/endosome/lysosome related process"	"0.638878682918598"
"13959"	"GO:1904116"	"response to stimulus"	"0.955918916906931"
"13960"	"GO:1904117"	"response to stimulus"	"0.960464692484591"
"13961"	"GO:1904118"	"morphogenesis/development"	"0.672494121498344"
"13962"	"GO:1904120"	"morphogenesis/development"	"0.750044790339599"
"13963"	"GO:1904124"	"immune system process"	"0.806967551676809"
"13964"	"GO:1904139"	"immune system process"	"0.821991179028663"
"13965"	"GO:1904140"	"immune system process"	"0.848646410973663"
"13966"	"GO:1904141"	"immune system process"	"0.812665137675912"
"13967"	"GO:1904149"	"immune system process"	"0.96796702797249"
"13968"	"GO:1904150"	"immune system process"	"0.942610993921045"
"13969"	"GO:1904151"	"immune system process"	"0.925269583808152"
"13970"	"GO:1904152"	"ER/endosome/lysosome related process"	"+"
"13971"	"GO:1904153"	"ER/endosome/lysosome related process"	"0.957954618858246"
"13972"	"GO:1904154"	"ER/endosome/lysosome related process"	"0.972476789020743"
"13973"	"GO:1904155"	"immune system process"	"0.804717047501095"
"13974"	"GO:1904156"	"immune system process"	"0.795298846884966"
"13975"	"GO:1904157"	"immune system process"	"0.705863607527314"
"13976"	"GO:1904158"	"cellular component organization"	"0.973507340561674"
"13977"	"GO:1904161"	"stress response"	"0.508255477737774"
"13978"	"GO:1904170"	"cellular component organization"	"0.897847510148261"
"13979"	"GO:1904172"	"cellular component organization"	"0.879347999394964"
"13980"	"GO:1904177"	"morphogenesis/development"	"0.57416273314243"
"13981"	"GO:1904178"	"morphogenesis/development"	"0.767842332519112"
"13982"	"GO:1904179"	"multicellular organismal process"	"0.475177603435852"
"13983"	"GO:1904180"	"other"	"0.356888031932685"
"13984"	"GO:1904181"	"other"	"0.380358360255256"
"13985"	"GO:1904182"	"metabolic process"	"0.677362700857041"
"13986"	"GO:1904187"	"viral related process"	"0.37552443274967"
"13987"	"GO:1904188"	"viral related process"	"0.349949451171666"
"13988"	"GO:1904189"	"viral related process"	"0.389937734627555"
"13989"	"GO:1904192"	"cell death"	"0.90574501335367"
"13990"	"GO:1904193"	"cell death"	"0.806752248465726"
"13991"	"GO:1904195"	"cell cycle"	"0.96296134405206"
"13992"	"GO:1904197"	"cell cycle"	"0.966136257706706"
"13993"	"GO:1904199"	"cellular component organization"	"0.311020518321967"
"13994"	"GO:1904200"	"transport"	"0.854860565005173"
"13995"	"GO:1904204"	"multicellular organismal process"	"0.641247366035356"
"13996"	"GO:1904205"	"multicellular organismal process"	"0.495768547340882"
"13997"	"GO:1904206"	"multicellular organismal process"	"0.347213997093101"
"13998"	"GO:1904210"	"cellular component organization"	"0.960828061181014"
"13999"	"GO:1904211"	"ER/endosome/lysosome related process"	"0.794631166275217"
"14000"	"GO:1904217"	"metabolic process"	"0.820079819805898"
"14001"	"GO:1904220"	"metabolic process"	"0.850797105169436"
"14002"	"GO:1904222"	"metabolic process"	"0.836645490657946"
"14003"	"GO:1904223"	"metabolic process"	"0.920583182927081"
"14004"	"GO:1904226"	"metabolic process"	"0.821157237482249"
"14005"	"GO:1904227"	"metabolic process"	"0.880391090340674"
"14006"	"GO:1904229"	"metabolic process"	"0.694177416441718"
"14007"	"GO:1904231"	"metabolic process"	"0.749735950347279"
"14008"	"GO:1904232"	"metabolic process"	"0.647183607692949"
"14009"	"GO:1904234"	"metabolic process"	"0.700772407906238"
"14010"	"GO:1904235"	"cell adhesion"	"0.22185160158555"
"14011"	"GO:1904237"	"cell adhesion"	"0.182902602640224"
"14012"	"GO:1904238"	"morphogenesis/development"	"0.952442068590557"
"14013"	"GO:1904239"	"cellular component organization"	"0.952808054172532"
"14014"	"GO:1904240"	"cellular component organization"	"0.921470990292558"
"14015"	"GO:1904245"	"metabolic process"	"0.223258972115961"
"14016"	"GO:1904246"	"metabolic process"	"0.235360111464847"
"14017"	"GO:1904247"	"metabolic process"	"0.231426837822628"
"14018"	"GO:1904251"	"metabolic process"	"+"
"14019"	"GO:1904252"	"metabolic process"	"0.828721124383758"
"14020"	"GO:1904253"	"metabolic process"	"0.849683652882369"
"14021"	"GO:1904257"	"ER/endosome/lysosome related process"	"0.916257750480307"
"14022"	"GO:1904259"	"morphogenesis/development"	"0.444512170065832"
"14023"	"GO:1904261"	"cellular component organization"	"0.437790223498441"
"14024"	"GO:1904262"	"protein modification/signaling"	"0.75402094445736"
"14025"	"GO:1904263"	"protein modification/signaling"	"0.655750331684695"
"14026"	"GO:1904266"	"neural related process"	"0.426791339098031"
"14027"	"GO:1904268"	"response to stimulus"	"0.248438164402681"
"14028"	"GO:1904270"	"cellular component organization"	"0.943211572112179"
"14029"	"GO:1904271"	"transport"	"0.629056852193048"
"14030"	"GO:1904273"	"transport"	"0.748342966155701"
"14031"	"GO:1904274"	"cellular component organization"	"0.849865915288519"
"14032"	"GO:1904282"	"immune system process"	"0.643629943208635"
"14033"	"GO:1904283"	"immune system process"	"0.702088120724828"
"14034"	"GO:1904289"	"cell cycle"	"0.910879809199595"
"14035"	"GO:1904290"	"cell cycle"	"0.766973268453025"
"14036"	"GO:1904291"	"cell cycle"	"0.710577386106453"
"14037"	"GO:1904292"	"ER/endosome/lysosome related process"	"+"
"14038"	"GO:1904293"	"ER/endosome/lysosome related process"	"0.917417501691775"
"14039"	"GO:1904294"	"ER/endosome/lysosome related process"	"0.831167140935199"
"14040"	"GO:1904298"	"transport"	"0.671078933577982"
"14041"	"GO:1904300"	"transport"	"0.575249180805007"
"14042"	"GO:1904301"	"multicellular organismal process"	"0.493980000492548"
"14043"	"GO:1904303"	"multicellular organismal process"	"0.478139723529741"
"14044"	"GO:1904304"	"multicellular organismal process"	"0.857113898828849"
"14045"	"GO:1904306"	"multicellular organismal process"	"0.852391340098701"
"14046"	"GO:1904313"	"response to stimulus"	"0.900846212393544"
"14047"	"GO:1904316"	"response to stimulus"	"0.884054530322458"
"14048"	"GO:1904317"	"response to stimulus"	"0.7626023679405"
"14049"	"GO:1904321"	"response to stimulus"	"0.964855091630994"
"14050"	"GO:1904322"	"response to stimulus"	"0.961063118553978"
"14051"	"GO:1904323"	"protein modification/signaling"	"0.699493255991098"
"14052"	"GO:1904325"	"protein modification/signaling"	"0.643671701887673"
"14053"	"GO:1904328"	"multicellular organismal process"	"0.300468504088182"
"14054"	"GO:1904330"	"multicellular organismal process"	"0.26629093035786"
"14055"	"GO:1904331"	"stress response"	"0.752782928165443"
"14056"	"GO:1904333"	"stress response"	"0.726581241718101"
"14057"	"GO:1904338"	"neural related process"	"0.707685127072782"
"14058"	"GO:1904339"	"neural related process"	"0.616424129834632"
"14059"	"GO:1904340"	"neural related process"	"0.788608277682153"
"14060"	"GO:1904341"	"multicellular organismal process"	"0.807376490723323"
"14061"	"GO:1904343"	"multicellular organismal process"	"0.857191013500204"
"14062"	"GO:1904344"	"multicellular organismal process"	"0.900719032263122"
"14063"	"GO:1904346"	"multicellular organismal process"	"0.871550607841333"
"14064"	"GO:1904347"	"multicellular organismal process"	"0.782533146016276"
"14065"	"GO:1904349"	"multicellular organismal process"	"0.837333257043723"
"14066"	"GO:1904350"	"metabolic process"	"+"
"14067"	"GO:1904351"	"metabolic process"	"0.865286859310289"
"14068"	"GO:1904352"	"metabolic process"	"0.801848351711026"
"14069"	"GO:1904353"	"cell cycle"	"+"
"14070"	"GO:1904354"	"cell cycle"	"0.819663009539663"
"14071"	"GO:1904355"	"cell cycle"	"+"
"14072"	"GO:1904356"	"cell cycle"	"0.965596814535559"
"14073"	"GO:1904357"	"cell cycle"	"0.886743303099747"
"14074"	"GO:1904358"	"cell cycle"	"0.974205641832782"
"14075"	"GO:1904370"	"transport"	"0.56656976713591"
"14076"	"GO:1904372"	"transport"	"0.433840764341131"
"14077"	"GO:1904373"	"response to stimulus"	"0.890563271983986"
"14078"	"GO:1904375"	"cellular component organization"	"+"
"14079"	"GO:1904376"	"cellular component organization"	"0.855071877733095"
"14080"	"GO:1904377"	"cellular component organization"	"+"
"14081"	"GO:1904378"	"ER/endosome/lysosome related process"	"0.650061821302529"
"14082"	"GO:1904380"	"ER/endosome/lysosome related process"	"0.583918803490825"
"14083"	"GO:1904382"	"metabolic process"	"0.668204292515265"
"14084"	"GO:1904383"	"response to stimulus"	"0.910262174875565"
"14085"	"GO:1904385"	"response to stimulus"	"+"
"14086"	"GO:1904386"	"response to stimulus"	"0.968361845459776"
"14087"	"GO:1904387"	"response to stimulus"	"0.948134811809714"
"14088"	"GO:1904389"	"neural related process"	"0.59781624749435"
"14089"	"GO:1904390"	"neural related process"	"0.702926289169947"
"14090"	"GO:1904393"	"cellular component organization"	"0.45541357085309"
"14091"	"GO:1904394"	"cellular component organization"	"0.513136014932434"
"14092"	"GO:1904395"	"cellular component organization"	"0.394801446487178"
"14093"	"GO:1904396"	"neural related process"	"0.564944981174355"
"14094"	"GO:1904398"	"neural related process"	"0.716077910421739"
"14095"	"GO:1904400"	"response to stimulus"	"0.956272629923798"
"14096"	"GO:1904401"	"response to stimulus"	"0.933658488622758"
"14097"	"GO:1904404"	"response to stimulus"	"0.934246285644369"
"14098"	"GO:1904406"	"metabolic process"	"+"
"14099"	"GO:1904407"	"metabolic process"	"+"
"14100"	"GO:1904409"	"cellular component organization"	"0.675896988238355"
"14101"	"GO:1904411"	"cellular component organization"	"0.709353758064712"
"14102"	"GO:1904412"	"morphogenesis/development"	"0.758915182786002"
"14103"	"GO:1904414"	"morphogenesis/development"	"0.643717805384287"
"14104"	"GO:1904415"	"immune system process"	"0.541044007454093"
"14105"	"GO:1904417"	"stress response"	"0.506878933250681"
"14106"	"GO:1904424"	"other"	"0.231646490253557"
"14107"	"GO:1904426"	"metabolic process"	"0.20168893580378"
"14108"	"GO:1904427"	"transport"	"0.928692182598808"
"14109"	"GO:1904428"	"protein modification/signaling"	"0.771401972384233"
"14110"	"GO:1904429"	"cellular component organization"	"0.570008211769688"
"14111"	"GO:1904430"	"cellular component organization"	"0.511424890109045"
"14112"	"GO:1904431"	"cell cycle"	"0.630749046135132"
"14113"	"GO:1904432"	"immune system process"	"0.164962791131803"
"14114"	"GO:1904434"	"other"	"0.165146555227617"
"14115"	"GO:1904435"	"receptor related process"	"0.306645505371301"
"14116"	"GO:1904437"	"protein modification/signaling"	"0.277515666675083"
"14117"	"GO:1904438"	"transport"	"0.837787870152167"
"14118"	"GO:1904439"	"transport"	"0.72880581834782"
"14119"	"GO:1904440"	"transport"	"0.832830479774026"
"14120"	"GO:1904441"	"cell cycle"	"0.839402592210747"
"14121"	"GO:1904442"	"morphogenesis/development"	"0.572217748095991"
"14122"	"GO:1904444"	"morphogenesis/development"	"0.840040716449083"
"14123"	"GO:1904445"	"morphogenesis/development"	"0.79054053948685"
"14124"	"GO:1904447"	"transport"	"0.87088501634295"
"14125"	"GO:1904448"	"transport"	"0.599085178074865"
"14126"	"GO:1904450"	"transport"	"0.486224790797352"
"14127"	"GO:1904456"	"neural related process"	"0.974894660892283"
"14128"	"GO:1904457"	"neural related process"	"0.971666371349381"
"14129"	"GO:1904464"	"transport"	"0.913775972878483"
"14130"	"GO:1904465"	"transport"	"0.659800689028083"
"14131"	"GO:1904466"	"transport"	"0.820941305195688"
"14132"	"GO:1904470"	"immune system process"	"0.516981819498096"
"14133"	"GO:1904472"	"immune system process"	"0.470213908641214"
"14134"	"GO:1904478"	"multicellular organismal process"	"0.627930061030872"
"14135"	"GO:1904479"	"multicellular organismal process"	"0.837313218493704"
"14136"	"GO:1904480"	"multicellular organismal process"	"0.611811365166353"
"14137"	"GO:1904481"	"response to stimulus"	"0.866887855761272"
"14138"	"GO:1904482"	"response to stimulus"	"0.903847718407015"
"14139"	"GO:1904491"	"transport"	"0.703257611793316"
"14140"	"GO:1904502"	"metabolic process"	"0.911750819687115"
"14141"	"GO:1904504"	"metabolic process"	"0.952108817194283"
"14142"	"GO:1904505"	"stress response"	"0.624411902380289"
"14143"	"GO:1904506"	"stress response"	"0.632977373444203"
"14144"	"GO:1904507"	"stress response"	"0.421661038479951"
"14145"	"GO:1904508"	"ER/endosome/lysosome related process"	"0.533145232574842"
"14146"	"GO:1904510"	"ER/endosome/lysosome related process"	"0.432065611696836"
"14147"	"GO:1904515"	"protein modification/signaling"	"0.785230824320611"
"14148"	"GO:1904516"	"cell death"	"0.950508118777092"
"14149"	"GO:1904518"	"ER/endosome/lysosome related process"	"0.545166171491021"
"14150"	"GO:1904520"	"cell death"	"0.784460273078117"
"14151"	"GO:1904526"	"protein modification/signaling"	"0.550536158214251"
"14152"	"GO:1904527"	"protein modification/signaling"	"0.463971619782833"
"14153"	"GO:1904528"	"protein modification/signaling"	"0.381171208560519"
"14154"	"GO:1904529"	"protein modification/signaling"	"0.259525722643131"
"14155"	"GO:1904530"	"protein modification/signaling"	"0.408418213459701"
"14156"	"GO:1904531"	"protein modification/signaling"	"0.316310064063287"
"14157"	"GO:1904533"	"cell cycle"	"0.84710300038205"
"14158"	"GO:1904534"	"cell cycle"	"0.631454994449461"
"14159"	"GO:1904535"	"cell cycle"	"0.792314942501839"
"14160"	"GO:1904538"	"metabolic process"	"0.898076698307176"
"14161"	"GO:1904539"	"metabolic process"	"0.910390056303106"
"14162"	"GO:1904542"	"cellular component organization"	"0.916294681670728"
"14163"	"GO:1904544"	"cellular component organization"	"0.885638145721487"
"14164"	"GO:1904550"	"response to stimulus"	"0.567369287997706"
"14165"	"GO:1904555"	"transport"	"0.828972688928788"
"14166"	"GO:1904556"	"transport"	"0.877244297429487"
"14167"	"GO:1904557"	"transport"	"0.879961141198798"
"14168"	"GO:1904562"	"metabolic process"	"0.973892598857924"
"14169"	"GO:1904565"	"response to stimulus"	"0.867933360038354"
"14170"	"GO:1904566"	"response to stimulus"	"0.734970882206895"
"14171"	"GO:1904567"	"response to stimulus"	"0.908956971948662"
"14172"	"GO:1904568"	"response to stimulus"	"0.938103104818842"
"14173"	"GO:1904569"	"gene regulation"	"0.517935991666895"
"14174"	"GO:1904570"	"gene regulation"	"0.460016316814"
"14175"	"GO:1904580"	"transport"	"0.24573379999075"
"14176"	"GO:1904582"	"transport"	"0.404118507702168"
"14177"	"GO:1904585"	"response to stimulus"	"0.965774910748421"
"14178"	"GO:1904586"	"response to stimulus"	"0.940988414067119"
"14179"	"GO:1904587"	"response to stimulus"	"0.834638153583599"
"14180"	"GO:1904588"	"response to stimulus"	"0.950160057168726"
"14181"	"GO:1904589"	"transport"	"0.615629713695342"
"14182"	"GO:1904591"	"transport"	"0.732817530016476"
"14183"	"GO:1904594"	"gene regulation"	"0.84973945756272"
"14184"	"GO:1904595"	"gene regulation"	"0.890584594984868"
"14185"	"GO:1904596"	"multicellular organismal process"	"0.651118018509391"
"14186"	"GO:1904597"	"multicellular organismal process"	"0.518485586645957"
"14187"	"GO:1904606"	"cell death"	"0.716232338234933"
"14188"	"GO:1904612"	"response to stimulus"	"0.912328692042111"
"14189"	"GO:1904613"	"response to stimulus"	"0.945957901981781"
"14190"	"GO:1904616"	"protein modification/signaling"	"0.373253791916473"
"14191"	"GO:1904617"	"protein modification/signaling"	"0.444865200661435"
"14192"	"GO:1904618"	"protein modification/signaling"	"0.343094597975791"
"14193"	"GO:1904627"	"response to stimulus"	"0.883636930828248"
"14194"	"GO:1904628"	"response to stimulus"	"0.905847564283462"
"14195"	"GO:1904633"	"cell death"	"0.825288836983548"
"14196"	"GO:1904635"	"cell death"	"0.772055147477288"
"14197"	"GO:1904636"	"response to stimulus"	"0.75612094015392"
"14198"	"GO:1904637"	"response to stimulus"	"0.803973997249285"
"14199"	"GO:1904638"	"response to stimulus"	"0.904801828849546"
"14200"	"GO:1904640"	"response to stimulus"	"0.909216660471803"
"14201"	"GO:1904643"	"response to stimulus"	"0.896576388565597"
"14202"	"GO:1904645"	"response to stimulus"	"+"
"14203"	"GO:1904646"	"stress response"	"+"
"14204"	"GO:1904649"	"cell death"	"0.784083667868691"
"14205"	"GO:1904651"	"cell death"	"0.74001111507387"
"14206"	"GO:1904659"	"transport"	"0.961271590972158"
"14207"	"GO:1904666"	"protein modification/signaling"	"0.896267835999193"
"14208"	"GO:1904667"	"protein modification/signaling"	"0.929610825478239"
"14209"	"GO:1904668"	"protein modification/signaling"	"+"
"14210"	"GO:1904669"	"transport"	"0.887907877937126"
"14211"	"GO:1904672"	"morphogenesis/development"	"0.757139006845955"
"14212"	"GO:1904673"	"morphogenesis/development"	"0.658081482563463"
"14213"	"GO:1904674"	"morphogenesis/development"	"0.682634889001567"
"14214"	"GO:1904675"	"cell cycle"	"0.944395795926809"
"14215"	"GO:1904677"	"cell cycle"	"0.927160639415887"
"14216"	"GO:1904679"	"transport"	"0.81994246946928"
"14217"	"GO:1904683"	"metabolic process"	"0.81938758573142"
"14218"	"GO:1904684"	"metabolic process"	"0.639864901172076"
"14219"	"GO:1904685"	"metabolic process"	"0.729408926666143"
"14220"	"GO:1904688"	"gene regulation"	"0.914534398691959"
"14221"	"GO:1904689"	"gene regulation"	"0.790816595607015"
"14222"	"GO:1904690"	"gene regulation"	"0.895078900814667"
"14223"	"GO:1904691"	"cell cycle"	"0.848659440608075"
"14224"	"GO:1904692"	"cell cycle"	"0.471184547129259"
"14225"	"GO:1904693"	"morphogenesis/development"	"0.872206549613771"
"14226"	"GO:1904694"	"multicellular organismal process"	"0.92957977719084"
"14227"	"GO:1904695"	"multicellular organismal process"	"0.847046136870744"
"14228"	"GO:1904697"	"cell cycle"	"0.939482230510341"
"14229"	"GO:1904700"	"cell death"	"0.986050450998627"
"14230"	"GO:1904701"	"cellular component organization"	"0.945760315971087"
"14231"	"GO:1904702"	"transport"	"0.205353937075385"
"14232"	"GO:1904705"	"cell cycle"	"+"
"14233"	"GO:1904706"	"cell cycle"	"+"
"14234"	"GO:1904707"	"cell cycle"	"+"
"14235"	"GO:1904708"	"cell death"	"0.964749421695018"
"14236"	"GO:1904711"	"cellular component organization"	"0.934776894669367"
"14237"	"GO:1904714"	"metabolic process"	"0.90197728317473"
"14238"	"GO:1904715"	"metabolic process"	"0.842494979990676"
"14239"	"GO:1904716"	"metabolic process"	"0.758261981079894"
"14240"	"GO:1904717"	"neural related process"	"0.376077031335671"
"14241"	"GO:1904719"	"cellular component organization"	"0.37935523705813"
"14242"	"GO:1904723"	"cellular component organization"	"0.931436031371569"
"14243"	"GO:1904729"	"multicellular organismal process"	"0.625810373780504"
"14244"	"GO:1904730"	"multicellular organismal process"	"0.57342178459372"
"14245"	"GO:1904731"	"multicellular organismal process"	"0.431426445489436"
"14246"	"GO:1904732"	"metabolic process"	"0.923156759807845"
"14247"	"GO:1904733"	"metabolic process"	"0.919803083495333"
"14248"	"GO:1904734"	"metabolic process"	"0.941794445236353"
"14249"	"GO:1904735"	"metabolic process"	"0.784870104221533"
"14250"	"GO:1904736"	"metabolic process"	"0.833288581146283"
"14251"	"GO:1904738"	"multicellular organismal process"	"0.934175200802995"
"14252"	"GO:1904742"	"cell cycle"	"0.874505474156942"
"14253"	"GO:1904743"	"cell cycle"	"0.77535173153771"
"14254"	"GO:1904744"	"cell cycle"	"0.855366969619109"
"14255"	"GO:1904746"	"cell death"	"0.449419864396395"
"14256"	"GO:1904747"	"cell death"	"0.676372244238828"
"14257"	"GO:1904748"	"cell death"	"0.790961772904547"
"14258"	"GO:1904749"	"transport"	"0.754111290245461"
"14259"	"GO:1904750"	"transport"	"0.34836443126614"
"14260"	"GO:1904751"	"transport"	"0.772150616288872"
"14261"	"GO:1904752"	"multicellular organismal process"	"0.933654542454599"
"14262"	"GO:1904753"	"multicellular organismal process"	"0.722800450640276"
"14263"	"GO:1904754"	"multicellular organismal process"	"+"
"14264"	"GO:1904760"	"morphogenesis/development"	"0.538671379447135"
"14265"	"GO:1904761"	"morphogenesis/development"	"0.589965818997504"
"14266"	"GO:1904762"	"morphogenesis/development"	"0.635179431041778"
"14267"	"GO:1904764"	"cellular component organization"	"0.63311909985475"
"14268"	"GO:1904772"	"response to stimulus"	"0.878650982782269"
"14269"	"GO:1904776"	"cellular component organization"	"0.379997229831711"
"14270"	"GO:1904777"	"transport"	"0.376343520090661"
"14271"	"GO:1904778"	"cellular component organization"	"0.383484924386891"
"14272"	"GO:1904779"	"cellular component organization"	"0.553899610813972"
"14273"	"GO:1904780"	"cellular component organization"	"0.332578745689429"
"14274"	"GO:1904781"	"transport"	"0.465734728988504"
"14275"	"GO:1904782"	"receptor related process"	"0.441805266527684"
"14276"	"GO:1904783"	"receptor related process"	"0.561821471947177"
"14277"	"GO:1904784"	"cellular component organization"	"0.939241463277026"
"14278"	"GO:1904790"	"cellular component organization"	"0.851070595361577"
"14279"	"GO:1904791"	"cellular component organization"	"0.922411454142296"
"14280"	"GO:1904792"	"cellular component organization"	"0.554849559991666"
"14281"	"GO:1904796"	"gene regulation"	"0.837305372754627"
"14282"	"GO:1904797"	"gene regulation"	"0.729808254855181"
"14283"	"GO:1904798"	"gene regulation"	"0.829946653442611"
"14284"	"GO:1904799"	"neural related process"	"0.556842637652566"
"14285"	"GO:1904800"	"neural related process"	"0.465609510631446"
"14286"	"GO:1904803"	"gene regulation"	"0.378839078853525"
"14287"	"GO:1904806"	"protein modification/signaling"	"0.887968934316027"
"14288"	"GO:1904808"	"protein modification/signaling"	"0.769086910431202"
"14289"	"GO:1904809"	"transport"	"0.543075813878173"
"14290"	"GO:1904811"	"transport"	"0.419577859407198"
"14291"	"GO:1904812"	"metabolic process"	"0.569951868660682"
"14292"	"GO:1904813"	"immune system process"	"+"
"14293"	"GO:1904814"	"cell cycle"	"0.444042784686123"
"14294"	"GO:1904815"	"cell cycle"	"0.487429799976337"
"14295"	"GO:1904816"	"transport"	"0.571024236840511"
"14296"	"GO:1904823"	"transport"	"0.936885799145568"
"14297"	"GO:1904825"	"ER/endosome/lysosome related process"	"0.403492076796429"
"14298"	"GO:1904826"	"metabolic process"	"0.59736532264636"
"14299"	"GO:1904828"	"metabolic process"	"0.553502169766327"
"14300"	"GO:1904829"	"morphogenesis/development"	"0.684211391420968"
"14301"	"GO:1904831"	"morphogenesis/development"	"0.554840864753325"
"14302"	"GO:1904835"	"neural related process"	"0.709073749923843"
"14303"	"GO:1904837"	"cellular component organization"	"0.85452842214632"
"14304"	"GO:1904842"	"response to stimulus"	"0.942880667557925"
"14305"	"GO:1904843"	"response to stimulus"	"0.888093991671007"
"14306"	"GO:1904844"	"response to stimulus"	"0.852385164030149"
"14307"	"GO:1904845"	"response to stimulus"	"0.871192381649401"
"14308"	"GO:1904847"	"response to stimulus"	"0.521141805660766"
"14309"	"GO:1904848"	"immune system process"	"0.532304863816965"
"14310"	"GO:1904849"	"response to stimulus"	"0.496122024275107"
"14311"	"GO:1904850"	"transport"	"0.421401244025976"
"14312"	"GO:1904851"	"transport"	"0.698280528893114"
"14313"	"GO:1904860"	"cell cycle"	"0.917792725025544"
"14314"	"GO:1904861"	"neural related process"	"0.918406724467702"
"14315"	"GO:1904862"	"neural related process"	"0.930859877328034"
"14316"	"GO:1904863"	"cellular component organization"	"0.852842971464303"
"14317"	"GO:1904864"	"cellular component organization"	"0.856424980518142"
"14318"	"GO:1904867"	"transport"	"0.811988830664994"
"14319"	"GO:1904868"	"cellular component organization"	"0.921590723897257"
"14320"	"GO:1904869"	"transport"	"0.804443014484995"
"14321"	"GO:1904871"	"transport"	"0.869347219201439"
"14322"	"GO:1904872"	"transport"	"0.748982837035981"
"14323"	"GO:1904874"	"transport"	"+"
"14324"	"GO:1904875"	"cell cycle"	"0.61965071219121"
"14325"	"GO:1904877"	"cell cycle"	"0.600551928850401"
"14326"	"GO:1904878"	"transport"	"0.504241428429855"
"14327"	"GO:1904879"	"transport"	"0.699802568021907"
"14328"	"GO:1904880"	"response to stimulus"	"0.729159046841096"
"14329"	"GO:1904881"	"response to stimulus"	"0.640955723285874"
"14330"	"GO:1904882"	"cellular component organization"	"0.770211368243222"
"14331"	"GO:1904884"	"cellular component organization"	"0.720737003375984"
"14332"	"GO:1904886"	"cellular component organization"	"0.800058549587475"
"14333"	"GO:1904887"	"cellular component organization"	"0.747788934688072"
"14334"	"GO:1904888"	"morphogenesis/development"	"0.949281403212101"
"14335"	"GO:1904889"	"neural related process"	"0.800486583757198"
"14336"	"GO:1904890"	"neural related process"	"0.67252739435329"
"14337"	"GO:1904891"	"neural related process"	"0.800177836342362"
"14338"	"GO:1904892"	"receptor related process"	"+"
"14339"	"GO:1904893"	"receptor related process"	"+"
"14340"	"GO:1904894"	"receptor related process"	"+"
"14341"	"GO:1904895"	"cellular component organization"	"0.92395896193899"
"14342"	"GO:1904896"	"cellular component organization"	"0.861945600712533"
"14343"	"GO:1904897"	"cell cycle"	"0.925663021880002"
"14344"	"GO:1904899"	"cell cycle"	"0.889278411787106"
"14345"	"GO:1904902"	"cellular component organization"	"0.915771125329671"
"14346"	"GO:1904903"	"cellular component organization"	"0.848076982391294"
"14347"	"GO:1904904"	"cell adhesion"	"0.452816061367088"
"14348"	"GO:1904905"	"cell adhesion"	"0.340485484755603"
"14349"	"GO:1904906"	"cell adhesion"	"0.393254783615028"
"14350"	"GO:1904907"	"cell cycle"	"0.983453514153423"
"14351"	"GO:1904908"	"cell cycle"	"0.957400424923472"
"14352"	"GO:1904910"	"transport"	"0.513426289837144"
"14353"	"GO:1904911"	"transport"	"0.481066842321573"
"14354"	"GO:1904913"	"cellular component organization"	"0.352814230102544"
"14355"	"GO:1904914"	"transport"	"0.397809003064392"
"14356"	"GO:1904933"	"cell cycle"	"0.853005171304448"
"14357"	"GO:1904934"	"cell cycle"	"0.717327984385837"
"14358"	"GO:1904935"	"cell cycle"	"0.564396994953115"
"14359"	"GO:1904936"	"neural related process"	"0.854806947160563"
"14360"	"GO:1904937"	"neural related process"	"0.731664302660922"
"14361"	"GO:1904947"	"transport"	"0.68549869837343"
"14362"	"GO:1904948"	"neural related process"	"0.917122720613907"
"14363"	"GO:1904950"	"transport"	"0.951907451193176"
"14364"	"GO:1904951"	"transport"	"0.539991784477886"
"14365"	"GO:1904956"	"neural related process"	"0.685347649577135"
"14366"	"GO:1904958"	"neural related process"	"0.906457151955091"
"14367"	"GO:1904959"	"metabolic process"	"0.801432609118403"
"14368"	"GO:1904960"	"metabolic process"	"0.804461160477503"
"14369"	"GO:1904970"	"cellular component organization"	"0.901670783586529"
"14370"	"GO:1904971"	"viral related process"	"0.467537844102676"
"14371"	"GO:1904973"	"viral related process"	"0.413016451481691"
"14372"	"GO:1904975"	"response to stimulus"	"0.925311242788326"
"14373"	"GO:1904976"	"response to stimulus"	"0.8297782327252"
"14374"	"GO:1904977"	"response to stimulus"	"0.366706164237927"
"14375"	"GO:1904978"	"cellular component organization"	"0.743501969032875"
"14376"	"GO:1904979"	"cellular component organization"	"0.371929248710792"
"14377"	"GO:1904980"	"cellular component organization"	"0.448080080625282"
"14378"	"GO:1904983"	"transport"	"0.552315795721522"
"14379"	"GO:1904984"	"metabolic process"	"0.798146559127363"
"14380"	"GO:1904985"	"metabolic process"	"0.710130762857816"
"14381"	"GO:1904990"	"receptor related process"	"0.584391329944708"
"14382"	"GO:1904992"	"receptor related process"	"0.693749591440876"
"14383"	"GO:1904994"	"immune system process"	"+"
"14384"	"GO:1904995"	"immune system process"	"0.78059084072876"
"14385"	"GO:1904996"	"immune system process"	"+"
"14386"	"GO:1904997"	"immune system process"	"0.571863122310456"
"14387"	"GO:1904998"	"immune system process"	"0.622370957813919"
"14388"	"GO:1904999"	"immune system process"	"0.654020486329713"
"14389"	"GO:1905000"	"other"	"0.220328350582897"
"14390"	"GO:1905003"	"metabolic process"	"0.9515759029312"
"14391"	"GO:1905004"	"metabolic process"	"0.9245679655472"
"14392"	"GO:1905005"	"morphogenesis/development"	"0.648112136936757"
"14393"	"GO:1905006"	"morphogenesis/development"	"0.778596575425854"
"14394"	"GO:1905007"	"morphogenesis/development"	"0.845883212621008"
"14395"	"GO:1905012"	"metabolic process"	"0.628391854365857"
"14396"	"GO:1905024"	"other"	"0.200304383058376"
"14397"	"GO:1905025"	"other"	"0.195262219327273"
"14398"	"GO:1905026"	"neural related process"	"0.200413896730914"
"14399"	"GO:1905031"	"other"	"0.312518182566156"
"14400"	"GO:1905032"	"multicellular organismal process"	"0.228355301979431"
"14401"	"GO:1905033"	"neural related process"	"0.201996724982456"
"14402"	"GO:1905034"	"immune system process"	"0.85443295984139"
"14403"	"GO:1905035"	"immune system process"	"0.57832130945402"
"14404"	"GO:1905036"	"immune system process"	"0.760383292307165"
"14405"	"GO:1905037"	"cellular component organization"	"+"
"14406"	"GO:1905038"	"metabolic process"	"0.906216331604475"
"14407"	"GO:1905039"	"transport"	"+"
"14408"	"GO:1905040"	"morphogenesis/development"	"0.83758806170382"
"14409"	"GO:1905041"	"morphogenesis/development"	"0.76979221693123"
"14410"	"GO:1905042"	"morphogenesis/development"	"0.827230538971212"
"14411"	"GO:1905044"	"cell cycle"	"0.716091970409475"
"14412"	"GO:1905045"	"neural related process"	"0.447856101638973"
"14413"	"GO:1905048"	"metabolic process"	"0.728593380216161"
"14414"	"GO:1905049"	"metabolic process"	"0.733034042225612"
"14415"	"GO:1905050"	"metabolic process"	"0.777624730095592"
"14416"	"GO:1905051"	"stress response"	"0.938750013785298"
"14417"	"GO:1905053"	"stress response"	"0.879911147800328"
"14418"	"GO:1905062"	"cell cycle"	"0.670836877380849"
"14419"	"GO:1905063"	"morphogenesis/development"	"0.60947843023206"
"14420"	"GO:1905064"	"morphogenesis/development"	"0.755016473754078"
"14421"	"GO:1905065"	"morphogenesis/development"	"0.346628788544199"
"14422"	"GO:1905069"	"morphogenesis/development"	"0.977155736261405"
"14423"	"GO:1905070"	"morphogenesis/development"	"0.318218589244147"
"14424"	"GO:1905071"	"cellular component organization"	"0.766286657060658"
"14425"	"GO:1905072"	"morphogenesis/development"	"0.982386740661014"
"14426"	"GO:1905073"	"cellular component organization"	"0.858354459232844"
"14427"	"GO:1905075"	"cellular component organization"	"0.855744605620156"
"14428"	"GO:1905089"	"metabolic process"	"0.512740628971735"
"14429"	"GO:1905090"	"metabolic process"	"0.469500812026516"
"14430"	"GO:1905091"	"metabolic process"	"0.746984070865159"
"14431"	"GO:1905097"	"other"	"0.191921650606453"
"14432"	"GO:1905098"	"metabolic process"	"0.172780612070171"
"14433"	"GO:1905099"	"protein modification/signaling"	"0.197849020356931"
"14434"	"GO:1905115"	"cell cycle"	"0.960959724508622"
"14435"	"GO:1905116"	"cell cycle"	"0.914453187498"
"14436"	"GO:1905126"	"ER/endosome/lysosome related process"	"0.73070291062581"
"14437"	"GO:1905128"	"ER/endosome/lysosome related process"	"0.689394880914903"
"14438"	"GO:1905132"	"cell cycle"	"0.982376405250258"
"14439"	"GO:1905133"	"cell cycle"	"0.980803682252483"
"14440"	"GO:1905134"	"cell cycle"	"0.969588558858009"
"14441"	"GO:1905135"	"transport"	"0.824265792181404"
"14442"	"GO:1905143"	"cellular component organization"	"0.625792836240391"
"14443"	"GO:1905144"	"response to stimulus"	"0.533232162025639"
"14444"	"GO:1905145"	"neural related process"	"0.44685817917895"
"14445"	"GO:1905146"	"metabolic process"	"+"
"14446"	"GO:1905150"	"transport"	"0.634501557959167"
"14447"	"GO:1905151"	"transport"	"0.41456643290234"
"14448"	"GO:1905152"	"transport"	"0.334711026983937"
"14449"	"GO:1905153"	"cellular component organization"	"0.448251209187191"
"14450"	"GO:1905154"	"cellular component organization"	"0.635656416014815"
"14451"	"GO:1905155"	"cellular component organization"	"0.43003190756385"
"14452"	"GO:1905161"	"ER/endosome/lysosome related process"	"0.787778647599157"
"14453"	"GO:1905162"	"cellular component organization"	"0.568233718821269"
"14454"	"GO:1905164"	"cellular component organization"	"0.543116227258836"
"14455"	"GO:1905165"	"metabolic process"	"0.930291343767652"
"14456"	"GO:1905166"	"metabolic process"	"0.787356106846961"
"14457"	"GO:1905167"	"metabolic process"	"0.718323342461205"
"14458"	"GO:1905168"	"stress response"	"+"
"14459"	"GO:1905169"	"ER/endosome/lysosome related process"	"0.614215072420155"
"14460"	"GO:1905171"	"ER/endosome/lysosome related process"	"0.619403296563003"
"14461"	"GO:1905174"	"morphogenesis/development"	"0.485520201338155"
"14462"	"GO:1905176"	"morphogenesis/development"	"0.593110385520297"
"14463"	"GO:1905178"	"morphogenesis/development"	"0.474662453652398"
"14464"	"GO:1905179"	"morphogenesis/development"	"0.593619129306923"
"14465"	"GO:1905186"	"cell cycle"	"0.978531821002904"
"14466"	"GO:1905188"	"cell cycle"	"0.966745769399772"
"14467"	"GO:1905198"	"cellular component organization"	"0.976932026558828"
"14468"	"GO:1905199"	"cellular component organization"	"0.972498321689948"
"14469"	"GO:1905203"	"multicellular organismal process"	"0.706560730216999"
"14470"	"GO:1905204"	"multicellular organismal process"	"0.654010965675126"
"14471"	"GO:1905205"	"multicellular organismal process"	"0.660622957863468"
"14472"	"GO:1905207"	"morphogenesis/development"	"+"
"14473"	"GO:1905208"	"morphogenesis/development"	"0.787598336017432"
"14474"	"GO:1905209"	"morphogenesis/development"	"0.792313592551285"
"14475"	"GO:1905213"	"cell cycle"	"0.958859995591598"
"14476"	"GO:1905214"	"gene regulation"	"+"
"14477"	"GO:1905215"	"gene regulation"	"0.789418881387394"
"14478"	"GO:1905216"	"gene regulation"	"0.949533913479992"
"14479"	"GO:1905217"	"response to stimulus"	"0.883045599691199"
"14480"	"GO:1905219"	"morphogenesis/development"	"0.790979264045135"
"14481"	"GO:1905221"	"morphogenesis/development"	"0.703914773275663"
"14482"	"GO:1905222"	"morphogenesis/development"	"0.888827817004713"
"14483"	"GO:1905223"	"morphogenesis/development"	"0.84840697562262"
"14484"	"GO:1905225"	"response to stimulus"	"0.927500599330927"
"14485"	"GO:1905229"	"response to stimulus"	"0.902065243220691"
"14486"	"GO:1905232"	"response to stimulus"	"0.907686316698079"
"14487"	"GO:1905242"	"response to stimulus"	"0.890645538270331"
"14488"	"GO:1905243"	"response to stimulus"	"0.900890379369805"
"14489"	"GO:1905244"	"neural related process"	"0.816168397367751"
"14490"	"GO:1905245"	"metabolic process"	"0.871526307810155"
"14491"	"GO:1905246"	"metabolic process"	"0.770328723579302"
"14492"	"GO:1905247"	"metabolic process"	"0.89928457492841"
"14493"	"GO:1905258"	"cell death"	"0.852096228841108"
"14494"	"GO:1905259"	"cell death"	"0.773847042676939"
"14495"	"GO:1905268"	"gene regulation"	"0.481356124271957"
"14496"	"GO:1905269"	"gene regulation"	"0.725819937109578"
"14497"	"GO:1905271"	"transport"	"0.691764395353602"
"14498"	"GO:1905273"	"transport"	"0.444871212198238"
"14499"	"GO:1905274"	"neural related process"	"0.771881856205071"
"14500"	"GO:1905276"	"morphogenesis/development"	"0.954459081128682"
"14501"	"GO:1905278"	"morphogenesis/development"	"0.937148189807253"
"14502"	"GO:1905279"	"ER/endosome/lysosome related process"	"0.900711893618829"
"14503"	"GO:1905280"	"ER/endosome/lysosome related process"	"0.983827251483239"
"14504"	"GO:1905281"	"ER/endosome/lysosome related process"	"0.930765319598775"
"14505"	"GO:1905285"	"morphogenesis/development"	"0.860634885505245"
"14506"	"GO:1905288"	"cell death"	"0.889533103609601"
"14507"	"GO:1905289"	"protein modification/signaling"	"0.658168383186789"
"14508"	"GO:1905291"	"protein modification/signaling"	"0.654951548254746"
"14509"	"GO:1905298"	"morphogenesis/development"	"0.789954267906091"
"14510"	"GO:1905300"	"morphogenesis/development"	"0.771592927281397"
"14511"	"GO:1905301"	"transport"	"0.37766375582156"
"14512"	"GO:1905302"	"ER/endosome/lysosome related process"	"0.381415886058692"
"14513"	"GO:1905303"	"ER/endosome/lysosome related process"	"0.317769580129784"
"14514"	"GO:1905304"	"cellular component organization"	"0.83307334790463"
"14515"	"GO:1905305"	"cellular component organization"	"0.59074491075932"
"14516"	"GO:1905310"	"morphogenesis/development"	"0.437661025134384"
"14517"	"GO:1905312"	"morphogenesis/development"	"0.486746568573595"
"14518"	"GO:1905314"	"morphogenesis/development"	"0.983537427415851"
"14519"	"GO:1905317"	"morphogenesis/development"	"0.916215272069303"
"14520"	"GO:1905318"	"cell cycle"	"0.873839657689268"
"14521"	"GO:1905319"	"multicellular organismal process"	"0.264341485499636"
"14522"	"GO:1905320"	"morphogenesis/development"	"0.352426752496929"
"14523"	"GO:1905322"	"cell cycle"	"0.344997026816131"
"14524"	"GO:1905323"	"cellular component organization"	"0.955729390163665"
"14525"	"GO:1905325"	"cell cycle"	"0.875270537718452"
"14526"	"GO:1905326"	"cell cycle"	"0.878461003224734"
"14527"	"GO:1905327"	"morphogenesis/development"	"0.969447123776622"
"14528"	"GO:1905330"	"morphogenesis/development"	"+"
"14529"	"GO:1905331"	"morphogenesis/development"	"0.901369208028557"
"14530"	"GO:1905332"	"morphogenesis/development"	"+"
"14531"	"GO:1905333"	"multicellular organismal process"	"0.780593266754082"
"14532"	"GO:1905335"	"metabolic process"	"0.749271533838706"
"14533"	"GO:1905337"	"metabolic process"	"0.885832814786165"
"14534"	"GO:1905340"	"cellular component organization"	"0.29639155581597"
"14535"	"GO:1905342"	"transport"	"0.307220672019531"
"14536"	"GO:1905344"	"metabolic process"	"0.97542980272143"
"14537"	"GO:1905349"	"cellular component organization"	"0.921858098844245"
"14538"	"GO:1905355"	"cellular component organization"	"0.977124079858991"
"14539"	"GO:1905359"	"transport"	"0.356100231702468"
"14540"	"GO:1905364"	"ER/endosome/lysosome related process"	"0.44926081395165"
"14541"	"GO:1905365"	"cellular component organization"	"0.404301950025202"
"14542"	"GO:1905366"	"ER/endosome/lysosome related process"	"0.530402297744055"
"14543"	"GO:1905368"	"metabolic process"	"+"
"14544"	"GO:1905369"	"cell death"	"+"
"14545"	"GO:1905371"	"metabolic process"	"0.968875344721658"
"14546"	"GO:1905373"	"metabolic process"	"0.954313126617275"
"14547"	"GO:1905380"	"gene regulation"	"0.960442728681971"
"14548"	"GO:1905381"	"gene regulation"	"0.964007092919927"
"14549"	"GO:1905382"	"gene regulation"	"0.96129242138772"
"14550"	"GO:1905383"	"transport"	"0.356210296677817"
"14551"	"GO:1905384"	"cellular component organization"	"0.325867799175834"
"14552"	"GO:1905386"	"cellular component organization"	"0.354816293452659"
"14553"	"GO:1905395"	"response to stimulus"	"0.95118466931108"
"14554"	"GO:1905396"	"response to stimulus"	"0.948708335757529"
"14555"	"GO:1905397"	"immune system process"	"0.550741658263585"
"14556"	"GO:1905402"	"immune system process"	"0.906069140220084"
"14557"	"GO:1905403"	"immune system process"	"0.829531259306115"
"14558"	"GO:1905404"	"immune system process"	"0.84450420986805"
"14559"	"GO:1905407"	"transport"	"0.512339840682667"
"14560"	"GO:1905408"	"transport"	"0.401312265365507"
"14561"	"GO:1905413"	"neural related process"	"0.53280525590805"
"14562"	"GO:1905415"	"neural related process"	"0.239834374706115"
"14563"	"GO:1905420"	"morphogenesis/development"	"0.628343071983219"
"14564"	"GO:1905429"	"response to stimulus"	"0.756730850044734"
"14565"	"GO:1905430"	"stress response"	"0.521966798216667"
"14566"	"GO:1905432"	"protein modification/signaling"	"0.332262272069094"
"14567"	"GO:1905433"	"protein modification/signaling"	"0.315335018880993"
"14568"	"GO:1905443"	"cellular component organization"	"0.903805687462875"
"14569"	"GO:1905445"	"cellular component organization"	"0.875995793062554"
"14570"	"GO:1905446"	"metabolic process"	"0.760094160345929"
"14571"	"GO:1905447"	"metabolic process"	"0.720910600761847"
"14572"	"GO:1905448"	"metabolic process"	"0.721365773121098"
"14573"	"GO:1905449"	"immune system process"	"0.811849925548386"
"14574"	"GO:1905450"	"immune system process"	"0.264315099522176"
"14575"	"GO:1905451"	"immune system process"	"0.317726738209685"
"14576"	"GO:1905453"	"morphogenesis/development"	"0.591815799558022"
"14577"	"GO:1905454"	"morphogenesis/development"	"0.463151412940075"
"14578"	"GO:1905456"	"immune system process"	"0.776145403966602"
"14579"	"GO:1905457"	"immune system process"	"0.709609909569669"
"14580"	"GO:1905458"	"morphogenesis/development"	"0.405002425485324"
"14581"	"GO:1905459"	"cell death"	"0.895614577299192"
"14582"	"GO:1905460"	"cell death"	"0.717563849366276"
"14583"	"GO:1905461"	"cell death"	"0.849686047550079"
"14584"	"GO:1905462"	"cell cycle"	"0.949324088622857"
"14585"	"GO:1905463"	"cell cycle"	"0.836387964550617"
"14586"	"GO:1905464"	"cell cycle"	"0.821391887966744"
"14587"	"GO:1905475"	"transport"	"+"
"14588"	"GO:1905476"	"cellular component organization"	"+"
"14589"	"GO:1905477"	"transport"	"+"
"14590"	"GO:1905483"	"neural related process"	"0.92744868490606"
"14591"	"GO:1905485"	"neural related process"	"0.882896582529394"
"14592"	"GO:1905492"	"neural related process"	"0.490591393245217"
"14593"	"GO:1905503"	"cellular component organization"	"0.886034427205614"
"14594"	"GO:1905505"	"cellular component organization"	"0.800477192888084"
"14595"	"GO:1905508"	"transport"	"0.668594609538363"
"14596"	"GO:1905512"	"neural related process"	"0.838614636895232"
"14597"	"GO:1905513"	"neural related process"	"0.582414143764258"
"14598"	"GO:1905515"	"cellular component organization"	"+"
"14599"	"GO:1905516"	"morphogenesis/development"	"0.329413816248024"
"14600"	"GO:1905517"	"immune system process"	"+"
"14601"	"GO:1905518"	"cellular component organization"	"0.439907623991142"
"14602"	"GO:1905520"	"neural related process"	"0.47336450716122"
"14603"	"GO:1905521"	"immune system process"	"0.967084415077481"
"14604"	"GO:1905522"	"immune system process"	"0.973828749759805"
"14605"	"GO:1905523"	"immune system process"	"+"
"14606"	"GO:1905524"	"protein modification/signaling"	"0.882464247683138"
"14607"	"GO:1905526"	"ER/endosome/lysosome related process"	"0.737930725801324"
"14608"	"GO:1905528"	"ER/endosome/lysosome related process"	"0.726975245555892"
"14609"	"GO:1905532"	"transport"	"0.60724457546341"
"14610"	"GO:1905533"	"transport"	"0.645807773409663"
"14611"	"GO:1905534"	"transport"	"0.532295113465161"
"14612"	"GO:1905535"	"gene regulation"	"0.416584752643027"
"14613"	"GO:1905537"	"cellular component organization"	"0.4641176543309"
"14614"	"GO:1905539"	"neural related process"	"0.439718108361537"
"14615"	"GO:1905546"	"response to stimulus"	"0.960116696119054"
"14616"	"GO:1905550"	"ER/endosome/lysosome related process"	"0.698139527414872"
"14617"	"GO:1905551"	"ER/endosome/lysosome related process"	"0.842418626181711"
"14618"	"GO:1905552"	"ER/endosome/lysosome related process"	"0.593257848638065"
"14619"	"GO:1905553"	"morphogenesis/development"	"0.924790934133064"
"14620"	"GO:1905555"	"morphogenesis/development"	"0.831565882551441"
"14621"	"GO:1905562"	"cell cycle"	"+"
"14622"	"GO:1905563"	"cell cycle"	"0.908540766558036"
"14623"	"GO:1905564"	"cell cycle"	"0.95659105369406"
"14624"	"GO:1905572"	"transport"	"0.748562878884656"
"14625"	"GO:1905578"	"protein modification/signaling"	"0.289091975263237"
"14626"	"GO:1905580"	"protein modification/signaling"	"0.42523383310934"
"14627"	"GO:1905581"	"multicellular organismal process"	"0.496492411998338"
"14628"	"GO:1905584"	"cell death"	"0.910430308423116"
"14629"	"GO:1905585"	"cell death"	"0.830877435406958"
"14630"	"GO:1905586"	"cell death"	"0.828187528945432"
"14631"	"GO:1905590"	"cellular component organization"	"0.969263045607342"
"14632"	"GO:1905591"	"neural related process"	"0.744207767691526"
"14633"	"GO:1905592"	"neural related process"	"0.696148957870969"
"14634"	"GO:1905595"	"receptor related process"	"0.18816902417776"
"14635"	"GO:1905596"	"protein modification/signaling"	"0.242328039452795"
"14636"	"GO:1905597"	"protein modification/signaling"	"0.199248518696255"
"14637"	"GO:1905598"	"receptor related process"	"0.202076072757163"
"14638"	"GO:1905599"	"metabolic process"	"0.46676013413566"
"14639"	"GO:1905600"	"transport"	"0.546526634703035"
"14640"	"GO:1905601"	"transport"	"0.422085402329738"
"14641"	"GO:1905602"	"transport"	"0.586156108879109"
"14642"	"GO:1905603"	"multicellular organismal process"	"0.540934612342795"
"14643"	"GO:1905604"	"multicellular organismal process"	"0.399146656282423"
"14644"	"GO:1905605"	"multicellular organismal process"	"0.400991774705465"
"14645"	"GO:1905606"	"neural related process"	"0.922355943681814"
"14646"	"GO:1905607"	"neural related process"	"0.511679661110593"
"14647"	"GO:1905608"	"neural related process"	"0.700104158711984"
"14648"	"GO:1905609"	"cell adhesion"	"0.315108503972063"
"14649"	"GO:1905610"	"gene regulation"	"0.795048685731915"
"14650"	"GO:1905612"	"gene regulation"	"0.7585295425765"
"14651"	"GO:1905627"	"metabolic process"	"0.810046763843367"
"14652"	"GO:1905630"	"response to stimulus"	"0.853852572799099"
"14653"	"GO:1905631"	"response to stimulus"	"0.852330619474276"
"14654"	"GO:1905634"	"transport"	"0.495487833296965"
"14655"	"GO:1905636"	"gene regulation"	"0.929574837163918"
"14656"	"GO:1905647"	"transport"	"0.422455137937517"
"14657"	"GO:1905651"	"morphogenesis/development"	"0.794236280781994"
"14658"	"GO:1905653"	"morphogenesis/development"	"0.78941294672943"
"14659"	"GO:1905664"	"transport"	"0.650691267844538"
"14660"	"GO:1905665"	"transport"	"0.73389435263659"
"14661"	"GO:1905666"	"ER/endosome/lysosome related process"	"0.891010221289599"
"14662"	"GO:1905667"	"ER/endosome/lysosome related process"	"0.929687415799228"
"14663"	"GO:1905668"	"ER/endosome/lysosome related process"	"0.783113706121029"
"14664"	"GO:1905669"	"cellular component organization"	"0.94878376020864"
"14665"	"GO:1905671"	"cellular component organization"	"0.796154924334426"
"14666"	"GO:1905672"	"cellular component organization"	"0.759115372179311"
"14667"	"GO:1905673"	"cellular component organization"	"0.712437593754305"
"14668"	"GO:1905674"	"immune system process"	"0.940236955977796"
"14669"	"GO:1905675"	"immune system process"	"0.940230939164237"
"14670"	"GO:1905676"	"immune system process"	"0.930946675773289"
"14671"	"GO:1905684"	"cellular component organization"	"0.598785097614514"
"14672"	"GO:1905686"	"cellular component organization"	"0.712392962269998"
"14673"	"GO:1905687"	"protein modification/signaling"	"0.507219678464311"
"14674"	"GO:1905689"	"metabolic process"	"0.495416899589126"
"14675"	"GO:1905691"	"cellular component organization"	"0.93343991835558"
"14676"	"GO:1905693"	"metabolic process"	"0.739183671200843"
"14677"	"GO:1905695"	"metabolic process"	"0.802631519146423"
"14678"	"GO:1905702"	"neural related process"	"0.785785168174091"
"14679"	"GO:1905703"	"neural related process"	"0.544187735004398"
"14680"	"GO:1905704"	"neural related process"	"0.830554552767266"
"14681"	"GO:1905706"	"metabolic process"	"0.705461899002008"
"14682"	"GO:1905709"	"cellular component organization"	"0.557198425548983"
"14683"	"GO:1905710"	"transport"	"0.787046056197438"
"14684"	"GO:1905711"	"response to stimulus"	"0.901026100718121"
"14685"	"GO:1905719"	"ER/endosome/lysosome related process"	"0.482497939227913"
"14686"	"GO:1905725"	"transport"	"0.379266118767581"
"14687"	"GO:1905735"	"transport"	"0.787260080285627"
"14688"	"GO:1905737"	"transport"	"0.692394465272374"
"14689"	"GO:1905744"	"gene regulation"	"0.954668995292673"
"14690"	"GO:1905746"	"gene regulation"	"0.96102104448754"
"14691"	"GO:1905747"	"multicellular organismal process"	"0.576430072832168"
"14692"	"GO:1905748"	"morphogenesis/development"	"0.822727642409564"
"14693"	"GO:1905749"	"ER/endosome/lysosome related process"	"0.871003563840015"
"14694"	"GO:1905751"	"ER/endosome/lysosome related process"	"0.909396917633453"
"14695"	"GO:1905755"	"transport"	"0.374513339687849"
"14696"	"GO:1905764"	"stress response"	"0.633326911459552"
"14697"	"GO:1905765"	"stress response"	"0.596480901757677"
"14698"	"GO:1905767"	"cell cycle"	"0.697090035823332"
"14699"	"GO:1905768"	"cell cycle"	"0.794017997721549"
"14700"	"GO:1905770"	"morphogenesis/development"	"0.906543847100242"
"14701"	"GO:1905771"	"morphogenesis/development"	"0.803577650192756"
"14702"	"GO:1905772"	"morphogenesis/development"	"0.689536827316821"
"14703"	"GO:1905774"	"cell cycle"	"0.860765807090356"
"14704"	"GO:1905776"	"cell cycle"	"0.72052633034173"
"14705"	"GO:1905777"	"cell cycle"	"0.628724787909439"
"14706"	"GO:1905778"	"cell cycle"	"0.439097275148148"
"14707"	"GO:1905780"	"transport"	"0.253054572509909"
"14708"	"GO:1905782"	"cellular component organization"	"0.31344610844027"
"14709"	"GO:1905784"	"metabolic process"	"0.642572320718405"
"14710"	"GO:1905786"	"metabolic process"	"0.839822338807231"
"14711"	"GO:1905793"	"transport"	"0.42675497412349"
"14712"	"GO:1905794"	"response to stimulus"	"0.91103957977221"
"14713"	"GO:1905795"	"response to stimulus"	"0.903198574338535"
"14714"	"GO:1905799"	"ER/endosome/lysosome related process"	"0.519698456396686"
"14715"	"GO:1905805"	"cellular component organization"	"0.937738927532795"
"14716"	"GO:1905806"	"neural related process"	"0.864089503943459"
"14717"	"GO:1905808"	"cellular component organization"	"0.607844790243225"
"14718"	"GO:1905809"	"neural related process"	"0.666918007906199"
"14719"	"GO:1905818"	"cell cycle"	"+"
"14720"	"GO:1905819"	"cell cycle"	"+"
"14721"	"GO:1905820"	"cell cycle"	"+"
"14722"	"GO:1905821"	"cell cycle"	"0.976676918952936"
"14723"	"GO:1905828"	"metabolic process"	"0.869354807383499"
"14724"	"GO:1905832"	"cell cycle"	"0.806836410859445"
"14725"	"GO:1905833"	"cellular component organization"	"0.78573372362298"
"14726"	"GO:1905834"	"response to stimulus"	"0.914272073358434"
"14727"	"GO:1905835"	"response to stimulus"	"0.874314811059674"
"14728"	"GO:1905838"	"cell cycle"	"0.777463487487364"
"14729"	"GO:1905839"	"cellular component organization"	"0.420250054978106"
"14730"	"GO:1905856"	"metabolic process"	"0.95645153583943"
"14731"	"GO:1905857"	"metabolic process"	"0.957511191953119"
"14732"	"GO:1905858"	"metabolic process"	"0.372802042537567"
"14733"	"GO:1905860"	"metabolic process"	"0.475998458535818"
"14734"	"GO:1905867"	"morphogenesis/development"	"0.981410329560252"
"14735"	"GO:1905868"	"gene regulation"	"0.960641588682235"
"14736"	"GO:1905869"	"gene regulation"	"0.901666051841709"
"14737"	"GO:1905870"	"gene regulation"	"0.935577548945108"
"14738"	"GO:1905871"	"transport"	"0.444953294103869"
"14739"	"GO:1905872"	"ER/endosome/lysosome related process"	"0.371418051935096"
"14740"	"GO:1905874"	"neural related process"	"0.564865794214251"
"14741"	"GO:1905875"	"cellular component organization"	"0.740727333207948"
"14742"	"GO:1905879"	"morphogenesis/development"	"0.903353662309885"
"14743"	"GO:1905883"	"transport"	"0.726459956996511"
"14744"	"GO:1905885"	"transport"	"0.652610063012186"
"14745"	"GO:1905890"	"immune system process"	"0.259039914725255"
"14746"	"GO:1905897"	"stress response"	"+"
"14747"	"GO:1905898"	"stress response"	"+"
"14748"	"GO:1905899"	"morphogenesis/development"	"0.91719920040591"
"14749"	"GO:1905906"	"cellular component organization"	"+"
"14750"	"GO:1905907"	"cellular component organization"	"0.886855658185434"
"14751"	"GO:1905908"	"cellular component organization"	"0.825878544344092"
"14752"	"GO:1905912"	"transport"	"0.695443908002698"
"14753"	"GO:1905913"	"transport"	"0.732781244376384"
"14754"	"GO:1905915"	"morphogenesis/development"	"0.579757943278077"
"14755"	"GO:1905916"	"morphogenesis/development"	"0.391382043225862"
"14756"	"GO:1905917"	"morphogenesis/development"	"0.51720155829823"
"14757"	"GO:1905918"	"metabolic process"	"0.86030597975094"
"14758"	"GO:1905920"	"metabolic process"	"0.898305435809973"
"14759"	"GO:1905930"	"morphogenesis/development"	"0.540025576040535"
"14760"	"GO:1905931"	"morphogenesis/development"	"0.555966851550318"
"14761"	"GO:1905932"	"morphogenesis/development"	"0.42757514040169"
"14762"	"GO:1905933"	"morphogenesis/development"	"0.55562884198533"
"14763"	"GO:1905934"	"morphogenesis/development"	"0.639400520698038"
"14764"	"GO:1905935"	"morphogenesis/development"	"0.5579679989013"
"14765"	"GO:1905936"	"cell cycle"	"0.79728511656677"
"14766"	"GO:1905937"	"cell cycle"	"0.912867293608333"
"14767"	"GO:1905938"	"cell cycle"	"0.808267068324839"
"14768"	"GO:1905939"	"morphogenesis/development"	"0.873568832296569"
"14769"	"GO:1905940"	"morphogenesis/development"	"0.955591217027707"
"14770"	"GO:1905941"	"morphogenesis/development"	"0.945934817863974"
"14771"	"GO:1905949"	"transport"	"0.791224705271153"
"14772"	"GO:1905952"	"cellular component organization"	"+"
"14773"	"GO:1905953"	"cellular component organization"	"+"
"14774"	"GO:1905954"	"cellular component organization"	"+"
"14775"	"GO:1905956"	"morphogenesis/development"	"0.861421718877068"
"14776"	"GO:1905957"	"protein modification/signaling"	"0.194563261820774"
"14777"	"GO:1905962"	"morphogenesis/development"	"0.541890972928693"
"14778"	"GO:1990000"	"neural related process"	"+"
"14779"	"GO:1990009"	"cell death"	"0.902080414601438"
"14780"	"GO:1990029"	"multicellular organismal process"	"0.872641607757999"
"14781"	"GO:1990034"	"transport"	"0.783882839836204"
"14782"	"GO:1990036"	"ER/endosome/lysosome related process"	"0.953447277954961"
"14783"	"GO:1990044"	"ER/endosome/lysosome related process"	"0.741150258779039"
"14784"	"GO:1990046"	"cellular component organization"	"0.414476375562327"
"14785"	"GO:1990048"	"neural related process"	"0.430990535446875"
"14786"	"GO:1990049"	"neural related process"	"0.342154237503764"
"14787"	"GO:1990051"	"protein modification/signaling"	"0.865534065694828"
"14788"	"GO:1990074"	"gene regulation"	"0.814112153257987"
"14789"	"GO:1990079"	"multicellular organismal process"	"0.482653414542348"
"14790"	"GO:1990086"	"cell death"	"0.406114153920307"
"14791"	"GO:1990089"	"neural related process"	"+"
"14792"	"GO:1990090"	"response to stimulus"	"+"
"14793"	"GO:1990092"	"metabolic process"	"0.820503064633879"
"14794"	"GO:1990108"	"protein modification/signaling"	"0.901313552324986"
"14795"	"GO:1990113"	"cellular component organization"	"0.542025784084826"
"14796"	"GO:1990114"	"cellular component organization"	"0.441808872103183"
"14797"	"GO:1990115"	"cellular component organization"	"0.550268861673305"
"14798"	"GO:1990116"	"metabolic process"	"0.897205141464886"
"14799"	"GO:1990117"	"cell death"	"0.313598345557672"
"14800"	"GO:1990127"	"cell death"	"0.365742578542403"
"14801"	"GO:1990134"	"cell death"	"0.918282833843189"
"14802"	"GO:1990138"	"neural related process"	"+"
"14803"	"GO:1990144"	"cell death"	"0.551622484970156"
"14804"	"GO:1990145"	"gene regulation"	"0.680676633442605"
"14805"	"GO:1990166"	"cell cycle"	"0.555805873559762"
"14806"	"GO:1990167"	"protein modification/signaling"	"0.955097496444538"
"14807"	"GO:1990168"	"protein modification/signaling"	"0.865771310591813"
"14808"	"GO:1990169"	"response to stimulus"	"0.66448806896424"
"14809"	"GO:1990170"	"stress response"	"0.440963644069423"
"14810"	"GO:1990172"	"receptor related process"	"0.409832304495964"
"14811"	"GO:1990173"	"transport"	"0.932123295186458"
"14812"	"GO:1990180"	"gene regulation"	"0.910942098290264"
"14813"	"GO:1990182"	"transport"	"0.577308795155877"
"14814"	"GO:1990227"	"cellular component organization"	"0.416902377745078"
"14815"	"GO:1990234"	"protein modification/signaling"	"+"
"14816"	"GO:1990253"	"stress response"	"0.905826315178943"
"14817"	"GO:1990256"	"protein modification/signaling"	"0.304475559475539"
"14818"	"GO:1990261"	"metabolic process"	"0.914907894001898"
"14819"	"GO:1990262"	"protein modification/signaling"	"0.531023639509047"
"14820"	"GO:1990264"	"protein modification/signaling"	"0.851476927923881"
"14821"	"GO:1990266"	"immune system process"	"+"
"14822"	"GO:1990267"	"response to stimulus"	"0.807991598836252"
"14823"	"GO:1990268"	"response to stimulus"	"0.808434992905784"
"14824"	"GO:1990280"	"transport"	"0.648070300884454"
"14825"	"GO:1990297"	"morphogenesis/development"	"0.390998583727995"
"14826"	"GO:1990314"	"response to stimulus"	"0.952492545656553"
"14827"	"GO:1990349"	"transport"	"0.510405592355492"
"14828"	"GO:1990359"	"stress response"	"0.718647576202901"
"14829"	"GO:1990379"	"transport"	"0.787779890543577"
"14830"	"GO:1990381"	"metabolic process"	"+"
"14831"	"GO:1990384"	"morphogenesis/development"	"0.643476205301168"
"14832"	"GO:1990386"	"cellular component organization"	"0.404747000533328"
"14833"	"GO:1990390"	"protein modification/signaling"	"0.783755604656311"
"14834"	"GO:1990399"	"morphogenesis/development"	"0.780259582451739"
"14835"	"GO:1990401"	"morphogenesis/development"	"0.924646222234544"
"14836"	"GO:1990402"	"morphogenesis/development"	"0.98899751881175"
"14837"	"GO:1990403"	"morphogenesis/development"	"0.868031446502506"
"14838"	"GO:1990408"	"receptor related process"	"0.767675093054664"
"14839"	"GO:1990410"	"receptor related process"	"0.779327340740323"
"14840"	"GO:1990414"	"stress response"	"0.946300715141652"
"14841"	"GO:1990416"	"response to stimulus"	"0.85974794762123"
"14842"	"GO:1990418"	"response to stimulus"	"0.935229681716023"
"14843"	"GO:1990426"	"cell cycle"	"0.932653719716913"
"14844"	"GO:1990428"	"transport"	"0.860818456559541"
"14845"	"GO:1990437"	"gene regulation"	"0.474647860702646"
"14846"	"GO:1990438"	"gene regulation"	"0.664954025423161"
"14847"	"GO:1990442"	"stress response"	"0.287227943107988"
"14848"	"GO:1990443"	"protein modification/signaling"	"0.745882226212969"
"14849"	"GO:1990451"	"stress response"	"0.707271118716261"
"14850"	"GO:1990456"	"ER/endosome/lysosome related process"	"0.35954247487954"
"14851"	"GO:1990466"	"protein modification/signaling"	"0.95917051513788"
"14852"	"GO:1990478"	"response to stimulus"	"0.752286907788132"
"14853"	"GO:1990481"	"metabolic process"	"0.574546430483172"
"14854"	"GO:1990497"	"stress response"	"0.885656221853878"
"14855"	"GO:1990502"	"neural related process"	"0.39826115644653"
"14856"	"GO:1990504"	"neural related process"	"0.515546492472649"
"14857"	"GO:1990505"	"cell cycle"	"0.985341024034038"
"14858"	"GO:1990506"	"cell cycle"	"0.934635714216309"
"14859"	"GO:1990519"	"transport"	"0.764340480140979"
"14860"	"GO:1990523"	"morphogenesis/development"	"0.836883661747416"
"14861"	"GO:1990535"	"neural related process"	"0.909618389685161"
"14862"	"GO:1990539"	"ER/endosome/lysosome related process"	"0.73552655214438"
"14863"	"GO:1990540"	"ER/endosome/lysosome related process"	"0.589517361537265"
"14864"	"GO:1990542"	"transport"	"+"
"14865"	"GO:1990543"	"transport"	"0.605637943652412"
"14866"	"GO:1990544"	"transport"	"0.726854713810034"
"14867"	"GO:1990546"	"transport"	"0.873699625227498"
"14868"	"GO:1990547"	"ER/endosome/lysosome related process"	"0.523809479388948"
"14869"	"GO:1990548"	"transport"	"0.620891241196386"
"14870"	"GO:1990549"	"transport"	"0.78300321855099"
"14871"	"GO:1990550"	"transport"	"0.705318428275318"
"14872"	"GO:1990559"	"ER/endosome/lysosome related process"	"0.460281935170368"
"14873"	"GO:1990564"	"protein modification/signaling"	"0.889178674403172"
"14874"	"GO:1990569"	"transport"	"0.89400404957777"
"14875"	"GO:1990573"	"transport"	"+"
"14876"	"GO:1990575"	"transport"	"0.902288708968075"
"14877"	"GO:1990579"	"protein modification/signaling"	"0.640806310819519"
"14878"	"GO:1990592"	"protein modification/signaling"	"0.929357105197559"
"14879"	"GO:1990603"	"stress response"	"0.284189335397292"
"14880"	"GO:1990611"	"stress response"	"0.799297635183856"
"14881"	"GO:1990625"	"stress response"	"0.639756585920553"
"14882"	"GO:1990637"	"response to stimulus"	"0.909061559533655"
"14883"	"GO:1990641"	"stress response"	"0.59659296342356"
"14884"	"GO:1990646"	"response to stimulus"	"0.917585297076576"
"14885"	"GO:1990654"	"cell cycle"	"0.917446210136545"
"14886"	"GO:1990656"	"cellular component organization"	"0.314292200110782"
"14887"	"GO:1990680"	"response to stimulus"	"0.742239270820231"
"14888"	"GO:1990683"	"cell cycle"	"0.653728112985671"
"14889"	"GO:1990697"	"metabolic process"	"0.535015483612763"
"14890"	"GO:1990700"	"cellular component organization"	"0.535685732444534"
"14891"	"GO:1990705"	"cell cycle"	"0.577002017306407"
"14892"	"GO:1990708"	"neural related process"	"0.8878763206619"
"14893"	"GO:1990709"	"neural related process"	"0.442342421050438"
"14894"	"GO:1990736"	"multicellular organismal process"	"0.275109586005426"
"14895"	"GO:1990737"	"stress response"	"0.800707649995162"
"14896"	"GO:1990739"	"cell cycle"	"0.991094514621105"
"14897"	"GO:1990743"	"metabolic process"	"0.565421777656395"
"14898"	"GO:1990748"	"response to stimulus"	"+"
"14899"	"GO:1990751"	"neural related process"	"0.329278433601453"
"14900"	"GO:1990755"	"cellular component organization"	"0.778070745147805"
"14901"	"GO:1990758"	"cell cycle"	"0.935110719347408"
"14902"	"GO:1990764"	"multicellular organismal process"	"0.382956406755614"
"14903"	"GO:1990765"	"multicellular organismal process"	"0.952052159713411"
"14904"	"GO:1990768"	"multicellular organismal process"	"0.859285718222071"
"14905"	"GO:1990770"	"multicellular organismal process"	"0.939481247327487"
"14906"	"GO:1990771"	"ER/endosome/lysosome related process"	"0.463311224731956"
"14907"	"GO:1990773"	"transport"	"0.627952396825186"
"14908"	"GO:1990775"	"immune system process"	"0.57698673676529"
"14909"	"GO:1990776"	"response to stimulus"	"+"
"14910"	"GO:1990778"	"cellular component organization"	"+"
"14911"	"GO:1990782"	"protein modification/signaling"	"+"
"14912"	"GO:1990784"	"response to stimulus"	"0.475206891785722"
"14913"	"GO:1990785"	"stress response"	"0.860226589181154"
"14914"	"GO:1990786"	"response to stimulus"	"0.575379999261075"
"14915"	"GO:1990787"	"protein modification/signaling"	"0.400639798490487"
"14916"	"GO:1990789"	"cell cycle"	"0.970494033211005"
"14917"	"GO:1990790"	"response to stimulus"	"0.900291442679049"
"14918"	"GO:1990791"	"neural related process"	"0.57446368530841"
"14919"	"GO:1990792"	"response to stimulus"	"0.865194162507656"
"14920"	"GO:1990806"	"neural related process"	"0.815104903114101"
"14921"	"GO:1990809"	"ER/endosome/lysosome related process"	"0.913026877324161"
"14922"	"GO:1990822"	"transport"	"0.93064473223109"
"14923"	"GO:1990823"	"response to stimulus"	"+"
"14924"	"GO:1990825"	"gene regulation"	"+"
"14925"	"GO:1990828"	"morphogenesis/development"	"0.768344036965149"
"14926"	"GO:1990830"	"immune system process"	"+"
"14927"	"GO:1990832"	"ER/endosome/lysosome related process"	"0.434358502564267"
"14928"	"GO:1990834"	"response to stimulus"	"0.708588033145634"
"14929"	"GO:1990837"	"gene regulation"	"+"
"14930"	"GO:1990839"	"response to stimulus"	"0.714722859677933"
"14931"	"GO:1990840"	"response to stimulus"	"+"
"14932"	"GO:1990841"	"gene regulation"	"+"
"14933"	"GO:1990845"	"multicellular organismal process"	"0.832896901385906"
"14934"	"GO:1990849"	"cellular component organization"	"0.431901502068329"
"14935"	"GO:1990858"	"response to stimulus"	"+"
"14936"	"GO:1990859"	"response to stimulus"	"0.753133123451792"
"14937"	"GO:1990863"	"cell cycle"	"0.448853725032377"
"14938"	"GO:1990868"	"immune system process"	"+"
"14939"	"GO:1990869"	"response to stimulus"	"+"
"14940"	"GO:1990874"	"cell cycle"	"+"
"14941"	"GO:1990882"	"metabolic process"	"0.518550467775451"
"14942"	"GO:1990884"	"gene regulation"	"0.582209155752003"
"14943"	"GO:1990907"	"gene regulation"	"+"
"14944"	"GO:1990910"	"stress response"	"0.723975903430082"
"14945"	"GO:1990911"	"stress response"	"0.733924094921648"
"14946"	"GO:1990918"	"stress response"	"0.865363411507278"
"14947"	"GO:1990922"	"multicellular organismal process"	"0.1586516182716"
"14948"	"GO:1990926"	"neural related process"	"0.873058361048423"
"14949"	"GO:1990927"	"ER/endosome/lysosome related process"	"0.774345670256342"
"14950"	"GO:1990928"	"stress response"	"0.913696652721268"
"14951"	"GO:1990936"	"morphogenesis/development"	"0.684789051682009"
"14952"	"GO:1990938"	"protein modification/signaling"	"0.721820155456329"
"14953"	"GO:1990949"	"cell cycle"	"0.972793897636036"
"14954"	"GO:1990953"	"transport"	"0.57864035521886"
"14955"	"GO:1990959"	"immune system process"	"0.950231963333061"
"14956"	"GO:1990960"	"immune system process"	"0.884011065093086"
"14957"	"GO:1990961"	"transport"	"0.872782362876304"
"14958"	"GO:1990962"	"transport"	"0.943556712198916"
"14959"	"GO:1990963"	"morphogenesis/development"	"0.830155428002196"
"14960"	"GO:1990966"	"metabolic process"	"0.652606770619905"
"14961"	"GO:1990968"	"gene regulation"	"0.349124594960787"
"14962"	"GO:1990969"	"viral related process"	"0.35524662939143"
"14963"	"GO:1990983"	"gene regulation"	"0.850825752673664"
"14964"	"GO:2000001"	"cell cycle"	"+"
"14965"	"GO:2000002"	"cell cycle"	"0.819775017565002"
"14966"	"GO:2000003"	"cell cycle"	"0.815635870049496"
"14967"	"GO:2000004"	"morphogenesis/development"	"0.752154039496722"
"14968"	"GO:2000005"	"morphogenesis/development"	"0.775405238382807"
"14969"	"GO:2000006"	"morphogenesis/development"	"0.632748269646113"
"14970"	"GO:2000007"	"morphogenesis/development"	"0.731949165796278"
"14971"	"GO:2000008"	"transport"	"0.677252732606328"
"14972"	"GO:2000009"	"transport"	"0.668684731004451"
"14973"	"GO:2000010"	"transport"	"0.459677489207974"
"14974"	"GO:2000011"	"morphogenesis/development"	"0.59335247087355"
"14975"	"GO:2000015"	"morphogenesis/development"	"0.651832880219469"
"14976"	"GO:2000016"	"morphogenesis/development"	"0.418116361038353"
"14977"	"GO:2000017"	"morphogenesis/development"	"0.434901374686382"
"14978"	"GO:2000018"	"morphogenesis/development"	"0.663796850471714"
"14979"	"GO:2000019"	"morphogenesis/development"	"0.854528887814157"
"14980"	"GO:2000020"	"morphogenesis/development"	"0.784618749653308"
"14981"	"GO:2000026"	"morphogenesis/development"	"0.929856884874481"
"14982"	"GO:2000027"	"morphogenesis/development"	"+"
"14983"	"GO:2000035"	"cell cycle"	"0.947683614140906"
"14984"	"GO:2000036"	"morphogenesis/development"	"+"
"14985"	"GO:2000042"	"stress response"	"+"
"14986"	"GO:2000043"	"morphogenesis/development"	"0.66587702531048"
"14987"	"GO:2000045"	"cell cycle"	"+"
"14988"	"GO:2000047"	"cell adhesion"	"+"
"14989"	"GO:2000048"	"cell adhesion"	"0.811216138419736"
"14990"	"GO:2000049"	"cell adhesion"	"0.590635617650248"
"14991"	"GO:2000050"	"protein modification/signaling"	"+"
"14992"	"GO:2000051"	"protein modification/signaling"	"0.786445699669221"
"14993"	"GO:2000052"	"protein modification/signaling"	"0.920121355867581"
"14994"	"GO:2000058"	"metabolic process"	"+"
"14995"	"GO:2000059"	"metabolic process"	"0.830933319684607"
"14996"	"GO:2000060"	"metabolic process"	"+"
"14997"	"GO:2000061"	"morphogenesis/development"	"0.605790323406145"
"14998"	"GO:2000062"	"morphogenesis/development"	"0.778909856939758"
"14999"	"GO:2000063"	"morphogenesis/development"	"0.600438726320209"
"15000"	"GO:2000064"	"metabolic process"	"0.750388971321002"
"15001"	"GO:2000065"	"metabolic process"	"0.582186824699773"
"15002"	"GO:2000066"	"metabolic process"	"0.778695784035086"
"15003"	"GO:2000074"	"morphogenesis/development"	"0.801034912022965"
"15004"	"GO:2000077"	"morphogenesis/development"	"0.785471649987445"
"15005"	"GO:2000078"	"morphogenesis/development"	"0.773691971497731"
"15006"	"GO:2000095"	"protein modification/signaling"	"0.87942717573523"
"15007"	"GO:2000096"	"protein modification/signaling"	"0.894884056325429"
"15008"	"GO:2000097"	"cell adhesion"	"0.300070157890776"
"15009"	"GO:2000098"	"cell adhesion"	"0.27046333299237"
"15010"	"GO:2000101"	"cell cycle"	"0.982554632468959"
"15011"	"GO:2000103"	"cell cycle"	"0.76087333805385"
"15012"	"GO:2000104"	"cell cycle"	"0.952113226236644"
"15013"	"GO:2000105"	"cell cycle"	"0.975807225781009"
"15014"	"GO:2000106"	"cell death"	"+"
"15015"	"GO:2000107"	"cell death"	"+"
"15016"	"GO:2000108"	"cell death"	"+"
"15017"	"GO:2000109"	"cell death"	"+"
"15018"	"GO:2000110"	"cell death"	"0.935621554047457"
"15019"	"GO:2000111"	"cell death"	"0.901943611079575"
"15020"	"GO:2000114"	"cellular component organization"	"+"
"15021"	"GO:2000116"	"cell death"	"+"
"15022"	"GO:2000117"	"cell death"	"+"
"15023"	"GO:2000118"	"transport"	"0.812652565225129"
"15024"	"GO:2000119"	"transport"	"0.700494573004829"
"15025"	"GO:2000120"	"transport"	"0.572663722380487"
"15026"	"GO:2000121"	"stress response"	"0.950132828863642"
"15027"	"GO:2000124"	"receptor related process"	"0.503179360119668"
"15028"	"GO:2000134"	"cell cycle"	"+"
"15029"	"GO:2000136"	"cell cycle"	"0.849991096871909"
"15030"	"GO:2000137"	"cell cycle"	"0.774404815702918"
"15031"	"GO:2000138"	"cell cycle"	"0.809874566384425"
"15032"	"GO:2000142"	"gene regulation"	"+"
"15033"	"GO:2000143"	"gene regulation"	"0.982363353327381"
"15034"	"GO:2000144"	"gene regulation"	"+"
"15035"	"GO:2000145"	"other"	"0.609156983436134"
"15036"	"GO:2000146"	"other"	"+"
"15037"	"GO:2000147"	"other"	"+"
"15038"	"GO:2000152"	"metabolic process"	"0.863079475494336"
"15039"	"GO:2000155"	"other"	"0.402608937913148"
"15040"	"GO:2000156"	"ER/endosome/lysosome related process"	"0.969644032394967"
"15041"	"GO:2000157"	"metabolic process"	"0.674582298191962"
"15042"	"GO:2000158"	"metabolic process"	"0.726780179641592"
"15043"	"GO:2000169"	"protein modification/signaling"	"0.841084743878705"
"15044"	"GO:2000170"	"protein modification/signaling"	"0.669294604092573"
"15045"	"GO:2000171"	"morphogenesis/development"	"0.463651000473814"
"15046"	"GO:2000172"	"neural related process"	"0.569872681259959"
"15047"	"GO:2000173"	"morphogenesis/development"	"0.717673052561534"
"15048"	"GO:2000174"	"immune system process"	"0.925018563389743"
"15049"	"GO:2000176"	"immune system process"	"0.919772328743626"
"15050"	"GO:2000177"	"cell cycle"	"0.665967423373088"
"15051"	"GO:2000178"	"cell cycle"	"0.650568249151842"
"15052"	"GO:2000179"	"cell cycle"	"0.680356042113696"
"15053"	"GO:2000180"	"metabolic process"	"0.504696763076869"
"15054"	"GO:2000181"	"morphogenesis/development"	"0.9181478338833"
"15055"	"GO:2000182"	"metabolic process"	"0.766552956290776"
"15056"	"GO:2000184"	"metabolic process"	"0.784704469283023"
"15057"	"GO:2000185"	"transport"	"0.656723447245474"
"15058"	"GO:2000187"	"transport"	"0.638967902424145"
"15059"	"GO:2000191"	"transport"	"0.816608152498421"
"15060"	"GO:2000192"	"transport"	"0.778023229985326"
"15061"	"GO:2000193"	"transport"	"0.889581242837542"
"15062"	"GO:2000194"	"morphogenesis/development"	"0.669220140732252"
"15063"	"GO:2000195"	"morphogenesis/development"	"0.945847187065286"
"15064"	"GO:2000196"	"morphogenesis/development"	"0.589886310667341"
"15065"	"GO:2000197"	"transport"	"0.549747660406355"
"15066"	"GO:2000199"	"transport"	"0.679331151894179"
"15067"	"GO:2000200"	"transport"	"0.777504433489864"
"15068"	"GO:2000202"	"transport"	"0.799507494543753"
"15069"	"GO:2000206"	"transport"	"0.785290231841229"
"15070"	"GO:2000208"	"transport"	"0.800705057623049"
"15071"	"GO:2000209"	"cell death"	"+"
"15072"	"GO:2000210"	"cell death"	"0.840717242003068"
"15073"	"GO:2000211"	"metabolic process"	"0.414171537948281"
"15074"	"GO:2000212"	"metabolic process"	"0.608870226249309"
"15075"	"GO:2000213"	"metabolic process"	"0.58170825770387"
"15076"	"GO:2000220"	"cell cycle"	"0.678496610475875"
"15077"	"GO:2000222"	"cellular component organization"	"0.272998130187366"
"15078"	"GO:2000224"	"metabolic process"	"0.670186360105454"
"15079"	"GO:2000225"	"metabolic process"	"0.676070302451726"
"15080"	"GO:2000226"	"morphogenesis/development"	"0.837416882791164"
"15081"	"GO:2000227"	"morphogenesis/development"	"0.790815174816804"
"15082"	"GO:2000229"	"cell cycle"	"0.679836575408294"
"15083"	"GO:2000230"	"cell cycle"	"0.793837351071472"
"15084"	"GO:2000231"	"cell cycle"	"0.671147635097116"
"15085"	"GO:2000232"	"gene regulation"	"+"
"15086"	"GO:2000233"	"gene regulation"	"0.543687372417136"
"15087"	"GO:2000234"	"gene regulation"	"0.896098122760521"
"15088"	"GO:2000235"	"gene regulation"	"0.582484692659037"
"15089"	"GO:2000241"	"other"	"+"
"15090"	"GO:2000242"	"morphogenesis/development"	"0.363079810261278"
"15091"	"GO:2000243"	"other"	"0.451579456693562"
"15092"	"GO:2000252"	"multicellular organismal process"	"0.305072701912288"
"15093"	"GO:2000253"	"multicellular organismal process"	"0.428163621327442"
"15094"	"GO:2000254"	"cell cycle"	"0.863367496017701"
"15095"	"GO:2000255"	"cell cycle"	"0.878400638577336"
"15096"	"GO:2000256"	"cell cycle"	"0.860310854954803"
"15097"	"GO:2000257"	"protein modification/signaling"	"0.791838358012082"
"15098"	"GO:2000269"	"cell death"	"0.921088887149424"
"15099"	"GO:2000270"	"cell death"	"0.880304906350058"
"15100"	"GO:2000271"	"cell death"	"0.927012935949007"
"15101"	"GO:2000272"	"receptor related process"	"0.836670618705309"
"15102"	"GO:2000273"	"receptor related process"	"+"
"15103"	"GO:2000275"	"transport"	"0.435460272340658"
"15104"	"GO:2000276"	"transport"	"0.378823205213018"
"15105"	"GO:2000278"	"cell cycle"	"+"
"15106"	"GO:2000279"	"cell cycle"	"+"
"15107"	"GO:2000282"	"metabolic process"	"0.35641648766844"
"15108"	"GO:2000284"	"metabolic process"	"0.600907772038567"
"15109"	"GO:2000287"	"morphogenesis/development"	"0.775459414010511"
"15110"	"GO:2000288"	"cell cycle"	"0.96556631359982"
"15111"	"GO:2000290"	"morphogenesis/development"	"0.881859745796949"
"15112"	"GO:2000291"	"cell cycle"	"0.92456310434367"
"15113"	"GO:2000292"	"transport"	"0.528024552270491"
"15114"	"GO:2000293"	"transport"	"0.56026385966408"
"15115"	"GO:2000295"	"immune system process"	"0.60387329627049"
"15116"	"GO:2000296"	"immune system process"	"0.459749111954993"
"15117"	"GO:2000297"	"neural related process"	"0.574372479108104"
"15118"	"GO:2000298"	"protein modification/signaling"	"0.94052544152802"
"15119"	"GO:2000299"	"protein modification/signaling"	"0.879817929413201"
"15120"	"GO:2000300"	"neural related process"	"0.878979238349753"
"15121"	"GO:2000301"	"neural related process"	"0.772135424578797"
"15122"	"GO:2000302"	"neural related process"	"0.732845975574596"
"15123"	"GO:2000303"	"metabolic process"	"0.594281128804704"
"15124"	"GO:2000304"	"metabolic process"	"0.711995689805488"
"15125"	"GO:2000307"	"immune system process"	"0.910365886337121"
"15126"	"GO:2000308"	"immune system process"	"0.923204977951774"
"15127"	"GO:2000309"	"immune system process"	"0.846083697572896"
"15128"	"GO:2000310"	"neural related process"	"0.406831590432085"
"15129"	"GO:2000311"	"neural related process"	"0.482559856060057"
"15130"	"GO:2000312"	"receptor related process"	"0.4125692310575"
"15131"	"GO:2000313"	"receptor related process"	"0.722973577080573"
"15132"	"GO:2000314"	"receptor related process"	"0.599766863738445"
"15133"	"GO:2000316"	"immune system process"	"+"
"15134"	"GO:2000317"	"immune system process"	"0.915185664852907"
"15135"	"GO:2000318"	"immune system process"	"0.918693473816605"
"15136"	"GO:2000319"	"immune system process"	"0.960278191321999"
"15137"	"GO:2000320"	"immune system process"	"0.896577760784398"
"15138"	"GO:2000321"	"immune system process"	"0.93188591308595"
"15139"	"GO:2000322"	"receptor related process"	"0.772164062250003"
"15140"	"GO:2000323"	"receptor related process"	"0.707887324697271"
"15141"	"GO:2000324"	"receptor related process"	"0.662469083032659"
"15142"	"GO:2000328"	"immune system process"	"0.966994486022128"
"15143"	"GO:2000329"	"immune system process"	"0.854735018838884"
"15144"	"GO:2000330"	"immune system process"	"0.891681400287071"
"15145"	"GO:2000331"	"cellular component organization"	"0.61216723560015"
"15146"	"GO:2000332"	"morphogenesis/development"	"0.649058809150423"
"15147"	"GO:2000334"	"morphogenesis/development"	"0.41186149013893"
"15148"	"GO:2000338"	"immune system process"	"0.936855688548335"
"15149"	"GO:2000340"	"immune system process"	"0.900960143832157"
"15150"	"GO:2000341"	"immune system process"	"0.911423910828727"
"15151"	"GO:2000342"	"immune system process"	"0.887907904673573"
"15152"	"GO:2000343"	"immune system process"	"0.873302489758653"
"15153"	"GO:2000344"	"morphogenesis/development"	"0.282451089007147"
"15154"	"GO:2000345"	"cell cycle"	"0.852671692555645"
"15155"	"GO:2000346"	"cell cycle"	"0.688360263751479"
"15156"	"GO:2000347"	"cell cycle"	"0.695717648371381"
"15157"	"GO:2000348"	"immune system process"	"0.488613391961356"
"15158"	"GO:2000349"	"immune system process"	"0.382889215979418"
"15159"	"GO:2000350"	"receptor related process"	"0.322259376890721"
"15160"	"GO:2000351"	"cell death"	"+"
"15161"	"GO:2000352"	"cell death"	"+"
"15162"	"GO:2000353"	"cell death"	"+"
"15163"	"GO:2000354"	"morphogenesis/development"	"0.937303277359279"
"15164"	"GO:2000355"	"morphogenesis/development"	"0.948327390487197"
"15165"	"GO:2000356"	"morphogenesis/development"	"0.608117467189903"
"15166"	"GO:2000357"	"morphogenesis/development"	"0.786852333972956"
"15167"	"GO:2000358"	"morphogenesis/development"	"0.713463378806748"
"15168"	"GO:2000359"	"morphogenesis/development"	"0.249159641487285"
"15169"	"GO:2000360"	"morphogenesis/development"	"0.216017085301384"
"15170"	"GO:2000361"	"metabolic process"	"0.279897046756458"
"15171"	"GO:2000363"	"immune system process"	"0.369550492004449"
"15172"	"GO:2000367"	"transport"	"0.531294822235265"
"15173"	"GO:2000368"	"transport"	"0.39956291495929"
"15174"	"GO:2000369"	"transport"	"0.658408746025645"
"15175"	"GO:2000370"	"transport"	"0.654053221501344"
"15176"	"GO:2000371"	"cell cycle"	"0.829884045496767"
"15177"	"GO:2000373"	"cell cycle"	"0.725288418118582"
"15178"	"GO:2000374"	"stress response"	"0.414031938938986"
"15179"	"GO:2000376"	"metabolic process"	"0.451745314972471"
"15180"	"GO:2000377"	"stress response"	"+"
"15181"	"GO:2000378"	"stress response"	"+"
"15182"	"GO:2000379"	"stress response"	"+"
"15183"	"GO:2000380"	"morphogenesis/development"	"0.960419493768669"
"15184"	"GO:2000381"	"morphogenesis/development"	"0.933359047745582"
"15185"	"GO:2000382"	"morphogenesis/development"	"0.939169587245091"
"15186"	"GO:2000383"	"morphogenesis/development"	"0.699083810831858"
"15187"	"GO:2000384"	"morphogenesis/development"	"0.786692257639694"
"15188"	"GO:2000386"	"morphogenesis/development"	"0.796889761295859"
"15189"	"GO:2000387"	"morphogenesis/development"	"0.71665087996562"
"15190"	"GO:2000388"	"morphogenesis/development"	"0.718287383374713"
"15191"	"GO:2000389"	"immune system process"	"0.950759488158937"
"15192"	"GO:2000391"	"immune system process"	"0.951239703949358"
"15193"	"GO:2000392"	"cellular component organization"	"0.571503858141536"
"15194"	"GO:2000393"	"cellular component organization"	"0.664154476993706"
"15195"	"GO:2000394"	"cellular component organization"	"0.351074809387937"
"15196"	"GO:2000395"	"ER/endosome/lysosome related process"	"0.680583744068293"
"15197"	"GO:2000397"	"ER/endosome/lysosome related process"	"0.622729611928198"
"15198"	"GO:2000401"	"immune system process"	"+"
"15199"	"GO:2000402"	"immune system process"	"0.90349774800566"
"15200"	"GO:2000403"	"immune system process"	"+"
"15201"	"GO:2000404"	"immune system process"	"+"
"15202"	"GO:2000405"	"immune system process"	"0.937865837138607"
"15203"	"GO:2000406"	"immune system process"	"+"
"15204"	"GO:2000407"	"immune system process"	"0.771626005431979"
"15205"	"GO:2000408"	"immune system process"	"0.889952199549646"
"15206"	"GO:2000409"	"immune system process"	"0.829998205381547"
"15207"	"GO:2000410"	"immune system process"	"0.875915402785235"
"15208"	"GO:2000412"	"immune system process"	"0.900395997183925"
"15209"	"GO:2000413"	"immune system process"	"0.948442307649107"
"15210"	"GO:2000415"	"immune system process"	"0.955799749253965"
"15211"	"GO:2000416"	"immune system process"	"0.942855725863904"
"15212"	"GO:2000417"	"immune system process"	"0.905754871220834"
"15213"	"GO:2000418"	"immune system process"	"0.946643512743979"
"15214"	"GO:2000419"	"immune system process"	"0.937348906866861"
"15215"	"GO:2000420"	"immune system process"	"0.918682459559886"
"15216"	"GO:2000422"	"immune system process"	"0.883281592885272"
"15217"	"GO:2000424"	"immune system process"	"0.920325930770612"
"15218"	"GO:2000425"	"transport"	"0.541402033568483"
"15219"	"GO:2000426"	"transport"	"0.331705223113242"
"15220"	"GO:2000427"	"transport"	"0.567014840922887"
"15221"	"GO:2000431"	"cell cycle"	"0.547764430148636"
"15222"	"GO:2000434"	"protein modification/signaling"	"0.968700142894406"
"15223"	"GO:2000435"	"protein modification/signaling"	"0.914260564624415"
"15224"	"GO:2000436"	"protein modification/signaling"	"0.942547071585827"
"15225"	"GO:2000437"	"immune system process"	"0.892616756813019"
"15226"	"GO:2000438"	"immune system process"	"0.876814467877028"
"15227"	"GO:2000439"	"immune system process"	"0.904330529225293"
"15228"	"GO:2000446"	"immune system process"	"0.536925532018556"
"15229"	"GO:2000448"	"immune system process"	"0.537303232009594"
"15230"	"GO:2000449"	"immune system process"	"0.72234990849567"
"15231"	"GO:2000451"	"immune system process"	"0.831046461908682"
"15232"	"GO:2000452"	"immune system process"	"0.9054004256058"
"15233"	"GO:2000454"	"immune system process"	"0.776261907525308"
"15234"	"GO:2000458"	"neural related process"	"0.687668755531504"
"15235"	"GO:2000463"	"neural related process"	"+"
"15236"	"GO:2000464"	"neural related process"	"0.60309650776697"
"15237"	"GO:2000465"	"metabolic process"	"0.674484743857714"
"15238"	"GO:2000466"	"metabolic process"	"0.681899008977364"
"15239"	"GO:2000467"	"metabolic process"	"0.743098552246014"
"15240"	"GO:2000468"	"metabolic process"	"0.745663563547914"
"15241"	"GO:2000470"	"metabolic process"	"0.613387986681981"
"15242"	"GO:2000471"	"cell cycle"	"0.411242060695013"
"15243"	"GO:2000473"	"cell cycle"	"0.448298384680905"
"15244"	"GO:2000474"	"receptor related process"	"0.923365680143148"
"15245"	"GO:2000476"	"receptor related process"	"0.918427291553566"
"15246"	"GO:2000477"	"morphogenesis/development"	"0.859174687794652"
"15247"	"GO:2000478"	"morphogenesis/development"	"0.5792404726182"
"15248"	"GO:2000479"	"protein modification/signaling"	"0.92609113773199"
"15249"	"GO:2000480"	"protein modification/signaling"	"0.844762563670789"
"15250"	"GO:2000481"	"protein modification/signaling"	"0.860632215770984"
"15251"	"GO:2000485"	"transport"	"0.798974813316088"
"15252"	"GO:2000486"	"transport"	"0.709138841669912"
"15253"	"GO:2000487"	"transport"	"0.735388406183745"
"15254"	"GO:2000489"	"multicellular organismal process"	"0.71069100544205"
"15255"	"GO:2000490"	"multicellular organismal process"	"0.573387254653723"
"15256"	"GO:2000491"	"multicellular organismal process"	"0.477390611842552"
"15257"	"GO:2000492"	"immune system process"	"0.746090331288291"
"15258"	"GO:2000493"	"immune system process"	"0.659626835090161"
"15259"	"GO:2000494"	"immune system process"	"0.802331303748732"
"15260"	"GO:2000501"	"immune system process"	"0.943472887692411"
"15261"	"GO:2000502"	"immune system process"	"0.901925754863931"
"15262"	"GO:2000503"	"immune system process"	"0.911058870850126"
"15263"	"GO:2000504"	"morphogenesis/development"	"0.414389452795353"
"15264"	"GO:2000508"	"immune system process"	"0.469613879605282"
"15265"	"GO:2000509"	"immune system process"	"0.789065850844829"
"15266"	"GO:2000510"	"immune system process"	"0.580606687814563"
"15267"	"GO:2000511"	"immune system process"	"0.958144748983113"
"15268"	"GO:2000513"	"immune system process"	"0.951996544394271"
"15269"	"GO:2000514"	"immune system process"	"+"
"15270"	"GO:2000515"	"immune system process"	"0.954318787235741"
"15271"	"GO:2000516"	"immune system process"	"+"
"15272"	"GO:2000517"	"immune system process"	"0.956596997604196"
"15273"	"GO:2000518"	"immune system process"	"0.936590024315018"
"15274"	"GO:2000520"	"immune system process"	"0.90003269297562"
"15275"	"GO:2000521"	"immune system process"	"0.911295891982207"
"15276"	"GO:2000522"	"immune system process"	"0.724494951210085"
"15277"	"GO:2000523"	"immune system process"	"0.942411071518346"
"15278"	"GO:2000524"	"immune system process"	"0.950781996199405"
"15279"	"GO:2000525"	"immune system process"	"0.909113245611657"
"15280"	"GO:2000526"	"metabolic process"	"0.341758957921021"
"15281"	"GO:2000527"	"neural related process"	"0.500889420444154"
"15282"	"GO:2000529"	"immune system process"	"0.448354407262933"
"15283"	"GO:2000532"	"multicellular organismal process"	"0.572124315082849"
"15284"	"GO:2000533"	"multicellular organismal process"	"0.422332151365625"
"15285"	"GO:2000534"	"multicellular organismal process"	"0.592845104370241"
"15286"	"GO:2000535"	"response to stimulus"	"0.366613111308326"
"15287"	"GO:2000536"	"response to stimulus"	"0.270577299351863"
"15288"	"GO:2000537"	"immune system process"	"0.873804922223598"
"15289"	"GO:2000538"	"immune system process"	"0.875008592476697"
"15290"	"GO:2000539"	"protein modification/signaling"	"0.699845021737899"
"15291"	"GO:2000541"	"protein modification/signaling"	"0.671675900959457"
"15292"	"GO:2000543"	"morphogenesis/development"	"0.710779633209142"
"15293"	"GO:2000544"	"response to stimulus"	"0.470839459453918"
"15294"	"GO:2000545"	"response to stimulus"	"0.433779860623276"
"15295"	"GO:2000546"	"response to stimulus"	"0.439490266643889"
"15296"	"GO:2000547"	"cellular component organization"	"0.730854451587262"
"15297"	"GO:2000548"	"cellular component organization"	"0.793942341683016"
"15298"	"GO:2000549"	"cellular component organization"	"0.752837553585425"
"15299"	"GO:2000551"	"immune system process"	"0.916800480442076"
"15300"	"GO:2000552"	"immune system process"	"0.92009447076466"
"15301"	"GO:2000553"	"immune system process"	"0.888311787433309"
"15302"	"GO:2000554"	"immune system process"	"0.955498218029382"
"15303"	"GO:2000556"	"immune system process"	"0.904300277765791"
"15304"	"GO:2000557"	"immune system process"	"0.936922353767211"
"15305"	"GO:2000558"	"immune system process"	"0.936394257578144"
"15306"	"GO:2000559"	"metabolic process"	"0.350623871223905"
"15307"	"GO:2000560"	"immune system process"	"0.378991480446839"
"15308"	"GO:2000561"	"immune system process"	"0.969109400404857"
"15309"	"GO:2000562"	"immune system process"	"0.93111598409341"
"15310"	"GO:2000563"	"immune system process"	"0.927458612263725"
"15311"	"GO:2000564"	"immune system process"	"0.915514188540476"
"15312"	"GO:2000565"	"immune system process"	"0.826490900992887"
"15313"	"GO:2000566"	"immune system process"	"0.871999028361592"
"15314"	"GO:2000567"	"immune system process"	"0.91618745513225"
"15315"	"GO:2000568"	"immune system process"	"0.896227912256949"
"15316"	"GO:2000569"	"immune system process"	"0.920717781124826"
"15317"	"GO:2000570"	"immune system process"	"0.901830853433457"
"15318"	"GO:2000571"	"immune system process"	"0.868585732908583"
"15319"	"GO:2000572"	"immune system process"	"0.830795837603028"
"15320"	"GO:2000573"	"cell cycle"	"+"
"15321"	"GO:2000583"	"receptor related process"	"0.848200871100938"
"15322"	"GO:2000584"	"receptor related process"	"0.785750050000403"
"15323"	"GO:2000586"	"receptor related process"	"0.860954742747272"
"15324"	"GO:2000587"	"receptor related process"	"0.747802776233497"
"15325"	"GO:2000588"	"receptor related process"	"0.862448818057626"
"15326"	"GO:2000589"	"receptor related process"	"0.30393641461298"
"15327"	"GO:2000590"	"morphogenesis/development"	"0.587691967686715"
"15328"	"GO:2000591"	"cell cycle"	"0.275978268824413"
"15329"	"GO:2000592"	"morphogenesis/development"	"0.596842044354228"
"15330"	"GO:2000594"	"morphogenesis/development"	"0.420548787580168"
"15331"	"GO:2000595"	"morphogenesis/development"	"0.610454744994708"
"15332"	"GO:2000597"	"morphogenesis/development"	"0.463815513926454"
"15333"	"GO:2000601"	"cellular component organization"	"0.936797413299378"
"15334"	"GO:2000606"	"cell cycle"	"0.848686374491572"
"15335"	"GO:2000607"	"cell cycle"	"0.757546943021841"
"15336"	"GO:2000609"	"metabolic process"	"0.754903717526711"
"15337"	"GO:2000611"	"metabolic process"	"0.726151263992195"
"15338"	"GO:2000612"	"transport"	"0.747637846342079"
"15339"	"GO:2000622"	"gene regulation"	"0.944944246512648"
"15340"	"GO:2000623"	"gene regulation"	"0.947049731032074"
"15341"	"GO:2000625"	"metabolic process"	"0.681004782176979"
"15342"	"GO:2000626"	"gene regulation"	"0.567006424070192"
"15343"	"GO:2000627"	"metabolic process"	"0.614224595568532"
"15344"	"GO:2000628"	"metabolic process"	"+"
"15345"	"GO:2000629"	"metabolic process"	"0.621426280628462"
"15346"	"GO:2000630"	"metabolic process"	"+"
"15347"	"GO:2000631"	"gene regulation"	"0.925519079807139"
"15348"	"GO:2000632"	"gene regulation"	"0.91242203845099"
"15349"	"GO:2000633"	"gene regulation"	"0.947229777474226"
"15350"	"GO:2000634"	"gene regulation"	"0.913879109081463"
"15351"	"GO:2000635"	"gene regulation"	"0.903197731169636"
"15352"	"GO:2000636"	"gene regulation"	"0.909652055426994"
"15353"	"GO:2000637"	"gene regulation"	"0.848503443507532"
"15354"	"GO:2000638"	"protein modification/signaling"	"0.354357348835904"
"15355"	"GO:2000639"	"protein modification/signaling"	"0.342642574100597"
"15356"	"GO:2000640"	"protein modification/signaling"	"0.309779649369901"
"15357"	"GO:2000641"	"ER/endosome/lysosome related process"	"+"
"15358"	"GO:2000642"	"ER/endosome/lysosome related process"	"0.96886771321772"
"15359"	"GO:2000643"	"ER/endosome/lysosome related process"	"0.934306884204383"
"15360"	"GO:2000644"	"metabolic process"	"0.812337199235198"
"15361"	"GO:2000645"	"metabolic process"	"0.704879723765709"
"15362"	"GO:2000646"	"metabolic process"	"0.785626016808616"
"15363"	"GO:2000647"	"cell cycle"	"0.986101992060177"
"15364"	"GO:2000648"	"cell cycle"	"0.959134580634907"
"15365"	"GO:2000649"	"transport"	"0.801033869435497"
"15366"	"GO:2000650"	"transport"	"0.669223507106468"
"15367"	"GO:2000651"	"transport"	"0.743092837733161"
"15368"	"GO:2000654"	"response to stimulus"	"0.342441689120066"
"15369"	"GO:2000655"	"response to stimulus"	"0.384001291499145"
"15370"	"GO:2000659"	"immune system process"	"0.740927131525545"
"15371"	"GO:2000660"	"immune system process"	"0.729474052390605"
"15372"	"GO:2000661"	"receptor related process"	"0.287603070780437"
"15373"	"GO:2000668"	"cell death"	"0.879730144065619"
"15374"	"GO:2000669"	"cell death"	"0.835600816894997"
"15375"	"GO:2000670"	"cell death"	"0.745401390824894"
"15376"	"GO:2000671"	"cell death"	"0.924875048696959"
"15377"	"GO:2000672"	"cell death"	"+"
"15378"	"GO:2000673"	"cell death"	"0.90393983883058"
"15379"	"GO:2000674"	"cell death"	"0.792348462034947"
"15380"	"GO:2000675"	"cell death"	"0.732661880724386"
"15381"	"GO:2000676"	"cell death"	"0.477207896439547"
"15382"	"GO:2000677"	"gene regulation"	"0.883772592543693"
"15383"	"GO:2000678"	"gene regulation"	"0.799375639840045"
"15384"	"GO:2000679"	"gene regulation"	"0.904640735682547"
"15385"	"GO:2000683"	"immune system process"	"0.501742497568243"
"15386"	"GO:2000689"	"cellular component organization"	"0.519265735207717"
"15387"	"GO:2000690"	"morphogenesis/development"	"0.813553703420282"
"15388"	"GO:2000691"	"morphogenesis/development"	"0.627306124714463"
"15389"	"GO:2000696"	"morphogenesis/development"	"0.760885668071927"
"15390"	"GO:2000697"	"morphogenesis/development"	"0.738813094157874"
"15391"	"GO:2000698"	"morphogenesis/development"	"0.720879085845973"
"15392"	"GO:2000699"	"receptor related process"	"0.86899826587775"
"15393"	"GO:2000701"	"receptor related process"	"0.776996400462876"
"15394"	"GO:2000702"	"receptor related process"	"0.650307327682328"
"15395"	"GO:2000703"	"receptor related process"	"0.657460175523592"
"15396"	"GO:2000705"	"cellular component organization"	"0.47158093193303"
"15397"	"GO:2000706"	"cellular component organization"	"0.535479140663318"
"15398"	"GO:2000707"	"cellular component organization"	"0.499391175039728"
"15399"	"GO:2000718"	"cell cycle"	"0.933287285818865"
"15400"	"GO:2000719"	"cell cycle"	"0.885197038471231"
"15401"	"GO:2000720"	"cell cycle"	"0.952787887432029"
"15402"	"GO:2000722"	"morphogenesis/development"	"0.581025717708873"
"15403"	"GO:2000723"	"morphogenesis/development"	"0.621164493675127"
"15404"	"GO:2000724"	"morphogenesis/development"	"0.47851733326764"
"15405"	"GO:2000725"	"morphogenesis/development"	"0.87315534633181"
"15406"	"GO:2000726"	"morphogenesis/development"	"0.839210901890463"
"15407"	"GO:2000727"	"morphogenesis/development"	"0.774115593073308"
"15408"	"GO:2000729"	"cell cycle"	"0.890485744298224"
"15409"	"GO:2000730"	"gene regulation"	"0.855867551207383"
"15410"	"GO:2000733"	"receptor related process"	"0.664859630662959"
"15411"	"GO:2000734"	"receptor related process"	"0.57278697971977"
"15412"	"GO:2000736"	"morphogenesis/development"	"+"
"15413"	"GO:2000737"	"morphogenesis/development"	"+"
"15414"	"GO:2000738"	"morphogenesis/development"	"0.90815077937096"
"15415"	"GO:2000739"	"morphogenesis/development"	"0.896895357417954"
"15416"	"GO:2000740"	"morphogenesis/development"	"0.840026687449953"
"15417"	"GO:2000741"	"morphogenesis/development"	"0.561719694260341"
"15418"	"GO:2000742"	"morphogenesis/development"	"0.513814111719755"
"15419"	"GO:2000744"	"neural related process"	"0.44480224313561"
"15420"	"GO:2000752"	"metabolic process"	"0.852831572906894"
"15421"	"GO:2000753"	"metabolic process"	"0.788902577771775"
"15422"	"GO:2000754"	"metabolic process"	"0.861209013869131"
"15423"	"GO:2000755"	"metabolic process"	"0.90931493363346"
"15424"	"GO:2000756"	"protein modification/signaling"	"0.950203640740122"
"15425"	"GO:2000757"	"protein modification/signaling"	"0.941763091752225"
"15426"	"GO:2000758"	"protein modification/signaling"	"+"
"15427"	"GO:2000759"	"protein modification/signaling"	"0.801715979537829"
"15428"	"GO:2000761"	"protein modification/signaling"	"0.823804147204941"
"15429"	"GO:2000765"	"gene regulation"	"+"
"15430"	"GO:2000766"	"gene regulation"	"0.877727493896689"
"15431"	"GO:2000767"	"gene regulation"	"0.946995874784198"
"15432"	"GO:2000768"	"morphogenesis/development"	"0.625163924190174"
"15433"	"GO:2000769"	"cellular component organization"	"0.560370730992222"
"15434"	"GO:2000771"	"cellular component organization"	"0.544888251690788"
"15435"	"GO:2000772"	"stress response"	"0.278093375255704"
"15436"	"GO:2000773"	"stress response"	"0.464096293434222"
"15437"	"GO:2000774"	"stress response"	"0.459773172095298"
"15438"	"GO:2000779"	"stress response"	"+"
"15439"	"GO:2000780"	"stress response"	"0.967399888932236"
"15440"	"GO:2000781"	"stress response"	"0.935969005450013"
"15441"	"GO:2000785"	"cellular component organization"	"0.94945047924681"
"15442"	"GO:2000786"	"cellular component organization"	"0.730478213218623"
"15443"	"GO:2000790"	"cell cycle"	"0.9315517291047"
"15444"	"GO:2000791"	"cell cycle"	"0.654388765124339"
"15445"	"GO:2000793"	"cell cycle"	"0.543565277824584"
"15446"	"GO:2000794"	"cell cycle"	"0.859737181303877"
"15447"	"GO:2000795"	"cell cycle"	"0.82688861339245"
"15448"	"GO:2000797"	"morphogenesis/development"	"0.791452415049495"
"15449"	"GO:2000798"	"morphogenesis/development"	"0.705413074490351"
"15450"	"GO:2000800"	"morphogenesis/development"	"0.789264882844613"
"15451"	"GO:2000802"	"morphogenesis/development"	"0.893982649815019"
"15452"	"GO:2000804"	"gene regulation"	"0.897878682014075"
"15453"	"GO:2000805"	"gene regulation"	"0.902084809286805"
"15454"	"GO:2000806"	"gene regulation"	"0.911890060911985"
"15455"	"GO:2000807"	"neural related process"	"0.684954432093777"
"15456"	"GO:2000808"	"neural related process"	"0.287613240938917"
"15457"	"GO:2000809"	"neural related process"	"0.81885087826126"
"15458"	"GO:2000810"	"cellular component organization"	"0.859564837710093"
"15459"	"GO:2000811"	"cell death"	"0.920093057588252"
"15460"	"GO:2000812"	"cellular component organization"	"0.922537626660582"
"15461"	"GO:2000813"	"cellular component organization"	"0.8576123007809"
"15462"	"GO:2000816"	"cell cycle"	"+"
"15463"	"GO:2000818"	"cell cycle"	"0.948513427415784"
"15464"	"GO:2000819"	"stress response"	"+"
"15465"	"GO:2000821"	"neural related process"	"0.831844542535558"
"15466"	"GO:2000822"	"stress response"	"0.294605034631683"
"15467"	"GO:2000825"	"receptor related process"	"0.369731979597214"
"15468"	"GO:2000826"	"morphogenesis/development"	"0.904254518308497"
"15469"	"GO:2000827"	"metabolic process"	"0.448922399451928"
"15470"	"GO:2000828"	"transport"	"0.608397530133051"
"15471"	"GO:2000830"	"transport"	"0.426408494481483"
"15472"	"GO:2000831"	"transport"	"+"
"15473"	"GO:2000832"	"transport"	"0.825169989536002"
"15474"	"GO:2000833"	"transport"	"0.880360895975172"
"15475"	"GO:2000834"	"transport"	"0.822759349956261"
"15476"	"GO:2000836"	"transport"	"0.819375673073436"
"15477"	"GO:2000843"	"transport"	"0.774485744904273"
"15478"	"GO:2000845"	"transport"	"0.666554263109168"
"15479"	"GO:2000846"	"transport"	"0.869743832372849"
"15480"	"GO:2000847"	"transport"	"0.886734656192294"
"15481"	"GO:2000848"	"transport"	"0.906496086057148"
"15482"	"GO:2000849"	"transport"	"0.909380975000331"
"15483"	"GO:2000850"	"transport"	"0.84880450394999"
"15484"	"GO:2000851"	"transport"	"0.830834434363822"
"15485"	"GO:2000852"	"transport"	"0.781501293798391"
"15486"	"GO:2000853"	"transport"	"0.605133773302291"
"15487"	"GO:2000854"	"transport"	"0.611626717358024"
"15488"	"GO:2000855"	"transport"	"0.801925690602616"
"15489"	"GO:2000857"	"transport"	"0.789790424958781"
"15490"	"GO:2000858"	"transport"	"0.764219877909844"
"15491"	"GO:2000860"	"transport"	"0.859435692852525"
"15492"	"GO:2000864"	"transport"	"0.838733040871891"
"15493"	"GO:2000866"	"transport"	"0.781560450802447"
"15494"	"GO:2000870"	"transport"	"0.39164389118889"
"15495"	"GO:2000872"	"transport"	"0.503880048956803"
"15496"	"GO:2000878"	"transport"	"0.823901972987204"
"15497"	"GO:2000880"	"transport"	"0.816917240465728"
"15498"	"GO:2000891"	"metabolic process"	"0.991257995527436"
"15499"	"GO:2000892"	"metabolic process"	"0.990448808839873"
"15500"	"GO:2000896"	"metabolic process"	"0.971624994947958"
"15501"	"GO:2000900"	"metabolic process"	"0.991474035605165"
"15502"	"GO:2000969"	"receptor related process"	"0.566072508763446"
"15503"	"GO:2000970"	"response to stimulus"	"0.330374556171301"
"15504"	"GO:2000972"	"response to stimulus"	"0.27775568542495"
"15505"	"GO:2000973"	"immune system process"	"0.641263618860491"
"15506"	"GO:2000974"	"immune system process"	"0.616909925828945"
"15507"	"GO:2000975"	"morphogenesis/development"	"0.364010242761913"
"15508"	"GO:2000977"	"neural related process"	"0.599649864252739"
"15509"	"GO:2000978"	"neural related process"	"0.587111130352948"
"15510"	"GO:2000979"	"neural related process"	"0.67356117783577"
"15511"	"GO:2000980"	"morphogenesis/development"	"0.683175750717619"
"15512"	"GO:2000981"	"morphogenesis/development"	"0.41475749632744"
"15513"	"GO:2000982"	"neural related process"	"0.717809387961908"
"15514"	"GO:2000983"	"metabolic process"	"0.52803589553992"
"15515"	"GO:2000984"	"metabolic process"	"0.51608105334802"
"15516"	"GO:2000987"	"stress response"	"0.351193391008424"
"15517"	"GO:2001012"	"morphogenesis/development"	"0.911922223441908"
"15518"	"GO:2001013"	"cell cycle"	"0.846930853510499"
"15519"	"GO:2001014"	"morphogenesis/development"	"+"
"15520"	"GO:2001015"	"morphogenesis/development"	"0.547165173971693"
"15521"	"GO:2001016"	"morphogenesis/development"	"0.828453080497294"
"15522"	"GO:2001017"	"transport"	"0.672332417349784"
"15523"	"GO:2001019"	"transport"	"0.502951336857905"
"15524"	"GO:2001023"	"response to stimulus"	"0.308700912629388"
"15525"	"GO:2001025"	"response to stimulus"	"0.267475573548981"
"15526"	"GO:2001026"	"response to stimulus"	"0.939702719642895"
"15527"	"GO:2001027"	"response to stimulus"	"0.53264149057181"
"15528"	"GO:2001028"	"response to stimulus"	"+"
"15529"	"GO:2001029"	"metabolic process"	"0.810474805716705"
"15530"	"GO:2001030"	"metabolic process"	"0.832654641118372"
"15531"	"GO:2001031"	"metabolic process"	"0.52309699205536"
"15532"	"GO:2001032"	"stress response"	"0.922767844380125"
"15533"	"GO:2001033"	"stress response"	"0.892770855855416"
"15534"	"GO:2001034"	"stress response"	"0.88033258122501"
"15535"	"GO:2001035"	"morphogenesis/development"	"0.891227162814147"
"15536"	"GO:2001037"	"morphogenesis/development"	"0.779875666406162"
"15537"	"GO:2001038"	"response to stimulus"	"0.305990710490379"
"15538"	"GO:2001040"	"response to stimulus"	"0.225166736462581"
"15539"	"GO:2001044"	"protein modification/signaling"	"+"
"15540"	"GO:2001045"	"protein modification/signaling"	"0.705883092724718"
"15541"	"GO:2001046"	"protein modification/signaling"	"+"
"15542"	"GO:2001049"	"morphogenesis/development"	"0.723736763929294"
"15543"	"GO:2001051"	"morphogenesis/development"	"0.529672430628473"
"15544"	"GO:2001053"	"cell death"	"0.713538610041763"
"15545"	"GO:2001054"	"cell death"	"0.814987932175348"
"15546"	"GO:2001055"	"cell death"	"0.789968190125151"
"15547"	"GO:2001056"	"cell death"	"+"
"15548"	"GO:2001057"	"metabolic process"	"+"
"15549"	"GO:2001074"	"morphogenesis/development"	"0.865993564519351"
"15550"	"GO:2001076"	"morphogenesis/development"	"0.882199201077544"
"15551"	"GO:2001107"	"protein modification/signaling"	"0.203987939083895"
"15552"	"GO:2001108"	"protein modification/signaling"	"0.186720503695278"
"15553"	"GO:2001109"	"cell cycle"	"0.928045463728889"
"15554"	"GO:2001111"	"cell cycle"	"0.811884466779034"
"15555"	"GO:2001112"	"response to stimulus"	"0.570183009235249"
"15556"	"GO:2001113"	"response to stimulus"	"0.457706422296585"
"15557"	"GO:2001114"	"response to stimulus"	"0.61921864431843"
"15558"	"GO:2001124"	"gene regulation"	"0.863200134064497"
"15559"	"GO:2001125"	"gene regulation"	"0.791333684051902"
"15560"	"GO:2001135"	"ER/endosome/lysosome related process"	"0.53943340968015"
"15561"	"GO:2001136"	"ER/endosome/lysosome related process"	"0.708497630810116"
"15562"	"GO:2001137"	"ER/endosome/lysosome related process"	"0.680829693171083"
"15563"	"GO:2001138"	"transport"	"0.658413401409454"
"15564"	"GO:2001140"	"transport"	"0.647423652527376"
"15565"	"GO:2001141"	"gene regulation"	"+"
"15566"	"GO:2001142"	"transport"	"0.888298627046353"
"15567"	"GO:2001148"	"transport"	"0.795438141428086"
"15568"	"GO:2001150"	"transport"	"0.825372196685791"
"15569"	"GO:2001151"	"transport"	"0.549955076256286"
"15570"	"GO:2001153"	"transport"	"0.532042466473991"
"15571"	"GO:2001169"	"metabolic process"	"0.859852090958161"
"15572"	"GO:2001170"	"metabolic process"	"0.741420982501011"
"15573"	"GO:2001171"	"metabolic process"	"+"
"15574"	"GO:2001176"	"cellular component organization"	"0.80186846719355"
"15575"	"GO:2001178"	"cellular component organization"	"0.855027658308967"
"15576"	"GO:2001185"	"immune system process"	"0.925016781001247"
"15577"	"GO:2001186"	"immune system process"	"0.893384343886134"
"15578"	"GO:2001187"	"immune system process"	"0.854769891699297"
"15579"	"GO:2001188"	"immune system process"	"0.774861907467237"
"15580"	"GO:2001189"	"immune system process"	"0.832294297127776"
"15581"	"GO:2001190"	"immune system process"	"0.84438221198789"
"15582"	"GO:2001197"	"cellular component organization"	"0.516970940936409"
"15583"	"GO:2001198"	"immune system process"	"0.567280622131268"
"15584"	"GO:2001199"	"immune system process"	"0.823006529184529"
"15585"	"GO:2001200"	"immune system process"	"0.681685310045775"
"15586"	"GO:2001204"	"morphogenesis/development"	"0.666993912463695"
"15587"	"GO:2001205"	"immune system process"	"0.733008253427243"
"15588"	"GO:2001206"	"morphogenesis/development"	"0.589750750193153"
"15589"	"GO:2001212"	"morphogenesis/development"	"0.764662152352619"
"15590"	"GO:2001213"	"morphogenesis/development"	"0.724138055438802"
"15591"	"GO:2001214"	"morphogenesis/development"	"0.683498721653174"
"15592"	"GO:2001222"	"neural related process"	"0.705701372317718"
"15593"	"GO:2001223"	"neural related process"	"0.303430162388338"
"15594"	"GO:2001224"	"neural related process"	"0.684327800893954"
"15595"	"GO:2001225"	"transport"	"0.845343149674264"
"15596"	"GO:2001226"	"transport"	"0.808729568885194"
"15597"	"GO:2001233"	"cell death"	"+"
"15598"	"GO:2001234"	"cell death"	"+"
"15599"	"GO:2001235"	"cell death"	"+"
"15600"	"GO:2001236"	"cell death"	"+"
"15601"	"GO:2001237"	"cell death"	"+"
"15602"	"GO:2001238"	"cell death"	"+"
"15603"	"GO:2001239"	"cell death"	"+"
"15604"	"GO:2001240"	"cell death"	"+"
"15605"	"GO:2001241"	"cell death"	"0.903000038039562"
"15606"	"GO:2001242"	"cell death"	"+"
"15607"	"GO:2001243"	"cell death"	"+"
"15608"	"GO:2001244"	"cell death"	"+"
"15609"	"GO:2001245"	"metabolic process"	"0.917946656920331"
"15610"	"GO:2001246"	"metabolic process"	"0.916523882793777"
"15611"	"GO:2001247"	"metabolic process"	"0.83620115990685"
"15612"	"GO:2001248"	"metabolic process"	"0.233763755505683"
"15613"	"GO:2001250"	"metabolic process"	"0.273718774162125"
"15614"	"GO:2001251"	"cell cycle"	"+"
"15615"	"GO:2001252"	"cell cycle"	"0.985049768511008"
"15616"	"GO:2001256"	"transport"	"0.696859247365294"
"15617"	"GO:2001257"	"transport"	"0.431883608336607"
"15618"	"GO:2001258"	"transport"	"0.591754547147147"
"15619"	"GO:2001259"	"transport"	"0.492213321822239"
"15620"	"GO:2001260"	"neural related process"	"0.294622015511069"
"15621"	"GO:2001262"	"receptor related process"	"0.319323859571109"
"15622"	"GO:2001279"	"metabolic process"	"0.573285303636485"
"15623"	"GO:2001280"	"metabolic process"	"0.545387009747757"
"15624"	"GO:2001286"	"cellular component organization"	"0.452703049294837"
"15625"	"GO:2001287"	"cellular component organization"	"0.33468560856617"
"15626"	"GO:2001288"	"transport"	"0.362803416916129"
"15627"	"GO:2001293"	"metabolic process"	"0.988557804608615"
"15628"	"GO:2001294"	"metabolic process"	"0.988392691597429"
"15629"	"GO:2001295"	"metabolic process"	"0.979334075679788"
"15630"	"GO:2001300"	"morphogenesis/development"	"0.236271303402216"
"15631"	"GO:2001301"	"cellular component organization"	"0.177105626617543"
"15632"	"GO:2001302"	"morphogenesis/development"	"0.22904210990059"
"15633"	"GO:2001303"	"other"	"0.365044839764496"
"15634"	"GO:2001304"	"other"	"0.195824837044162"
"15635"	"GO:2001306"	"morphogenesis/development"	"0.158506205281175"
"15636"	"GO:2001311"	"metabolic process"	"0.199181980566723"
