"term_id"	"Subcluster"
"1"	"GO:0000002"	2
"2"	"GO:0000012"	2
"3"	"GO:0000017"	12
"4"	"GO:0000018"	2
"5"	"GO:0000019"	2
"6"	"GO:0000022"	22
"7"	"GO:0000023"	49
"8"	"GO:0000025"	49
"9"	"GO:0000027"	10
"10"	"GO:0000028"	10
"11"	"GO:0000038"	21
"12"	"GO:0000041"	34
"13"	"GO:0000045"	11
"14"	"GO:0000050"	21
"15"	"GO:0000052"	21
"16"	"GO:0000053"	21
"17"	"GO:0000054"	37
"18"	"GO:0000055"	37
"19"	"GO:0000056"	37
"20"	"GO:0000070"	22
"21"	"GO:0000075"	22
"22"	"GO:0000076"	22
"23"	"GO:0000077"	22
"24"	"GO:0000079"	28
"25"	"GO:0000082"	22
"26"	"GO:0000086"	22
"27"	"GO:0000096"	21
"28"	"GO:0000097"	21
"29"	"GO:0000098"	21
"30"	"GO:0000101"	12
"31"	"GO:0000103"	40
"32"	"GO:0000105"	21
"33"	"GO:0000122"	27
"34"	"GO:0000132"	22
"35"	"GO:0000154"	25
"36"	"GO:0000165"	44
"37"	"GO:0000183"	4
"38"	"GO:0000184"	4
"39"	"GO:0000209"	28
"40"	"GO:0000212"	22
"41"	"GO:0000226"	11
"42"	"GO:0000244"	10
"43"	"GO:0000245"	10
"44"	"GO:0000255"	40
"45"	"GO:0000256"	49
"46"	"GO:0000266"	11
"47"	"GO:0000270"	49
"48"	"GO:0000271"	16
"49"	"GO:0000272"	16
"50"	"GO:0000278"	22
"51"	"GO:0000280"	22
"52"	"GO:0000281"	22
"53"	"GO:0000288"	4
"54"	"GO:0000289"	4
"55"	"GO:0000290"	4
"56"	"GO:0000296"	12
"57"	"GO:0000301"	37
"58"	"GO:0000302"	50
"59"	"GO:0000303"	50
"60"	"GO:0000304"	18
"61"	"GO:0000305"	50
"62"	"GO:0000320"	22
"63"	"GO:0000338"	26
"64"	"GO:0000348"	10
"65"	"GO:0000349"	10
"66"	"GO:0000350"	10
"67"	"GO:0000353"	10
"68"	"GO:0000354"	10
"69"	"GO:0000365"	25
"70"	"GO:0000375"	25
"71"	"GO:0000377"	25
"72"	"GO:0000378"	25
"73"	"GO:0000379"	25
"74"	"GO:0000380"	25
"75"	"GO:0000381"	4
"76"	"GO:0000387"	10
"77"	"GO:0000388"	10
"78"	"GO:0000389"	10
"79"	"GO:0000390"	10
"80"	"GO:0000393"	10
"81"	"GO:0000394"	25
"82"	"GO:0000395"	10
"83"	"GO:0000398"	25
"84"	"GO:0000409"	4
"85"	"GO:0000411"	4
"86"	"GO:0000413"	26
"87"	"GO:0000422"	10
"88"	"GO:0000423"	10
"89"	"GO:0000425"	10
"90"	"GO:0000429"	4
"91"	"GO:0000430"	4
"92"	"GO:0000431"	4
"93"	"GO:0000432"	4
"94"	"GO:0000435"	4
"95"	"GO:0000436"	4
"96"	"GO:0000447"	25
"97"	"GO:0000448"	25
"98"	"GO:0000451"	25
"99"	"GO:0000454"	25
"100"	"GO:0000455"	25
"101"	"GO:0000460"	25
"102"	"GO:0000461"	25
"103"	"GO:0000462"	25
"104"	"GO:0000463"	25
"105"	"GO:0000466"	25
"106"	"GO:0000467"	25
"107"	"GO:0000470"	25
"108"	"GO:0000472"	25
"109"	"GO:0000479"	25
"110"	"GO:0000480"	25
"111"	"GO:0000481"	25
"112"	"GO:0000491"	10
"113"	"GO:0000492"	10
"114"	"GO:0000493"	10
"115"	"GO:0000494"	25
"116"	"GO:0000495"	25
"117"	"GO:0000512"	4
"118"	"GO:0000578"	15
"119"	"GO:0000706"	2
"120"	"GO:0000707"	2
"121"	"GO:0000708"	2
"122"	"GO:0000709"	2
"123"	"GO:0000710"	2
"124"	"GO:0000711"	2
"125"	"GO:0000712"	22
"126"	"GO:0000715"	2
"127"	"GO:0000717"	2
"128"	"GO:0000720"	2
"129"	"GO:0000722"	2
"130"	"GO:0000723"	2
"131"	"GO:0000724"	2
"132"	"GO:0000725"	2
"133"	"GO:0000727"	2
"134"	"GO:0000729"	2
"135"	"GO:0000730"	10
"136"	"GO:0000731"	2
"137"	"GO:0000732"	2
"138"	"GO:0000741"	11
"139"	"GO:0000768"	11
"140"	"GO:0000819"	22
"141"	"GO:0000820"	46
"142"	"GO:0000821"	46
"143"	"GO:0000902"	27
"144"	"GO:0000910"	22
"145"	"GO:0000912"	10
"146"	"GO:0000915"	10
"147"	"GO:0000916"	22
"148"	"GO:0000917"	11
"149"	"GO:0000921"	10
"150"	"GO:0000956"	4
"151"	"GO:0000957"	25
"152"	"GO:0000958"	4
"153"	"GO:0000959"	25
"154"	"GO:0000960"	4
"155"	"GO:0000961"	4
"156"	"GO:0000962"	4
"157"	"GO:0000963"	25
"158"	"GO:0000964"	25
"159"	"GO:0000965"	25
"160"	"GO:0000966"	25
"161"	"GO:0000967"	25
"162"	"GO:0000968"	25
"163"	"GO:0000972"	2
"164"	"GO:0000973"	2
"165"	"GO:0001079"	4
"166"	"GO:0001080"	4
"167"	"GO:0001100"	42
"168"	"GO:0001101"	50
"169"	"GO:0001109"	25
"170"	"GO:0001111"	25
"171"	"GO:0001112"	10
"172"	"GO:0001113"	10
"173"	"GO:0001120"	10
"174"	"GO:0001172"	25
"175"	"GO:0001173"	25
"176"	"GO:0001174"	25
"177"	"GO:0001178"	4
"178"	"GO:0001188"	10
"179"	"GO:0001192"	25
"180"	"GO:0001193"	25
"181"	"GO:0001325"	2
"182"	"GO:0001408"	12
"183"	"GO:0001501"	32
"184"	"GO:0001502"	24
"185"	"GO:0001503"	27
"186"	"GO:0001504"	5
"187"	"GO:0001507"	49
"188"	"GO:0001508"	51
"189"	"GO:0001510"	25
"190"	"GO:0001514"	4
"191"	"GO:0001516"	21
"192"	"GO:0001519"	26
"193"	"GO:0001522"	25
"194"	"GO:0001523"	49
"195"	"GO:0001525"	27
"196"	"GO:0001539"	15
"197"	"GO:0001541"	32
"198"	"GO:0001542"	15
"199"	"GO:0001543"	14
"200"	"GO:0001544"	14
"201"	"GO:0001545"	14
"202"	"GO:0001546"	14
"203"	"GO:0001547"	14
"204"	"GO:0001549"	24
"205"	"GO:0001550"	14
"206"	"GO:0001552"	14
"207"	"GO:0001553"	14
"208"	"GO:0001554"	14
"209"	"GO:0001555"	14
"210"	"GO:0001556"	22
"211"	"GO:0001558"	27
"212"	"GO:0001560"	43
"213"	"GO:0001561"	21
"214"	"GO:0001562"	1
"215"	"GO:0001568"	27
"216"	"GO:0001569"	48
"217"	"GO:0001570"	27
"218"	"GO:0001572"	49
"219"	"GO:0001573"	49
"220"	"GO:0001574"	49
"221"	"GO:0001575"	49
"222"	"GO:0001576"	49
"223"	"GO:0001578"	10
"224"	"GO:0001579"	12
"225"	"GO:0001580"	52
"226"	"GO:0001581"	52
"227"	"GO:0001582"	52
"228"	"GO:0001649"	27
"229"	"GO:0001654"	32
"230"	"GO:0001655"	32
"231"	"GO:0001656"	32
"232"	"GO:0001657"	48
"233"	"GO:0001658"	48
"234"	"GO:0001659"	52
"235"	"GO:0001660"	52
"236"	"GO:0001661"	33
"237"	"GO:0001662"	52
"238"	"GO:0001666"	50
"239"	"GO:0001667"	30
"240"	"GO:0001675"	15
"241"	"GO:0001676"	21
"242"	"GO:0001678"	34
"243"	"GO:0001680"	25
"244"	"GO:0001682"	25
"245"	"GO:0001692"	49
"246"	"GO:0001694"	49
"247"	"GO:0001695"	49
"248"	"GO:0001696"	5
"249"	"GO:0001698"	5
"250"	"GO:0001701"	32
"251"	"GO:0001702"	48
"252"	"GO:0001704"	32
"253"	"GO:0001705"	48
"254"	"GO:0001706"	32
"255"	"GO:0001707"	48
"256"	"GO:0001708"	27
"257"	"GO:0001709"	24
"258"	"GO:0001710"	24
"259"	"GO:0001711"	24
"260"	"GO:0001712"	24
"261"	"GO:0001714"	24
"262"	"GO:0001715"	24
"263"	"GO:0001717"	26
"264"	"GO:0001731"	10
"265"	"GO:0001732"	10
"266"	"GO:0001736"	48
"267"	"GO:0001738"	15
"268"	"GO:0001743"	48
"269"	"GO:0001754"	24
"270"	"GO:0001755"	17
"271"	"GO:0001756"	15
"272"	"GO:0001757"	15
"273"	"GO:0001759"	48
"274"	"GO:0001762"	12
"275"	"GO:0001763"	48
"276"	"GO:0001764"	17
"277"	"GO:0001765"	11
"278"	"GO:0001766"	11
"279"	"GO:0001767"	47
"280"	"GO:0001768"	47
"281"	"GO:0001770"	47
"282"	"GO:0001771"	47
"283"	"GO:0001773"	47
"284"	"GO:0001774"	47
"285"	"GO:0001775"	47
"286"	"GO:0001776"	47
"287"	"GO:0001777"	47
"288"	"GO:0001778"	11
"289"	"GO:0001779"	47
"290"	"GO:0001780"	47
"291"	"GO:0001781"	47
"292"	"GO:0001782"	47
"293"	"GO:0001783"	47
"294"	"GO:0001787"	47
"295"	"GO:0001788"	29
"296"	"GO:0001794"	29
"297"	"GO:0001796"	6
"298"	"GO:0001797"	6
"299"	"GO:0001798"	6
"300"	"GO:0001802"	29
"301"	"GO:0001803"	6
"302"	"GO:0001805"	6
"303"	"GO:0001806"	29
"304"	"GO:0001807"	6
"305"	"GO:0001808"	6
"306"	"GO:0001809"	6
"307"	"GO:0001810"	6
"308"	"GO:0001811"	6
"309"	"GO:0001812"	6
"310"	"GO:0001813"	6
"311"	"GO:0001814"	6
"312"	"GO:0001815"	6
"313"	"GO:0001816"	1
"314"	"GO:0001817"	1
"315"	"GO:0001818"	1
"316"	"GO:0001819"	1
"317"	"GO:0001820"	5
"318"	"GO:0001821"	5
"319"	"GO:0001822"	32
"320"	"GO:0001823"	48
"321"	"GO:0001824"	32
"322"	"GO:0001825"	32
"323"	"GO:0001826"	24
"324"	"GO:0001827"	24
"325"	"GO:0001828"	14
"326"	"GO:0001829"	24
"327"	"GO:0001830"	24
"328"	"GO:0001831"	14
"329"	"GO:0001832"	14
"330"	"GO:0001833"	14
"331"	"GO:0001834"	41
"332"	"GO:0001835"	15
"333"	"GO:0001836"	44
"334"	"GO:0001837"	27
"335"	"GO:0001838"	48
"336"	"GO:0001839"	48
"337"	"GO:0001840"	3
"338"	"GO:0001841"	48
"339"	"GO:0001842"	48
"340"	"GO:0001843"	48
"341"	"GO:0001845"	11
"342"	"GO:0001865"	47
"343"	"GO:0001866"	13
"344"	"GO:0001867"	6
"345"	"GO:0001868"	6
"346"	"GO:0001869"	6
"347"	"GO:0001878"	1
"348"	"GO:0001879"	1
"349"	"GO:0001880"	48
"350"	"GO:0001881"	37
"351"	"GO:0001885"	3
"352"	"GO:0001886"	48
"353"	"GO:0001887"	21
"354"	"GO:0001889"	32
"355"	"GO:0001890"	32
"356"	"GO:0001892"	32
"357"	"GO:0001893"	32
"358"	"GO:0001894"	52
"359"	"GO:0001895"	52
"360"	"GO:0001905"	6
"361"	"GO:0001906"	1
"362"	"GO:0001909"	29
"363"	"GO:0001910"	29
"364"	"GO:0001911"	6
"365"	"GO:0001912"	29
"366"	"GO:0001913"	29
"367"	"GO:0001914"	29
"368"	"GO:0001915"	6
"369"	"GO:0001916"	29
"370"	"GO:0001919"	9
"371"	"GO:0001920"	46
"372"	"GO:0001921"	9
"373"	"GO:0001922"	47
"374"	"GO:0001923"	47
"375"	"GO:0001927"	10
"376"	"GO:0001928"	43
"377"	"GO:0001932"	28
"378"	"GO:0001933"	28
"379"	"GO:0001934"	28
"380"	"GO:0001935"	41
"381"	"GO:0001936"	41
"382"	"GO:0001937"	41
"383"	"GO:0001938"	41
"384"	"GO:0001941"	11
"385"	"GO:0001942"	32
"386"	"GO:0001944"	27
"387"	"GO:0001945"	32
"388"	"GO:0001946"	48
"389"	"GO:0001947"	48
"390"	"GO:0001949"	24
"391"	"GO:0001951"	53
"392"	"GO:0001952"	30
"393"	"GO:0001953"	30
"394"	"GO:0001954"	30
"395"	"GO:0001955"	3
"396"	"GO:0001956"	5
"397"	"GO:0001957"	14
"398"	"GO:0001958"	32
"399"	"GO:0001959"	44
"400"	"GO:0001960"	20
"401"	"GO:0001961"	35
"402"	"GO:0001963"	45
"403"	"GO:0001964"	33
"404"	"GO:0001966"	33
"405"	"GO:0001967"	33
"406"	"GO:0001969"	6
"407"	"GO:0001970"	6
"408"	"GO:0001971"	6
"409"	"GO:0001973"	35
"410"	"GO:0001974"	32
"411"	"GO:0001975"	18
"412"	"GO:0001976"	33
"413"	"GO:0001977"	53
"414"	"GO:0001978"	33
"415"	"GO:0001979"	33
"416"	"GO:0001980"	33
"417"	"GO:0001983"	53
"418"	"GO:0001984"	53
"419"	"GO:0001985"	53
"420"	"GO:0001990"	33
"421"	"GO:0001991"	33
"422"	"GO:0001992"	33
"423"	"GO:0001993"	33
"424"	"GO:0001994"	53
"425"	"GO:0001996"	53
"426"	"GO:0001997"	53
"427"	"GO:0001998"	53
"428"	"GO:0001999"	33
"429"	"GO:0002001"	5
"430"	"GO:0002002"	53
"431"	"GO:0002003"	26
"432"	"GO:0002007"	52
"433"	"GO:0002009"	48
"434"	"GO:0002011"	48
"435"	"GO:0002014"	33
"436"	"GO:0002016"	33
"437"	"GO:0002017"	33
"438"	"GO:0002018"	5
"439"	"GO:0002019"	53
"440"	"GO:0002021"	52
"441"	"GO:0002023"	52
"442"	"GO:0002024"	33
"443"	"GO:0002025"	53
"444"	"GO:0002026"	53
"445"	"GO:0002027"	51
"446"	"GO:0002028"	34
"447"	"GO:0002029"	35
"448"	"GO:0002030"	26
"449"	"GO:0002031"	38
"450"	"GO:0002033"	53
"451"	"GO:0002034"	33
"452"	"GO:0002035"	33
"453"	"GO:0002036"	23
"454"	"GO:0002037"	23
"455"	"GO:0002038"	23
"456"	"GO:0002040"	27
"457"	"GO:0002041"	48
"458"	"GO:0002042"	30
"459"	"GO:0002043"	41
"460"	"GO:0002051"	24
"461"	"GO:0002052"	7
"462"	"GO:0002053"	41
"463"	"GO:0002062"	32
"464"	"GO:0002063"	32
"465"	"GO:0002064"	32
"466"	"GO:0002065"	24
"467"	"GO:0002066"	3
"468"	"GO:0002067"	24
"469"	"GO:0002068"	3
"470"	"GO:0002069"	24
"471"	"GO:0002070"	3
"472"	"GO:0002071"	24
"473"	"GO:0002072"	48
"474"	"GO:0002074"	3
"475"	"GO:0002076"	3
"476"	"GO:0002077"	26
"477"	"GO:0002082"	16
"478"	"GO:0002084"	26
"479"	"GO:0002085"	39
"480"	"GO:0002086"	53
"481"	"GO:0002087"	33
"482"	"GO:0002088"	32
"483"	"GO:0002089"	48
"484"	"GO:0002090"	38
"485"	"GO:0002091"	8
"486"	"GO:0002092"	23
"487"	"GO:0002093"	48
"488"	"GO:0002097"	25
"489"	"GO:0002098"	25
"490"	"GO:0002100"	25
"491"	"GO:0002101"	25
"492"	"GO:0002115"	34
"493"	"GO:0002118"	33
"494"	"GO:0002121"	33
"495"	"GO:0002125"	33
"496"	"GO:0002127"	25
"497"	"GO:0002128"	25
"498"	"GO:0002130"	25
"499"	"GO:0002138"	21
"500"	"GO:0002143"	25
"501"	"GO:0002148"	21
"502"	"GO:0002149"	21
"503"	"GO:0002152"	21
"504"	"GO:0002154"	35
"505"	"GO:0002155"	35
"506"	"GO:0002157"	20
"507"	"GO:0002158"	47
"508"	"GO:0002159"	11
"509"	"GO:0002174"	41
"510"	"GO:0002175"	37
"511"	"GO:0002176"	14
"512"	"GO:0002181"	25
"513"	"GO:0002182"	26
"514"	"GO:0002183"	25
"515"	"GO:0002184"	10
"516"	"GO:0002188"	25
"517"	"GO:0002190"	25
"518"	"GO:0002191"	25
"519"	"GO:0002192"	25
"520"	"GO:0002194"	14
"521"	"GO:0002200"	29
"522"	"GO:0002204"	29
"523"	"GO:0002208"	29
"524"	"GO:0002209"	52
"525"	"GO:0002215"	1
"526"	"GO:0002218"	6
"527"	"GO:0002220"	35
"528"	"GO:0002221"	6
"529"	"GO:0002222"	35
"530"	"GO:0002223"	35
"531"	"GO:0002224"	35
"532"	"GO:0002225"	6
"533"	"GO:0002227"	1
"534"	"GO:0002228"	1
"535"	"GO:0002230"	1
"536"	"GO:0002232"	30
"537"	"GO:0002237"	1
"538"	"GO:0002238"	18
"539"	"GO:0002244"	24
"540"	"GO:0002246"	52
"541"	"GO:0002248"	52
"542"	"GO:0002249"	29
"543"	"GO:0002250"	29
"544"	"GO:0002251"	29
"545"	"GO:0002252"	29
"546"	"GO:0002253"	6
"547"	"GO:0002254"	49
"548"	"GO:0002260"	47
"549"	"GO:0002262"	47
"550"	"GO:0002263"	29
"551"	"GO:0002264"	47
"552"	"GO:0002265"	47
"553"	"GO:0002266"	47
"554"	"GO:0002268"	47
"555"	"GO:0002269"	47
"556"	"GO:0002270"	47
"557"	"GO:0002273"	47
"558"	"GO:0002274"	29
"559"	"GO:0002275"	29
"560"	"GO:0002276"	47
"561"	"GO:0002277"	47
"562"	"GO:0002278"	29
"563"	"GO:0002279"	47
"564"	"GO:0002280"	47
"565"	"GO:0002281"	29
"566"	"GO:0002282"	47
"567"	"GO:0002283"	29
"568"	"GO:0002285"	29
"569"	"GO:0002286"	47
"570"	"GO:0002287"	47
"571"	"GO:0002291"	47
"572"	"GO:0002292"	47
"573"	"GO:0002293"	47
"574"	"GO:0002294"	47
"575"	"GO:0002295"	47
"576"	"GO:0002296"	47
"577"	"GO:0002298"	47
"578"	"GO:0002299"	47
"579"	"GO:0002300"	47
"580"	"GO:0002302"	47
"581"	"GO:0002304"	47
"582"	"GO:0002305"	47
"583"	"GO:0002309"	29
"584"	"GO:0002312"	29
"585"	"GO:0002313"	47
"586"	"GO:0002314"	47
"587"	"GO:0002315"	47
"588"	"GO:0002316"	47
"589"	"GO:0002317"	47
"590"	"GO:0002318"	24
"591"	"GO:0002319"	47
"592"	"GO:0002320"	24
"593"	"GO:0002322"	47
"594"	"GO:0002323"	29
"595"	"GO:0002325"	47
"596"	"GO:0002326"	47
"597"	"GO:0002327"	47
"598"	"GO:0002328"	24
"599"	"GO:0002329"	47
"600"	"GO:0002331"	4
"601"	"GO:0002332"	47
"602"	"GO:0002333"	47
"603"	"GO:0002334"	47
"604"	"GO:0002335"	47
"605"	"GO:0002336"	24
"606"	"GO:0002337"	47
"607"	"GO:0002339"	29
"608"	"GO:0002343"	47
"609"	"GO:0002344"	47
"610"	"GO:0002347"	1
"611"	"GO:0002349"	1
"612"	"GO:0002351"	1
"613"	"GO:0002352"	47
"614"	"GO:0002353"	53
"615"	"GO:0002355"	52
"616"	"GO:0002357"	1
"617"	"GO:0002358"	47
"618"	"GO:0002360"	47
"619"	"GO:0002361"	47
"620"	"GO:0002362"	47
"621"	"GO:0002363"	47
"622"	"GO:0002364"	24
"623"	"GO:0002366"	29
"624"	"GO:0002367"	29
"625"	"GO:0002368"	29
"626"	"GO:0002369"	29
"627"	"GO:0002370"	29
"628"	"GO:0002371"	29
"629"	"GO:0002372"	29
"630"	"GO:0002373"	29
"631"	"GO:0002376"	29
"632"	"GO:0002377"	29
"633"	"GO:0002381"	29
"634"	"GO:0002383"	29
"635"	"GO:0002384"	29
"636"	"GO:0002385"	29
"637"	"GO:0002387"	47
"638"	"GO:0002395"	29
"639"	"GO:0002396"	10
"640"	"GO:0002397"	10
"641"	"GO:0002398"	10
"642"	"GO:0002399"	10
"643"	"GO:0002404"	47
"644"	"GO:0002406"	47
"645"	"GO:0002407"	30
"646"	"GO:0002408"	30
"647"	"GO:0002412"	12
"648"	"GO:0002413"	29
"649"	"GO:0002414"	37
"650"	"GO:0002415"	29
"651"	"GO:0002416"	12
"652"	"GO:0002418"	6
"653"	"GO:0002419"	29
"654"	"GO:0002420"	6
"655"	"GO:0002423"	6
"656"	"GO:0002424"	29
"657"	"GO:0002426"	29
"658"	"GO:0002428"	29
"659"	"GO:0002429"	35
"660"	"GO:0002430"	35
"661"	"GO:0002431"	35
"662"	"GO:0002432"	47
"663"	"GO:0002433"	35
"664"	"GO:0002434"	47
"665"	"GO:0002435"	29
"666"	"GO:0002436"	47
"667"	"GO:0002437"	29
"668"	"GO:0002438"	29
"669"	"GO:0002439"	29
"670"	"GO:0002440"	29
"671"	"GO:0002441"	5
"672"	"GO:0002442"	5
"673"	"GO:0002443"	29
"674"	"GO:0002444"	29
"675"	"GO:0002445"	29
"676"	"GO:0002446"	29
"677"	"GO:0002447"	29
"678"	"GO:0002448"	29
"679"	"GO:0002449"	29
"680"	"GO:0002450"	47
"681"	"GO:0002451"	29
"682"	"GO:0002455"	29
"683"	"GO:0002456"	29
"684"	"GO:0002457"	29
"685"	"GO:0002458"	29
"686"	"GO:0002460"	29
"687"	"GO:0002461"	29
"688"	"GO:0002465"	29
"689"	"GO:0002467"	29
"690"	"GO:0002468"	47
"691"	"GO:0002469"	47
"692"	"GO:0002470"	47
"693"	"GO:0002472"	47
"694"	"GO:0002474"	29
"695"	"GO:0002475"	29
"696"	"GO:0002476"	29
"697"	"GO:0002477"	29
"698"	"GO:0002478"	47
"699"	"GO:0002479"	29
"700"	"GO:0002480"	29
"701"	"GO:0002481"	29
"702"	"GO:0002483"	29
"703"	"GO:0002484"	29
"704"	"GO:0002485"	29
"705"	"GO:0002486"	29
"706"	"GO:0002488"	29
"707"	"GO:0002489"	29
"708"	"GO:0002491"	47
"709"	"GO:0002495"	47
"710"	"GO:0002501"	10
"711"	"GO:0002502"	10
"712"	"GO:0002503"	10
"713"	"GO:0002504"	47
"714"	"GO:0002505"	47
"715"	"GO:0002507"	47
"716"	"GO:0002508"	47
"717"	"GO:0002509"	47
"718"	"GO:0002510"	47
"719"	"GO:0002513"	47
"720"	"GO:0002514"	29
"721"	"GO:0002517"	47
"722"	"GO:0002518"	30
"723"	"GO:0002519"	29
"724"	"GO:0002520"	29
"725"	"GO:0002521"	47
"726"	"GO:0002522"	47
"727"	"GO:0002523"	30
"728"	"GO:0002524"	29
"729"	"GO:0002525"	52
"730"	"GO:0002526"	1
"731"	"GO:0002528"	53
"732"	"GO:0002532"	1
"733"	"GO:0002534"	1
"734"	"GO:0002536"	1
"735"	"GO:0002537"	1
"736"	"GO:0002538"	1
"737"	"GO:0002540"	1
"738"	"GO:0002541"	26
"739"	"GO:0002542"	31
"740"	"GO:0002543"	53
"741"	"GO:0002544"	1
"742"	"GO:0002545"	52
"743"	"GO:0002548"	30
"744"	"GO:0002551"	30
"745"	"GO:0002552"	5
"746"	"GO:0002553"	5
"747"	"GO:0002554"	5
"748"	"GO:0002562"	29
"749"	"GO:0002566"	29
"750"	"GO:0002568"	29
"751"	"GO:0002572"	24
"752"	"GO:0002573"	47
"753"	"GO:0002574"	24
"754"	"GO:0002575"	30
"755"	"GO:0002576"	5
"756"	"GO:0002577"	13
"757"	"GO:0002578"	13
"758"	"GO:0002579"	13
"759"	"GO:0002580"	13
"760"	"GO:0002581"	13
"761"	"GO:0002582"	13
"762"	"GO:0002583"	13
"763"	"GO:0002584"	13
"764"	"GO:0002585"	13
"765"	"GO:0002586"	13
"766"	"GO:0002587"	6
"767"	"GO:0002588"	13
"768"	"GO:0002589"	13
"769"	"GO:0002590"	6
"770"	"GO:0002604"	13
"771"	"GO:0002605"	6
"772"	"GO:0002606"	13
"773"	"GO:0002616"	6
"774"	"GO:0002617"	6
"775"	"GO:0002622"	6
"776"	"GO:0002625"	6
"777"	"GO:0002634"	6
"778"	"GO:0002635"	6
"779"	"GO:0002636"	6
"780"	"GO:0002637"	29
"781"	"GO:0002638"	29
"782"	"GO:0002639"	29
"783"	"GO:0002643"	13
"784"	"GO:0002644"	13
"785"	"GO:0002645"	13
"786"	"GO:0002646"	6
"787"	"GO:0002648"	13
"788"	"GO:0002649"	13
"789"	"GO:0002651"	13
"790"	"GO:0002652"	6
"791"	"GO:0002654"	6
"792"	"GO:0002658"	6
"793"	"GO:0002660"	6
"794"	"GO:0002661"	13
"795"	"GO:0002663"	13
"796"	"GO:0002664"	13
"797"	"GO:0002666"	13
"798"	"GO:0002667"	13
"799"	"GO:0002669"	13
"800"	"GO:0002673"	1
"801"	"GO:0002674"	6
"802"	"GO:0002675"	6
"803"	"GO:0002676"	6
"804"	"GO:0002677"	6
"805"	"GO:0002678"	6
"806"	"GO:0002679"	1
"807"	"GO:0002681"	2
"808"	"GO:0002682"	47
"809"	"GO:0002683"	13
"810"	"GO:0002684"	47
"811"	"GO:0002685"	30
"812"	"GO:0002686"	30
"813"	"GO:0002687"	30
"814"	"GO:0002688"	30
"815"	"GO:0002689"	6
"816"	"GO:0002690"	30
"817"	"GO:0002691"	30
"818"	"GO:0002692"	30
"819"	"GO:0002693"	30
"820"	"GO:0002694"	13
"821"	"GO:0002695"	13
"822"	"GO:0002696"	13
"823"	"GO:0002697"	29
"824"	"GO:0002698"	29
"825"	"GO:0002699"	29
"826"	"GO:0002700"	29
"827"	"GO:0002701"	29
"828"	"GO:0002702"	29
"829"	"GO:0002703"	29
"830"	"GO:0002704"	29
"831"	"GO:0002705"	29
"832"	"GO:0002706"	29
"833"	"GO:0002707"	29
"834"	"GO:0002708"	29
"835"	"GO:0002709"	29
"836"	"GO:0002710"	6
"837"	"GO:0002711"	29
"838"	"GO:0002712"	29
"839"	"GO:0002713"	6
"840"	"GO:0002714"	29
"841"	"GO:0002715"	6
"842"	"GO:0002716"	6
"843"	"GO:0002717"	6
"844"	"GO:0002718"	29
"845"	"GO:0002719"	29
"846"	"GO:0002720"	29
"847"	"GO:0002721"	29
"848"	"GO:0002724"	29
"849"	"GO:0002725"	29
"850"	"GO:0002726"	29
"851"	"GO:0002727"	6
"852"	"GO:0002728"	6
"853"	"GO:0002729"	6
"854"	"GO:0002730"	29
"855"	"GO:0002731"	6
"856"	"GO:0002732"	29
"857"	"GO:0002733"	6
"858"	"GO:0002735"	6
"859"	"GO:0002736"	6
"860"	"GO:0002737"	6
"861"	"GO:0002747"	47
"862"	"GO:0002752"	35
"863"	"GO:0002753"	35
"864"	"GO:0002755"	35
"865"	"GO:0002756"	35
"866"	"GO:0002757"	35
"867"	"GO:0002758"	6
"868"	"GO:0002759"	6
"869"	"GO:0002760"	6
"870"	"GO:0002761"	13
"871"	"GO:0002762"	39
"872"	"GO:0002763"	7
"873"	"GO:0002764"	6
"874"	"GO:0002765"	35
"875"	"GO:0002767"	35
"876"	"GO:0002768"	35
"877"	"GO:0002769"	35
"878"	"GO:0002774"	35
"879"	"GO:0002775"	29
"880"	"GO:0002777"	1
"881"	"GO:0002778"	29
"882"	"GO:0002780"	29
"883"	"GO:0002784"	6
"884"	"GO:0002785"	6
"885"	"GO:0002786"	6
"886"	"GO:0002787"	6
"887"	"GO:0002790"	5
"888"	"GO:0002791"	5
"889"	"GO:0002792"	5
"890"	"GO:0002793"	5
"891"	"GO:0002803"	6
"892"	"GO:0002805"	6
"893"	"GO:0002807"	6
"894"	"GO:0002808"	6
"895"	"GO:0002812"	49
"896"	"GO:0002815"	49
"897"	"GO:0002816"	6
"898"	"GO:0002819"	29
"899"	"GO:0002820"	29
"900"	"GO:0002821"	29
"901"	"GO:0002822"	29
"902"	"GO:0002823"	29
"903"	"GO:0002824"	29
"904"	"GO:0002825"	29
"905"	"GO:0002826"	6
"906"	"GO:0002827"	29
"907"	"GO:0002828"	29
"908"	"GO:0002829"	13
"909"	"GO:0002830"	29
"910"	"GO:0002831"	1
"911"	"GO:0002832"	6
"912"	"GO:0002833"	6
"913"	"GO:0002834"	6
"914"	"GO:0002835"	6
"915"	"GO:0002836"	6
"916"	"GO:0002837"	6
"917"	"GO:0002838"	6
"918"	"GO:0002839"	6
"919"	"GO:0002840"	6
"920"	"GO:0002841"	6
"921"	"GO:0002842"	6
"922"	"GO:0002843"	6
"923"	"GO:0002845"	6
"924"	"GO:0002849"	6
"925"	"GO:0002851"	6
"926"	"GO:0002852"	6
"927"	"GO:0002854"	6
"928"	"GO:0002855"	6
"929"	"GO:0002856"	6
"930"	"GO:0002857"	6
"931"	"GO:0002858"	6
"932"	"GO:0002859"	6
"933"	"GO:0002860"	6
"934"	"GO:0002861"	6
"935"	"GO:0002862"	6
"936"	"GO:0002863"	6
"937"	"GO:0002864"	6
"938"	"GO:0002865"	6
"939"	"GO:0002866"	6
"940"	"GO:0002870"	29
"941"	"GO:0002874"	6
"942"	"GO:0002875"	6
"943"	"GO:0002876"	6
"944"	"GO:0002877"	6
"945"	"GO:0002879"	6
"946"	"GO:0002880"	6
"947"	"GO:0002882"	6
"948"	"GO:0002883"	6
"949"	"GO:0002884"	6
"950"	"GO:0002885"	6
"951"	"GO:0002886"	29
"952"	"GO:0002887"	6
"953"	"GO:0002888"	6
"954"	"GO:0002889"	29
"955"	"GO:0002890"	6
"956"	"GO:0002891"	29
"957"	"GO:0002892"	6
"958"	"GO:0002893"	6
"959"	"GO:0002894"	6
"960"	"GO:0002895"	13
"961"	"GO:0002897"	13
"962"	"GO:0002901"	47
"963"	"GO:0002902"	36
"964"	"GO:0002903"	36
"965"	"GO:0002904"	36
"966"	"GO:0002905"	36
"967"	"GO:0002906"	36
"968"	"GO:0002911"	13
"969"	"GO:0002913"	13
"970"	"GO:0002920"	6
"971"	"GO:0002921"	6
"972"	"GO:0002922"	6
"973"	"GO:0002923"	29
"974"	"GO:0002924"	6
"975"	"GO:0002925"	6
"976"	"GO:0002926"	25
"977"	"GO:0002930"	3
"978"	"GO:0002931"	50
"979"	"GO:0002933"	21
"980"	"GO:0002934"	11
"981"	"GO:0002939"	25
"982"	"GO:0002940"	25
"983"	"GO:0002941"	41
"984"	"GO:0002943"	25
"985"	"GO:0002946"	25
"986"	"GO:0002949"	25
"987"	"GO:0003002"	32
"988"	"GO:0003006"	27
"989"	"GO:0003007"	32
"990"	"GO:0003008"	33
"991"	"GO:0003009"	53
"992"	"GO:0003010"	53
"993"	"GO:0003011"	53
"994"	"GO:0003012"	53
"995"	"GO:0003013"	33
"996"	"GO:0003014"	33
"997"	"GO:0003015"	53
"998"	"GO:0003016"	33
"999"	"GO:0003017"	53
"1000"	"GO:0003018"	33
"1001"	"GO:0003025"	33
"1002"	"GO:0003026"	33
"1003"	"GO:0003027"	33
"1004"	"GO:0003029"	52
"1005"	"GO:0003032"	52
"1006"	"GO:0003044"	33
"1007"	"GO:0003050"	53
"1008"	"GO:0003051"	33
"1009"	"GO:0003056"	53
"1010"	"GO:0003057"	53
"1011"	"GO:0003058"	33
"1012"	"GO:0003062"	53
"1013"	"GO:0003064"	53
"1014"	"GO:0003065"	53
"1015"	"GO:0003068"	33
"1016"	"GO:0003069"	53
"1017"	"GO:0003070"	33
"1018"	"GO:0003071"	53
"1019"	"GO:0003072"	53
"1020"	"GO:0003073"	33
"1021"	"GO:0003081"	33
"1022"	"GO:0003084"	53
"1023"	"GO:0003085"	33
"1024"	"GO:0003091"	52
"1025"	"GO:0003092"	53
"1026"	"GO:0003093"	53
"1027"	"GO:0003094"	33
"1028"	"GO:0003095"	33
"1029"	"GO:0003096"	34
"1030"	"GO:0003097"	12
"1031"	"GO:0003099"	53
"1032"	"GO:0003100"	33
"1033"	"GO:0003104"	53
"1034"	"GO:0003105"	53
"1035"	"GO:0003108"	53
"1036"	"GO:0003116"	53
"1037"	"GO:0003117"	53
"1038"	"GO:0003127"	52
"1039"	"GO:0003128"	15
"1040"	"GO:0003129"	48
"1041"	"GO:0003131"	45
"1042"	"GO:0003133"	45
"1043"	"GO:0003138"	15
"1044"	"GO:0003139"	15
"1045"	"GO:0003140"	15
"1046"	"GO:0003142"	48
"1047"	"GO:0003143"	48
"1048"	"GO:0003144"	48
"1049"	"GO:0003147"	17
"1050"	"GO:0003148"	48
"1051"	"GO:0003149"	48
"1052"	"GO:0003150"	48
"1053"	"GO:0003151"	48
"1054"	"GO:0003156"	48
"1055"	"GO:0003157"	3
"1056"	"GO:0003158"	32
"1057"	"GO:0003159"	48
"1058"	"GO:0003160"	48
"1059"	"GO:0003161"	53
"1060"	"GO:0003162"	3
"1061"	"GO:0003163"	3
"1062"	"GO:0003164"	3
"1063"	"GO:0003165"	3
"1064"	"GO:0003166"	3
"1065"	"GO:0003167"	24
"1066"	"GO:0003168"	24
"1067"	"GO:0003169"	48
"1068"	"GO:0003170"	32
"1069"	"GO:0003171"	48
"1070"	"GO:0003172"	3
"1071"	"GO:0003174"	48
"1072"	"GO:0003175"	3
"1073"	"GO:0003176"	32
"1074"	"GO:0003177"	32
"1075"	"GO:0003178"	3
"1076"	"GO:0003179"	48
"1077"	"GO:0003180"	48
"1078"	"GO:0003181"	48
"1079"	"GO:0003182"	48
"1080"	"GO:0003183"	48
"1081"	"GO:0003184"	48
"1082"	"GO:0003185"	48
"1083"	"GO:0003186"	48
"1084"	"GO:0003188"	48
"1085"	"GO:0003189"	48
"1086"	"GO:0003190"	48
"1087"	"GO:0003192"	48
"1088"	"GO:0003193"	48
"1089"	"GO:0003195"	48
"1090"	"GO:0003197"	48
"1091"	"GO:0003198"	24
"1092"	"GO:0003199"	24
"1093"	"GO:0003203"	48
"1094"	"GO:0003205"	32
"1095"	"GO:0003206"	48
"1096"	"GO:0003207"	48
"1097"	"GO:0003208"	48
"1098"	"GO:0003209"	48
"1099"	"GO:0003210"	48
"1100"	"GO:0003211"	48
"1101"	"GO:0003213"	48
"1102"	"GO:0003214"	48
"1103"	"GO:0003215"	48
"1104"	"GO:0003218"	48
"1105"	"GO:0003219"	48
"1106"	"GO:0003220"	48
"1107"	"GO:0003221"	48
"1108"	"GO:0003222"	48
"1109"	"GO:0003223"	48
"1110"	"GO:0003226"	48
"1111"	"GO:0003228"	32
"1112"	"GO:0003229"	32
"1113"	"GO:0003230"	48
"1114"	"GO:0003231"	32
"1115"	"GO:0003235"	3
"1116"	"GO:0003236"	48
"1117"	"GO:0003241"	48
"1118"	"GO:0003242"	48
"1119"	"GO:0003245"	48
"1120"	"GO:0003249"	41
"1121"	"GO:0003250"	41
"1122"	"GO:0003251"	41
"1123"	"GO:0003252"	41
"1124"	"GO:0003253"	30
"1125"	"GO:0003254"	51
"1126"	"GO:0003259"	24
"1127"	"GO:0003260"	24
"1128"	"GO:0003263"	41
"1129"	"GO:0003264"	41
"1130"	"GO:0003266"	41
"1131"	"GO:0003270"	35
"1132"	"GO:0003271"	9
"1133"	"GO:0003272"	48
"1134"	"GO:0003273"	17
"1135"	"GO:0003274"	48
"1136"	"GO:0003275"	14
"1137"	"GO:0003278"	14
"1138"	"GO:0003279"	32
"1139"	"GO:0003281"	32
"1140"	"GO:0003283"	48
"1141"	"GO:0003284"	3
"1142"	"GO:0003285"	3
"1143"	"GO:0003289"	48
"1144"	"GO:0003290"	48
"1145"	"GO:0003292"	24
"1146"	"GO:0003294"	15
"1147"	"GO:0003298"	53
"1148"	"GO:0003299"	53
"1149"	"GO:0003300"	53
"1150"	"GO:0003301"	53
"1151"	"GO:0003306"	35
"1152"	"GO:0003307"	35
"1153"	"GO:0003308"	35
"1154"	"GO:0003309"	24
"1155"	"GO:0003310"	24
"1156"	"GO:0003311"	24
"1157"	"GO:0003312"	24
"1158"	"GO:0003318"	17
"1159"	"GO:0003321"	33
"1160"	"GO:0003322"	3
"1161"	"GO:0003323"	3
"1162"	"GO:0003326"	24
"1163"	"GO:0003327"	24
"1164"	"GO:0003329"	24
"1165"	"GO:0003330"	5
"1166"	"GO:0003331"	5
"1167"	"GO:0003332"	5
"1168"	"GO:0003333"	12
"1169"	"GO:0003334"	3
"1170"	"GO:0003335"	3
"1171"	"GO:0003336"	42
"1172"	"GO:0003337"	24
"1173"	"GO:0003338"	48
"1174"	"GO:0003339"	39
"1175"	"GO:0003340"	39
"1176"	"GO:0003341"	15
"1177"	"GO:0003342"	3
"1178"	"GO:0003343"	3
"1179"	"GO:0003344"	48
"1180"	"GO:0003345"	30
"1181"	"GO:0003348"	24
"1182"	"GO:0003350"	3
"1183"	"GO:0003351"	15
"1184"	"GO:0003352"	30
"1185"	"GO:0003353"	7
"1186"	"GO:0003354"	42
"1187"	"GO:0003356"	30
"1188"	"GO:0003357"	24
"1189"	"GO:0003358"	3
"1190"	"GO:0003359"	24
"1191"	"GO:0003360"	3
"1192"	"GO:0003363"	17
"1193"	"GO:0003365"	30
"1194"	"GO:0003366"	30
"1195"	"GO:0003376"	35
"1196"	"GO:0003382"	32
"1197"	"GO:0003383"	15
"1198"	"GO:0003400"	8
"1199"	"GO:0003401"	48
"1200"	"GO:0003404"	48
"1201"	"GO:0003406"	3
"1202"	"GO:0003407"	32
"1203"	"GO:0003408"	48
"1204"	"GO:0003409"	48
"1205"	"GO:0003412"	24
"1206"	"GO:0003413"	24
"1207"	"GO:0003414"	48
"1208"	"GO:0003415"	14
"1209"	"GO:0003416"	14
"1210"	"GO:0003417"	48
"1211"	"GO:0003418"	24
"1212"	"GO:0003419"	14
"1213"	"GO:0003421"	15
"1214"	"GO:0003422"	48
"1215"	"GO:0003429"	48
"1216"	"GO:0003430"	14
"1217"	"GO:0003431"	14
"1218"	"GO:0003433"	3
"1219"	"GO:0005513"	52
"1220"	"GO:0005975"	16
"1221"	"GO:0005976"	16
"1222"	"GO:0005977"	16
"1223"	"GO:0005978"	16
"1224"	"GO:0005979"	16
"1225"	"GO:0005980"	16
"1226"	"GO:0005981"	46
"1227"	"GO:0005982"	49
"1228"	"GO:0005983"	49
"1229"	"GO:0005984"	49
"1230"	"GO:0005985"	49
"1231"	"GO:0005986"	49
"1232"	"GO:0005987"	49
"1233"	"GO:0005988"	49
"1234"	"GO:0005989"	49
"1235"	"GO:0005990"	49
"1236"	"GO:0005991"	49
"1237"	"GO:0005993"	49
"1238"	"GO:0005996"	16
"1239"	"GO:0005997"	40
"1240"	"GO:0005998"	40
"1241"	"GO:0006000"	40
"1242"	"GO:0006001"	40
"1243"	"GO:0006002"	40
"1244"	"GO:0006003"	40
"1245"	"GO:0006004"	49
"1246"	"GO:0006006"	16
"1247"	"GO:0006007"	16
"1248"	"GO:0006011"	40
"1249"	"GO:0006012"	49
"1250"	"GO:0006013"	49
"1251"	"GO:0006014"	40
"1252"	"GO:0006015"	40
"1253"	"GO:0006020"	49
"1254"	"GO:0006021"	49
"1255"	"GO:0006022"	49
"1256"	"GO:0006023"	49
"1257"	"GO:0006024"	49
"1258"	"GO:0006026"	49
"1259"	"GO:0006027"	49
"1260"	"GO:0006029"	49
"1261"	"GO:0006030"	49
"1262"	"GO:0006032"	49
"1263"	"GO:0006040"	49
"1264"	"GO:0006041"	49
"1265"	"GO:0006043"	49
"1266"	"GO:0006044"	49
"1267"	"GO:0006045"	49
"1268"	"GO:0006046"	49
"1269"	"GO:0006047"	40
"1270"	"GO:0006048"	40
"1271"	"GO:0006049"	40
"1272"	"GO:0006050"	21
"1273"	"GO:0006051"	49
"1274"	"GO:0006054"	21
"1275"	"GO:0006055"	40
"1276"	"GO:0006059"	49
"1277"	"GO:0006060"	49
"1278"	"GO:0006062"	49
"1279"	"GO:0006063"	21
"1280"	"GO:0006064"	21
"1281"	"GO:0006065"	40
"1282"	"GO:0006066"	16
"1283"	"GO:0006067"	49
"1284"	"GO:0006068"	49
"1285"	"GO:0006071"	49
"1286"	"GO:0006072"	40
"1287"	"GO:0006081"	49
"1288"	"GO:0006082"	16
"1289"	"GO:0006083"	21
"1290"	"GO:0006084"	40
"1291"	"GO:0006085"	40
"1292"	"GO:0006086"	40
"1293"	"GO:0006089"	21
"1294"	"GO:0006090"	16
"1295"	"GO:0006091"	16
"1296"	"GO:0006094"	16
"1297"	"GO:0006096"	16
"1298"	"GO:0006097"	21
"1299"	"GO:0006098"	16
"1300"	"GO:0006099"	16
"1301"	"GO:0006101"	21
"1302"	"GO:0006102"	21
"1303"	"GO:0006103"	21
"1304"	"GO:0006104"	40
"1305"	"GO:0006105"	21
"1306"	"GO:0006106"	21
"1307"	"GO:0006107"	21
"1308"	"GO:0006108"	21
"1309"	"GO:0006109"	16
"1310"	"GO:0006110"	16
"1311"	"GO:0006111"	16
"1312"	"GO:0006112"	16
"1313"	"GO:0006113"	16
"1314"	"GO:0006114"	49
"1315"	"GO:0006116"	40
"1316"	"GO:0006117"	49
"1317"	"GO:0006119"	16
"1318"	"GO:0006120"	16
"1319"	"GO:0006121"	10
"1320"	"GO:0006122"	10
"1321"	"GO:0006123"	10
"1322"	"GO:0006127"	40
"1323"	"GO:0006139"	27
"1324"	"GO:0006140"	16
"1325"	"GO:0006144"	40
"1326"	"GO:0006145"	40
"1327"	"GO:0006147"	40
"1328"	"GO:0006148"	40
"1329"	"GO:0006149"	40
"1330"	"GO:0006152"	40
"1331"	"GO:0006154"	40
"1332"	"GO:0006157"	40
"1333"	"GO:0006161"	40
"1334"	"GO:0006163"	16
"1335"	"GO:0006164"	40
"1336"	"GO:0006166"	40
"1337"	"GO:0006167"	40
"1338"	"GO:0006168"	40
"1339"	"GO:0006170"	40
"1340"	"GO:0006171"	40
"1341"	"GO:0006172"	40
"1342"	"GO:0006173"	40
"1343"	"GO:0006175"	40
"1344"	"GO:0006177"	40
"1345"	"GO:0006178"	40
"1346"	"GO:0006182"	40
"1347"	"GO:0006183"	40
"1348"	"GO:0006185"	40
"1349"	"GO:0006188"	40
"1350"	"GO:0006189"	40
"1351"	"GO:0006193"	40
"1352"	"GO:0006195"	16
"1353"	"GO:0006196"	40
"1354"	"GO:0006198"	40
"1355"	"GO:0006203"	40
"1356"	"GO:0006204"	40
"1357"	"GO:0006206"	40
"1358"	"GO:0006207"	40
"1359"	"GO:0006208"	40
"1360"	"GO:0006210"	40
"1361"	"GO:0006212"	40
"1362"	"GO:0006213"	40
"1363"	"GO:0006214"	40
"1364"	"GO:0006216"	40
"1365"	"GO:0006218"	40
"1366"	"GO:0006220"	40
"1367"	"GO:0006221"	40
"1368"	"GO:0006222"	40
"1369"	"GO:0006225"	40
"1370"	"GO:0006226"	40
"1371"	"GO:0006227"	40
"1372"	"GO:0006228"	40
"1373"	"GO:0006231"	40
"1374"	"GO:0006233"	40
"1375"	"GO:0006235"	40
"1376"	"GO:0006241"	40
"1377"	"GO:0006244"	40
"1378"	"GO:0006248"	40
"1379"	"GO:0006249"	40
"1380"	"GO:0006253"	40
"1381"	"GO:0006254"	40
"1382"	"GO:0006256"	40
"1383"	"GO:0006258"	40
"1384"	"GO:0006259"	2
"1385"	"GO:0006260"	2
"1386"	"GO:0006261"	2
"1387"	"GO:0006264"	2
"1388"	"GO:0006265"	2
"1389"	"GO:0006266"	2
"1390"	"GO:0006268"	2
"1391"	"GO:0006269"	2
"1392"	"GO:0006270"	2
"1393"	"GO:0006271"	2
"1394"	"GO:0006272"	2
"1395"	"GO:0006273"	2
"1396"	"GO:0006274"	2
"1397"	"GO:0006275"	2
"1398"	"GO:0006278"	2
"1399"	"GO:0006281"	2
"1400"	"GO:0006282"	2
"1401"	"GO:0006283"	2
"1402"	"GO:0006284"	2
"1403"	"GO:0006285"	25
"1404"	"GO:0006287"	2
"1405"	"GO:0006288"	2
"1406"	"GO:0006289"	2
"1407"	"GO:0006290"	2
"1408"	"GO:0006294"	10
"1409"	"GO:0006297"	2
"1410"	"GO:0006298"	2
"1411"	"GO:0006301"	2
"1412"	"GO:0006302"	2
"1413"	"GO:0006303"	2
"1414"	"GO:0006304"	2
"1415"	"GO:0006307"	2
"1416"	"GO:0006308"	2
"1417"	"GO:0006309"	25
"1418"	"GO:0006310"	2
"1419"	"GO:0006311"	2
"1420"	"GO:0006312"	2
"1421"	"GO:0006313"	2
"1422"	"GO:0006325"	10
"1423"	"GO:0006334"	10
"1424"	"GO:0006335"	10
"1425"	"GO:0006337"	10
"1426"	"GO:0006338"	10
"1427"	"GO:0006346"	4
"1428"	"GO:0006351"	27
"1429"	"GO:0006352"	25
"1430"	"GO:0006353"	25
"1431"	"GO:0006354"	25
"1432"	"GO:0006355"	27
"1433"	"GO:0006356"	4
"1434"	"GO:0006357"	27
"1435"	"GO:0006359"	4
"1436"	"GO:0006360"	25
"1437"	"GO:0006361"	25
"1438"	"GO:0006362"	25
"1439"	"GO:0006363"	25
"1440"	"GO:0006364"	25
"1441"	"GO:0006366"	27
"1442"	"GO:0006367"	25
"1443"	"GO:0006368"	25
"1444"	"GO:0006369"	25
"1445"	"GO:0006370"	25
"1446"	"GO:0006376"	10
"1447"	"GO:0006382"	25
"1448"	"GO:0006383"	25
"1449"	"GO:0006384"	25
"1450"	"GO:0006386"	25
"1451"	"GO:0006388"	25
"1452"	"GO:0006390"	25
"1453"	"GO:0006391"	25
"1454"	"GO:0006392"	25
"1455"	"GO:0006393"	25
"1456"	"GO:0006396"	25
"1457"	"GO:0006397"	25
"1458"	"GO:0006398"	25
"1459"	"GO:0006399"	25
"1460"	"GO:0006400"	25
"1461"	"GO:0006401"	25
"1462"	"GO:0006402"	4
"1463"	"GO:0006403"	37
"1464"	"GO:0006404"	12
"1465"	"GO:0006405"	38
"1466"	"GO:0006406"	38
"1467"	"GO:0006408"	12
"1468"	"GO:0006409"	12
"1469"	"GO:0006412"	27
"1470"	"GO:0006413"	25
"1471"	"GO:0006414"	26
"1472"	"GO:0006415"	10
"1473"	"GO:0006417"	28
"1474"	"GO:0006418"	25
"1475"	"GO:0006419"	25
"1476"	"GO:0006420"	25
"1477"	"GO:0006421"	25
"1478"	"GO:0006422"	25
"1479"	"GO:0006423"	25
"1480"	"GO:0006424"	25
"1481"	"GO:0006425"	25
"1482"	"GO:0006426"	25
"1483"	"GO:0006427"	25
"1484"	"GO:0006428"	25
"1485"	"GO:0006429"	25
"1486"	"GO:0006430"	25
"1487"	"GO:0006431"	25
"1488"	"GO:0006432"	25
"1489"	"GO:0006433"	25
"1490"	"GO:0006434"	25
"1491"	"GO:0006435"	25
"1492"	"GO:0006436"	25
"1493"	"GO:0006437"	25
"1494"	"GO:0006438"	25
"1495"	"GO:0006446"	4
"1496"	"GO:0006447"	4
"1497"	"GO:0006448"	4
"1498"	"GO:0006449"	4
"1499"	"GO:0006450"	4
"1500"	"GO:0006451"	4
"1501"	"GO:0006452"	25
"1502"	"GO:0006457"	26
"1503"	"GO:0006458"	26
"1504"	"GO:0006463"	10
"1505"	"GO:0006465"	26
"1506"	"GO:0006468"	28
"1507"	"GO:0006469"	28
"1508"	"GO:0006470"	28
"1509"	"GO:0006473"	26
"1510"	"GO:0006474"	26
"1511"	"GO:0006475"	26
"1512"	"GO:0006476"	26
"1513"	"GO:0006477"	26
"1514"	"GO:0006478"	26
"1515"	"GO:0006479"	26
"1516"	"GO:0006480"	26
"1517"	"GO:0006481"	26
"1518"	"GO:0006482"	26
"1519"	"GO:0006486"	26
"1520"	"GO:0006487"	26
"1521"	"GO:0006488"	49
"1522"	"GO:0006489"	49
"1523"	"GO:0006491"	26
"1524"	"GO:0006493"	26
"1525"	"GO:0006497"	26
"1526"	"GO:0006498"	26
"1527"	"GO:0006499"	26
"1528"	"GO:0006500"	26
"1529"	"GO:0006501"	26
"1530"	"GO:0006505"	49
"1531"	"GO:0006506"	49
"1532"	"GO:0006508"	28
"1533"	"GO:0006509"	26
"1534"	"GO:0006511"	28
"1535"	"GO:0006513"	26
"1536"	"GO:0006515"	26
"1537"	"GO:0006516"	49
"1538"	"GO:0006517"	26
"1539"	"GO:0006518"	27
"1540"	"GO:0006520"	21
"1541"	"GO:0006521"	46
"1542"	"GO:0006522"	21
"1543"	"GO:0006524"	21
"1544"	"GO:0006525"	21
"1545"	"GO:0006526"	21
"1546"	"GO:0006527"	21
"1547"	"GO:0006528"	21
"1548"	"GO:0006529"	21
"1549"	"GO:0006530"	21
"1550"	"GO:0006531"	21
"1551"	"GO:0006532"	21
"1552"	"GO:0006533"	21
"1553"	"GO:0006534"	21
"1554"	"GO:0006535"	21
"1555"	"GO:0006536"	21
"1556"	"GO:0006537"	21
"1557"	"GO:0006538"	21
"1558"	"GO:0006540"	21
"1559"	"GO:0006541"	21
"1560"	"GO:0006542"	21
"1561"	"GO:0006543"	21
"1562"	"GO:0006544"	21
"1563"	"GO:0006545"	21
"1564"	"GO:0006546"	21
"1565"	"GO:0006547"	21
"1566"	"GO:0006548"	21
"1567"	"GO:0006549"	21
"1568"	"GO:0006550"	21
"1569"	"GO:0006551"	21
"1570"	"GO:0006552"	21
"1571"	"GO:0006553"	21
"1572"	"GO:0006554"	21
"1573"	"GO:0006555"	21
"1574"	"GO:0006556"	21
"1575"	"GO:0006558"	21
"1576"	"GO:0006559"	21
"1577"	"GO:0006560"	21
"1578"	"GO:0006561"	21
"1579"	"GO:0006562"	21
"1580"	"GO:0006563"	21
"1581"	"GO:0006564"	21
"1582"	"GO:0006565"	21
"1583"	"GO:0006566"	21
"1584"	"GO:0006567"	21
"1585"	"GO:0006568"	21
"1586"	"GO:0006569"	21
"1587"	"GO:0006570"	21
"1588"	"GO:0006571"	21
"1589"	"GO:0006572"	21
"1590"	"GO:0006573"	21
"1591"	"GO:0006574"	21
"1592"	"GO:0006575"	21
"1593"	"GO:0006576"	49
"1594"	"GO:0006577"	21
"1595"	"GO:0006578"	21
"1596"	"GO:0006579"	21
"1597"	"GO:0006580"	49
"1598"	"GO:0006581"	49
"1599"	"GO:0006582"	49
"1600"	"GO:0006583"	21
"1601"	"GO:0006584"	49
"1602"	"GO:0006585"	21
"1603"	"GO:0006586"	49
"1604"	"GO:0006589"	49
"1605"	"GO:0006590"	49
"1606"	"GO:0006591"	21
"1607"	"GO:0006592"	21
"1608"	"GO:0006593"	21
"1609"	"GO:0006595"	49
"1610"	"GO:0006596"	49
"1611"	"GO:0006597"	49
"1612"	"GO:0006598"	49
"1613"	"GO:0006599"	21
"1614"	"GO:0006600"	21
"1615"	"GO:0006601"	21
"1616"	"GO:0006603"	49
"1617"	"GO:0006605"	37
"1618"	"GO:0006606"	38
"1619"	"GO:0006607"	37
"1620"	"GO:0006610"	37
"1621"	"GO:0006611"	38
"1622"	"GO:0006612"	37
"1623"	"GO:0006613"	37
"1624"	"GO:0006614"	37
"1625"	"GO:0006616"	37
"1626"	"GO:0006617"	37
"1627"	"GO:0006620"	37
"1628"	"GO:0006621"	37
"1629"	"GO:0006622"	37
"1630"	"GO:0006623"	37
"1631"	"GO:0006624"	26
"1632"	"GO:0006625"	37
"1633"	"GO:0006626"	37
"1634"	"GO:0006627"	26
"1635"	"GO:0006629"	16
"1636"	"GO:0006631"	16
"1637"	"GO:0006633"	16
"1638"	"GO:0006635"	21
"1639"	"GO:0006636"	21
"1640"	"GO:0006637"	40
"1641"	"GO:0006638"	16
"1642"	"GO:0006639"	16
"1643"	"GO:0006640"	49
"1644"	"GO:0006641"	16
"1645"	"GO:0006642"	49
"1646"	"GO:0006643"	49
"1647"	"GO:0006644"	16
"1648"	"GO:0006646"	49
"1649"	"GO:0006649"	12
"1650"	"GO:0006650"	16
"1651"	"GO:0006651"	49
"1652"	"GO:0006654"	49
"1653"	"GO:0006655"	49
"1654"	"GO:0006656"	49
"1655"	"GO:0006657"	49
"1656"	"GO:0006658"	49
"1657"	"GO:0006659"	49
"1658"	"GO:0006660"	49
"1659"	"GO:0006661"	49
"1660"	"GO:0006662"	49
"1661"	"GO:0006663"	49
"1662"	"GO:0006664"	49
"1663"	"GO:0006665"	49
"1664"	"GO:0006666"	49
"1665"	"GO:0006667"	49
"1666"	"GO:0006668"	49
"1667"	"GO:0006669"	49
"1668"	"GO:0006670"	49
"1669"	"GO:0006671"	49
"1670"	"GO:0006672"	49
"1671"	"GO:0006677"	49
"1672"	"GO:0006678"	49
"1673"	"GO:0006679"	49
"1674"	"GO:0006680"	49
"1675"	"GO:0006681"	49
"1676"	"GO:0006682"	49
"1677"	"GO:0006683"	49
"1678"	"GO:0006684"	49
"1679"	"GO:0006685"	49
"1680"	"GO:0006686"	49
"1681"	"GO:0006687"	49
"1682"	"GO:0006688"	49
"1683"	"GO:0006689"	49
"1684"	"GO:0006690"	21
"1685"	"GO:0006691"	21
"1686"	"GO:0006692"	21
"1687"	"GO:0006693"	21
"1688"	"GO:0006694"	16
"1689"	"GO:0006695"	16
"1690"	"GO:0006699"	21
"1691"	"GO:0006700"	49
"1692"	"GO:0006701"	49
"1693"	"GO:0006702"	49
"1694"	"GO:0006703"	49
"1695"	"GO:0006704"	49
"1696"	"GO:0006705"	49
"1697"	"GO:0006706"	49
"1698"	"GO:0006707"	49
"1699"	"GO:0006710"	49
"1700"	"GO:0006711"	49
"1701"	"GO:0006713"	49
"1702"	"GO:0006714"	49
"1703"	"GO:0006720"	49
"1704"	"GO:0006721"	49
"1705"	"GO:0006722"	49
"1706"	"GO:0006726"	49
"1707"	"GO:0006729"	49
"1708"	"GO:0006730"	21
"1709"	"GO:0006734"	16
"1710"	"GO:0006735"	16
"1711"	"GO:0006738"	40
"1712"	"GO:0006739"	16
"1713"	"GO:0006740"	16
"1714"	"GO:0006741"	40
"1715"	"GO:0006742"	40
"1716"	"GO:0006743"	49
"1717"	"GO:0006744"	49
"1718"	"GO:0006747"	40
"1719"	"GO:0006749"	21
"1720"	"GO:0006750"	21
"1721"	"GO:0006751"	21
"1722"	"GO:0006753"	16
"1723"	"GO:0006754"	16
"1724"	"GO:0006760"	21
"1725"	"GO:0006766"	49
"1726"	"GO:0006767"	21
"1727"	"GO:0006768"	21
"1728"	"GO:0006769"	49
"1729"	"GO:0006771"	40
"1730"	"GO:0006772"	49
"1731"	"GO:0006775"	49
"1732"	"GO:0006776"	49
"1733"	"GO:0006777"	40
"1734"	"GO:0006778"	49
"1735"	"GO:0006779"	49
"1736"	"GO:0006780"	21
"1737"	"GO:0006781"	40
"1738"	"GO:0006782"	49
"1739"	"GO:0006783"	49
"1740"	"GO:0006784"	49
"1741"	"GO:0006787"	49
"1742"	"GO:0006788"	49
"1743"	"GO:0006789"	49
"1744"	"GO:0006790"	16
"1745"	"GO:0006793"	28
"1746"	"GO:0006796"	28
"1747"	"GO:0006801"	52
"1748"	"GO:0006805"	49
"1749"	"GO:0006808"	20
"1750"	"GO:0006809"	16
"1751"	"GO:0006810"	38
"1752"	"GO:0006811"	34
"1753"	"GO:0006812"	34
"1754"	"GO:0006813"	34
"1755"	"GO:0006814"	34
"1756"	"GO:0006816"	34
"1757"	"GO:0006817"	12
"1758"	"GO:0006820"	34
"1759"	"GO:0006821"	12
"1760"	"GO:0006824"	12
"1761"	"GO:0006825"	12
"1762"	"GO:0006826"	34
"1763"	"GO:0006828"	12
"1764"	"GO:0006829"	34
"1765"	"GO:0006833"	12
"1766"	"GO:0006835"	12
"1767"	"GO:0006836"	38
"1768"	"GO:0006837"	5
"1769"	"GO:0006839"	12
"1770"	"GO:0006842"	12
"1771"	"GO:0006843"	12
"1772"	"GO:0006844"	12
"1773"	"GO:0006846"	12
"1774"	"GO:0006848"	12
"1775"	"GO:0006850"	12
"1776"	"GO:0006851"	34
"1777"	"GO:0006853"	12
"1778"	"GO:0006855"	12
"1779"	"GO:0006857"	12
"1780"	"GO:0006858"	38
"1781"	"GO:0006862"	12
"1782"	"GO:0006863"	12
"1783"	"GO:0006864"	12
"1784"	"GO:0006865"	12
"1785"	"GO:0006867"	12
"1786"	"GO:0006868"	12
"1787"	"GO:0006869"	12
"1788"	"GO:0006873"	34
"1789"	"GO:0006874"	34
"1790"	"GO:0006878"	34
"1791"	"GO:0006879"	34
"1792"	"GO:0006880"	34
"1793"	"GO:0006882"	34
"1794"	"GO:0006883"	34
"1795"	"GO:0006884"	34
"1796"	"GO:0006885"	34
"1797"	"GO:0006886"	38
"1798"	"GO:0006887"	38
"1799"	"GO:0006888"	38
"1800"	"GO:0006890"	38
"1801"	"GO:0006891"	37
"1802"	"GO:0006892"	38
"1803"	"GO:0006893"	37
"1804"	"GO:0006895"	37
"1805"	"GO:0006896"	38
"1806"	"GO:0006897"	38
"1807"	"GO:0006898"	38
"1808"	"GO:0006900"	11
"1809"	"GO:0006901"	37
"1810"	"GO:0006903"	37
"1811"	"GO:0006904"	37
"1812"	"GO:0006906"	11
"1813"	"GO:0006907"	11
"1814"	"GO:0006909"	38
"1815"	"GO:0006910"	11
"1816"	"GO:0006911"	11
"1817"	"GO:0006913"	38
"1818"	"GO:0006914"	28
"1819"	"GO:0006915"	44
"1820"	"GO:0006921"	10
"1821"	"GO:0006924"	47
"1822"	"GO:0006925"	36
"1823"	"GO:0006929"	30
"1824"	"GO:0006930"	11
"1825"	"GO:0006931"	10
"1826"	"GO:0006933"	30
"1827"	"GO:0006935"	30
"1828"	"GO:0006936"	53
"1829"	"GO:0006937"	53
"1830"	"GO:0006939"	53
"1831"	"GO:0006940"	53
"1832"	"GO:0006941"	53
"1833"	"GO:0006942"	53
"1834"	"GO:0006949"	11
"1835"	"GO:0006950"	27
"1836"	"GO:0006952"	1
"1837"	"GO:0006953"	1
"1838"	"GO:0006954"	1
"1839"	"GO:0006955"	29
"1840"	"GO:0006956"	6
"1841"	"GO:0006957"	6
"1842"	"GO:0006958"	6
"1843"	"GO:0006959"	29
"1844"	"GO:0006963"	6
"1845"	"GO:0006965"	6
"1846"	"GO:0006968"	1
"1847"	"GO:0006970"	50
"1848"	"GO:0006971"	50
"1849"	"GO:0006972"	50
"1850"	"GO:0006974"	27
"1851"	"GO:0006977"	20
"1852"	"GO:0006978"	44
"1853"	"GO:0006979"	50
"1854"	"GO:0006982"	18
"1855"	"GO:0006983"	35
"1856"	"GO:0006984"	44
"1857"	"GO:0006986"	50
"1858"	"GO:0006991"	50
"1859"	"GO:0006995"	50
"1860"	"GO:0006996"	11
"1861"	"GO:0006997"	10
"1862"	"GO:0006998"	11
"1863"	"GO:0006999"	10
"1864"	"GO:0007000"	10
"1865"	"GO:0007004"	2
"1866"	"GO:0007005"	11
"1867"	"GO:0007006"	11
"1868"	"GO:0007007"	11
"1869"	"GO:0007008"	11
"1870"	"GO:0007009"	11
"1871"	"GO:0007010"	11
"1872"	"GO:0007014"	26
"1873"	"GO:0007015"	11
"1874"	"GO:0007017"	38
"1875"	"GO:0007018"	38
"1876"	"GO:0007019"	10
"1877"	"GO:0007020"	10
"1878"	"GO:0007021"	10
"1879"	"GO:0007023"	26
"1880"	"GO:0007026"	8
"1881"	"GO:0007028"	15
"1882"	"GO:0007029"	11
"1883"	"GO:0007030"	11
"1884"	"GO:0007031"	11
"1885"	"GO:0007032"	11
"1886"	"GO:0007033"	11
"1887"	"GO:0007034"	38
"1888"	"GO:0007035"	34
"1889"	"GO:0007039"	26
"1890"	"GO:0007040"	11
"1891"	"GO:0007041"	38
"1892"	"GO:0007042"	34
"1893"	"GO:0007043"	10
"1894"	"GO:0007044"	11
"1895"	"GO:0007049"	22
"1896"	"GO:0007051"	22
"1897"	"GO:0007052"	22
"1898"	"GO:0007056"	22
"1899"	"GO:0007057"	10
"1900"	"GO:0007059"	22
"1901"	"GO:0007060"	22
"1902"	"GO:0007062"	22
"1903"	"GO:0007063"	22
"1904"	"GO:0007064"	22
"1905"	"GO:0007066"	22
"1906"	"GO:0007076"	22
"1907"	"GO:0007077"	22
"1908"	"GO:0007079"	22
"1909"	"GO:0007080"	22
"1910"	"GO:0007084"	22
"1911"	"GO:0007088"	22
"1912"	"GO:0007089"	22
"1913"	"GO:0007091"	22
"1914"	"GO:0007093"	22
"1915"	"GO:0007094"	22
"1916"	"GO:0007095"	22
"1917"	"GO:0007096"	22
"1918"	"GO:0007097"	38
"1919"	"GO:0007098"	22
"1920"	"GO:0007099"	10
"1921"	"GO:0007100"	22
"1922"	"GO:0007112"	22
"1923"	"GO:0007113"	22
"1924"	"GO:0007124"	50
"1925"	"GO:0007127"	22
"1926"	"GO:0007129"	22
"1927"	"GO:0007130"	22
"1928"	"GO:0007131"	2
"1929"	"GO:0007135"	22
"1930"	"GO:0007140"	22
"1931"	"GO:0007141"	22
"1932"	"GO:0007143"	22
"1933"	"GO:0007144"	22
"1934"	"GO:0007147"	22
"1935"	"GO:0007154"	44
"1936"	"GO:0007155"	30
"1937"	"GO:0007156"	30
"1938"	"GO:0007157"	30
"1939"	"GO:0007158"	17
"1940"	"GO:0007159"	47
"1941"	"GO:0007160"	30
"1942"	"GO:0007161"	30
"1943"	"GO:0007162"	30
"1944"	"GO:0007163"	38
"1945"	"GO:0007164"	48
"1946"	"GO:0007165"	44
"1947"	"GO:0007166"	44
"1948"	"GO:0007167"	9
"1949"	"GO:0007168"	35
"1950"	"GO:0007169"	9
"1951"	"GO:0007171"	19
"1952"	"GO:0007172"	43
"1953"	"GO:0007173"	9
"1954"	"GO:0007174"	9
"1955"	"GO:0007175"	9
"1956"	"GO:0007176"	19
"1957"	"GO:0007178"	9
"1958"	"GO:0007179"	9
"1959"	"GO:0007181"	10
"1960"	"GO:0007185"	9
"1961"	"GO:0007186"	45
"1962"	"GO:0007187"	35
"1963"	"GO:0007188"	35
"1964"	"GO:0007189"	9
"1965"	"GO:0007190"	19
"1966"	"GO:0007191"	35
"1967"	"GO:0007193"	35
"1968"	"GO:0007194"	19
"1969"	"GO:0007195"	35
"1970"	"GO:0007196"	35
"1971"	"GO:0007197"	35
"1972"	"GO:0007198"	35
"1973"	"GO:0007199"	9
"1974"	"GO:0007200"	9
"1975"	"GO:0007204"	34
"1976"	"GO:0007206"	35
"1977"	"GO:0007207"	35
"1978"	"GO:0007208"	35
"1979"	"GO:0007210"	35
"1980"	"GO:0007212"	35
"1981"	"GO:0007213"	35
"1982"	"GO:0007214"	45
"1983"	"GO:0007215"	35
"1984"	"GO:0007216"	35
"1985"	"GO:0007217"	35
"1986"	"GO:0007218"	35
"1987"	"GO:0007219"	27
"1988"	"GO:0007220"	26
"1989"	"GO:0007221"	4
"1990"	"GO:0007223"	9
"1991"	"GO:0007224"	27
"1992"	"GO:0007225"	26
"1993"	"GO:0007229"	9
"1994"	"GO:0007231"	52
"1995"	"GO:0007249"	44
"1996"	"GO:0007250"	28
"1997"	"GO:0007252"	28
"1998"	"GO:0007253"	4
"1999"	"GO:0007254"	44
"2000"	"GO:0007258"	26
"2001"	"GO:0007259"	28
"2002"	"GO:0007260"	28
"2003"	"GO:0007263"	44
"2004"	"GO:0007264"	44
"2005"	"GO:0007265"	44
"2006"	"GO:0007266"	44
"2007"	"GO:0007267"	27
"2008"	"GO:0007268"	45
"2009"	"GO:0007269"	5
"2010"	"GO:0007270"	45
"2011"	"GO:0007271"	45
"2012"	"GO:0007272"	17
"2013"	"GO:0007274"	45
"2014"	"GO:0007275"	27
"2015"	"GO:0007276"	15
"2016"	"GO:0007281"	15
"2017"	"GO:0007283"	15
"2018"	"GO:0007284"	22
"2019"	"GO:0007286"	15
"2020"	"GO:0007288"	10
"2021"	"GO:0007289"	15
"2022"	"GO:0007290"	15
"2023"	"GO:0007291"	15
"2024"	"GO:0007292"	15
"2025"	"GO:0007296"	15
"2026"	"GO:0007308"	15
"2027"	"GO:0007309"	15
"2028"	"GO:0007314"	15
"2029"	"GO:0007315"	15
"2030"	"GO:0007320"	33
"2031"	"GO:0007321"	15
"2032"	"GO:0007338"	15
"2033"	"GO:0007339"	15
"2034"	"GO:0007340"	15
"2035"	"GO:0007341"	15
"2036"	"GO:0007342"	15
"2037"	"GO:0007343"	15
"2038"	"GO:0007344"	2
"2039"	"GO:0007346"	22
"2040"	"GO:0007349"	15
"2041"	"GO:0007350"	15
"2042"	"GO:0007351"	15
"2043"	"GO:0007352"	15
"2044"	"GO:0007354"	15
"2045"	"GO:0007356"	15
"2046"	"GO:0007368"	15
"2047"	"GO:0007369"	32
"2048"	"GO:0007371"	15
"2049"	"GO:0007379"	15
"2050"	"GO:0007386"	15
"2051"	"GO:0007387"	15
"2052"	"GO:0007388"	15
"2053"	"GO:0007389"	32
"2054"	"GO:0007398"	32
"2055"	"GO:0007399"	27
"2056"	"GO:0007400"	24
"2057"	"GO:0007402"	24
"2058"	"GO:0007403"	24
"2059"	"GO:0007405"	41
"2060"	"GO:0007406"	39
"2061"	"GO:0007409"	17
"2062"	"GO:0007411"	17
"2063"	"GO:0007412"	17
"2064"	"GO:0007413"	17
"2065"	"GO:0007416"	17
"2066"	"GO:0007417"	17
"2067"	"GO:0007418"	3
"2068"	"GO:0007420"	17
"2069"	"GO:0007422"	17
"2070"	"GO:0007423"	32
"2071"	"GO:0007431"	32
"2072"	"GO:0007435"	48
"2073"	"GO:0007439"	3
"2074"	"GO:0007440"	48
"2075"	"GO:0007442"	48
"2076"	"GO:0007492"	32
"2077"	"GO:0007493"	24
"2078"	"GO:0007494"	3
"2079"	"GO:0007495"	45
"2080"	"GO:0007497"	3
"2081"	"GO:0007498"	32
"2082"	"GO:0007499"	45
"2083"	"GO:0007500"	24
"2084"	"GO:0007501"	24
"2085"	"GO:0007506"	3
"2086"	"GO:0007507"	27
"2087"	"GO:0007509"	15
"2088"	"GO:0007512"	48
"2089"	"GO:0007517"	27
"2090"	"GO:0007518"	24
"2091"	"GO:0007519"	27
"2092"	"GO:0007520"	17
"2093"	"GO:0007521"	24
"2094"	"GO:0007522"	3
"2095"	"GO:0007525"	3
"2096"	"GO:0007528"	11
"2097"	"GO:0007529"	11
"2098"	"GO:0007530"	15
"2099"	"GO:0007538"	15
"2100"	"GO:0007542"	15
"2101"	"GO:0007548"	32
"2102"	"GO:0007549"	4
"2103"	"GO:0007565"	32
"2104"	"GO:0007566"	15
"2105"	"GO:0007567"	33
"2106"	"GO:0007584"	50
"2107"	"GO:0007585"	33
"2108"	"GO:0007586"	33
"2109"	"GO:0007588"	33
"2110"	"GO:0007589"	5
"2111"	"GO:0007595"	5
"2112"	"GO:0007596"	30
"2113"	"GO:0007597"	26
"2114"	"GO:0007599"	30
"2115"	"GO:0007600"	52
"2116"	"GO:0007601"	52
"2117"	"GO:0007602"	52
"2118"	"GO:0007603"	52
"2119"	"GO:0007604"	52
"2120"	"GO:0007605"	52
"2121"	"GO:0007606"	52
"2122"	"GO:0007608"	52
"2123"	"GO:0007610"	33
"2124"	"GO:0007611"	33
"2125"	"GO:0007612"	33
"2126"	"GO:0007613"	33
"2127"	"GO:0007614"	33
"2128"	"GO:0007616"	33
"2129"	"GO:0007617"	33
"2130"	"GO:0007618"	15
"2131"	"GO:0007619"	15
"2132"	"GO:0007620"	33
"2133"	"GO:0007621"	53
"2134"	"GO:0007622"	33
"2135"	"GO:0007623"	27
"2136"	"GO:0007624"	33
"2137"	"GO:0007625"	33
"2138"	"GO:0007626"	33
"2139"	"GO:0007628"	33
"2140"	"GO:0007630"	52
"2141"	"GO:0007631"	33
"2142"	"GO:0007632"	52
"2143"	"GO:0007634"	52
"2144"	"GO:0007635"	52
"2145"	"GO:0007638"	33
"2146"	"GO:0008015"	33
"2147"	"GO:0008016"	53
"2148"	"GO:0008033"	25
"2149"	"GO:0008037"	11
"2150"	"GO:0008038"	17
"2151"	"GO:0008039"	45
"2152"	"GO:0008045"	17
"2153"	"GO:0008049"	15
"2154"	"GO:0008050"	15
"2155"	"GO:0008052"	48
"2156"	"GO:0008053"	11
"2157"	"GO:0008057"	10
"2158"	"GO:0008063"	35
"2159"	"GO:0008064"	8
"2160"	"GO:0008065"	3
"2161"	"GO:0008078"	30
"2162"	"GO:0008088"	37
"2163"	"GO:0008089"	37
"2164"	"GO:0008090"	37
"2165"	"GO:0008104"	38
"2166"	"GO:0008150"	27
"2167"	"GO:0008152"	27
"2168"	"GO:0008154"	10
"2169"	"GO:0008156"	2
"2170"	"GO:0008202"	16
"2171"	"GO:0008203"	16
"2172"	"GO:0008206"	21
"2173"	"GO:0008207"	49
"2174"	"GO:0008209"	49
"2175"	"GO:0008210"	49
"2176"	"GO:0008211"	49
"2177"	"GO:0008212"	49
"2178"	"GO:0008213"	26
"2179"	"GO:0008214"	26
"2180"	"GO:0008215"	49
"2181"	"GO:0008216"	21
"2182"	"GO:0008217"	33
"2183"	"GO:0008219"	44
"2184"	"GO:0008228"	29
"2185"	"GO:0008277"	9
"2186"	"GO:0008283"	41
"2187"	"GO:0008284"	41
"2188"	"GO:0008285"	41
"2189"	"GO:0008286"	9
"2190"	"GO:0008291"	49
"2191"	"GO:0008292"	49
"2192"	"GO:0008295"	49
"2193"	"GO:0008298"	37
"2194"	"GO:0008299"	49
"2195"	"GO:0008300"	49
"2196"	"GO:0008306"	33
"2197"	"GO:0008315"	22
"2198"	"GO:0008333"	38
"2199"	"GO:0008334"	25
"2200"	"GO:0008340"	32
"2201"	"GO:0008343"	33
"2202"	"GO:0008344"	33
"2203"	"GO:0008347"	17
"2204"	"GO:0008348"	6
"2205"	"GO:0008354"	15
"2206"	"GO:0008355"	33
"2207"	"GO:0008356"	22
"2208"	"GO:0008358"	15
"2209"	"GO:0008360"	30
"2210"	"GO:0008361"	11
"2211"	"GO:0008366"	17
"2212"	"GO:0008380"	25
"2213"	"GO:0008406"	32
"2214"	"GO:0008535"	10
"2215"	"GO:0008542"	33
"2216"	"GO:0008543"	9
"2217"	"GO:0008544"	32
"2218"	"GO:0008582"	43
"2219"	"GO:0008584"	32
"2220"	"GO:0008585"	32
"2221"	"GO:0008589"	44
"2222"	"GO:0008591"	35
"2223"	"GO:0008592"	20
"2224"	"GO:0008593"	44
"2225"	"GO:0008594"	24
"2226"	"GO:0008595"	15
"2227"	"GO:0008608"	22
"2228"	"GO:0008610"	16
"2229"	"GO:0008611"	49
"2230"	"GO:0008612"	26
"2231"	"GO:0008614"	49
"2232"	"GO:0008615"	49
"2233"	"GO:0008617"	40
"2234"	"GO:0008625"	44
"2235"	"GO:0008626"	36
"2236"	"GO:0008627"	20
"2237"	"GO:0008628"	20
"2238"	"GO:0008630"	44
"2239"	"GO:0008631"	44
"2240"	"GO:0008637"	44
"2241"	"GO:0008643"	12
"2242"	"GO:0008645"	12
"2243"	"GO:0008652"	21
"2244"	"GO:0008653"	49
"2245"	"GO:0008654"	49
"2246"	"GO:0008655"	40
"2247"	"GO:0009048"	4
"2248"	"GO:0009051"	40
"2249"	"GO:0009052"	40
"2250"	"GO:0009056"	28
"2251"	"GO:0009057"	28
"2252"	"GO:0009058"	27
"2253"	"GO:0009059"	27
"2254"	"GO:0009060"	16
"2255"	"GO:0009062"	21
"2256"	"GO:0009063"	21
"2257"	"GO:0009064"	21
"2258"	"GO:0009065"	21
"2259"	"GO:0009066"	21
"2260"	"GO:0009067"	21
"2261"	"GO:0009068"	21
"2262"	"GO:0009069"	21
"2263"	"GO:0009070"	21
"2264"	"GO:0009071"	21
"2265"	"GO:0009072"	21
"2266"	"GO:0009073"	21
"2267"	"GO:0009074"	21
"2268"	"GO:0009078"	21
"2269"	"GO:0009080"	21
"2270"	"GO:0009081"	21
"2271"	"GO:0009082"	21
"2272"	"GO:0009083"	21
"2273"	"GO:0009084"	21
"2274"	"GO:0009085"	21
"2275"	"GO:0009086"	21
"2276"	"GO:0009087"	21
"2277"	"GO:0009092"	21
"2278"	"GO:0009093"	21
"2279"	"GO:0009095"	21
"2280"	"GO:0009097"	21
"2281"	"GO:0009098"	21
"2282"	"GO:0009099"	21
"2283"	"GO:0009100"	49
"2284"	"GO:0009101"	49
"2285"	"GO:0009104"	49
"2286"	"GO:0009106"	21
"2287"	"GO:0009107"	21
"2288"	"GO:0009110"	49
"2289"	"GO:0009111"	49
"2290"	"GO:0009112"	40
"2291"	"GO:0009113"	40
"2292"	"GO:0009114"	40
"2293"	"GO:0009115"	40
"2294"	"GO:0009116"	40
"2295"	"GO:0009117"	16
"2296"	"GO:0009119"	40
"2297"	"GO:0009120"	40
"2298"	"GO:0009123"	40
"2299"	"GO:0009124"	40
"2300"	"GO:0009125"	40
"2301"	"GO:0009126"	40
"2302"	"GO:0009127"	40
"2303"	"GO:0009128"	40
"2304"	"GO:0009129"	40
"2305"	"GO:0009130"	40
"2306"	"GO:0009131"	40
"2307"	"GO:0009132"	16
"2308"	"GO:0009133"	40
"2309"	"GO:0009134"	16
"2310"	"GO:0009135"	16
"2311"	"GO:0009136"	40
"2312"	"GO:0009137"	16
"2313"	"GO:0009138"	40
"2314"	"GO:0009139"	40
"2315"	"GO:0009140"	40
"2316"	"GO:0009141"	16
"2317"	"GO:0009142"	40
"2318"	"GO:0009143"	40
"2319"	"GO:0009144"	16
"2320"	"GO:0009145"	40
"2321"	"GO:0009146"	40
"2322"	"GO:0009147"	40
"2323"	"GO:0009148"	40
"2324"	"GO:0009149"	40
"2325"	"GO:0009150"	16
"2326"	"GO:0009151"	40
"2327"	"GO:0009152"	40
"2328"	"GO:0009153"	40
"2329"	"GO:0009154"	16
"2330"	"GO:0009155"	40
"2331"	"GO:0009156"	40
"2332"	"GO:0009157"	40
"2333"	"GO:0009158"	40
"2334"	"GO:0009159"	40
"2335"	"GO:0009161"	40
"2336"	"GO:0009162"	40
"2337"	"GO:0009163"	40
"2338"	"GO:0009164"	40
"2339"	"GO:0009165"	40
"2340"	"GO:0009166"	16
"2341"	"GO:0009167"	40
"2342"	"GO:0009168"	40
"2343"	"GO:0009169"	40
"2344"	"GO:0009170"	40
"2345"	"GO:0009171"	40
"2346"	"GO:0009172"	40
"2347"	"GO:0009173"	40
"2348"	"GO:0009174"	40
"2349"	"GO:0009175"	40
"2350"	"GO:0009176"	40
"2351"	"GO:0009177"	40
"2352"	"GO:0009178"	40
"2353"	"GO:0009179"	16
"2354"	"GO:0009180"	40
"2355"	"GO:0009181"	16
"2356"	"GO:0009182"	40
"2357"	"GO:0009183"	40
"2358"	"GO:0009184"	40
"2359"	"GO:0009185"	16
"2360"	"GO:0009186"	40
"2361"	"GO:0009187"	40
"2362"	"GO:0009188"	40
"2363"	"GO:0009189"	40
"2364"	"GO:0009190"	40
"2365"	"GO:0009191"	16
"2366"	"GO:0009192"	40
"2367"	"GO:0009193"	40
"2368"	"GO:0009194"	40
"2369"	"GO:0009195"	40
"2370"	"GO:0009196"	40
"2371"	"GO:0009197"	40
"2372"	"GO:0009199"	16
"2373"	"GO:0009200"	40
"2374"	"GO:0009201"	40
"2375"	"GO:0009202"	40
"2376"	"GO:0009203"	40
"2377"	"GO:0009204"	40
"2378"	"GO:0009205"	16
"2379"	"GO:0009206"	40
"2380"	"GO:0009207"	40
"2381"	"GO:0009208"	40
"2382"	"GO:0009209"	40
"2383"	"GO:0009210"	40
"2384"	"GO:0009211"	40
"2385"	"GO:0009212"	40
"2386"	"GO:0009213"	40
"2387"	"GO:0009214"	40
"2388"	"GO:0009215"	40
"2389"	"GO:0009216"	40
"2390"	"GO:0009217"	40
"2391"	"GO:0009218"	40
"2392"	"GO:0009219"	40
"2393"	"GO:0009220"	40
"2394"	"GO:0009221"	40
"2395"	"GO:0009222"	40
"2396"	"GO:0009223"	40
"2397"	"GO:0009224"	40
"2398"	"GO:0009225"	40
"2399"	"GO:0009226"	40
"2400"	"GO:0009227"	40
"2401"	"GO:0009229"	40
"2402"	"GO:0009231"	40
"2403"	"GO:0009233"	49
"2404"	"GO:0009234"	49
"2405"	"GO:0009235"	49
"2406"	"GO:0009237"	49
"2407"	"GO:0009240"	49
"2408"	"GO:0009247"	49
"2409"	"GO:0009249"	26
"2410"	"GO:0009250"	16
"2411"	"GO:0009251"	16
"2412"	"GO:0009253"	49
"2413"	"GO:0009256"	21
"2414"	"GO:0009257"	21
"2415"	"GO:0009258"	21
"2416"	"GO:0009259"	16
"2417"	"GO:0009260"	40
"2418"	"GO:0009261"	16
"2419"	"GO:0009262"	40
"2420"	"GO:0009263"	40
"2421"	"GO:0009264"	40
"2422"	"GO:0009265"	40
"2423"	"GO:0009266"	50
"2424"	"GO:0009267"	50
"2425"	"GO:0009268"	50
"2426"	"GO:0009298"	40
"2427"	"GO:0009299"	25
"2428"	"GO:0009301"	25
"2429"	"GO:0009303"	25
"2430"	"GO:0009304"	25
"2431"	"GO:0009306"	5
"2432"	"GO:0009308"	49
"2433"	"GO:0009309"	49
"2434"	"GO:0009310"	49
"2435"	"GO:0009311"	49
"2436"	"GO:0009312"	49
"2437"	"GO:0009313"	49
"2438"	"GO:0009314"	50
"2439"	"GO:0009386"	25
"2440"	"GO:0009394"	40
"2441"	"GO:0009395"	49
"2442"	"GO:0009396"	21
"2443"	"GO:0009397"	21
"2444"	"GO:0009398"	40
"2445"	"GO:0009403"	49
"2446"	"GO:0009404"	49
"2447"	"GO:0009407"	49
"2448"	"GO:0009408"	50
"2449"	"GO:0009409"	50
"2450"	"GO:0009410"	18
"2451"	"GO:0009411"	50
"2452"	"GO:0009414"	50
"2453"	"GO:0009415"	50
"2454"	"GO:0009416"	52
"2455"	"GO:0009435"	40
"2456"	"GO:0009436"	21
"2457"	"GO:0009437"	21
"2458"	"GO:0009438"	21
"2459"	"GO:0009439"	21
"2460"	"GO:0009440"	21
"2461"	"GO:0009441"	21
"2462"	"GO:0009443"	40
"2463"	"GO:0009445"	49
"2464"	"GO:0009446"	49
"2465"	"GO:0009447"	49
"2466"	"GO:0009448"	21
"2467"	"GO:0009449"	21
"2468"	"GO:0009450"	21
"2469"	"GO:0009451"	25
"2470"	"GO:0009452"	25
"2471"	"GO:0009566"	15
"2472"	"GO:0009581"	52
"2473"	"GO:0009582"	52
"2474"	"GO:0009583"	52
"2475"	"GO:0009584"	52
"2476"	"GO:0009589"	52
"2477"	"GO:0009590"	52
"2478"	"GO:0009593"	52
"2479"	"GO:0009595"	1
"2480"	"GO:0009597"	1
"2481"	"GO:0009605"	1
"2482"	"GO:0009607"	1
"2483"	"GO:0009608"	1
"2484"	"GO:0009609"	1
"2485"	"GO:0009611"	1
"2486"	"GO:0009612"	52
"2487"	"GO:0009615"	1
"2488"	"GO:0009617"	1
"2489"	"GO:0009620"	1
"2490"	"GO:0009624"	1
"2491"	"GO:0009628"	50
"2492"	"GO:0009629"	50
"2493"	"GO:0009631"	50
"2494"	"GO:0009635"	50
"2495"	"GO:0009636"	50
"2496"	"GO:0009637"	50
"2497"	"GO:0009642"	50
"2498"	"GO:0009644"	50
"2499"	"GO:0009645"	50
"2500"	"GO:0009646"	50
"2501"	"GO:0009648"	50
"2502"	"GO:0009649"	52
"2503"	"GO:0009650"	52
"2504"	"GO:0009651"	50
"2505"	"GO:0009653"	27
"2506"	"GO:0009682"	1
"2507"	"GO:0009683"	21
"2508"	"GO:0009692"	49
"2509"	"GO:0009698"	49
"2510"	"GO:0009712"	49
"2511"	"GO:0009713"	49
"2512"	"GO:0009719"	18
"2513"	"GO:0009725"	18
"2514"	"GO:0009730"	52
"2515"	"GO:0009732"	52
"2516"	"GO:0009737"	18
"2517"	"GO:0009738"	35
"2518"	"GO:0009739"	18
"2519"	"GO:0009740"	35
"2520"	"GO:0009743"	18
"2521"	"GO:0009744"	18
"2522"	"GO:0009746"	18
"2523"	"GO:0009749"	18
"2524"	"GO:0009750"	18
"2525"	"GO:0009751"	18
"2526"	"GO:0009753"	18
"2527"	"GO:0009755"	9
"2528"	"GO:0009756"	45
"2529"	"GO:0009757"	45
"2530"	"GO:0009785"	35
"2531"	"GO:0009786"	42
"2532"	"GO:0009787"	20
"2533"	"GO:0009789"	20
"2534"	"GO:0009790"	32
"2535"	"GO:0009791"	32
"2536"	"GO:0009792"	32
"2537"	"GO:0009794"	22
"2538"	"GO:0009798"	15
"2539"	"GO:0009799"	15
"2540"	"GO:0009804"	49
"2541"	"GO:0009810"	49
"2542"	"GO:0009812"	49
"2543"	"GO:0009820"	49
"2544"	"GO:0009822"	49
"2545"	"GO:0009826"	14
"2546"	"GO:0009838"	22
"2547"	"GO:0009850"	49
"2548"	"GO:0009855"	15
"2549"	"GO:0009880"	15
"2550"	"GO:0009886"	48
"2551"	"GO:0009887"	32
"2552"	"GO:0009888"	27
"2553"	"GO:0009889"	27
"2554"	"GO:0009890"	27
"2555"	"GO:0009891"	27
"2556"	"GO:0009892"	27
"2557"	"GO:0009893"	27
"2558"	"GO:0009894"	28
"2559"	"GO:0009895"	28
"2560"	"GO:0009896"	28
"2561"	"GO:0009912"	24
"2562"	"GO:0009913"	32
"2563"	"GO:0009914"	5
"2564"	"GO:0009932"	48
"2565"	"GO:0009946"	15
"2566"	"GO:0009948"	15
"2567"	"GO:0009949"	15
"2568"	"GO:0009950"	15
"2569"	"GO:0009952"	32
"2570"	"GO:0009953"	15
"2571"	"GO:0009954"	15
"2572"	"GO:0009955"	15
"2573"	"GO:0009956"	15
"2574"	"GO:0009957"	24
"2575"	"GO:0009966"	44
"2576"	"GO:0009967"	44
"2577"	"GO:0009968"	44
"2578"	"GO:0009972"	40
"2579"	"GO:0009987"	27
"2580"	"GO:0009988"	15
"2581"	"GO:0009992"	34
"2582"	"GO:0009994"	14
"2583"	"GO:0009996"	39
"2584"	"GO:0010001"	17
"2585"	"GO:0010002"	24
"2586"	"GO:0010021"	49
"2587"	"GO:0010025"	49
"2588"	"GO:0010032"	22
"2589"	"GO:0010034"	18
"2590"	"GO:0010037"	18
"2591"	"GO:0010038"	50
"2592"	"GO:0010039"	50
"2593"	"GO:0010040"	50
"2594"	"GO:0010041"	50
"2595"	"GO:0010042"	50
"2596"	"GO:0010043"	50
"2597"	"GO:0010044"	50
"2598"	"GO:0010045"	50
"2599"	"GO:0010046"	18
"2600"	"GO:0010070"	14
"2601"	"GO:0010085"	15
"2602"	"GO:0010092"	48
"2603"	"GO:0010121"	21
"2604"	"GO:0010124"	21
"2605"	"GO:0010133"	21
"2606"	"GO:0010138"	40
"2607"	"GO:0010142"	49
"2608"	"GO:0010155"	34
"2609"	"GO:0010157"	18
"2610"	"GO:0010159"	15
"2611"	"GO:0010160"	15
"2612"	"GO:0010164"	50
"2613"	"GO:0010165"	50
"2614"	"GO:0010166"	21
"2615"	"GO:0010171"	48
"2616"	"GO:0010172"	48
"2617"	"GO:0010182"	49
"2618"	"GO:0010185"	6
"2619"	"GO:0010186"	6
"2620"	"GO:0010189"	49
"2621"	"GO:0010193"	18
"2622"	"GO:0010212"	50
"2623"	"GO:0010224"	50
"2624"	"GO:0010225"	50
"2625"	"GO:0010226"	50
"2626"	"GO:0010232"	34
"2627"	"GO:0010248"	12
"2628"	"GO:0010255"	49
"2629"	"GO:0010256"	11
"2630"	"GO:0010257"	10
"2631"	"GO:0010265"	10
"2632"	"GO:0010266"	18
"2633"	"GO:0010269"	50
"2634"	"GO:0010272"	50
"2635"	"GO:0010273"	34
"2636"	"GO:0010286"	50
"2637"	"GO:0010288"	50
"2638"	"GO:0010310"	46
"2639"	"GO:0010312"	34
"2640"	"GO:0010324"	11
"2641"	"GO:0010332"	50
"2642"	"GO:0010335"	50
"2643"	"GO:0010351"	12
"2644"	"GO:0010359"	23
"2645"	"GO:0010360"	23
"2646"	"GO:0010387"	10
"2647"	"GO:0010389"	22
"2648"	"GO:0010421"	36
"2649"	"GO:0010430"	21
"2650"	"GO:0010446"	50
"2651"	"GO:0010447"	50
"2652"	"GO:0010453"	39
"2653"	"GO:0010454"	39
"2654"	"GO:0010455"	7
"2655"	"GO:0010457"	22
"2656"	"GO:0010458"	22
"2657"	"GO:0010459"	53
"2658"	"GO:0010460"	53
"2659"	"GO:0010463"	41
"2660"	"GO:0010464"	41
"2661"	"GO:0010466"	28
"2662"	"GO:0010467"	27
"2663"	"GO:0010468"	27
"2664"	"GO:0010469"	9
"2665"	"GO:0010470"	48
"2666"	"GO:0010476"	35
"2667"	"GO:0010481"	14
"2668"	"GO:0010482"	42
"2669"	"GO:0010496"	37
"2670"	"GO:0010498"	28
"2671"	"GO:0010499"	26
"2672"	"GO:0010501"	25
"2673"	"GO:0010506"	28
"2674"	"GO:0010507"	16
"2675"	"GO:0010508"	28
"2676"	"GO:0010510"	46
"2677"	"GO:0010511"	46
"2678"	"GO:0010512"	46
"2679"	"GO:0010513"	46
"2680"	"GO:0010517"	19
"2681"	"GO:0010518"	19
"2682"	"GO:0010519"	19
"2683"	"GO:0010520"	2
"2684"	"GO:0010522"	34
"2685"	"GO:0010523"	34
"2686"	"GO:0010524"	34
"2687"	"GO:0010526"	4
"2688"	"GO:0010543"	30
"2689"	"GO:0010544"	53
"2690"	"GO:0010556"	27
"2691"	"GO:0010557"	27
"2692"	"GO:0010558"	27
"2693"	"GO:0010559"	31
"2694"	"GO:0010560"	31
"2695"	"GO:0010561"	31
"2696"	"GO:0010562"	28
"2697"	"GO:0010563"	28
"2698"	"GO:0010564"	22
"2699"	"GO:0010565"	16
"2700"	"GO:0010566"	46
"2701"	"GO:0010569"	2
"2702"	"GO:0010570"	43
"2703"	"GO:0010571"	2
"2704"	"GO:0010572"	30
"2705"	"GO:0010573"	1
"2706"	"GO:0010574"	31
"2707"	"GO:0010575"	31
"2708"	"GO:0010585"	12
"2709"	"GO:0010586"	4
"2710"	"GO:0010587"	4
"2711"	"GO:0010591"	43
"2712"	"GO:0010592"	43
"2713"	"GO:0010593"	43
"2714"	"GO:0010594"	30
"2715"	"GO:0010595"	30
"2716"	"GO:0010596"	30
"2717"	"GO:0010603"	8
"2718"	"GO:0010604"	27
"2719"	"GO:0010605"	27
"2720"	"GO:0010606"	8
"2721"	"GO:0010607"	8
"2722"	"GO:0010608"	27
"2723"	"GO:0010609"	4
"2724"	"GO:0010610"	4
"2725"	"GO:0010611"	53
"2726"	"GO:0010612"	53
"2727"	"GO:0010613"	53
"2728"	"GO:0010614"	53
"2729"	"GO:0010615"	53
"2730"	"GO:0010616"	53
"2731"	"GO:0010621"	4
"2732"	"GO:0010623"	36
"2733"	"GO:0010624"	41
"2734"	"GO:0010625"	7
"2735"	"GO:0010626"	41
"2736"	"GO:0010628"	27
"2737"	"GO:0010629"	27
"2738"	"GO:0010631"	30
"2739"	"GO:0010632"	30
"2740"	"GO:0010633"	30
"2741"	"GO:0010634"	30
"2742"	"GO:0010635"	43
"2743"	"GO:0010636"	43
"2744"	"GO:0010637"	43
"2745"	"GO:0010638"	8
"2746"	"GO:0010639"	8
"2747"	"GO:0010640"	9
"2748"	"GO:0010641"	35
"2749"	"GO:0010642"	35
"2750"	"GO:0010643"	45
"2751"	"GO:0010644"	51
"2752"	"GO:0010645"	45
"2753"	"GO:0010646"	44
"2754"	"GO:0010647"	44
"2755"	"GO:0010648"	44
"2756"	"GO:0010649"	51
"2757"	"GO:0010650"	51
"2758"	"GO:0010651"	51
"2759"	"GO:0010652"	45
"2760"	"GO:0010656"	36
"2761"	"GO:0010657"	36
"2762"	"GO:0010658"	36
"2763"	"GO:0010659"	36
"2764"	"GO:0010660"	36
"2765"	"GO:0010661"	36
"2766"	"GO:0010662"	36
"2767"	"GO:0010663"	36
"2768"	"GO:0010664"	36
"2769"	"GO:0010665"	36
"2770"	"GO:0010666"	36
"2771"	"GO:0010667"	36
"2772"	"GO:0010668"	24
"2773"	"GO:0010669"	33
"2774"	"GO:0010692"	19
"2775"	"GO:0010694"	19
"2776"	"GO:0010700"	5
"2777"	"GO:0010701"	5
"2778"	"GO:0010705"	2
"2779"	"GO:0010706"	49
"2780"	"GO:0010707"	49
"2781"	"GO:0010710"	46
"2782"	"GO:0010711"	46
"2783"	"GO:0010712"	16
"2784"	"GO:0010713"	46
"2785"	"GO:0010714"	31
"2786"	"GO:0010715"	43
"2787"	"GO:0010716"	8
"2788"	"GO:0010717"	27
"2789"	"GO:0010718"	27
"2790"	"GO:0010719"	39
"2791"	"GO:0010720"	27
"2792"	"GO:0010721"	27
"2793"	"GO:0010722"	19
"2794"	"GO:0010724"	7
"2795"	"GO:0010725"	7
"2796"	"GO:0010726"	46
"2797"	"GO:0010727"	46
"2798"	"GO:0010728"	46
"2799"	"GO:0010729"	46
"2800"	"GO:0010730"	46
"2801"	"GO:0010731"	26
"2802"	"GO:0010732"	46
"2803"	"GO:0010734"	46
"2804"	"GO:0010737"	9
"2805"	"GO:0010738"	44
"2806"	"GO:0010739"	9
"2807"	"GO:0010742"	24
"2808"	"GO:0010743"	24
"2809"	"GO:0010744"	24
"2810"	"GO:0010745"	24
"2811"	"GO:0010746"	23
"2812"	"GO:0010747"	23
"2813"	"GO:0010748"	23
"2814"	"GO:0010749"	44
"2815"	"GO:0010750"	44
"2816"	"GO:0010751"	20
"2817"	"GO:0010752"	20
"2818"	"GO:0010753"	20
"2819"	"GO:0010754"	20
"2820"	"GO:0010755"	31
"2821"	"GO:0010756"	31
"2822"	"GO:0010757"	31
"2823"	"GO:0010758"	30
"2824"	"GO:0010759"	30
"2825"	"GO:0010760"	6
"2826"	"GO:0010761"	30
"2827"	"GO:0010762"	30
"2828"	"GO:0010763"	30
"2829"	"GO:0010764"	30
"2830"	"GO:0010765"	34
"2831"	"GO:0010766"	34
"2832"	"GO:0010770"	43
"2833"	"GO:0010774"	2
"2834"	"GO:0010780"	2
"2835"	"GO:0010789"	22
"2836"	"GO:0010792"	2
"2837"	"GO:0010793"	4
"2838"	"GO:0010795"	46
"2839"	"GO:0010799"	28
"2840"	"GO:0010800"	28
"2841"	"GO:0010801"	28
"2842"	"GO:0010803"	9
"2843"	"GO:0010804"	35
"2844"	"GO:0010807"	43
"2845"	"GO:0010808"	43
"2846"	"GO:0010810"	30
"2847"	"GO:0010811"	30
"2848"	"GO:0010812"	30
"2849"	"GO:0010813"	45
"2850"	"GO:0010814"	49
"2851"	"GO:0010815"	49
"2852"	"GO:0010816"	46
"2853"	"GO:0010817"	5
"2854"	"GO:0010818"	30
"2855"	"GO:0010819"	6
"2856"	"GO:0010820"	6
"2857"	"GO:0010821"	28
"2858"	"GO:0010824"	8
"2859"	"GO:0010825"	8
"2860"	"GO:0010826"	8
"2861"	"GO:0010827"	12
"2862"	"GO:0010828"	23
"2863"	"GO:0010829"	23
"2864"	"GO:0010830"	27
"2865"	"GO:0010831"	7
"2866"	"GO:0010832"	39
"2867"	"GO:0010833"	2
"2868"	"GO:0010835"	19
"2869"	"GO:0010836"	19
"2870"	"GO:0010837"	41
"2871"	"GO:0010838"	41
"2872"	"GO:0010839"	41
"2873"	"GO:0010840"	53
"2874"	"GO:0010841"	53
"2875"	"GO:0010842"	17
"2876"	"GO:0010845"	2
"2877"	"GO:0010849"	34
"2878"	"GO:0010866"	46
"2879"	"GO:0010867"	46
"2880"	"GO:0010868"	46
"2881"	"GO:0010874"	12
"2882"	"GO:0010875"	5
"2883"	"GO:0010876"	12
"2884"	"GO:0010877"	12
"2885"	"GO:0010878"	5
"2886"	"GO:0010879"	12
"2887"	"GO:0010880"	51
"2888"	"GO:0010881"	51
"2889"	"GO:0010882"	51
"2890"	"GO:0010883"	32
"2891"	"GO:0010884"	32
"2892"	"GO:0010885"	5
"2893"	"GO:0010886"	5
"2894"	"GO:0010887"	5
"2895"	"GO:0010888"	5
"2896"	"GO:0010889"	53
"2897"	"GO:0010890"	23
"2898"	"GO:0010891"	53
"2899"	"GO:0010893"	46
"2900"	"GO:0010894"	46
"2901"	"GO:0010896"	46
"2902"	"GO:0010897"	46
"2903"	"GO:0010898"	46
"2904"	"GO:0010899"	46
"2905"	"GO:0010900"	46
"2906"	"GO:0010901"	31
"2907"	"GO:0010902"	31
"2908"	"GO:0010903"	31
"2909"	"GO:0010904"	46
"2910"	"GO:0010905"	46
"2911"	"GO:0010906"	16
"2912"	"GO:0010907"	16
"2913"	"GO:0010908"	46
"2914"	"GO:0010909"	46
"2915"	"GO:0010911"	19
"2916"	"GO:0010912"	19
"2917"	"GO:0010915"	53
"2918"	"GO:0010916"	53
"2919"	"GO:0010917"	51
"2920"	"GO:0010918"	51
"2921"	"GO:0010919"	46
"2922"	"GO:0010920"	46
"2923"	"GO:0010921"	28
"2924"	"GO:0010922"	19
"2925"	"GO:0010923"	19
"2926"	"GO:0010924"	19
"2927"	"GO:0010925"	19
"2928"	"GO:0010927"	11
"2929"	"GO:0010931"	29
"2930"	"GO:0010932"	6
"2931"	"GO:0010933"	13
"2932"	"GO:0010934"	29
"2933"	"GO:0010935"	29
"2934"	"GO:0010936"	29
"2935"	"GO:0010938"	10
"2936"	"GO:0010944"	4
"2937"	"GO:0010948"	22
"2938"	"GO:0010949"	53
"2939"	"GO:0010950"	28
"2940"	"GO:0010951"	28
"2941"	"GO:0010952"	28
"2942"	"GO:0010954"	31
"2943"	"GO:0010955"	31
"2944"	"GO:0010956"	46
"2945"	"GO:0010957"	46
"2946"	"GO:0010958"	23
"2947"	"GO:0010959"	34
"2948"	"GO:0010960"	34
"2949"	"GO:0010961"	34
"2950"	"GO:0010962"	16
"2951"	"GO:0010965"	22
"2952"	"GO:0010966"	23
"2953"	"GO:0010967"	46
"2954"	"GO:0010968"	8
"2955"	"GO:0010970"	38
"2956"	"GO:0010971"	22
"2957"	"GO:0010972"	22
"2958"	"GO:0010975"	17
"2959"	"GO:0010976"	17
"2960"	"GO:0010977"	17
"2961"	"GO:0010979"	19
"2962"	"GO:0010980"	19
"2963"	"GO:0010982"	53
"2964"	"GO:0010983"	53
"2965"	"GO:0010984"	53
"2966"	"GO:0010985"	53
"2967"	"GO:0010986"	53
"2968"	"GO:0010987"	53
"2969"	"GO:0010988"	53
"2970"	"GO:0010989"	53
"2971"	"GO:0010992"	10
"2972"	"GO:0010994"	10
"2973"	"GO:0010996"	52
"2974"	"GO:0010998"	4
"2975"	"GO:0010999"	4
"2976"	"GO:0012501"	44
"2977"	"GO:0012502"	36
"2978"	"GO:0014002"	17
"2979"	"GO:0014003"	17
"2980"	"GO:0014004"	24
"2981"	"GO:0014005"	3
"2982"	"GO:0014006"	7
"2983"	"GO:0014008"	7
"2984"	"GO:0014009"	41
"2985"	"GO:0014010"	41
"2986"	"GO:0014011"	41
"2987"	"GO:0014012"	17
"2988"	"GO:0014013"	27
"2989"	"GO:0014014"	39
"2990"	"GO:0014015"	7
"2991"	"GO:0014016"	24
"2992"	"GO:0014017"	24
"2993"	"GO:0014020"	48
"2994"	"GO:0014022"	48
"2995"	"GO:0014028"	48
"2996"	"GO:0014029"	24
"2997"	"GO:0014031"	24
"2998"	"GO:0014032"	17
"2999"	"GO:0014033"	27
"3000"	"GO:0014034"	24
"3001"	"GO:0014036"	24
"3002"	"GO:0014037"	17
"3003"	"GO:0014038"	39
"3004"	"GO:0014040"	7
"3005"	"GO:0014041"	39
"3006"	"GO:0014042"	7
"3007"	"GO:0014043"	39
"3008"	"GO:0014044"	17
"3009"	"GO:0014045"	3
"3010"	"GO:0014046"	5
"3011"	"GO:0014047"	5
"3012"	"GO:0014048"	5
"3013"	"GO:0014049"	5
"3014"	"GO:0014050"	5
"3015"	"GO:0014051"	5
"3016"	"GO:0014052"	5
"3017"	"GO:0014053"	5
"3018"	"GO:0014054"	23
"3019"	"GO:0014055"	5
"3020"	"GO:0014056"	5
"3021"	"GO:0014057"	5
"3022"	"GO:0014059"	5
"3023"	"GO:0014060"	5
"3024"	"GO:0014061"	5
"3025"	"GO:0014062"	5
"3026"	"GO:0014063"	5
"3027"	"GO:0014064"	23
"3028"	"GO:0014070"	18
"3029"	"GO:0014072"	18
"3030"	"GO:0014074"	18
"3031"	"GO:0014075"	18
"3032"	"GO:0014706"	32
"3033"	"GO:0014707"	3
"3034"	"GO:0014717"	7
"3035"	"GO:0014718"	7
"3036"	"GO:0014719"	47
"3037"	"GO:0014721"	53
"3038"	"GO:0014722"	53
"3039"	"GO:0014723"	53
"3040"	"GO:0014724"	53
"3041"	"GO:0014728"	53
"3042"	"GO:0014732"	53
"3043"	"GO:0014733"	53
"3044"	"GO:0014734"	53
"3045"	"GO:0014735"	53
"3046"	"GO:0014736"	53
"3047"	"GO:0014737"	53
"3048"	"GO:0014738"	53
"3049"	"GO:0014740"	53
"3050"	"GO:0014741"	53
"3051"	"GO:0014742"	53
"3052"	"GO:0014743"	53
"3053"	"GO:0014744"	53
"3054"	"GO:0014745"	53
"3055"	"GO:0014805"	53
"3056"	"GO:0014806"	53
"3057"	"GO:0014807"	39
"3058"	"GO:0014808"	34
"3059"	"GO:0014809"	51
"3060"	"GO:0014810"	51
"3061"	"GO:0014812"	30
"3062"	"GO:0014816"	24
"3063"	"GO:0014819"	53
"3064"	"GO:0014820"	53
"3065"	"GO:0014821"	53
"3066"	"GO:0014822"	52
"3067"	"GO:0014823"	50
"3068"	"GO:0014824"	53
"3069"	"GO:0014826"	53
"3070"	"GO:0014827"	53
"3071"	"GO:0014828"	53
"3072"	"GO:0014829"	53
"3073"	"GO:0014831"	53
"3074"	"GO:0014832"	53
"3075"	"GO:0014834"	14
"3076"	"GO:0014835"	24
"3077"	"GO:0014839"	30
"3078"	"GO:0014841"	41
"3079"	"GO:0014842"	41
"3080"	"GO:0014843"	7
"3081"	"GO:0014846"	53
"3082"	"GO:0014848"	53
"3083"	"GO:0014849"	53
"3084"	"GO:0014850"	50
"3085"	"GO:0014852"	53
"3086"	"GO:0014853"	33
"3087"	"GO:0014854"	50
"3088"	"GO:0014855"	41
"3089"	"GO:0014856"	41
"3090"	"GO:0014857"	41
"3091"	"GO:0014858"	7
"3092"	"GO:0014859"	42
"3093"	"GO:0014860"	5
"3094"	"GO:0014861"	51
"3095"	"GO:0014862"	53
"3096"	"GO:0014866"	11
"3097"	"GO:0014870"	53
"3098"	"GO:0014873"	53
"3099"	"GO:0014874"	53
"3100"	"GO:0014876"	50
"3101"	"GO:0014877"	51
"3102"	"GO:0014878"	50
"3103"	"GO:0014883"	53
"3104"	"GO:0014886"	53
"3105"	"GO:0014887"	53
"3106"	"GO:0014888"	53
"3107"	"GO:0014889"	53
"3108"	"GO:0014891"	53
"3109"	"GO:0014894"	51
"3110"	"GO:0014895"	53
"3111"	"GO:0014896"	53
"3112"	"GO:0014897"	53
"3113"	"GO:0014898"	53
"3114"	"GO:0014900"	53
"3115"	"GO:0014901"	24
"3116"	"GO:0014902"	27
"3117"	"GO:0014904"	24
"3118"	"GO:0014905"	17
"3119"	"GO:0014906"	24
"3120"	"GO:0014908"	24
"3121"	"GO:0014909"	30
"3122"	"GO:0014910"	30
"3123"	"GO:0014911"	30
"3124"	"GO:0014912"	30
"3125"	"GO:0014916"	53
"3126"	"GO:0015012"	49
"3127"	"GO:0015014"	49
"3128"	"GO:0015015"	49
"3129"	"GO:0015031"	38
"3130"	"GO:0015074"	2
"3131"	"GO:0015669"	12
"3132"	"GO:0015670"	12
"3133"	"GO:0015671"	12
"3134"	"GO:0015675"	12
"3135"	"GO:0015676"	12
"3136"	"GO:0015677"	12
"3137"	"GO:0015679"	12
"3138"	"GO:0015680"	26
"3139"	"GO:0015689"	12
"3140"	"GO:0015691"	12
"3141"	"GO:0015692"	12
"3142"	"GO:0015693"	34
"3143"	"GO:0015694"	12
"3144"	"GO:0015695"	12
"3145"	"GO:0015697"	12
"3146"	"GO:0015698"	12
"3147"	"GO:0015700"	12
"3148"	"GO:0015701"	12
"3149"	"GO:0015705"	12
"3150"	"GO:0015706"	12
"3151"	"GO:0015707"	12
"3152"	"GO:0015709"	12
"3153"	"GO:0015711"	12
"3154"	"GO:0015712"	12
"3155"	"GO:0015718"	12
"3156"	"GO:0015721"	12
"3157"	"GO:0015722"	12
"3158"	"GO:0015723"	12
"3159"	"GO:0015724"	12
"3160"	"GO:0015727"	12
"3161"	"GO:0015728"	12
"3162"	"GO:0015729"	12
"3163"	"GO:0015730"	12
"3164"	"GO:0015732"	12
"3165"	"GO:0015734"	12
"3166"	"GO:0015735"	12
"3167"	"GO:0015736"	12
"3168"	"GO:0015738"	12
"3169"	"GO:0015739"	12
"3170"	"GO:0015740"	12
"3171"	"GO:0015741"	12
"3172"	"GO:0015742"	12
"3173"	"GO:0015743"	12
"3174"	"GO:0015744"	12
"3175"	"GO:0015746"	12
"3176"	"GO:0015747"	12
"3177"	"GO:0015748"	12
"3178"	"GO:0015749"	12
"3179"	"GO:0015750"	12
"3180"	"GO:0015755"	12
"3181"	"GO:0015756"	12
"3182"	"GO:0015757"	12
"3183"	"GO:0015760"	12
"3184"	"GO:0015761"	12
"3185"	"GO:0015766"	12
"3186"	"GO:0015770"	12
"3187"	"GO:0015772"	12
"3188"	"GO:0015774"	12
"3189"	"GO:0015779"	12
"3190"	"GO:0015780"	12
"3191"	"GO:0015782"	12
"3192"	"GO:0015783"	12
"3193"	"GO:0015786"	12
"3194"	"GO:0015787"	12
"3195"	"GO:0015789"	12
"3196"	"GO:0015790"	12
"3197"	"GO:0015791"	12
"3198"	"GO:0015793"	12
"3199"	"GO:0015797"	12
"3200"	"GO:0015798"	12
"3201"	"GO:0015800"	12
"3202"	"GO:0015801"	12
"3203"	"GO:0015802"	12
"3204"	"GO:0015803"	12
"3205"	"GO:0015804"	12
"3206"	"GO:0015805"	12
"3207"	"GO:0015807"	12
"3208"	"GO:0015808"	12
"3209"	"GO:0015810"	12
"3210"	"GO:0015811"	12
"3211"	"GO:0015812"	12
"3212"	"GO:0015813"	12
"3213"	"GO:0015816"	12
"3214"	"GO:0015817"	12
"3215"	"GO:0015818"	12
"3216"	"GO:0015819"	12
"3217"	"GO:0015820"	12
"3218"	"GO:0015821"	12
"3219"	"GO:0015822"	12
"3220"	"GO:0015823"	12
"3221"	"GO:0015824"	12
"3222"	"GO:0015825"	12
"3223"	"GO:0015826"	12
"3224"	"GO:0015827"	12
"3225"	"GO:0015828"	12
"3226"	"GO:0015829"	12
"3227"	"GO:0015833"	5
"3228"	"GO:0015835"	12
"3229"	"GO:0015837"	5
"3230"	"GO:0015838"	12
"3231"	"GO:0015840"	12
"3232"	"GO:0015842"	12
"3233"	"GO:0015843"	12
"3234"	"GO:0015844"	5
"3235"	"GO:0015846"	12
"3236"	"GO:0015847"	12
"3237"	"GO:0015848"	12
"3238"	"GO:0015849"	12
"3239"	"GO:0015850"	5
"3240"	"GO:0015851"	12
"3241"	"GO:0015853"	12
"3242"	"GO:0015854"	12
"3243"	"GO:0015855"	12
"3244"	"GO:0015857"	12
"3245"	"GO:0015858"	12
"3246"	"GO:0015860"	12
"3247"	"GO:0015861"	12
"3248"	"GO:0015862"	12
"3249"	"GO:0015864"	12
"3250"	"GO:0015865"	12
"3251"	"GO:0015866"	12
"3252"	"GO:0015867"	12
"3253"	"GO:0015868"	12
"3254"	"GO:0015870"	12
"3255"	"GO:0015871"	12
"3256"	"GO:0015872"	5
"3257"	"GO:0015874"	5
"3258"	"GO:0015876"	12
"3259"	"GO:0015878"	12
"3260"	"GO:0015879"	12
"3261"	"GO:0015880"	12
"3262"	"GO:0015881"	12
"3263"	"GO:0015882"	12
"3264"	"GO:0015883"	12
"3265"	"GO:0015884"	12
"3266"	"GO:0015886"	12
"3267"	"GO:0015887"	12
"3268"	"GO:0015888"	12
"3269"	"GO:0015889"	12
"3270"	"GO:0015891"	12
"3271"	"GO:0015904"	12
"3272"	"GO:0015908"	12
"3273"	"GO:0015909"	12
"3274"	"GO:0015910"	12
"3275"	"GO:0015911"	12
"3276"	"GO:0015912"	12
"3277"	"GO:0015913"	12
"3278"	"GO:0015914"	12
"3279"	"GO:0015916"	12
"3280"	"GO:0015917"	12
"3281"	"GO:0015918"	12
"3282"	"GO:0015919"	12
"3283"	"GO:0015920"	12
"3284"	"GO:0015931"	12
"3285"	"GO:0015936"	40
"3286"	"GO:0015937"	40
"3287"	"GO:0015938"	40
"3288"	"GO:0015939"	21
"3289"	"GO:0015942"	21
"3290"	"GO:0015949"	40
"3291"	"GO:0015959"	40
"3292"	"GO:0015960"	40
"3293"	"GO:0015961"	40
"3294"	"GO:0015962"	40
"3295"	"GO:0015964"	40
"3296"	"GO:0015965"	40
"3297"	"GO:0015966"	40
"3298"	"GO:0015980"	16
"3299"	"GO:0015986"	40
"3300"	"GO:0015988"	34
"3301"	"GO:0015990"	34
"3302"	"GO:0015994"	49
"3303"	"GO:0015995"	49
"3304"	"GO:0016024"	49
"3305"	"GO:0016031"	12
"3306"	"GO:0016032"	1
"3307"	"GO:0016036"	50
"3308"	"GO:0016037"	52
"3309"	"GO:0016038"	52
"3310"	"GO:0016042"	16
"3311"	"GO:0016043"	10
"3312"	"GO:0016045"	1
"3313"	"GO:0016046"	1
"3314"	"GO:0016048"	52
"3315"	"GO:0016049"	27
"3316"	"GO:0016050"	11
"3317"	"GO:0016051"	16
"3318"	"GO:0016052"	16
"3319"	"GO:0016053"	21
"3320"	"GO:0016054"	21
"3321"	"GO:0016055"	27
"3322"	"GO:0016056"	45
"3323"	"GO:0016064"	29
"3324"	"GO:0016068"	29
"3325"	"GO:0016070"	27
"3326"	"GO:0016071"	25
"3327"	"GO:0016072"	25
"3328"	"GO:0016073"	25
"3329"	"GO:0016074"	25
"3330"	"GO:0016075"	25
"3331"	"GO:0016076"	25
"3332"	"GO:0016077"	25
"3333"	"GO:0016078"	25
"3334"	"GO:0016079"	38
"3335"	"GO:0016080"	37
"3336"	"GO:0016081"	11
"3337"	"GO:0016082"	11
"3338"	"GO:0016093"	49
"3339"	"GO:0016094"	49
"3340"	"GO:0016095"	49
"3341"	"GO:0016098"	49
"3342"	"GO:0016101"	49
"3343"	"GO:0016102"	49
"3344"	"GO:0016103"	49
"3345"	"GO:0016104"	49
"3346"	"GO:0016107"	49
"3347"	"GO:0016108"	49
"3348"	"GO:0016109"	49
"3349"	"GO:0016110"	49
"3350"	"GO:0016114"	49
"3351"	"GO:0016115"	49
"3352"	"GO:0016116"	49
"3353"	"GO:0016117"	49
"3354"	"GO:0016118"	49
"3355"	"GO:0016119"	49
"3356"	"GO:0016121"	49
"3357"	"GO:0016122"	49
"3358"	"GO:0016123"	49
"3359"	"GO:0016124"	49
"3360"	"GO:0016125"	16
"3361"	"GO:0016126"	16
"3362"	"GO:0016127"	49
"3363"	"GO:0016128"	49
"3364"	"GO:0016129"	49
"3365"	"GO:0016131"	49
"3366"	"GO:0016132"	49
"3367"	"GO:0016137"	49
"3368"	"GO:0016139"	49
"3369"	"GO:0016180"	25
"3370"	"GO:0016182"	37
"3371"	"GO:0016183"	11
"3372"	"GO:0016185"	11
"3373"	"GO:0016188"	11
"3374"	"GO:0016189"	11
"3375"	"GO:0016191"	11
"3376"	"GO:0016192"	38
"3377"	"GO:0016197"	38
"3378"	"GO:0016198"	17
"3379"	"GO:0016199"	17
"3380"	"GO:0016202"	39
"3381"	"GO:0016203"	15
"3382"	"GO:0016226"	10
"3383"	"GO:0016233"	2
"3384"	"GO:0016236"	28
"3385"	"GO:0016237"	10
"3386"	"GO:0016239"	28
"3387"	"GO:0016240"	11
"3388"	"GO:0016241"	16
"3389"	"GO:0016242"	46
"3390"	"GO:0016243"	43
"3391"	"GO:0016255"	26
"3392"	"GO:0016256"	26
"3393"	"GO:0016259"	21
"3394"	"GO:0016260"	21
"3395"	"GO:0016261"	21
"3396"	"GO:0016264"	11
"3397"	"GO:0016266"	26
"3398"	"GO:0016268"	26
"3399"	"GO:0016269"	26
"3400"	"GO:0016310"	28
"3401"	"GO:0016311"	28
"3402"	"GO:0016320"	11
"3403"	"GO:0016321"	22
"3404"	"GO:0016322"	17
"3405"	"GO:0016331"	48
"3406"	"GO:0016332"	15
"3407"	"GO:0016333"	48
"3408"	"GO:0016334"	15
"3409"	"GO:0016338"	30
"3410"	"GO:0016339"	11
"3411"	"GO:0016340"	30
"3412"	"GO:0016344"	22
"3413"	"GO:0016358"	17
"3414"	"GO:0016441"	4
"3415"	"GO:0016444"	29
"3416"	"GO:0016445"	29
"3417"	"GO:0016446"	29
"3418"	"GO:0016447"	29
"3419"	"GO:0016476"	39
"3420"	"GO:0016477"	30
"3421"	"GO:0016479"	4
"3422"	"GO:0016480"	4
"3423"	"GO:0016482"	38
"3424"	"GO:0016485"	26
"3425"	"GO:0016486"	26
"3426"	"GO:0016487"	49
"3427"	"GO:0016488"	49
"3428"	"GO:0016525"	27
"3429"	"GO:0016539"	26
"3430"	"GO:0016540"	26
"3431"	"GO:0016553"	25
"3432"	"GO:0016554"	25
"3433"	"GO:0016556"	25
"3434"	"GO:0016557"	10
"3435"	"GO:0016558"	37
"3436"	"GO:0016559"	11
"3437"	"GO:0016560"	37
"3438"	"GO:0016561"	37
"3439"	"GO:0016562"	26
"3440"	"GO:0016567"	28
"3441"	"GO:0016579"	26
"3442"	"GO:0016598"	26
"3443"	"GO:0016601"	44
"3444"	"GO:0016925"	26
"3445"	"GO:0016926"	26
"3446"	"GO:0016973"	38
"3447"	"GO:0016999"	49
"3448"	"GO:0017003"	26
"3449"	"GO:0017004"	10
"3450"	"GO:0017006"	26
"3451"	"GO:0017014"	26
"3452"	"GO:0017015"	9
"3453"	"GO:0017038"	37
"3454"	"GO:0017055"	4
"3455"	"GO:0017062"	10
"3456"	"GO:0017085"	18
"3457"	"GO:0017121"	51
"3458"	"GO:0017126"	10
"3459"	"GO:0017143"	49
"3460"	"GO:0017145"	14
"3461"	"GO:0017148"	4
"3462"	"GO:0017156"	5
"3463"	"GO:0017157"	5
"3464"	"GO:0017158"	5
"3465"	"GO:0017183"	26
"3466"	"GO:0017185"	26
"3467"	"GO:0017186"	26
"3468"	"GO:0017187"	26
"3469"	"GO:0017190"	26
"3470"	"GO:0017192"	26
"3471"	"GO:0017196"	26
"3472"	"GO:0018002"	26
"3473"	"GO:0018003"	26
"3474"	"GO:0018008"	26
"3475"	"GO:0018009"	26
"3476"	"GO:0018013"	26
"3477"	"GO:0018016"	26
"3478"	"GO:0018021"	26
"3479"	"GO:0018022"	26
"3480"	"GO:0018023"	26
"3481"	"GO:0018026"	26
"3482"	"GO:0018027"	26
"3483"	"GO:0018057"	26
"3484"	"GO:0018063"	10
"3485"	"GO:0018076"	26
"3486"	"GO:0018095"	26
"3487"	"GO:0018103"	26
"3488"	"GO:0018105"	28
"3489"	"GO:0018107"	28
"3490"	"GO:0018108"	28
"3491"	"GO:0018117"	26
"3492"	"GO:0018119"	26
"3493"	"GO:0018125"	26
"3494"	"GO:0018126"	26
"3495"	"GO:0018146"	49
"3496"	"GO:0018149"	26
"3497"	"GO:0018153"	26
"3498"	"GO:0018158"	26
"3499"	"GO:0018160"	26
"3500"	"GO:0018171"	26
"3501"	"GO:0018175"	26
"3502"	"GO:0018190"	26
"3503"	"GO:0018191"	26
"3504"	"GO:0018193"	28
"3505"	"GO:0018195"	26
"3506"	"GO:0018197"	26
"3507"	"GO:0018198"	26
"3508"	"GO:0018199"	26
"3509"	"GO:0018200"	26
"3510"	"GO:0018201"	26
"3511"	"GO:0018202"	26
"3512"	"GO:0018205"	26
"3513"	"GO:0018206"	26
"3514"	"GO:0018208"	26
"3515"	"GO:0018209"	28
"3516"	"GO:0018210"	28
"3517"	"GO:0018211"	26
"3518"	"GO:0018212"	28
"3519"	"GO:0018214"	26
"3520"	"GO:0018216"	26
"3521"	"GO:0018217"	26
"3522"	"GO:0018230"	26
"3523"	"GO:0018231"	26
"3524"	"GO:0018242"	26
"3525"	"GO:0018243"	26
"3526"	"GO:0018262"	26
"3527"	"GO:0018272"	26
"3528"	"GO:0018277"	26
"3529"	"GO:0018279"	26
"3530"	"GO:0018282"	21
"3531"	"GO:0018283"	26
"3532"	"GO:0018293"	26
"3533"	"GO:0018317"	26
"3534"	"GO:0018335"	26
"3535"	"GO:0018342"	26
"3536"	"GO:0018343"	26
"3537"	"GO:0018344"	26
"3538"	"GO:0018345"	26
"3539"	"GO:0018352"	26
"3540"	"GO:0018364"	26
"3541"	"GO:0018377"	26
"3542"	"GO:0018393"	26
"3543"	"GO:0018394"	26
"3544"	"GO:0018395"	26
"3545"	"GO:0018401"	26
"3546"	"GO:0018406"	26
"3547"	"GO:0018410"	26
"3548"	"GO:0018872"	21
"3549"	"GO:0018874"	21
"3550"	"GO:0018879"	49
"3551"	"GO:0018885"	49
"3552"	"GO:0018894"	49
"3553"	"GO:0018904"	49
"3554"	"GO:0018910"	49
"3555"	"GO:0018916"	49
"3556"	"GO:0018958"	49
"3557"	"GO:0018960"	49
"3558"	"GO:0018963"	21
"3559"	"GO:0018964"	49
"3560"	"GO:0018969"	21
"3561"	"GO:0018992"	15
"3562"	"GO:0018993"	15
"3563"	"GO:0019042"	1
"3564"	"GO:0019043"	1
"3565"	"GO:0019045"	1
"3566"	"GO:0019046"	1
"3567"	"GO:0019048"	1
"3568"	"GO:0019049"	1
"3569"	"GO:0019054"	1
"3570"	"GO:0019058"	1
"3571"	"GO:0019060"	12
"3572"	"GO:0019062"	1
"3573"	"GO:0019064"	11
"3574"	"GO:0019065"	12
"3575"	"GO:0019068"	11
"3576"	"GO:0019072"	25
"3577"	"GO:0019074"	25
"3578"	"GO:0019075"	10
"3579"	"GO:0019076"	1
"3580"	"GO:0019079"	1
"3581"	"GO:0019080"	1
"3582"	"GO:0019081"	25
"3583"	"GO:0019082"	26
"3584"	"GO:0019083"	1
"3585"	"GO:0019085"	1
"3586"	"GO:0019086"	25
"3587"	"GO:0019087"	1
"3588"	"GO:0019098"	33
"3589"	"GO:0019100"	15
"3590"	"GO:0019101"	15
"3591"	"GO:0019102"	15
"3592"	"GO:0019184"	26
"3593"	"GO:0019216"	16
"3594"	"GO:0019217"	16
"3595"	"GO:0019218"	46
"3596"	"GO:0019219"	27
"3597"	"GO:0019220"	28
"3598"	"GO:0019221"	44
"3599"	"GO:0019222"	27
"3600"	"GO:0019226"	33
"3601"	"GO:0019227"	51
"3602"	"GO:0019228"	33
"3603"	"GO:0019229"	53
"3604"	"GO:0019230"	33
"3605"	"GO:0019233"	52
"3606"	"GO:0019236"	18
"3607"	"GO:0019240"	21
"3608"	"GO:0019242"	21
"3609"	"GO:0019243"	21
"3610"	"GO:0019244"	21
"3611"	"GO:0019249"	21
"3612"	"GO:0019254"	21
"3613"	"GO:0019255"	40
"3614"	"GO:0019262"	21
"3615"	"GO:0019264"	21
"3616"	"GO:0019265"	21
"3617"	"GO:0019276"	40
"3618"	"GO:0019284"	21
"3619"	"GO:0019285"	21
"3620"	"GO:0019287"	40
"3621"	"GO:0019290"	49
"3622"	"GO:0019293"	21
"3623"	"GO:0019303"	40
"3624"	"GO:0019310"	49
"3625"	"GO:0019317"	49
"3626"	"GO:0019318"	16
"3627"	"GO:0019319"	16
"3628"	"GO:0019320"	16
"3629"	"GO:0019321"	49
"3630"	"GO:0019322"	40
"3631"	"GO:0019323"	40
"3632"	"GO:0019336"	49
"3633"	"GO:0019341"	49
"3634"	"GO:0019343"	21
"3635"	"GO:0019344"	21
"3636"	"GO:0019346"	21
"3637"	"GO:0019348"	49
"3638"	"GO:0019359"	40
"3639"	"GO:0019362"	16
"3640"	"GO:0019363"	40
"3641"	"GO:0019364"	16
"3642"	"GO:0019365"	40
"3643"	"GO:0019367"	21
"3644"	"GO:0019368"	21
"3645"	"GO:0019369"	21
"3646"	"GO:0019370"	21
"3647"	"GO:0019371"	21
"3648"	"GO:0019372"	21
"3649"	"GO:0019373"	21
"3650"	"GO:0019374"	49
"3651"	"GO:0019375"	49
"3652"	"GO:0019376"	49
"3653"	"GO:0019377"	49
"3654"	"GO:0019388"	40
"3655"	"GO:0019395"	16
"3656"	"GO:0019400"	49
"3657"	"GO:0019401"	49
"3658"	"GO:0019402"	49
"3659"	"GO:0019405"	49
"3660"	"GO:0019407"	49
"3661"	"GO:0019408"	49
"3662"	"GO:0019413"	21
"3663"	"GO:0019417"	21
"3664"	"GO:0019418"	21
"3665"	"GO:0019427"	40
"3666"	"GO:0019430"	50
"3667"	"GO:0019432"	49
"3668"	"GO:0019433"	49
"3669"	"GO:0019440"	21
"3670"	"GO:0019441"	21
"3671"	"GO:0019442"	21
"3672"	"GO:0019448"	21
"3673"	"GO:0019449"	21
"3674"	"GO:0019452"	21
"3675"	"GO:0019464"	21
"3676"	"GO:0019470"	21
"3677"	"GO:0019471"	21
"3678"	"GO:0019474"	21
"3679"	"GO:0019477"	21
"3680"	"GO:0019478"	21
"3681"	"GO:0019481"	21
"3682"	"GO:0019482"	21
"3683"	"GO:0019483"	21
"3684"	"GO:0019493"	21
"3685"	"GO:0019509"	21
"3686"	"GO:0019511"	26
"3687"	"GO:0019518"	21
"3688"	"GO:0019519"	49
"3689"	"GO:0019520"	21
"3690"	"GO:0019521"	21
"3691"	"GO:0019527"	49
"3692"	"GO:0019530"	21
"3693"	"GO:0019532"	12
"3694"	"GO:0019538"	28
"3695"	"GO:0019541"	21
"3696"	"GO:0019542"	21
"3697"	"GO:0019543"	21
"3698"	"GO:0019544"	21
"3699"	"GO:0019547"	21
"3700"	"GO:0019550"	21
"3701"	"GO:0019556"	21
"3702"	"GO:0019557"	21
"3703"	"GO:0019563"	49
"3704"	"GO:0019566"	49
"3705"	"GO:0019585"	21
"3706"	"GO:0019605"	21
"3707"	"GO:0019606"	21
"3708"	"GO:0019614"	49
"3709"	"GO:0019626"	21
"3710"	"GO:0019627"	21
"3711"	"GO:0019637"	16
"3712"	"GO:0019640"	21
"3713"	"GO:0019646"	16
"3714"	"GO:0019659"	21
"3715"	"GO:0019660"	16
"3716"	"GO:0019661"	40
"3717"	"GO:0019673"	40
"3718"	"GO:0019674"	16
"3719"	"GO:0019676"	21
"3720"	"GO:0019677"	40
"3721"	"GO:0019678"	21
"3722"	"GO:0019682"	40
"3723"	"GO:0019692"	40
"3724"	"GO:0019693"	16
"3725"	"GO:0019694"	21
"3726"	"GO:0019695"	49
"3727"	"GO:0019720"	40
"3728"	"GO:0019722"	44
"3729"	"GO:0019724"	29
"3730"	"GO:0019725"	34
"3731"	"GO:0019730"	1
"3732"	"GO:0019731"	1
"3733"	"GO:0019732"	1
"3734"	"GO:0019740"	50
"3735"	"GO:0019742"	49
"3736"	"GO:0019747"	46
"3737"	"GO:0019748"	49
"3738"	"GO:0019751"	16
"3739"	"GO:0019752"	16
"3740"	"GO:0019755"	12
"3741"	"GO:0019805"	21
"3742"	"GO:0019827"	27
"3743"	"GO:0019835"	1
"3744"	"GO:0019852"	21
"3745"	"GO:0019853"	21
"3746"	"GO:0019856"	40
"3747"	"GO:0019858"	40
"3748"	"GO:0019859"	40
"3749"	"GO:0019860"	40
"3750"	"GO:0019878"	21
"3751"	"GO:0019882"	47
"3752"	"GO:0019883"	29
"3753"	"GO:0019884"	29
"3754"	"GO:0019885"	29
"3755"	"GO:0019886"	47
"3756"	"GO:0019896"	37
"3757"	"GO:0019915"	32
"3758"	"GO:0019918"	26
"3759"	"GO:0019919"	26
"3760"	"GO:0019933"	44
"3761"	"GO:0019934"	44
"3762"	"GO:0019941"	28
"3763"	"GO:0019953"	15
"3764"	"GO:0019985"	2
"3765"	"GO:0019988"	26
"3766"	"GO:0020027"	49
"3767"	"GO:0021501"	48
"3768"	"GO:0021502"	48
"3769"	"GO:0021503"	48
"3770"	"GO:0021508"	3
"3771"	"GO:0021509"	3
"3772"	"GO:0021510"	17
"3773"	"GO:0021511"	15
"3774"	"GO:0021512"	15
"3775"	"GO:0021513"	15
"3776"	"GO:0021514"	24
"3777"	"GO:0021515"	17
"3778"	"GO:0021516"	17
"3779"	"GO:0021517"	17
"3780"	"GO:0021520"	24
"3781"	"GO:0021521"	24
"3782"	"GO:0021522"	17
"3783"	"GO:0021523"	17
"3784"	"GO:0021524"	24
"3785"	"GO:0021526"	24
"3786"	"GO:0021527"	17
"3787"	"GO:0021528"	24
"3788"	"GO:0021529"	24
"3789"	"GO:0021530"	24
"3790"	"GO:0021532"	15
"3791"	"GO:0021533"	17
"3792"	"GO:0021534"	41
"3793"	"GO:0021535"	17
"3794"	"GO:0021536"	17
"3795"	"GO:0021537"	17
"3796"	"GO:0021538"	3
"3797"	"GO:0021539"	3
"3798"	"GO:0021540"	17
"3799"	"GO:0021541"	3
"3800"	"GO:0021542"	17
"3801"	"GO:0021543"	17
"3802"	"GO:0021544"	17
"3803"	"GO:0021545"	3
"3804"	"GO:0021546"	3
"3805"	"GO:0021547"	15
"3806"	"GO:0021548"	3
"3807"	"GO:0021549"	17
"3808"	"GO:0021550"	3
"3809"	"GO:0021551"	17
"3810"	"GO:0021553"	3
"3811"	"GO:0021554"	17
"3812"	"GO:0021555"	48
"3813"	"GO:0021556"	3
"3814"	"GO:0021557"	3
"3815"	"GO:0021558"	3
"3816"	"GO:0021559"	3
"3817"	"GO:0021560"	3
"3818"	"GO:0021561"	3
"3819"	"GO:0021562"	3
"3820"	"GO:0021563"	3
"3821"	"GO:0021564"	3
"3822"	"GO:0021566"	3
"3823"	"GO:0021568"	3
"3824"	"GO:0021569"	3
"3825"	"GO:0021570"	3
"3826"	"GO:0021571"	3
"3827"	"GO:0021572"	3
"3828"	"GO:0021575"	17
"3829"	"GO:0021576"	3
"3830"	"GO:0021577"	3
"3831"	"GO:0021578"	3
"3832"	"GO:0021586"	3
"3833"	"GO:0021587"	17
"3834"	"GO:0021588"	3
"3835"	"GO:0021589"	3
"3836"	"GO:0021590"	3
"3837"	"GO:0021591"	17
"3838"	"GO:0021592"	3
"3839"	"GO:0021593"	3
"3840"	"GO:0021594"	3
"3841"	"GO:0021595"	3
"3842"	"GO:0021598"	3
"3843"	"GO:0021599"	3
"3844"	"GO:0021602"	3
"3845"	"GO:0021603"	3
"3846"	"GO:0021604"	3
"3847"	"GO:0021605"	3
"3848"	"GO:0021610"	3
"3849"	"GO:0021612"	3
"3850"	"GO:0021615"	3
"3851"	"GO:0021618"	3
"3852"	"GO:0021622"	3
"3853"	"GO:0021623"	3
"3854"	"GO:0021626"	17
"3855"	"GO:0021627"	3
"3856"	"GO:0021628"	3
"3857"	"GO:0021629"	3
"3858"	"GO:0021630"	3
"3859"	"GO:0021631"	3
"3860"	"GO:0021633"	3
"3861"	"GO:0021634"	3
"3862"	"GO:0021636"	3
"3863"	"GO:0021637"	3
"3864"	"GO:0021639"	3
"3865"	"GO:0021642"	3
"3866"	"GO:0021644"	3
"3867"	"GO:0021647"	3
"3868"	"GO:0021648"	3
"3869"	"GO:0021649"	3
"3870"	"GO:0021650"	3
"3871"	"GO:0021658"	3
"3872"	"GO:0021659"	3
"3873"	"GO:0021660"	3
"3874"	"GO:0021664"	3
"3875"	"GO:0021665"	3
"3876"	"GO:0021666"	3
"3877"	"GO:0021670"	3
"3878"	"GO:0021675"	17
"3879"	"GO:0021678"	3
"3880"	"GO:0021679"	17
"3881"	"GO:0021680"	17
"3882"	"GO:0021681"	17
"3883"	"GO:0021682"	3
"3884"	"GO:0021683"	17
"3885"	"GO:0021684"	17
"3886"	"GO:0021685"	17
"3887"	"GO:0021686"	17
"3888"	"GO:0021687"	17
"3889"	"GO:0021688"	3
"3890"	"GO:0021691"	17
"3891"	"GO:0021692"	17
"3892"	"GO:0021693"	17
"3893"	"GO:0021694"	17
"3894"	"GO:0021695"	17
"3895"	"GO:0021696"	17
"3896"	"GO:0021697"	17
"3897"	"GO:0021698"	17
"3898"	"GO:0021699"	17
"3899"	"GO:0021700"	27
"3900"	"GO:0021702"	17
"3901"	"GO:0021703"	3
"3902"	"GO:0021707"	24
"3903"	"GO:0021718"	3
"3904"	"GO:0021722"	3
"3905"	"GO:0021723"	3
"3906"	"GO:0021730"	3
"3907"	"GO:0021732"	3
"3908"	"GO:0021740"	3
"3909"	"GO:0021742"	3
"3910"	"GO:0021743"	3
"3911"	"GO:0021747"	3
"3912"	"GO:0021750"	3
"3913"	"GO:0021754"	3
"3914"	"GO:0021756"	17
"3915"	"GO:0021757"	3
"3916"	"GO:0021758"	3
"3917"	"GO:0021759"	3
"3918"	"GO:0021761"	17
"3919"	"GO:0021762"	17
"3920"	"GO:0021764"	17
"3921"	"GO:0021766"	17
"3922"	"GO:0021767"	3
"3923"	"GO:0021768"	3
"3924"	"GO:0021769"	3
"3925"	"GO:0021771"	3
"3926"	"GO:0021772"	17
"3927"	"GO:0021773"	17
"3928"	"GO:0021775"	35
"3929"	"GO:0021776"	35
"3930"	"GO:0021778"	24
"3931"	"GO:0021779"	24
"3932"	"GO:0021780"	24
"3933"	"GO:0021781"	24
"3934"	"GO:0021782"	17
"3935"	"GO:0021783"	17
"3936"	"GO:0021784"	3
"3937"	"GO:0021785"	17
"3938"	"GO:0021793"	17
"3939"	"GO:0021794"	17
"3940"	"GO:0021795"	17
"3941"	"GO:0021796"	17
"3942"	"GO:0021797"	15
"3943"	"GO:0021798"	15
"3944"	"GO:0021799"	17
"3945"	"GO:0021800"	17
"3946"	"GO:0021801"	17
"3947"	"GO:0021812"	17
"3948"	"GO:0021813"	30
"3949"	"GO:0021814"	30
"3950"	"GO:0021815"	30
"3951"	"GO:0021816"	17
"3952"	"GO:0021817"	37
"3953"	"GO:0021819"	17
"3954"	"GO:0021822"	30
"3955"	"GO:0021823"	17
"3956"	"GO:0021825"	17
"3957"	"GO:0021826"	17
"3958"	"GO:0021827"	17
"3959"	"GO:0021828"	17
"3960"	"GO:0021830"	17
"3961"	"GO:0021831"	17
"3962"	"GO:0021836"	17
"3963"	"GO:0021840"	17
"3964"	"GO:0021842"	17
"3965"	"GO:0021843"	17
"3966"	"GO:0021846"	41
"3967"	"GO:0021847"	24
"3968"	"GO:0021849"	17
"3969"	"GO:0021852"	17
"3970"	"GO:0021853"	17
"3971"	"GO:0021854"	17
"3972"	"GO:0021855"	17
"3973"	"GO:0021856"	17
"3974"	"GO:0021858"	24
"3975"	"GO:0021859"	17
"3976"	"GO:0021860"	17
"3977"	"GO:0021861"	24
"3978"	"GO:0021869"	17
"3979"	"GO:0021870"	24
"3980"	"GO:0021871"	15
"3981"	"GO:0021872"	17
"3982"	"GO:0021873"	24
"3983"	"GO:0021874"	35
"3984"	"GO:0021877"	17
"3985"	"GO:0021879"	17
"3986"	"GO:0021884"	17
"3987"	"GO:0021885"	17
"3988"	"GO:0021886"	17
"3989"	"GO:0021888"	17
"3990"	"GO:0021889"	17
"3991"	"GO:0021891"	17
"3992"	"GO:0021892"	17
"3993"	"GO:0021893"	17
"3994"	"GO:0021894"	17
"3995"	"GO:0021895"	17
"3996"	"GO:0021896"	24
"3997"	"GO:0021897"	17
"3998"	"GO:0021902"	24
"3999"	"GO:0021903"	15
"4000"	"GO:0021904"	15
"4001"	"GO:0021905"	3
"4002"	"GO:0021910"	9
"4003"	"GO:0021914"	20
"4004"	"GO:0021915"	32
"4005"	"GO:0021924"	14
"4006"	"GO:0021930"	17
"4007"	"GO:0021932"	17
"4008"	"GO:0021933"	17
"4009"	"GO:0021934"	17
"4010"	"GO:0021935"	17
"4011"	"GO:0021936"	41
"4012"	"GO:0021937"	45
"4013"	"GO:0021940"	41
"4014"	"GO:0021941"	39
"4015"	"GO:0021942"	17
"4016"	"GO:0021943"	17
"4017"	"GO:0021944"	17
"4018"	"GO:0021952"	17
"4019"	"GO:0021953"	17
"4020"	"GO:0021954"	17
"4021"	"GO:0021955"	17
"4022"	"GO:0021956"	17
"4023"	"GO:0021957"	17
"4024"	"GO:0021960"	17
"4025"	"GO:0021965"	17
"4026"	"GO:0021966"	17
"4027"	"GO:0021972"	17
"4028"	"GO:0021978"	15
"4029"	"GO:0021979"	17
"4030"	"GO:0021983"	3
"4031"	"GO:0021984"	3
"4032"	"GO:0021985"	3
"4033"	"GO:0021986"	3
"4034"	"GO:0021987"	17
"4035"	"GO:0021988"	17
"4036"	"GO:0021989"	3
"4037"	"GO:0021993"	48
"4038"	"GO:0021997"	15
"4039"	"GO:0021998"	15
"4040"	"GO:0021999"	15
"4041"	"GO:0022004"	15
"4042"	"GO:0022007"	48
"4043"	"GO:0022008"	17
"4044"	"GO:0022009"	24
"4045"	"GO:0022010"	17
"4046"	"GO:0022011"	17
"4047"	"GO:0022012"	41
"4048"	"GO:0022013"	41
"4049"	"GO:0022018"	41
"4050"	"GO:0022027"	37
"4051"	"GO:0022028"	17
"4052"	"GO:0022029"	17
"4053"	"GO:0022030"	17
"4054"	"GO:0022037"	17
"4055"	"GO:0022038"	17
"4056"	"GO:0022400"	35
"4057"	"GO:0022401"	35
"4058"	"GO:0022402"	22
"4059"	"GO:0022404"	32
"4060"	"GO:0022405"	32
"4061"	"GO:0022406"	37
"4062"	"GO:0022407"	13
"4063"	"GO:0022408"	13
"4064"	"GO:0022409"	13
"4065"	"GO:0022410"	33
"4066"	"GO:0022411"	10
"4067"	"GO:0022412"	15
"4068"	"GO:0022414"	15
"4069"	"GO:0022417"	26
"4070"	"GO:0022600"	33
"4071"	"GO:0022602"	14
"4072"	"GO:0022603"	27
"4073"	"GO:0022604"	30
"4074"	"GO:0022605"	15
"4075"	"GO:0022607"	10
"4076"	"GO:0022612"	48
"4077"	"GO:0022613"	10
"4078"	"GO:0022614"	11
"4079"	"GO:0022615"	11
"4080"	"GO:0022616"	2
"4081"	"GO:0022617"	11
"4082"	"GO:0022618"	10
"4083"	"GO:0022898"	34
"4084"	"GO:0022900"	16
"4085"	"GO:0022904"	16
"4086"	"GO:0023019"	9
"4087"	"GO:0023021"	20
"4088"	"GO:0023035"	35
"4089"	"GO:0023041"	45
"4090"	"GO:0023051"	44
"4091"	"GO:0023052"	44
"4092"	"GO:0023056"	44
"4093"	"GO:0023057"	44
"4094"	"GO:0023058"	35
"4095"	"GO:0023061"	5
"4096"	"GO:0030001"	34
"4097"	"GO:0030002"	34
"4098"	"GO:0030003"	34
"4099"	"GO:0030007"	34
"4100"	"GO:0030010"	38
"4101"	"GO:0030011"	15
"4102"	"GO:0030026"	34
"4103"	"GO:0030029"	38
"4104"	"GO:0030030"	11
"4105"	"GO:0030031"	11
"4106"	"GO:0030032"	11
"4107"	"GO:0030033"	11
"4108"	"GO:0030034"	10
"4109"	"GO:0030035"	11
"4110"	"GO:0030036"	11
"4111"	"GO:0030038"	10
"4112"	"GO:0030041"	10
"4113"	"GO:0030042"	10
"4114"	"GO:0030043"	10
"4115"	"GO:0030046"	10
"4116"	"GO:0030047"	26
"4117"	"GO:0030048"	38
"4118"	"GO:0030049"	53
"4119"	"GO:0030050"	38
"4120"	"GO:0030070"	26
"4121"	"GO:0030071"	22
"4122"	"GO:0030072"	5
"4123"	"GO:0030073"	5
"4124"	"GO:0030091"	26
"4125"	"GO:0030097"	47
"4126"	"GO:0030098"	47
"4127"	"GO:0030099"	47
"4128"	"GO:0030100"	38
"4129"	"GO:0030101"	29
"4130"	"GO:0030103"	5
"4131"	"GO:0030111"	44
"4132"	"GO:0030148"	49
"4133"	"GO:0030149"	49
"4134"	"GO:0030150"	37
"4135"	"GO:0030154"	27
"4136"	"GO:0030155"	30
"4137"	"GO:0030157"	5
"4138"	"GO:0030162"	28
"4139"	"GO:0030163"	28
"4140"	"GO:0030166"	49
"4141"	"GO:0030167"	49
"4142"	"GO:0030168"	30
"4143"	"GO:0030174"	2
"4144"	"GO:0030177"	44
"4145"	"GO:0030178"	27
"4146"	"GO:0030182"	17
"4147"	"GO:0030183"	47
"4148"	"GO:0030185"	12
"4149"	"GO:0030186"	49
"4150"	"GO:0030187"	49
"4151"	"GO:0030193"	53
"4152"	"GO:0030194"	53
"4153"	"GO:0030195"	53
"4154"	"GO:0030198"	32
"4155"	"GO:0030199"	11
"4156"	"GO:0030200"	49
"4157"	"GO:0030201"	49
"4158"	"GO:0030202"	49
"4159"	"GO:0030203"	49
"4160"	"GO:0030204"	49
"4161"	"GO:0030205"	49
"4162"	"GO:0030206"	49
"4163"	"GO:0030207"	49
"4164"	"GO:0030208"	21
"4165"	"GO:0030209"	21
"4166"	"GO:0030210"	49
"4167"	"GO:0030211"	49
"4168"	"GO:0030212"	49
"4169"	"GO:0030213"	49
"4170"	"GO:0030214"	49
"4171"	"GO:0030216"	24
"4172"	"GO:0030217"	47
"4173"	"GO:0030218"	24
"4174"	"GO:0030219"	24
"4175"	"GO:0030220"	24
"4176"	"GO:0030221"	24
"4177"	"GO:0030222"	47
"4178"	"GO:0030223"	24
"4179"	"GO:0030224"	24
"4180"	"GO:0030225"	47
"4181"	"GO:0030237"	15
"4182"	"GO:0030238"	15
"4183"	"GO:0030239"	11
"4184"	"GO:0030240"	10
"4185"	"GO:0030241"	10
"4186"	"GO:0030242"	10
"4187"	"GO:0030252"	5
"4188"	"GO:0030258"	16
"4189"	"GO:0030259"	49
"4190"	"GO:0030261"	22
"4191"	"GO:0030262"	10
"4192"	"GO:0030263"	22
"4193"	"GO:0030264"	11
"4194"	"GO:0030277"	33
"4195"	"GO:0030278"	32
"4196"	"GO:0030279"	32
"4197"	"GO:0030282"	32
"4198"	"GO:0030299"	33
"4199"	"GO:0030300"	53
"4200"	"GO:0030301"	12
"4201"	"GO:0030302"	12
"4202"	"GO:0030307"	27
"4203"	"GO:0030308"	27
"4204"	"GO:0030309"	49
"4205"	"GO:0030311"	49
"4206"	"GO:0030316"	47
"4207"	"GO:0030317"	15
"4208"	"GO:0030318"	24
"4209"	"GO:0030321"	12
"4210"	"GO:0030322"	51
"4211"	"GO:0030323"	32
"4212"	"GO:0030324"	32
"4213"	"GO:0030325"	32
"4214"	"GO:0030326"	48
"4215"	"GO:0030327"	26
"4216"	"GO:0030328"	21
"4217"	"GO:0030329"	21
"4218"	"GO:0030330"	44
"4219"	"GO:0030334"	30
"4220"	"GO:0030335"	30
"4221"	"GO:0030336"	30
"4222"	"GO:0030382"	10
"4223"	"GO:0030388"	40
"4224"	"GO:0030389"	49
"4225"	"GO:0030392"	49
"4226"	"GO:0030393"	21
"4227"	"GO:0030397"	11
"4228"	"GO:0030421"	33
"4229"	"GO:0030422"	25
"4230"	"GO:0030431"	33
"4231"	"GO:0030432"	53
"4232"	"GO:0030447"	14
"4233"	"GO:0030449"	6
"4234"	"GO:0030450"	6
"4235"	"GO:0030451"	6
"4236"	"GO:0030473"	37
"4237"	"GO:0030488"	25
"4238"	"GO:0030490"	25
"4239"	"GO:0030497"	21
"4240"	"GO:0030500"	32
"4241"	"GO:0030501"	32
"4242"	"GO:0030502"	39
"4243"	"GO:0030505"	12
"4244"	"GO:0030509"	9
"4245"	"GO:0030510"	9
"4246"	"GO:0030511"	9
"4247"	"GO:0030512"	9
"4248"	"GO:0030513"	9
"4249"	"GO:0030514"	9
"4250"	"GO:0030516"	17
"4251"	"GO:0030517"	39
"4252"	"GO:0030518"	9
"4253"	"GO:0030520"	9
"4254"	"GO:0030521"	9
"4255"	"GO:0030522"	44
"4256"	"GO:0030534"	33
"4257"	"GO:0030538"	48
"4258"	"GO:0030539"	32
"4259"	"GO:0030540"	32
"4260"	"GO:0030573"	21
"4261"	"GO:0030574"	49
"4262"	"GO:0030575"	10
"4263"	"GO:0030576"	10
"4264"	"GO:0030578"	10
"4265"	"GO:0030581"	1
"4266"	"GO:0030592"	2
"4267"	"GO:0030593"	30
"4268"	"GO:0030595"	30
"4269"	"GO:0030638"	49
"4270"	"GO:0030641"	34
"4271"	"GO:0030643"	34
"4272"	"GO:0030644"	34
"4273"	"GO:0030647"	49
"4274"	"GO:0030656"	46
"4275"	"GO:0030682"	1
"4276"	"GO:0030704"	15
"4277"	"GO:0030705"	38
"4278"	"GO:0030718"	14
"4279"	"GO:0030719"	10
"4280"	"GO:0030728"	14
"4281"	"GO:0030730"	16
"4282"	"GO:0030808"	40
"4283"	"GO:0030809"	46
"4284"	"GO:0030810"	40
"4285"	"GO:0030811"	16
"4286"	"GO:0030812"	16
"4287"	"GO:0030813"	16
"4288"	"GO:0030832"	8
"4289"	"GO:0030833"	8
"4290"	"GO:0030834"	8
"4291"	"GO:0030835"	8
"4292"	"GO:0030836"	8
"4293"	"GO:0030837"	8
"4294"	"GO:0030838"	8
"4295"	"GO:0030842"	8
"4296"	"GO:0030844"	8
"4297"	"GO:0030845"	9
"4298"	"GO:0030846"	25
"4299"	"GO:0030850"	32
"4300"	"GO:0030851"	47
"4301"	"GO:0030852"	7
"4302"	"GO:0030853"	39
"4303"	"GO:0030854"	7
"4304"	"GO:0030855"	27
"4305"	"GO:0030856"	27
"4306"	"GO:0030857"	39
"4307"	"GO:0030858"	7
"4308"	"GO:0030859"	24
"4309"	"GO:0030860"	39
"4310"	"GO:0030862"	7
"4311"	"GO:0030865"	11
"4312"	"GO:0030866"	11
"4313"	"GO:0030878"	32
"4314"	"GO:0030879"	32
"4315"	"GO:0030885"	13
"4316"	"GO:0030886"	13
"4317"	"GO:0030887"	13
"4318"	"GO:0030888"	13
"4319"	"GO:0030889"	13
"4320"	"GO:0030890"	13
"4321"	"GO:0030900"	17
"4322"	"GO:0030901"	17
"4323"	"GO:0030902"	17
"4324"	"GO:0030903"	48
"4325"	"GO:0030908"	26
"4326"	"GO:0030910"	48
"4327"	"GO:0030913"	11
"4328"	"GO:0030916"	48
"4329"	"GO:0030917"	3
"4330"	"GO:0030947"	9
"4331"	"GO:0030948"	9
"4332"	"GO:0030949"	9
"4333"	"GO:0030950"	11
"4334"	"GO:0030951"	10
"4335"	"GO:0030952"	11
"4336"	"GO:0030953"	10
"4337"	"GO:0030954"	10
"4338"	"GO:0030961"	26
"4339"	"GO:0030968"	44
"4340"	"GO:0030970"	37
"4341"	"GO:0030974"	12
"4342"	"GO:0030997"	22
"4343"	"GO:0031000"	18
"4344"	"GO:0031016"	32
"4345"	"GO:0031017"	3
"4346"	"GO:0031018"	3
"4347"	"GO:0031022"	37
"4348"	"GO:0031023"	10
"4349"	"GO:0031032"	10
"4350"	"GO:0031033"	10
"4351"	"GO:0031034"	10
"4352"	"GO:0031035"	10
"4353"	"GO:0031037"	10
"4354"	"GO:0031038"	10
"4355"	"GO:0031047"	4
"4356"	"GO:0031048"	4
"4357"	"GO:0031053"	25
"4358"	"GO:0031054"	25
"4359"	"GO:0031055"	10
"4360"	"GO:0031069"	32
"4361"	"GO:0031076"	48
"4362"	"GO:0031077"	3
"4363"	"GO:0031086"	4
"4364"	"GO:0031087"	25
"4365"	"GO:0031098"	44
"4366"	"GO:0031099"	32
"4367"	"GO:0031100"	32
"4368"	"GO:0031102"	17
"4369"	"GO:0031103"	17
"4370"	"GO:0031104"	17
"4371"	"GO:0031106"	10
"4372"	"GO:0031109"	10
"4373"	"GO:0031110"	8
"4374"	"GO:0031111"	8
"4375"	"GO:0031112"	8
"4376"	"GO:0031113"	8
"4377"	"GO:0031114"	8
"4378"	"GO:0031115"	8
"4379"	"GO:0031116"	8
"4380"	"GO:0031117"	8
"4381"	"GO:0031118"	25
"4382"	"GO:0031119"	25
"4383"	"GO:0031120"	25
"4384"	"GO:0031122"	10
"4385"	"GO:0031123"	25
"4386"	"GO:0031124"	25
"4387"	"GO:0031125"	25
"4388"	"GO:0031126"	25
"4389"	"GO:0031128"	48
"4390"	"GO:0031129"	24
"4391"	"GO:0031133"	43
"4392"	"GO:0031134"	22
"4393"	"GO:0031144"	37
"4394"	"GO:0031145"	26
"4395"	"GO:0031146"	26
"4396"	"GO:0031161"	49
"4397"	"GO:0031163"	10
"4398"	"GO:0031167"	25
"4399"	"GO:0031173"	3
"4400"	"GO:0031175"	17
"4401"	"GO:0031179"	26
"4402"	"GO:0031204"	37
"4403"	"GO:0031214"	32
"4404"	"GO:0031223"	33
"4405"	"GO:0031247"	10
"4406"	"GO:0031268"	11
"4407"	"GO:0031269"	11
"4408"	"GO:0031272"	43
"4409"	"GO:0031274"	43
"4410"	"GO:0031279"	19
"4411"	"GO:0031280"	19
"4412"	"GO:0031281"	19
"4413"	"GO:0031282"	46
"4414"	"GO:0031283"	19
"4415"	"GO:0031284"	19
"4416"	"GO:0031290"	17
"4417"	"GO:0031291"	9
"4418"	"GO:0031293"	26
"4419"	"GO:0031294"	13
"4420"	"GO:0031295"	13
"4421"	"GO:0031296"	13
"4422"	"GO:0031297"	2
"4423"	"GO:0031333"	8
"4424"	"GO:0031334"	8
"4425"	"GO:0031335"	46
"4426"	"GO:0031338"	23
"4427"	"GO:0031339"	8
"4428"	"GO:0031340"	23
"4429"	"GO:0031341"	29
"4430"	"GO:0031342"	6
"4431"	"GO:0031343"	29
"4432"	"GO:0031344"	11
"4433"	"GO:0031345"	11
"4434"	"GO:0031346"	17
"4435"	"GO:0031347"	1
"4436"	"GO:0031348"	1
"4437"	"GO:0031349"	1
"4438"	"GO:0031365"	26
"4439"	"GO:0031392"	46
"4440"	"GO:0031393"	46
"4441"	"GO:0031394"	46
"4442"	"GO:0031396"	28
"4443"	"GO:0031397"	28
"4444"	"GO:0031398"	28
"4445"	"GO:0031399"	28
"4446"	"GO:0031400"	28
"4447"	"GO:0031401"	28
"4448"	"GO:0031407"	21
"4449"	"GO:0031408"	21
"4450"	"GO:0031424"	32
"4451"	"GO:0031427"	18
"4452"	"GO:0031440"	4
"4453"	"GO:0031441"	4
"4454"	"GO:0031442"	4
"4455"	"GO:0031443"	53
"4456"	"GO:0031444"	53
"4457"	"GO:0031445"	8
"4458"	"GO:0031446"	53
"4459"	"GO:0031448"	53
"4460"	"GO:0031449"	53
"4461"	"GO:0031452"	4
"4462"	"GO:0031453"	8
"4463"	"GO:0031455"	21
"4464"	"GO:0031456"	21
"4465"	"GO:0031460"	12
"4466"	"GO:0031468"	11
"4467"	"GO:0031503"	38
"4468"	"GO:0031507"	4
"4469"	"GO:0031508"	4
"4470"	"GO:0031509"	4
"4471"	"GO:0031529"	11
"4472"	"GO:0031536"	22
"4473"	"GO:0031547"	9
"4474"	"GO:0031548"	35
"4475"	"GO:0031549"	20
"4476"	"GO:0031550"	35
"4477"	"GO:0031554"	4
"4478"	"GO:0031570"	22
"4479"	"GO:0031571"	22
"4480"	"GO:0031573"	22
"4481"	"GO:0031577"	22
"4482"	"GO:0031579"	11
"4483"	"GO:0031580"	11
"4484"	"GO:0031581"	10
"4485"	"GO:0031583"	35
"4486"	"GO:0031584"	19
"4487"	"GO:0031585"	23
"4488"	"GO:0031587"	34
"4489"	"GO:0031589"	30
"4490"	"GO:0031590"	40
"4491"	"GO:0031591"	25
"4492"	"GO:0031619"	22
"4493"	"GO:0031620"	53
"4494"	"GO:0031622"	53
"4495"	"GO:0031623"	38
"4496"	"GO:0031627"	2
"4497"	"GO:0031629"	11
"4498"	"GO:0031630"	23
"4499"	"GO:0031632"	23
"4500"	"GO:0031635"	35
"4501"	"GO:0031638"	26
"4502"	"GO:0031639"	26
"4503"	"GO:0031640"	1
"4504"	"GO:0031641"	17
"4505"	"GO:0031642"	39
"4506"	"GO:0031643"	7
"4507"	"GO:0031644"	33
"4508"	"GO:0031645"	33
"4509"	"GO:0031646"	33
"4510"	"GO:0031647"	28
"4511"	"GO:0031648"	28
"4512"	"GO:0031649"	52
"4513"	"GO:0031650"	53
"4514"	"GO:0031651"	53
"4515"	"GO:0031652"	53
"4516"	"GO:0031663"	35
"4517"	"GO:0031664"	35
"4518"	"GO:0031665"	20
"4519"	"GO:0031666"	35
"4520"	"GO:0031667"	50
"4521"	"GO:0031669"	50
"4522"	"GO:0031670"	18
"4523"	"GO:0031848"	2
"4524"	"GO:0031860"	2
"4525"	"GO:0031914"	45
"4526"	"GO:0031915"	45
"4527"	"GO:0031919"	12
"4528"	"GO:0031923"	12
"4529"	"GO:0031929"	44
"4530"	"GO:0031930"	35
"4531"	"GO:0031943"	46
"4532"	"GO:0031944"	46
"4533"	"GO:0031945"	46
"4534"	"GO:0031946"	46
"4535"	"GO:0031947"	46
"4536"	"GO:0031948"	46
"4537"	"GO:0031952"	28
"4538"	"GO:0031953"	19
"4539"	"GO:0031954"	28
"4540"	"GO:0031958"	35
"4541"	"GO:0031959"	35
"4542"	"GO:0031960"	18
"4543"	"GO:0031987"	30
"4544"	"GO:0031989"	35
"4545"	"GO:0031990"	50
"4546"	"GO:0031998"	46
"4547"	"GO:0031999"	46
"4548"	"GO:0032000"	46
"4549"	"GO:0032006"	44
"4550"	"GO:0032007"	44
"4551"	"GO:0032008"	44
"4552"	"GO:0032011"	9
"4553"	"GO:0032012"	9
"4554"	"GO:0032014"	20
"4555"	"GO:0032020"	26
"4556"	"GO:0032023"	26
"4557"	"GO:0032024"	5
"4558"	"GO:0032025"	50
"4559"	"GO:0032026"	50
"4560"	"GO:0032042"	2
"4561"	"GO:0032043"	25
"4562"	"GO:0032048"	49
"4563"	"GO:0032049"	49
"4564"	"GO:0032053"	10
"4565"	"GO:0032055"	4
"4566"	"GO:0032056"	4
"4567"	"GO:0032057"	4
"4568"	"GO:0032058"	4
"4569"	"GO:0032060"	11
"4570"	"GO:0032069"	19
"4571"	"GO:0032070"	19
"4572"	"GO:0032071"	19
"4573"	"GO:0032072"	4
"4574"	"GO:0032074"	19
"4575"	"GO:0032075"	19
"4576"	"GO:0032076"	19
"4577"	"GO:0032077"	19
"4578"	"GO:0032078"	19
"4579"	"GO:0032079"	19
"4580"	"GO:0032088"	28
"4581"	"GO:0032091"	19
"4582"	"GO:0032092"	19
"4583"	"GO:0032094"	50
"4584"	"GO:0032095"	53
"4585"	"GO:0032096"	53
"4586"	"GO:0032097"	53
"4587"	"GO:0032098"	33
"4588"	"GO:0032099"	20
"4589"	"GO:0032100"	53
"4590"	"GO:0032101"	27
"4591"	"GO:0032102"	27
"4592"	"GO:0032103"	1
"4593"	"GO:0032107"	20
"4594"	"GO:0032108"	53
"4595"	"GO:0032109"	20
"4596"	"GO:0032113"	19
"4597"	"GO:0032119"	34
"4598"	"GO:0032147"	28
"4599"	"GO:0032148"	28
"4600"	"GO:0032185"	10
"4601"	"GO:0032194"	49
"4602"	"GO:0032196"	2
"4603"	"GO:0032197"	2
"4604"	"GO:0032200"	2
"4605"	"GO:0032201"	2
"4606"	"GO:0032202"	10
"4607"	"GO:0032203"	2
"4608"	"GO:0032204"	2
"4609"	"GO:0032205"	2
"4610"	"GO:0032206"	2
"4611"	"GO:0032207"	2
"4612"	"GO:0032208"	2
"4613"	"GO:0032210"	2
"4614"	"GO:0032211"	2
"4615"	"GO:0032212"	2
"4616"	"GO:0032213"	2
"4617"	"GO:0032214"	2
"4618"	"GO:0032218"	12
"4619"	"GO:0032222"	45
"4620"	"GO:0032223"	45
"4621"	"GO:0032224"	45
"4622"	"GO:0032225"	45
"4623"	"GO:0032226"	45
"4624"	"GO:0032227"	45
"4625"	"GO:0032228"	45
"4626"	"GO:0032229"	45
"4627"	"GO:0032230"	45
"4628"	"GO:0032231"	8
"4629"	"GO:0032232"	8
"4630"	"GO:0032233"	8
"4631"	"GO:0032237"	34
"4632"	"GO:0032238"	12
"4633"	"GO:0032239"	23
"4634"	"GO:0032240"	12
"4635"	"GO:0032241"	12
"4636"	"GO:0032242"	12
"4637"	"GO:0032243"	23
"4638"	"GO:0032244"	23
"4639"	"GO:0032252"	38
"4640"	"GO:0032253"	38
"4641"	"GO:0032259"	25
"4642"	"GO:0032261"	40
"4643"	"GO:0032262"	40
"4644"	"GO:0032263"	40
"4645"	"GO:0032264"	40
"4646"	"GO:0032271"	8
"4647"	"GO:0032272"	8
"4648"	"GO:0032273"	8
"4649"	"GO:0032274"	5
"4650"	"GO:0032275"	5
"4651"	"GO:0032276"	5
"4652"	"GO:0032277"	5
"4653"	"GO:0032278"	5
"4654"	"GO:0032286"	11
"4655"	"GO:0032287"	17
"4656"	"GO:0032288"	17
"4657"	"GO:0032289"	17
"4658"	"GO:0032290"	17
"4659"	"GO:0032291"	17
"4660"	"GO:0032292"	17
"4661"	"GO:0032298"	2
"4662"	"GO:0032303"	5
"4663"	"GO:0032304"	5
"4664"	"GO:0032305"	5
"4665"	"GO:0032306"	5
"4666"	"GO:0032307"	5
"4667"	"GO:0032308"	5
"4668"	"GO:0032309"	5
"4669"	"GO:0032310"	5
"4670"	"GO:0032324"	40
"4671"	"GO:0032328"	12
"4672"	"GO:0032329"	12
"4673"	"GO:0032330"	39
"4674"	"GO:0032331"	39
"4675"	"GO:0032332"	7
"4676"	"GO:0032341"	49
"4677"	"GO:0032342"	49
"4678"	"GO:0032344"	46
"4679"	"GO:0032345"	46
"4680"	"GO:0032346"	46
"4681"	"GO:0032347"	46
"4682"	"GO:0032348"	46
"4683"	"GO:0032349"	46
"4684"	"GO:0032350"	46
"4685"	"GO:0032351"	46
"4686"	"GO:0032352"	46
"4687"	"GO:0032353"	46
"4688"	"GO:0032354"	18
"4689"	"GO:0032355"	18
"4690"	"GO:0032361"	40
"4691"	"GO:0032364"	50
"4692"	"GO:0032365"	12
"4693"	"GO:0032366"	12
"4694"	"GO:0032367"	12
"4695"	"GO:0032368"	5
"4696"	"GO:0032369"	5
"4697"	"GO:0032370"	5
"4698"	"GO:0032371"	12
"4699"	"GO:0032372"	5
"4700"	"GO:0032373"	12
"4701"	"GO:0032374"	12
"4702"	"GO:0032375"	12
"4703"	"GO:0032376"	12
"4704"	"GO:0032377"	5
"4705"	"GO:0032378"	5
"4706"	"GO:0032379"	23
"4707"	"GO:0032380"	5
"4708"	"GO:0032381"	5
"4709"	"GO:0032382"	23
"4710"	"GO:0032383"	5
"4711"	"GO:0032384"	5
"4712"	"GO:0032385"	23
"4713"	"GO:0032386"	38
"4714"	"GO:0032387"	38
"4715"	"GO:0032388"	38
"4716"	"GO:0032392"	2
"4717"	"GO:0032400"	38
"4718"	"GO:0032401"	38
"4719"	"GO:0032402"	38
"4720"	"GO:0032409"	51
"4721"	"GO:0032410"	34
"4722"	"GO:0032411"	51
"4723"	"GO:0032412"	51
"4724"	"GO:0032413"	34
"4725"	"GO:0032414"	34
"4726"	"GO:0032415"	34
"4727"	"GO:0032417"	34
"4728"	"GO:0032418"	38
"4729"	"GO:0032423"	4
"4730"	"GO:0032425"	4
"4731"	"GO:0032429"	19
"4732"	"GO:0032430"	19
"4733"	"GO:0032431"	19
"4734"	"GO:0032434"	28
"4735"	"GO:0032435"	28
"4736"	"GO:0032436"	28
"4737"	"GO:0032438"	11
"4738"	"GO:0032446"	28
"4739"	"GO:0032447"	26
"4740"	"GO:0032456"	38
"4741"	"GO:0032458"	37
"4742"	"GO:0032459"	8
"4743"	"GO:0032460"	8
"4744"	"GO:0032461"	8
"4745"	"GO:0032462"	8
"4746"	"GO:0032463"	8
"4747"	"GO:0032464"	8
"4748"	"GO:0032465"	22
"4749"	"GO:0032466"	42
"4750"	"GO:0032467"	22
"4751"	"GO:0032468"	34
"4752"	"GO:0032469"	34
"4753"	"GO:0032470"	34
"4754"	"GO:0032471"	34
"4755"	"GO:0032472"	12
"4756"	"GO:0032474"	48
"4757"	"GO:0032475"	48
"4758"	"GO:0032479"	1
"4759"	"GO:0032480"	31
"4760"	"GO:0032481"	1
"4761"	"GO:0032482"	9
"4762"	"GO:0032483"	9
"4763"	"GO:0032484"	9
"4764"	"GO:0032485"	20
"4765"	"GO:0032486"	9
"4766"	"GO:0032487"	9
"4767"	"GO:0032488"	9
"4768"	"GO:0032489"	35
"4769"	"GO:0032490"	52
"4770"	"GO:0032491"	52
"4771"	"GO:0032493"	18
"4772"	"GO:0032494"	18
"4773"	"GO:0032495"	18
"4774"	"GO:0032496"	1
"4775"	"GO:0032497"	1
"4776"	"GO:0032498"	50
"4777"	"GO:0032499"	1
"4778"	"GO:0032501"	32
"4779"	"GO:0032502"	27
"4780"	"GO:0032506"	22
"4781"	"GO:0032507"	37
"4782"	"GO:0032508"	2
"4783"	"GO:0032509"	38
"4784"	"GO:0032510"	37
"4785"	"GO:0032511"	37
"4786"	"GO:0032525"	15
"4787"	"GO:0032526"	18
"4788"	"GO:0032527"	37
"4789"	"GO:0032528"	11
"4790"	"GO:0032530"	43
"4791"	"GO:0032532"	43
"4792"	"GO:0032534"	43
"4793"	"GO:0032535"	11
"4794"	"GO:0032536"	43
"4795"	"GO:0032543"	25
"4796"	"GO:0032570"	18
"4797"	"GO:0032571"	18
"4798"	"GO:0032581"	10
"4799"	"GO:0032594"	37
"4800"	"GO:0032595"	37
"4801"	"GO:0032596"	37
"4802"	"GO:0032597"	37
"4803"	"GO:0032599"	37
"4804"	"GO:0032600"	37
"4805"	"GO:0032601"	1
"4806"	"GO:0032602"	1
"4807"	"GO:0032603"	1
"4808"	"GO:0032604"	1
"4809"	"GO:0032605"	31
"4810"	"GO:0032606"	1
"4811"	"GO:0032607"	1
"4812"	"GO:0032608"	1
"4813"	"GO:0032609"	29
"4814"	"GO:0032610"	1
"4815"	"GO:0032611"	1
"4816"	"GO:0032612"	1
"4817"	"GO:0032613"	29
"4818"	"GO:0032615"	1
"4819"	"GO:0032616"	1
"4820"	"GO:0032618"	1
"4821"	"GO:0032619"	1
"4822"	"GO:0032620"	29
"4823"	"GO:0032621"	1
"4824"	"GO:0032623"	1
"4825"	"GO:0032625"	1
"4826"	"GO:0032627"	1
"4827"	"GO:0032632"	1
"4828"	"GO:0032633"	29
"4829"	"GO:0032634"	1
"4830"	"GO:0032635"	1
"4831"	"GO:0032637"	1
"4832"	"GO:0032639"	1
"4833"	"GO:0032640"	1
"4834"	"GO:0032641"	31
"4835"	"GO:0032642"	1
"4836"	"GO:0032643"	31
"4837"	"GO:0032644"	31
"4838"	"GO:0032645"	31
"4839"	"GO:0032646"	31
"4840"	"GO:0032647"	1
"4841"	"GO:0032648"	1
"4842"	"GO:0032649"	29
"4843"	"GO:0032650"	31
"4844"	"GO:0032651"	31
"4845"	"GO:0032652"	1
"4846"	"GO:0032653"	29
"4847"	"GO:0032655"	1
"4848"	"GO:0032656"	31
"4849"	"GO:0032658"	31
"4850"	"GO:0032659"	31
"4851"	"GO:0032660"	29
"4852"	"GO:0032661"	31
"4853"	"GO:0032663"	29
"4854"	"GO:0032665"	31
"4855"	"GO:0032667"	31
"4856"	"GO:0032672"	31
"4857"	"GO:0032673"	29
"4858"	"GO:0032674"	31
"4859"	"GO:0032675"	1
"4860"	"GO:0032677"	1
"4861"	"GO:0032679"	31
"4862"	"GO:0032680"	1
"4863"	"GO:0032681"	31
"4864"	"GO:0032682"	31
"4865"	"GO:0032683"	31
"4866"	"GO:0032685"	31
"4867"	"GO:0032686"	31
"4868"	"GO:0032687"	31
"4869"	"GO:0032688"	31
"4870"	"GO:0032689"	29
"4871"	"GO:0032690"	31
"4872"	"GO:0032691"	31
"4873"	"GO:0032692"	31
"4874"	"GO:0032693"	31
"4875"	"GO:0032695"	31
"4876"	"GO:0032696"	31
"4877"	"GO:0032700"	31
"4878"	"GO:0032701"	31
"4879"	"GO:0032703"	31
"4880"	"GO:0032707"	31
"4881"	"GO:0032712"	31
"4882"	"GO:0032713"	31
"4883"	"GO:0032714"	31
"4884"	"GO:0032715"	31
"4885"	"GO:0032717"	31
"4886"	"GO:0032720"	31
"4887"	"GO:0032722"	1
"4888"	"GO:0032723"	31
"4889"	"GO:0032724"	31
"4890"	"GO:0032725"	31
"4891"	"GO:0032727"	1
"4892"	"GO:0032728"	1
"4893"	"GO:0032729"	29
"4894"	"GO:0032730"	31
"4895"	"GO:0032731"	1
"4896"	"GO:0032732"	1
"4897"	"GO:0032733"	29
"4898"	"GO:0032735"	1
"4899"	"GO:0032736"	31
"4900"	"GO:0032738"	31
"4901"	"GO:0032739"	31
"4902"	"GO:0032740"	29
"4903"	"GO:0032741"	31
"4904"	"GO:0032743"	29
"4905"	"GO:0032745"	31
"4906"	"GO:0032747"	31
"4907"	"GO:0032752"	31
"4908"	"GO:0032753"	29
"4909"	"GO:0032754"	31
"4910"	"GO:0032755"	1
"4911"	"GO:0032757"	1
"4912"	"GO:0032759"	31
"4913"	"GO:0032760"	1
"4914"	"GO:0032761"	31
"4915"	"GO:0032762"	29
"4916"	"GO:0032763"	6
"4917"	"GO:0032764"	6
"4918"	"GO:0032765"	6
"4919"	"GO:0032768"	19
"4920"	"GO:0032769"	19
"4921"	"GO:0032770"	19
"4922"	"GO:0032771"	19
"4923"	"GO:0032773"	19
"4924"	"GO:0032774"	27
"4925"	"GO:0032780"	19
"4926"	"GO:0032781"	19
"4927"	"GO:0032782"	5
"4928"	"GO:0032784"	4
"4929"	"GO:0032785"	4
"4930"	"GO:0032786"	4
"4931"	"GO:0032787"	16
"4932"	"GO:0032788"	21
"4933"	"GO:0032789"	21
"4934"	"GO:0032790"	10
"4935"	"GO:0032792"	4
"4936"	"GO:0032793"	19
"4937"	"GO:0032796"	11
"4938"	"GO:0032799"	49
"4939"	"GO:0032801"	37
"4940"	"GO:0032802"	26
"4941"	"GO:0032803"	46
"4942"	"GO:0032804"	46
"4943"	"GO:0032805"	46
"4944"	"GO:0032808"	3
"4945"	"GO:0032811"	5
"4946"	"GO:0032812"	5
"4947"	"GO:0032814"	13
"4948"	"GO:0032815"	13
"4949"	"GO:0032816"	13
"4950"	"GO:0032817"	13
"4951"	"GO:0032819"	13
"4952"	"GO:0032823"	13
"4953"	"GO:0032824"	13
"4954"	"GO:0032825"	13
"4955"	"GO:0032826"	13
"4956"	"GO:0032827"	13
"4957"	"GO:0032829"	13
"4958"	"GO:0032831"	13
"4959"	"GO:0032832"	13
"4960"	"GO:0032834"	13
"4961"	"GO:0032835"	3
"4962"	"GO:0032836"	3
"4963"	"GO:0032847"	34
"4964"	"GO:0032848"	34
"4965"	"GO:0032849"	34
"4966"	"GO:0032868"	18
"4967"	"GO:0032869"	18
"4968"	"GO:0032870"	18
"4969"	"GO:0032872"	44
"4970"	"GO:0032873"	20
"4971"	"GO:0032874"	44
"4972"	"GO:0032875"	2
"4973"	"GO:0032876"	2
"4974"	"GO:0032877"	2
"4975"	"GO:0032878"	30
"4976"	"GO:0032879"	38
"4977"	"GO:0032880"	38
"4978"	"GO:0032881"	16
"4979"	"GO:0032885"	16
"4980"	"GO:0032886"	8
"4981"	"GO:0032887"	22
"4982"	"GO:0032888"	22
"4983"	"GO:0032890"	5
"4984"	"GO:0032891"	5
"4985"	"GO:0032892"	5
"4986"	"GO:0032897"	4
"4987"	"GO:0032898"	1
"4988"	"GO:0032899"	31
"4989"	"GO:0032900"	31
"4990"	"GO:0032901"	31
"4991"	"GO:0032902"	1
"4992"	"GO:0032905"	1
"4993"	"GO:0032906"	1
"4994"	"GO:0032907"	1
"4995"	"GO:0032908"	31
"4996"	"GO:0032909"	31
"4997"	"GO:0032910"	31
"4998"	"GO:0032911"	31
"4999"	"GO:0032912"	31
"5000"	"GO:0032913"	31
"5001"	"GO:0032914"	31
"5002"	"GO:0032915"	31
"5003"	"GO:0032916"	31
"5004"	"GO:0032917"	26
"5005"	"GO:0032918"	26
"5006"	"GO:0032919"	26
"5007"	"GO:0032920"	26
"5008"	"GO:0032922"	27
"5009"	"GO:0032924"	9
"5010"	"GO:0032925"	9
"5011"	"GO:0032926"	9
"5012"	"GO:0032927"	9
"5013"	"GO:0032928"	46
"5014"	"GO:0032929"	36
"5015"	"GO:0032930"	46
"5016"	"GO:0032933"	9
"5017"	"GO:0032938"	4
"5018"	"GO:0032940"	5
"5019"	"GO:0032941"	5
"5020"	"GO:0032943"	13
"5021"	"GO:0032944"	13
"5022"	"GO:0032945"	13
"5023"	"GO:0032946"	13
"5024"	"GO:0032954"	42
"5025"	"GO:0032956"	8
"5026"	"GO:0032957"	40
"5027"	"GO:0032958"	49
"5028"	"GO:0032959"	40
"5029"	"GO:0032960"	46
"5030"	"GO:0032962"	46
"5031"	"GO:0032963"	32
"5032"	"GO:0032964"	32
"5033"	"GO:0032965"	27
"5034"	"GO:0032966"	46
"5035"	"GO:0032967"	31
"5036"	"GO:0032968"	4
"5037"	"GO:0032970"	30
"5038"	"GO:0032971"	53
"5039"	"GO:0032972"	53
"5040"	"GO:0032973"	12
"5041"	"GO:0032974"	12
"5042"	"GO:0032976"	10
"5043"	"GO:0032978"	37
"5044"	"GO:0032979"	37
"5045"	"GO:0032980"	47
"5046"	"GO:0032981"	10
"5047"	"GO:0032984"	10
"5048"	"GO:0032986"	10
"5049"	"GO:0032988"	10
"5050"	"GO:0032989"	17
"5051"	"GO:0033002"	27
"5052"	"GO:0033003"	13
"5053"	"GO:0033004"	13
"5054"	"GO:0033005"	13
"5055"	"GO:0033006"	6
"5056"	"GO:0033007"	6
"5057"	"GO:0033008"	13
"5058"	"GO:0033013"	49
"5059"	"GO:0033014"	49
"5060"	"GO:0033015"	49
"5061"	"GO:0033023"	47
"5062"	"GO:0033024"	47
"5063"	"GO:0033025"	36
"5064"	"GO:0033026"	36
"5065"	"GO:0033027"	36
"5066"	"GO:0033028"	47
"5067"	"GO:0033029"	36
"5068"	"GO:0033030"	36
"5069"	"GO:0033031"	13
"5070"	"GO:0033032"	36
"5071"	"GO:0033033"	36
"5072"	"GO:0033034"	36
"5073"	"GO:0033036"	38
"5074"	"GO:0033037"	37
"5075"	"GO:0033043"	8
"5076"	"GO:0033044"	22
"5077"	"GO:0033045"	22
"5078"	"GO:0033046"	22
"5079"	"GO:0033047"	22
"5080"	"GO:0033048"	22
"5081"	"GO:0033058"	30
"5082"	"GO:0033059"	38
"5083"	"GO:0033076"	49
"5084"	"GO:0033077"	47
"5085"	"GO:0033078"	47
"5086"	"GO:0033079"	13
"5087"	"GO:0033080"	13
"5088"	"GO:0033081"	13
"5089"	"GO:0033082"	13
"5090"	"GO:0033083"	13
"5091"	"GO:0033084"	13
"5092"	"GO:0033085"	13
"5093"	"GO:0033087"	13
"5094"	"GO:0033088"	13
"5095"	"GO:0033089"	13
"5096"	"GO:0033091"	13
"5097"	"GO:0033092"	13
"5098"	"GO:0033108"	10
"5099"	"GO:0033119"	4
"5100"	"GO:0033120"	4
"5101"	"GO:0033121"	16
"5102"	"GO:0033122"	16
"5103"	"GO:0033123"	16
"5104"	"GO:0033131"	19
"5105"	"GO:0033132"	19
"5106"	"GO:0033133"	19
"5107"	"GO:0033135"	28
"5108"	"GO:0033137"	28
"5109"	"GO:0033138"	28
"5110"	"GO:0033139"	28
"5111"	"GO:0033140"	19
"5112"	"GO:0033141"	28
"5113"	"GO:0033143"	9
"5114"	"GO:0033144"	35
"5115"	"GO:0033145"	35
"5116"	"GO:0033146"	9
"5117"	"GO:0033147"	35
"5118"	"GO:0033148"	35
"5119"	"GO:0033151"	29
"5120"	"GO:0033152"	2
"5121"	"GO:0033153"	29
"5122"	"GO:0033157"	38
"5123"	"GO:0033173"	9
"5124"	"GO:0033189"	18
"5125"	"GO:0033194"	50
"5126"	"GO:0033197"	18
"5127"	"GO:0033198"	18
"5128"	"GO:0033206"	22
"5129"	"GO:0033209"	9
"5130"	"GO:0033210"	35
"5131"	"GO:0033211"	35
"5132"	"GO:0033212"	34
"5133"	"GO:0033215"	34
"5134"	"GO:0033227"	12
"5135"	"GO:0033233"	28
"5136"	"GO:0033234"	19
"5137"	"GO:0033235"	19
"5138"	"GO:0033238"	46
"5139"	"GO:0033239"	46
"5140"	"GO:0033240"	46
"5141"	"GO:0033241"	46
"5142"	"GO:0033242"	46
"5143"	"GO:0033260"	2
"5144"	"GO:0033262"	2
"5145"	"GO:0033273"	50
"5146"	"GO:0033274"	18
"5147"	"GO:0033275"	53
"5148"	"GO:0033278"	41
"5149"	"GO:0033280"	18
"5150"	"GO:0033292"	11
"5151"	"GO:0033299"	37
"5152"	"GO:0033301"	22
"5153"	"GO:0033306"	49
"5154"	"GO:0033313"	22
"5155"	"GO:0033314"	42
"5156"	"GO:0033316"	22
"5157"	"GO:0033319"	40
"5158"	"GO:0033320"	40
"5159"	"GO:0033326"	5
"5160"	"GO:0033327"	24
"5161"	"GO:0033341"	19
"5162"	"GO:0033342"	19
"5163"	"GO:0033344"	12
"5164"	"GO:0033345"	21
"5165"	"GO:0033353"	21
"5166"	"GO:0033363"	11
"5167"	"GO:0033364"	11
"5168"	"GO:0033365"	37
"5169"	"GO:0033366"	37
"5170"	"GO:0033367"	37
"5171"	"GO:0033368"	37
"5172"	"GO:0033370"	37
"5173"	"GO:0033371"	11
"5174"	"GO:0033373"	37
"5175"	"GO:0033374"	37
"5176"	"GO:0033375"	37
"5177"	"GO:0033377"	37
"5178"	"GO:0033379"	37
"5179"	"GO:0033380"	37
"5180"	"GO:0033382"	37
"5181"	"GO:0033383"	49
"5182"	"GO:0033384"	49
"5183"	"GO:0033385"	49
"5184"	"GO:0033386"	49
"5185"	"GO:0033387"	21
"5186"	"GO:0033388"	21
"5187"	"GO:0033389"	21
"5188"	"GO:0033396"	21
"5189"	"GO:0033477"	21
"5190"	"GO:0033484"	34
"5191"	"GO:0033489"	49
"5192"	"GO:0033490"	49
"5193"	"GO:0033499"	40
"5194"	"GO:0033500"	34
"5195"	"GO:0033504"	3
"5196"	"GO:0033505"	48
"5197"	"GO:0033512"	21
"5198"	"GO:0033514"	21
"5199"	"GO:0033539"	21
"5200"	"GO:0033540"	21
"5201"	"GO:0033554"	27
"5202"	"GO:0033555"	52
"5203"	"GO:0033559"	21
"5204"	"GO:0033563"	17
"5205"	"GO:0033564"	17
"5206"	"GO:0033566"	37
"5207"	"GO:0033567"	2
"5208"	"GO:0033572"	37
"5209"	"GO:0033574"	18
"5210"	"GO:0033590"	18
"5211"	"GO:0033591"	18
"5212"	"GO:0033594"	18
"5213"	"GO:0033595"	18
"5214"	"GO:0033598"	41
"5215"	"GO:0033599"	41
"5216"	"GO:0033600"	36
"5217"	"GO:0033601"	41
"5218"	"GO:0033602"	5
"5219"	"GO:0033603"	5
"5220"	"GO:0033604"	5
"5221"	"GO:0033605"	5
"5222"	"GO:0033606"	37
"5223"	"GO:0033609"	21
"5224"	"GO:0033615"	10
"5225"	"GO:0033617"	10
"5226"	"GO:0033619"	26
"5227"	"GO:0033622"	10
"5228"	"GO:0033623"	8
"5229"	"GO:0033624"	8
"5230"	"GO:0033625"	8
"5231"	"GO:0033626"	35
"5232"	"GO:0033627"	30
"5233"	"GO:0033628"	30
"5234"	"GO:0033629"	30
"5235"	"GO:0033630"	13
"5236"	"GO:0033631"	30
"5237"	"GO:0033632"	13
"5238"	"GO:0033633"	13
"5239"	"GO:0033634"	13
"5240"	"GO:0033673"	28
"5241"	"GO:0033674"	28
"5242"	"GO:0033684"	5
"5243"	"GO:0033685"	5
"5244"	"GO:0033686"	5
"5245"	"GO:0033687"	41
"5246"	"GO:0033688"	41
"5247"	"GO:0033689"	36
"5248"	"GO:0033690"	41
"5249"	"GO:0033693"	10
"5250"	"GO:0033696"	10
"5251"	"GO:0033700"	12
"5252"	"GO:0033750"	37
"5253"	"GO:0033762"	18
"5254"	"GO:0033860"	19
"5255"	"GO:0033861"	19
"5256"	"GO:0033864"	19
"5257"	"GO:0033865"	40
"5258"	"GO:0033866"	40
"5259"	"GO:0033869"	40
"5260"	"GO:0033875"	16
"5261"	"GO:0033962"	10
"5262"	"GO:0033967"	25
"5263"	"GO:0033979"	25
"5264"	"GO:0033993"	18
"5265"	"GO:0034014"	18
"5266"	"GO:0034021"	18
"5267"	"GO:0034030"	40
"5268"	"GO:0034031"	40
"5269"	"GO:0034032"	40
"5270"	"GO:0034033"	40
"5271"	"GO:0034034"	40
"5272"	"GO:0034035"	40
"5273"	"GO:0034036"	40
"5274"	"GO:0034050"	1
"5275"	"GO:0034058"	11
"5276"	"GO:0034059"	50
"5277"	"GO:0034063"	10
"5278"	"GO:0034067"	37
"5279"	"GO:0034080"	10
"5280"	"GO:0034085"	22
"5281"	"GO:0034086"	22
"5282"	"GO:0034087"	22
"5283"	"GO:0034088"	22
"5284"	"GO:0034089"	22
"5285"	"GO:0034091"	22
"5286"	"GO:0034092"	22
"5287"	"GO:0034093"	22
"5288"	"GO:0034097"	18
"5289"	"GO:0034101"	47
"5290"	"GO:0034103"	13
"5291"	"GO:0034104"	53
"5292"	"GO:0034105"	53
"5293"	"GO:0034109"	30
"5294"	"GO:0034110"	30
"5295"	"GO:0034111"	13
"5296"	"GO:0034112"	30
"5297"	"GO:0034113"	30
"5298"	"GO:0034114"	30
"5299"	"GO:0034115"	30
"5300"	"GO:0034116"	13
"5301"	"GO:0034121"	35
"5302"	"GO:0034122"	20
"5303"	"GO:0034123"	20
"5304"	"GO:0034124"	20
"5305"	"GO:0034125"	20
"5306"	"GO:0034127"	20
"5307"	"GO:0034128"	20
"5308"	"GO:0034134"	35
"5309"	"GO:0034135"	35
"5310"	"GO:0034136"	20
"5311"	"GO:0034137"	35
"5312"	"GO:0034138"	35
"5313"	"GO:0034139"	35
"5314"	"GO:0034140"	20
"5315"	"GO:0034141"	35
"5316"	"GO:0034142"	35
"5317"	"GO:0034143"	35
"5318"	"GO:0034144"	35
"5319"	"GO:0034145"	35
"5320"	"GO:0034146"	35
"5321"	"GO:0034147"	20
"5322"	"GO:0034148"	20
"5323"	"GO:0034150"	35
"5324"	"GO:0034151"	20
"5325"	"GO:0034154"	35
"5326"	"GO:0034155"	35
"5327"	"GO:0034156"	20
"5328"	"GO:0034157"	35
"5329"	"GO:0034158"	35
"5330"	"GO:0034159"	35
"5331"	"GO:0034161"	35
"5332"	"GO:0034162"	35
"5333"	"GO:0034163"	35
"5334"	"GO:0034164"	35
"5335"	"GO:0034165"	35
"5336"	"GO:0034182"	22
"5337"	"GO:0034183"	22
"5338"	"GO:0034184"	22
"5339"	"GO:0034196"	12
"5340"	"GO:0034197"	12
"5341"	"GO:0034198"	50
"5342"	"GO:0034199"	19
"5343"	"GO:0034201"	18
"5344"	"GO:0034203"	12
"5345"	"GO:0034204"	12
"5346"	"GO:0034205"	28
"5347"	"GO:0034213"	21
"5348"	"GO:0034214"	10
"5349"	"GO:0034219"	12
"5350"	"GO:0034220"	34
"5351"	"GO:0034224"	50
"5352"	"GO:0034227"	25
"5353"	"GO:0034229"	12
"5354"	"GO:0034230"	31
"5355"	"GO:0034231"	31
"5356"	"GO:0034238"	24
"5357"	"GO:0034239"	43
"5358"	"GO:0034241"	43
"5359"	"GO:0034242"	43
"5360"	"GO:0034243"	4
"5361"	"GO:0034244"	4
"5362"	"GO:0034247"	25
"5363"	"GO:0034248"	28
"5364"	"GO:0034249"	28
"5365"	"GO:0034250"	28
"5366"	"GO:0034255"	46
"5367"	"GO:0034260"	19
"5368"	"GO:0034275"	21
"5369"	"GO:0034276"	21
"5370"	"GO:0034284"	18
"5371"	"GO:0034285"	18
"5372"	"GO:0034287"	52
"5373"	"GO:0034308"	49
"5374"	"GO:0034309"	49
"5375"	"GO:0034310"	49
"5376"	"GO:0034311"	49
"5377"	"GO:0034312"	49
"5378"	"GO:0034314"	10
"5379"	"GO:0034315"	8
"5380"	"GO:0034316"	8
"5381"	"GO:0034329"	11
"5382"	"GO:0034330"	11
"5383"	"GO:0034331"	11
"5384"	"GO:0034332"	11
"5385"	"GO:0034333"	10
"5386"	"GO:0034334"	11
"5387"	"GO:0034337"	25
"5388"	"GO:0034340"	1
"5389"	"GO:0034341"	1
"5390"	"GO:0034342"	18
"5391"	"GO:0034343"	1
"5392"	"GO:0034344"	31
"5393"	"GO:0034345"	31
"5394"	"GO:0034346"	31
"5395"	"GO:0034349"	36
"5396"	"GO:0034350"	36
"5397"	"GO:0034351"	36
"5398"	"GO:0034352"	36
"5399"	"GO:0034354"	21
"5400"	"GO:0034355"	40
"5401"	"GO:0034356"	40
"5402"	"GO:0034367"	10
"5403"	"GO:0034368"	10
"5404"	"GO:0034369"	10
"5405"	"GO:0034370"	10
"5406"	"GO:0034371"	10
"5407"	"GO:0034372"	10
"5408"	"GO:0034373"	10
"5409"	"GO:0034374"	10
"5410"	"GO:0034375"	10
"5411"	"GO:0034377"	10
"5412"	"GO:0034378"	10
"5413"	"GO:0034379"	10
"5414"	"GO:0034380"	10
"5415"	"GO:0034381"	53
"5416"	"GO:0034382"	10
"5417"	"GO:0034383"	53
"5418"	"GO:0034384"	53
"5419"	"GO:0034389"	11
"5420"	"GO:0034390"	36
"5421"	"GO:0034391"	36
"5422"	"GO:0034392"	36
"5423"	"GO:0034393"	36
"5424"	"GO:0034394"	38
"5425"	"GO:0034397"	37
"5426"	"GO:0034398"	37
"5427"	"GO:0034404"	40
"5428"	"GO:0034405"	50
"5429"	"GO:0034418"	40
"5430"	"GO:0034421"	26
"5431"	"GO:0034436"	12
"5432"	"GO:0034439"	26
"5433"	"GO:0034440"	16
"5434"	"GO:0034441"	10
"5435"	"GO:0034442"	46
"5436"	"GO:0034443"	46
"5437"	"GO:0034444"	53
"5438"	"GO:0034445"	31
"5439"	"GO:0034446"	30
"5440"	"GO:0034447"	53
"5441"	"GO:0034453"	38
"5442"	"GO:0034454"	10
"5443"	"GO:0034462"	10
"5444"	"GO:0034463"	10
"5445"	"GO:0034465"	18
"5446"	"GO:0034472"	25
"5447"	"GO:0034473"	25
"5448"	"GO:0034474"	25
"5449"	"GO:0034475"	25
"5450"	"GO:0034476"	25
"5451"	"GO:0034477"	25
"5452"	"GO:0034478"	49
"5453"	"GO:0034486"	12
"5454"	"GO:0034497"	37
"5455"	"GO:0034498"	37
"5456"	"GO:0034499"	37
"5457"	"GO:0034501"	37
"5458"	"GO:0034502"	37
"5459"	"GO:0034504"	38
"5460"	"GO:0034505"	32
"5461"	"GO:0034508"	10
"5462"	"GO:0034514"	50
"5463"	"GO:0034516"	18
"5464"	"GO:0034551"	10
"5465"	"GO:0034552"	10
"5466"	"GO:0034553"	10
"5467"	"GO:0034587"	25
"5468"	"GO:0034589"	12
"5469"	"GO:0034599"	50
"5470"	"GO:0034605"	50
"5471"	"GO:0034612"	18
"5472"	"GO:0034614"	50
"5473"	"GO:0034616"	50
"5474"	"GO:0034620"	50
"5475"	"GO:0034625"	21
"5476"	"GO:0034626"	21
"5477"	"GO:0034627"	40
"5478"	"GO:0034633"	12
"5479"	"GO:0034635"	12
"5480"	"GO:0034638"	49
"5481"	"GO:0034642"	37
"5482"	"GO:0034643"	38
"5483"	"GO:0034644"	50
"5484"	"GO:0034650"	49
"5485"	"GO:0034651"	49
"5486"	"GO:0034653"	21
"5487"	"GO:0034654"	27
"5488"	"GO:0034655"	16
"5489"	"GO:0034656"	40
"5490"	"GO:0034694"	18
"5491"	"GO:0034695"	18
"5492"	"GO:0034696"	18
"5493"	"GO:0034698"	18
"5494"	"GO:0034699"	18
"5495"	"GO:0034727"	10
"5496"	"GO:0034728"	10
"5497"	"GO:0034755"	12
"5498"	"GO:0034756"	34
"5499"	"GO:0034757"	34
"5500"	"GO:0034758"	23
"5501"	"GO:0034759"	34
"5502"	"GO:0034760"	34
"5503"	"GO:0034761"	23
"5504"	"GO:0034762"	34
"5505"	"GO:0034763"	34
"5506"	"GO:0034764"	34
"5507"	"GO:0034765"	34
"5508"	"GO:0034766"	34
"5509"	"GO:0034767"	34
"5510"	"GO:0034769"	11
"5511"	"GO:0034775"	12
"5512"	"GO:0034776"	18
"5513"	"GO:0034959"	9
"5514"	"GO:0034963"	25
"5515"	"GO:0034964"	25
"5516"	"GO:0034975"	26
"5517"	"GO:0034976"	44
"5518"	"GO:0034982"	26
"5519"	"GO:0034983"	26
"5520"	"GO:0035019"	41
"5521"	"GO:0035020"	44
"5522"	"GO:0035021"	20
"5523"	"GO:0035022"	9
"5524"	"GO:0035023"	44
"5525"	"GO:0035024"	9
"5526"	"GO:0035025"	44
"5527"	"GO:0035026"	24
"5528"	"GO:0035036"	15
"5529"	"GO:0035037"	11
"5530"	"GO:0035038"	10
"5531"	"GO:0035039"	10
"5532"	"GO:0035041"	10
"5533"	"GO:0035050"	32
"5534"	"GO:0035051"	27
"5535"	"GO:0035054"	15
"5536"	"GO:0035063"	10
"5537"	"GO:0035082"	10
"5538"	"GO:0035088"	11
"5539"	"GO:0035089"	11
"5540"	"GO:0035090"	15
"5541"	"GO:0035092"	2
"5542"	"GO:0035094"	52
"5543"	"GO:0035095"	33
"5544"	"GO:0035106"	33
"5545"	"GO:0035107"	48
"5546"	"GO:0035108"	48
"5547"	"GO:0035112"	48
"5548"	"GO:0035113"	48
"5549"	"GO:0035115"	48
"5550"	"GO:0035116"	48
"5551"	"GO:0035120"	48
"5552"	"GO:0035127"	48
"5553"	"GO:0035128"	48
"5554"	"GO:0035129"	48
"5555"	"GO:0035136"	48
"5556"	"GO:0035137"	48
"5557"	"GO:0035148"	48
"5558"	"GO:0035150"	33
"5559"	"GO:0035162"	32
"5560"	"GO:0035166"	3
"5561"	"GO:0035176"	33
"5562"	"GO:0035188"	32
"5563"	"GO:0035194"	4
"5564"	"GO:0035195"	4
"5565"	"GO:0035196"	4
"5566"	"GO:0035212"	14
"5567"	"GO:0035234"	14
"5568"	"GO:0035235"	45
"5569"	"GO:0035238"	49
"5570"	"GO:0035239"	32
"5571"	"GO:0035246"	26
"5572"	"GO:0035247"	26
"5573"	"GO:0035249"	45
"5574"	"GO:0035261"	48
"5575"	"GO:0035262"	48
"5576"	"GO:0035264"	32
"5577"	"GO:0035265"	27
"5578"	"GO:0035268"	26
"5579"	"GO:0035269"	26
"5580"	"GO:0035270"	32
"5581"	"GO:0035272"	32
"5582"	"GO:0035278"	4
"5583"	"GO:0035279"	4
"5584"	"GO:0035281"	25
"5585"	"GO:0035282"	15
"5586"	"GO:0035283"	15
"5587"	"GO:0035284"	15
"5588"	"GO:0035290"	15
"5589"	"GO:0035295"	32
"5590"	"GO:0035296"	33
"5591"	"GO:0035303"	28
"5592"	"GO:0035305"	28
"5593"	"GO:0035306"	28
"5594"	"GO:0035313"	30
"5595"	"GO:0035315"	24
"5596"	"GO:0035329"	44
"5597"	"GO:0035330"	44
"5598"	"GO:0035331"	20
"5599"	"GO:0035332"	9
"5600"	"GO:0035335"	28
"5601"	"GO:0035336"	40
"5602"	"GO:0035337"	40
"5603"	"GO:0035338"	40
"5604"	"GO:0035340"	12
"5605"	"GO:0035344"	12
"5606"	"GO:0035348"	12
"5607"	"GO:0035349"	12
"5608"	"GO:0035350"	12
"5609"	"GO:0035351"	12
"5610"	"GO:0035352"	12
"5611"	"GO:0035356"	34
"5612"	"GO:0035357"	9
"5613"	"GO:0035358"	9
"5614"	"GO:0035359"	20
"5615"	"GO:0035360"	35
"5616"	"GO:0035364"	12
"5617"	"GO:0035372"	37
"5618"	"GO:0035377"	12
"5619"	"GO:0035378"	12
"5620"	"GO:0035382"	12
"5621"	"GO:0035383"	16
"5622"	"GO:0035384"	40
"5623"	"GO:0035385"	35
"5624"	"GO:0035393"	1
"5625"	"GO:0035394"	31
"5626"	"GO:0035395"	31
"5627"	"GO:0035397"	29
"5628"	"GO:0035418"	37
"5629"	"GO:0035425"	45
"5630"	"GO:0035426"	45
"5631"	"GO:0035429"	12
"5632"	"GO:0035434"	12
"5633"	"GO:0035435"	12
"5634"	"GO:0035437"	37
"5635"	"GO:0035441"	30
"5636"	"GO:0035442"	12
"5637"	"GO:0035443"	12
"5638"	"GO:0035444"	12
"5639"	"GO:0035445"	12
"5640"	"GO:0035455"	18
"5641"	"GO:0035456"	18
"5642"	"GO:0035457"	18
"5643"	"GO:0035458"	18
"5644"	"GO:0035459"	38
"5645"	"GO:0035461"	12
"5646"	"GO:0035469"	15
"5647"	"GO:0035470"	41
"5648"	"GO:0035482"	33
"5649"	"GO:0035483"	53
"5650"	"GO:0035490"	53
"5651"	"GO:0035491"	31
"5652"	"GO:0035493"	11
"5653"	"GO:0035494"	10
"5654"	"GO:0035498"	21
"5655"	"GO:0035499"	21
"5656"	"GO:0035502"	48
"5657"	"GO:0035504"	19
"5658"	"GO:0035505"	19
"5659"	"GO:0035510"	2
"5660"	"GO:0035513"	25
"5661"	"GO:0035519"	26
"5662"	"GO:0035520"	26
"5663"	"GO:0035523"	26
"5664"	"GO:0035524"	12
"5665"	"GO:0035526"	37
"5666"	"GO:0035542"	11
"5667"	"GO:0035543"	43
"5668"	"GO:0035544"	43
"5669"	"GO:0035545"	15
"5670"	"GO:0035556"	44
"5671"	"GO:0035561"	8
"5672"	"GO:0035562"	8
"5673"	"GO:0035563"	19
"5674"	"GO:0035564"	48
"5675"	"GO:0035565"	39
"5676"	"GO:0035566"	48
"5677"	"GO:0035567"	9
"5678"	"GO:0035568"	26
"5679"	"GO:0035570"	26
"5680"	"GO:0035572"	26
"5681"	"GO:0035573"	26
"5682"	"GO:0035581"	35
"5683"	"GO:0035582"	9
"5684"	"GO:0035583"	9
"5685"	"GO:0035588"	35
"5686"	"GO:0035589"	35
"5687"	"GO:0035590"	35
"5688"	"GO:0035592"	5
"5689"	"GO:0035600"	25
"5690"	"GO:0035601"	26
"5691"	"GO:0035602"	9
"5692"	"GO:0035603"	9
"5693"	"GO:0035604"	9
"5694"	"GO:0035606"	26
"5695"	"GO:0035607"	9
"5696"	"GO:0035608"	26
"5697"	"GO:0035609"	26
"5698"	"GO:0035610"	26
"5699"	"GO:0035611"	26
"5700"	"GO:0035617"	10
"5701"	"GO:0035621"	12
"5702"	"GO:0035622"	3
"5703"	"GO:0035623"	12
"5704"	"GO:0035624"	9
"5705"	"GO:0035627"	12
"5706"	"GO:0035630"	32
"5707"	"GO:0035633"	34
"5708"	"GO:0035634"	18
"5709"	"GO:0035635"	1
"5710"	"GO:0035640"	33
"5711"	"GO:0035641"	33
"5712"	"GO:0035644"	40
"5713"	"GO:0035645"	24
"5714"	"GO:0035646"	37
"5715"	"GO:0035652"	37
"5716"	"GO:0035654"	37
"5717"	"GO:0035655"	35
"5718"	"GO:0035664"	35
"5719"	"GO:0035665"	35
"5720"	"GO:0035666"	35
"5721"	"GO:0035668"	35
"5722"	"GO:0035669"	35
"5723"	"GO:0035672"	12
"5724"	"GO:0035674"	12
"5725"	"GO:0035675"	3
"5726"	"GO:0035677"	3
"5727"	"GO:0035683"	47
"5728"	"GO:0035684"	47
"5729"	"GO:0035685"	47
"5730"	"GO:0035691"	35
"5731"	"GO:0035694"	26
"5732"	"GO:0035695"	26
"5733"	"GO:0035696"	30
"5734"	"GO:0035697"	47
"5735"	"GO:0035698"	47
"5736"	"GO:0035700"	30
"5737"	"GO:0035701"	30
"5738"	"GO:0035702"	47
"5739"	"GO:0035705"	47
"5740"	"GO:0035708"	29
"5741"	"GO:0035709"	47
"5742"	"GO:0035710"	47
"5743"	"GO:0035711"	47
"5744"	"GO:0035712"	47
"5745"	"GO:0035713"	18
"5746"	"GO:0035720"	37
"5747"	"GO:0035721"	37
"5748"	"GO:0035722"	35
"5749"	"GO:0035723"	35
"5750"	"GO:0035724"	49
"5751"	"GO:0035725"	34
"5752"	"GO:0035726"	41
"5753"	"GO:0035728"	18
"5754"	"GO:0035729"	18
"5755"	"GO:0035732"	37
"5756"	"GO:0035733"	18
"5757"	"GO:0035735"	37
"5758"	"GO:0035739"	13
"5759"	"GO:0035740"	13
"5760"	"GO:0035743"	29
"5761"	"GO:0035744"	29
"5762"	"GO:0035745"	29
"5763"	"GO:0035746"	29
"5764"	"GO:0035747"	30
"5765"	"GO:0035750"	37
"5766"	"GO:0035751"	34
"5767"	"GO:0035752"	34
"5768"	"GO:0035754"	30
"5769"	"GO:0035759"	30
"5770"	"GO:0035766"	30
"5771"	"GO:0035767"	30
"5772"	"GO:0035768"	30
"5773"	"GO:0035771"	35
"5774"	"GO:0035772"	35
"5775"	"GO:0035773"	5
"5776"	"GO:0035774"	5
"5777"	"GO:0035780"	47
"5778"	"GO:0035781"	47
"5779"	"GO:0035782"	47
"5780"	"GO:0035783"	13
"5781"	"GO:0035787"	30
"5782"	"GO:0035788"	30
"5783"	"GO:0035789"	30
"5784"	"GO:0035790"	9
"5785"	"GO:0035791"	9
"5786"	"GO:0035793"	9
"5787"	"GO:0035794"	43
"5788"	"GO:0035795"	43
"5789"	"GO:0035799"	48
"5790"	"GO:0035801"	3
"5791"	"GO:0035802"	3
"5792"	"GO:0035803"	15
"5793"	"GO:0035809"	33
"5794"	"GO:0035810"	33
"5795"	"GO:0035811"	53
"5796"	"GO:0035812"	33
"5797"	"GO:0035813"	53
"5798"	"GO:0035814"	53
"5799"	"GO:0035815"	5
"5800"	"GO:0035821"	1
"5801"	"GO:0035822"	2
"5802"	"GO:0035825"	2
"5803"	"GO:0035844"	3
"5804"	"GO:0035845"	11
"5805"	"GO:0035846"	3
"5806"	"GO:0035847"	3
"5807"	"GO:0035849"	48
"5808"	"GO:0035850"	24
"5809"	"GO:0035853"	37
"5810"	"GO:0035854"	24
"5811"	"GO:0035855"	24
"5812"	"GO:0035860"	9
"5813"	"GO:0035862"	40
"5814"	"GO:0035863"	40
"5815"	"GO:0035864"	50
"5816"	"GO:0035865"	50
"5817"	"GO:0035871"	26
"5818"	"GO:0035872"	35
"5819"	"GO:0035873"	12
"5820"	"GO:0035874"	50
"5821"	"GO:0035878"	32
"5822"	"GO:0035879"	12
"5823"	"GO:0035880"	48
"5824"	"GO:0035881"	24
"5825"	"GO:0035883"	24
"5826"	"GO:0035886"	24
"5827"	"GO:0035887"	24
"5828"	"GO:0035891"	1
"5829"	"GO:0035898"	5
"5830"	"GO:0035900"	50
"5831"	"GO:0035902"	50
"5832"	"GO:0035904"	32
"5833"	"GO:0035905"	3
"5834"	"GO:0035906"	3
"5835"	"GO:0035907"	3
"5836"	"GO:0035909"	48
"5837"	"GO:0035910"	48
"5838"	"GO:0035912"	48
"5839"	"GO:0035914"	27
"5840"	"GO:0035921"	11
"5841"	"GO:0035922"	48
"5842"	"GO:0035924"	18
"5843"	"GO:0035927"	12
"5844"	"GO:0035928"	12
"5845"	"GO:0035929"	5
"5846"	"GO:0035930"	5
"5847"	"GO:0035931"	5
"5848"	"GO:0035932"	5
"5849"	"GO:0035933"	5
"5850"	"GO:0035934"	5
"5851"	"GO:0035935"	5
"5852"	"GO:0035936"	5
"5853"	"GO:0035938"	5
"5854"	"GO:0035945"	25
"5855"	"GO:0035946"	4
"5856"	"GO:0035962"	18
"5857"	"GO:0035963"	18
"5858"	"GO:0035964"	11
"5859"	"GO:0035965"	49
"5860"	"GO:0035966"	50
"5861"	"GO:0035967"	50
"5862"	"GO:0035970"	26
"5863"	"GO:0035971"	26
"5864"	"GO:0035973"	26
"5865"	"GO:0035977"	26
"5866"	"GO:0035981"	24
"5867"	"GO:0035983"	18
"5868"	"GO:0035984"	18
"5869"	"GO:0035987"	24
"5870"	"GO:0035988"	41
"5871"	"GO:0035989"	3
"5872"	"GO:0035990"	24
"5873"	"GO:0035992"	48
"5874"	"GO:0035993"	3
"5875"	"GO:0035994"	50
"5876"	"GO:0035995"	52
"5877"	"GO:0035999"	21
"5878"	"GO:0036005"	18
"5879"	"GO:0036006"	18
"5880"	"GO:0036010"	37
"5881"	"GO:0036015"	18
"5882"	"GO:0036016"	18
"5883"	"GO:0036017"	18
"5884"	"GO:0036018"	18
"5885"	"GO:0036022"	48
"5886"	"GO:0036023"	48
"5887"	"GO:0036034"	10
"5888"	"GO:0036035"	3
"5889"	"GO:0036037"	47
"5890"	"GO:0036046"	26
"5891"	"GO:0036047"	26
"5892"	"GO:0036048"	26
"5893"	"GO:0036049"	26
"5894"	"GO:0036058"	11
"5895"	"GO:0036060"	10
"5896"	"GO:0036065"	49
"5897"	"GO:0036066"	26
"5898"	"GO:0036071"	26
"5899"	"GO:0036072"	32
"5900"	"GO:0036075"	32
"5901"	"GO:0036076"	15
"5902"	"GO:0036085"	12
"5903"	"GO:0036088"	21
"5904"	"GO:0036089"	11
"5905"	"GO:0036090"	11
"5906"	"GO:0036092"	49
"5907"	"GO:0036093"	14
"5908"	"GO:0036098"	14
"5909"	"GO:0036100"	21
"5910"	"GO:0036101"	21
"5911"	"GO:0036102"	21
"5912"	"GO:0036109"	21
"5913"	"GO:0036111"	40
"5914"	"GO:0036112"	40
"5915"	"GO:0036113"	40
"5916"	"GO:0036114"	40
"5917"	"GO:0036115"	40
"5918"	"GO:0036116"	40
"5919"	"GO:0036118"	10
"5920"	"GO:0036119"	18
"5921"	"GO:0036120"	18
"5922"	"GO:0036135"	30
"5923"	"GO:0036145"	47
"5924"	"GO:0036146"	18
"5925"	"GO:0036148"	49
"5926"	"GO:0036149"	49
"5927"	"GO:0036150"	49
"5928"	"GO:0036151"	49
"5929"	"GO:0036152"	49
"5930"	"GO:0036153"	49
"5931"	"GO:0036155"	49
"5932"	"GO:0036158"	10
"5933"	"GO:0036159"	10
"5934"	"GO:0036162"	18
"5935"	"GO:0036166"	14
"5936"	"GO:0036179"	3
"5937"	"GO:0036211"	28
"5938"	"GO:0036213"	22
"5939"	"GO:0036215"	18
"5940"	"GO:0036216"	18
"5941"	"GO:0036228"	37
"5942"	"GO:0036230"	29
"5943"	"GO:0036250"	37
"5944"	"GO:0036255"	18
"5945"	"GO:0036257"	11
"5946"	"GO:0036258"	11
"5947"	"GO:0036260"	25
"5948"	"GO:0036261"	25
"5949"	"GO:0036265"	25
"5950"	"GO:0036268"	50
"5951"	"GO:0036269"	52
"5952"	"GO:0036285"	10
"5953"	"GO:0036289"	26
"5954"	"GO:0036290"	26
"5955"	"GO:0036292"	2
"5956"	"GO:0036293"	50
"5957"	"GO:0036294"	50
"5958"	"GO:0036295"	50
"5959"	"GO:0036296"	50
"5960"	"GO:0036297"	2
"5961"	"GO:0036298"	2
"5962"	"GO:0036301"	1
"5963"	"GO:0036302"	48
"5964"	"GO:0036303"	48
"5965"	"GO:0036304"	48
"5966"	"GO:0036305"	24
"5967"	"GO:0036306"	48
"5968"	"GO:0036309"	37
"5969"	"GO:0036314"	18
"5970"	"GO:0036315"	18
"5971"	"GO:0036316"	20
"5972"	"GO:0036321"	5
"5973"	"GO:0036323"	9
"5974"	"GO:0036324"	9
"5975"	"GO:0036325"	9
"5976"	"GO:0036331"	3
"5977"	"GO:0036333"	14
"5978"	"GO:0036335"	34
"5979"	"GO:0036336"	30
"5980"	"GO:0036337"	35
"5981"	"GO:0036339"	47
"5982"	"GO:0036342"	48
"5983"	"GO:0036343"	33
"5984"	"GO:0036344"	47
"5985"	"GO:0036345"	24
"5986"	"GO:0036359"	33
"5987"	"GO:0036367"	52
"5988"	"GO:0036368"	52
"5989"	"GO:0036371"	37
"5990"	"GO:0036372"	37
"5991"	"GO:0036376"	34
"5992"	"GO:0036378"	49
"5993"	"GO:0036392"	1
"5994"	"GO:0036399"	10
"5995"	"GO:0036415"	4
"5996"	"GO:0036416"	4
"5997"	"GO:0036438"	52
"5998"	"GO:0036444"	34
"5999"	"GO:0036445"	24
"6000"	"GO:0036446"	24
"6001"	"GO:0036462"	44
"6002"	"GO:0036465"	11
"6003"	"GO:0036466"	37
"6004"	"GO:0036471"	18
"6005"	"GO:0036480"	44
"6006"	"GO:0036481"	20
"6007"	"GO:0036482"	20
"6008"	"GO:0036483"	20
"6009"	"GO:0036484"	17
"6010"	"GO:0036486"	17
"6011"	"GO:0036490"	4
"6012"	"GO:0036491"	4
"6013"	"GO:0036492"	4
"6014"	"GO:0036493"	4
"6015"	"GO:0036494"	4
"6016"	"GO:0036496"	4
"6017"	"GO:0036497"	4
"6018"	"GO:0036498"	44
"6019"	"GO:0036499"	44
"6020"	"GO:0036500"	44
"6021"	"GO:0036503"	26
"6022"	"GO:0036506"	28
"6023"	"GO:0036507"	26
"6024"	"GO:0036508"	26
"6025"	"GO:0036514"	17
"6026"	"GO:0036515"	17
"6027"	"GO:0036516"	17
"6028"	"GO:0036517"	17
"6029"	"GO:0036518"	17
"6030"	"GO:0036520"	45
"6031"	"GO:0036525"	26
"6032"	"GO:0036526"	26
"6033"	"GO:0036527"	26
"6034"	"GO:0036528"	26
"6035"	"GO:0036529"	26
"6036"	"GO:0036530"	26
"6037"	"GO:0038001"	45
"6038"	"GO:0038003"	35
"6039"	"GO:0038004"	9
"6040"	"GO:0038007"	35
"6041"	"GO:0038009"	35
"6042"	"GO:0038016"	12
"6043"	"GO:0038018"	26
"6044"	"GO:0038020"	26
"6045"	"GO:0038026"	35
"6046"	"GO:0038027"	35
"6047"	"GO:0038033"	9
"6048"	"GO:0038034"	44
"6049"	"GO:0038035"	35
"6050"	"GO:0038041"	9
"6051"	"GO:0038043"	35
"6052"	"GO:0038060"	45
"6053"	"GO:0038061"	44
"6054"	"GO:0038063"	9
"6055"	"GO:0038065"	9
"6056"	"GO:0038066"	44
"6057"	"GO:0038083"	26
"6058"	"GO:0038084"	9
"6059"	"GO:0038086"	9
"6060"	"GO:0038089"	9
"6061"	"GO:0038091"	9
"6062"	"GO:0038092"	9
"6063"	"GO:0038093"	35
"6064"	"GO:0038094"	35
"6065"	"GO:0038095"	35
"6066"	"GO:0038096"	35
"6067"	"GO:0038097"	35
"6068"	"GO:0038098"	9
"6069"	"GO:0038101"	35
"6070"	"GO:0038108"	35
"6071"	"GO:0038109"	9
"6072"	"GO:0038110"	35
"6073"	"GO:0038111"	35
"6074"	"GO:0038112"	35
"6075"	"GO:0038113"	35
"6076"	"GO:0038114"	35
"6077"	"GO:0038115"	35
"6078"	"GO:0038116"	35
"6079"	"GO:0038118"	35
"6080"	"GO:0038123"	35
"6081"	"GO:0038124"	35
"6082"	"GO:0038127"	9
"6083"	"GO:0038128"	9
"6084"	"GO:0038129"	9
"6085"	"GO:0038130"	9
"6086"	"GO:0038133"	9
"6087"	"GO:0038134"	9
"6088"	"GO:0038135"	9
"6089"	"GO:0038138"	35
"6090"	"GO:0038145"	35
"6091"	"GO:0038146"	35
"6092"	"GO:0038154"	35
"6093"	"GO:0038155"	35
"6094"	"GO:0038156"	35
"6095"	"GO:0038157"	9
"6096"	"GO:0038158"	35
"6097"	"GO:0038159"	35
"6098"	"GO:0038160"	35
"6099"	"GO:0038161"	35
"6100"	"GO:0038162"	35
"6101"	"GO:0038163"	35
"6102"	"GO:0038165"	35
"6103"	"GO:0038166"	35
"6104"	"GO:0038169"	35
"6105"	"GO:0038170"	35
"6106"	"GO:0038171"	35
"6107"	"GO:0038172"	35
"6108"	"GO:0038173"	35
"6109"	"GO:0038178"	35
"6110"	"GO:0038179"	9
"6111"	"GO:0038180"	9
"6112"	"GO:0038183"	35
"6113"	"GO:0038184"	35
"6114"	"GO:0038185"	35
"6115"	"GO:0038188"	35
"6116"	"GO:0038189"	35
"6117"	"GO:0038190"	9
"6118"	"GO:0038192"	35
"6119"	"GO:0038193"	35
"6120"	"GO:0038194"	35
"6121"	"GO:0038195"	9
"6122"	"GO:0038196"	35
"6123"	"GO:0038202"	44
"6124"	"GO:0038203"	9
"6125"	"GO:0039003"	15
"6126"	"GO:0039007"	48
"6127"	"GO:0039008"	48
"6128"	"GO:0039017"	15
"6129"	"GO:0039019"	3
"6130"	"GO:0039020"	3
"6131"	"GO:0039022"	3
"6132"	"GO:0039023"	48
"6133"	"GO:0039502"	1
"6134"	"GO:0039514"	45
"6135"	"GO:0039519"	1
"6136"	"GO:0039520"	1
"6137"	"GO:0039521"	1
"6138"	"GO:0039529"	6
"6139"	"GO:0039530"	6
"6140"	"GO:0039531"	35
"6141"	"GO:0039532"	35
"6142"	"GO:0039533"	35
"6143"	"GO:0039534"	20
"6144"	"GO:0039535"	35
"6145"	"GO:0039536"	20
"6146"	"GO:0039562"	45
"6147"	"GO:0039563"	1
"6148"	"GO:0039564"	45
"6149"	"GO:0039654"	45
"6150"	"GO:0039663"	1
"6151"	"GO:0039689"	25
"6152"	"GO:0039692"	2
"6153"	"GO:0039694"	2
"6154"	"GO:0039695"	25
"6155"	"GO:0039702"	10
"6156"	"GO:0040001"	22
"6157"	"GO:0040007"	27
"6158"	"GO:0040008"	27
"6159"	"GO:0040009"	31
"6160"	"GO:0040010"	43
"6161"	"GO:0040011"	30
"6162"	"GO:0040012"	30
"6163"	"GO:0040013"	30
"6164"	"GO:0040014"	32
"6165"	"GO:0040015"	39
"6166"	"GO:0040016"	22
"6167"	"GO:0040017"	30
"6168"	"GO:0040018"	7
"6169"	"GO:0040019"	7
"6170"	"GO:0040020"	22
"6171"	"GO:0040029"	4
"6172"	"GO:0040031"	25
"6173"	"GO:0040034"	39
"6174"	"GO:0040036"	9
"6175"	"GO:0040037"	35
"6176"	"GO:0040038"	22
"6177"	"GO:0040040"	52
"6178"	"GO:0042023"	2
"6179"	"GO:0042026"	26
"6180"	"GO:0042044"	34
"6181"	"GO:0042045"	12
"6182"	"GO:0042048"	52
"6183"	"GO:0042053"	46
"6184"	"GO:0042058"	9
"6185"	"GO:0042059"	9
"6186"	"GO:0042060"	30
"6187"	"GO:0042063"	17
"6188"	"GO:0042069"	46
"6189"	"GO:0042073"	37
"6190"	"GO:0042074"	14
"6191"	"GO:0042078"	14
"6192"	"GO:0042088"	29
"6193"	"GO:0042092"	29
"6194"	"GO:0042093"	47
"6195"	"GO:0042098"	13
"6196"	"GO:0042100"	47
"6197"	"GO:0042102"	13
"6198"	"GO:0042104"	13
"6199"	"GO:0042110"	47
"6200"	"GO:0042113"	47
"6201"	"GO:0042116"	47
"6202"	"GO:0042117"	47
"6203"	"GO:0042118"	47
"6204"	"GO:0042119"	29
"6205"	"GO:0042126"	21
"6206"	"GO:0042127"	27
"6207"	"GO:0042129"	13
"6208"	"GO:0042130"	13
"6209"	"GO:0042137"	5
"6210"	"GO:0042138"	2
"6211"	"GO:0042144"	11
"6212"	"GO:0042147"	38
"6213"	"GO:0042148"	2
"6214"	"GO:0042149"	50
"6215"	"GO:0042157"	26
"6216"	"GO:0042158"	26
"6217"	"GO:0042159"	26
"6218"	"GO:0042160"	26
"6219"	"GO:0042161"	26
"6220"	"GO:0042167"	49
"6221"	"GO:0042168"	49
"6222"	"GO:0042176"	28
"6223"	"GO:0042177"	28
"6224"	"GO:0042178"	49
"6225"	"GO:0042180"	16
"6226"	"GO:0042181"	49
"6227"	"GO:0042182"	49
"6228"	"GO:0042197"	49
"6229"	"GO:0042214"	49
"6230"	"GO:0042219"	21
"6231"	"GO:0042220"	18
"6232"	"GO:0042221"	27
"6233"	"GO:0042245"	25
"6234"	"GO:0042246"	27
"6235"	"GO:0042247"	15
"6236"	"GO:0042249"	48
"6237"	"GO:0042254"	25
"6238"	"GO:0042255"	10
"6239"	"GO:0042256"	10
"6240"	"GO:0042262"	2
"6241"	"GO:0042264"	26
"6242"	"GO:0042267"	1
"6243"	"GO:0042269"	6
"6244"	"GO:0042270"	6
"6245"	"GO:0042271"	6
"6246"	"GO:0042273"	10
"6247"	"GO:0042274"	25
"6248"	"GO:0042275"	2
"6249"	"GO:0042276"	2
"6250"	"GO:0042278"	40
"6251"	"GO:0042297"	33
"6252"	"GO:0042303"	32
"6253"	"GO:0042304"	46
"6254"	"GO:0042306"	38
"6255"	"GO:0042307"	38
"6256"	"GO:0042308"	38
"6257"	"GO:0042309"	33
"6258"	"GO:0042310"	53
"6259"	"GO:0042311"	33
"6260"	"GO:0042313"	35
"6261"	"GO:0042320"	53
"6262"	"GO:0042321"	53
"6263"	"GO:0042322"	53
"6264"	"GO:0042323"	53
"6265"	"GO:0042325"	28
"6266"	"GO:0042326"	28
"6267"	"GO:0042327"	28
"6268"	"GO:0042330"	30
"6269"	"GO:0042335"	3
"6270"	"GO:0042339"	49
"6271"	"GO:0042340"	49
"6272"	"GO:0042350"	40
"6273"	"GO:0042351"	40
"6274"	"GO:0042352"	40
"6275"	"GO:0042354"	49
"6276"	"GO:0042355"	49
"6277"	"GO:0042357"	40
"6278"	"GO:0042359"	49
"6279"	"GO:0042360"	49
"6280"	"GO:0042361"	49
"6281"	"GO:0042362"	49
"6282"	"GO:0042363"	49
"6283"	"GO:0042364"	49
"6284"	"GO:0042365"	49
"6285"	"GO:0042368"	49
"6286"	"GO:0042369"	49
"6287"	"GO:0042371"	49
"6288"	"GO:0042373"	49
"6289"	"GO:0042374"	49
"6290"	"GO:0042376"	49
"6291"	"GO:0042377"	49
"6292"	"GO:0042386"	24
"6293"	"GO:0042391"	51
"6294"	"GO:0042396"	21
"6295"	"GO:0042398"	21
"6296"	"GO:0042401"	49
"6297"	"GO:0042402"	49
"6298"	"GO:0042403"	49
"6299"	"GO:0042404"	49
"6300"	"GO:0042407"	11
"6301"	"GO:0042412"	21
"6302"	"GO:0042413"	21
"6303"	"GO:0042414"	49
"6304"	"GO:0042415"	49
"6305"	"GO:0042416"	49
"6306"	"GO:0042417"	49
"6307"	"GO:0042418"	49
"6308"	"GO:0042420"	49
"6309"	"GO:0042421"	49
"6310"	"GO:0042423"	49
"6311"	"GO:0042424"	49
"6312"	"GO:0042426"	49
"6313"	"GO:0042427"	49
"6314"	"GO:0042428"	49
"6315"	"GO:0042430"	49
"6316"	"GO:0042431"	49
"6317"	"GO:0042435"	49
"6318"	"GO:0042436"	21
"6319"	"GO:0042438"	49
"6320"	"GO:0042439"	49
"6321"	"GO:0042440"	49
"6322"	"GO:0042441"	49
"6323"	"GO:0042445"	49
"6324"	"GO:0042446"	49
"6325"	"GO:0042447"	49
"6326"	"GO:0042448"	49
"6327"	"GO:0042450"	21
"6328"	"GO:0042451"	40
"6329"	"GO:0042453"	40
"6330"	"GO:0042454"	40
"6331"	"GO:0042455"	40
"6332"	"GO:0042461"	3
"6333"	"GO:0042462"	24
"6334"	"GO:0042471"	32
"6335"	"GO:0042472"	48
"6336"	"GO:0042473"	48
"6337"	"GO:0042474"	48
"6338"	"GO:0042475"	32
"6339"	"GO:0042476"	32
"6340"	"GO:0042478"	39
"6341"	"GO:0042481"	32
"6342"	"GO:0042482"	7
"6343"	"GO:0042483"	39
"6344"	"GO:0042487"	48
"6345"	"GO:0042488"	7
"6346"	"GO:0042489"	39
"6347"	"GO:0042490"	24
"6348"	"GO:0042491"	24
"6349"	"GO:0042492"	47
"6350"	"GO:0042494"	52
"6351"	"GO:0042495"	52
"6352"	"GO:0042496"	52
"6353"	"GO:0042501"	28
"6354"	"GO:0042509"	28
"6355"	"GO:0042531"	28
"6356"	"GO:0042532"	9
"6357"	"GO:0042537"	49
"6358"	"GO:0042538"	50
"6359"	"GO:0042539"	50
"6360"	"GO:0042541"	49
"6361"	"GO:0042542"	50
"6362"	"GO:0042551"	17
"6363"	"GO:0042552"	17
"6364"	"GO:0042554"	52
"6365"	"GO:0042558"	21
"6366"	"GO:0042559"	21
"6367"	"GO:0042560"	21
"6368"	"GO:0042572"	49
"6369"	"GO:0042573"	49
"6370"	"GO:0042574"	49
"6371"	"GO:0042590"	29
"6372"	"GO:0042592"	34
"6373"	"GO:0042593"	34
"6374"	"GO:0042594"	50
"6375"	"GO:0042595"	50
"6376"	"GO:0042596"	52
"6377"	"GO:0042628"	15
"6378"	"GO:0042631"	50
"6379"	"GO:0042632"	52
"6380"	"GO:0042633"	32
"6381"	"GO:0042634"	39
"6382"	"GO:0042635"	7
"6383"	"GO:0042636"	39
"6384"	"GO:0042637"	14
"6385"	"GO:0042640"	14
"6386"	"GO:0042659"	39
"6387"	"GO:0042660"	7
"6388"	"GO:0042661"	39
"6389"	"GO:0042662"	39
"6390"	"GO:0042663"	39
"6391"	"GO:0042664"	39
"6392"	"GO:0042665"	39
"6393"	"GO:0042666"	39
"6394"	"GO:0042667"	24
"6395"	"GO:0042668"	24
"6396"	"GO:0042669"	39
"6397"	"GO:0042670"	24
"6398"	"GO:0042692"	27
"6399"	"GO:0042693"	24
"6400"	"GO:0042694"	24
"6401"	"GO:0042695"	14
"6402"	"GO:0042698"	33
"6403"	"GO:0042699"	35
"6404"	"GO:0042700"	35
"6405"	"GO:0042701"	5
"6406"	"GO:0042704"	14
"6407"	"GO:0042706"	24
"6408"	"GO:0042710"	1
"6409"	"GO:0042711"	33
"6410"	"GO:0042713"	33
"6411"	"GO:0042723"	40
"6412"	"GO:0042724"	40
"6413"	"GO:0042726"	40
"6414"	"GO:0042727"	40
"6415"	"GO:0042728"	40
"6416"	"GO:0042730"	53
"6417"	"GO:0042732"	49
"6418"	"GO:0042733"	48
"6419"	"GO:0042742"	1
"6420"	"GO:0042743"	50
"6421"	"GO:0042744"	49
"6422"	"GO:0042745"	33
"6423"	"GO:0042746"	33
"6424"	"GO:0042747"	33
"6425"	"GO:0042748"	33
"6426"	"GO:0042749"	53
"6427"	"GO:0042752"	27
"6428"	"GO:0042753"	53
"6429"	"GO:0042754"	53
"6430"	"GO:0042755"	33
"6431"	"GO:0042756"	33
"6432"	"GO:0042758"	21
"6433"	"GO:0042759"	21
"6434"	"GO:0042760"	21
"6435"	"GO:0042761"	21
"6436"	"GO:0042762"	46
"6437"	"GO:0042770"	44
"6438"	"GO:0042771"	44
"6439"	"GO:0042772"	44
"6440"	"GO:0042773"	16
"6441"	"GO:0042774"	10
"6442"	"GO:0042775"	16
"6443"	"GO:0042776"	40
"6444"	"GO:0042780"	25
"6445"	"GO:0042789"	25
"6446"	"GO:0042790"	25
"6447"	"GO:0042791"	25
"6448"	"GO:0042795"	25
"6449"	"GO:0042796"	25
"6450"	"GO:0042797"	25
"6451"	"GO:0042816"	49
"6452"	"GO:0042817"	49
"6453"	"GO:0042818"	49
"6454"	"GO:0042819"	40
"6455"	"GO:0042820"	40
"6456"	"GO:0042822"	40
"6457"	"GO:0042823"	40
"6458"	"GO:0042832"	1
"6459"	"GO:0042839"	21
"6460"	"GO:0042840"	21
"6461"	"GO:0042843"	49
"6462"	"GO:0042851"	21
"6463"	"GO:0042853"	21
"6464"	"GO:0042866"	21
"6465"	"GO:0042867"	21
"6466"	"GO:0042868"	25
"6467"	"GO:0042873"	12
"6468"	"GO:0042874"	12
"6469"	"GO:0042883"	12
"6470"	"GO:0042886"	5
"6471"	"GO:0042904"	49
"6472"	"GO:0042905"	49
"6473"	"GO:0042908"	12
"6474"	"GO:0042918"	12
"6475"	"GO:0042921"	35
"6476"	"GO:0042930"	12
"6477"	"GO:0042938"	12
"6478"	"GO:0042939"	12
"6479"	"GO:0042940"	12
"6480"	"GO:0042941"	12
"6481"	"GO:0042942"	12
"6482"	"GO:0042946"	12
"6483"	"GO:0042953"	12
"6484"	"GO:0042976"	19
"6485"	"GO:0042981"	44
"6486"	"GO:0042982"	28
"6487"	"GO:0042983"	49
"6488"	"GO:0042984"	31
"6489"	"GO:0042985"	31
"6490"	"GO:0042986"	31
"6491"	"GO:0042987"	28
"6492"	"GO:0042989"	8
"6493"	"GO:0042994"	4
"6494"	"GO:0042996"	23
"6495"	"GO:0042997"	23
"6496"	"GO:0042998"	23
"6497"	"GO:0043001"	37
"6498"	"GO:0043007"	2
"6499"	"GO:0043009"	32
"6500"	"GO:0043010"	32
"6501"	"GO:0043011"	47
"6502"	"GO:0043012"	43
"6503"	"GO:0043029"	47
"6504"	"GO:0043030"	13
"6505"	"GO:0043031"	13
"6506"	"GO:0043032"	13
"6507"	"GO:0043038"	26
"6508"	"GO:0043039"	25
"6509"	"GO:0043041"	21
"6510"	"GO:0043043"	27
"6511"	"GO:0043045"	4
"6512"	"GO:0043048"	49
"6513"	"GO:0043049"	48
"6514"	"GO:0043052"	52
"6515"	"GO:0043060"	22
"6516"	"GO:0043062"	32
"6517"	"GO:0043063"	11
"6518"	"GO:0043065"	44
"6519"	"GO:0043066"	44
"6520"	"GO:0043067"	44
"6521"	"GO:0043068"	44
"6522"	"GO:0043069"	44
"6523"	"GO:0043084"	33
"6524"	"GO:0043085"	28
"6525"	"GO:0043086"	19
"6526"	"GO:0043087"	28
"6527"	"GO:0043090"	12
"6528"	"GO:0043094"	40
"6529"	"GO:0043096"	40
"6530"	"GO:0043097"	40
"6531"	"GO:0043101"	40
"6532"	"GO:0043102"	21
"6533"	"GO:0043103"	40
"6534"	"GO:0043111"	2
"6535"	"GO:0043112"	38
"6536"	"GO:0043113"	11
"6537"	"GO:0043114"	33
"6538"	"GO:0043116"	53
"6539"	"GO:0043117"	53
"6540"	"GO:0043122"	44
"6541"	"GO:0043123"	44
"6542"	"GO:0043124"	44
"6543"	"GO:0043129"	52
"6544"	"GO:0043131"	10
"6545"	"GO:0043132"	12
"6546"	"GO:0043133"	53
"6547"	"GO:0043134"	53
"6548"	"GO:0043137"	2
"6549"	"GO:0043143"	4
"6550"	"GO:0043144"	25
"6551"	"GO:0043149"	10
"6552"	"GO:0043152"	1
"6553"	"GO:0043153"	52
"6554"	"GO:0043157"	50
"6555"	"GO:0043161"	28
"6556"	"GO:0043162"	26
"6557"	"GO:0043163"	11
"6558"	"GO:0043170"	27
"6559"	"GO:0043171"	21
"6560"	"GO:0043173"	40
"6561"	"GO:0043174"	40
"6562"	"GO:0043179"	45
"6563"	"GO:0043181"	37
"6564"	"GO:0043200"	18
"6565"	"GO:0043201"	18
"6566"	"GO:0043207"	1
"6567"	"GO:0043217"	17
"6568"	"GO:0043242"	8
"6569"	"GO:0043243"	8
"6570"	"GO:0043244"	8
"6571"	"GO:0043247"	2
"6572"	"GO:0043248"	10
"6573"	"GO:0043249"	24
"6574"	"GO:0043251"	12
"6575"	"GO:0043252"	12
"6576"	"GO:0043254"	8
"6577"	"GO:0043255"	16
"6578"	"GO:0043266"	34
"6579"	"GO:0043267"	34
"6580"	"GO:0043268"	51
"6581"	"GO:0043269"	34
"6582"	"GO:0043270"	34
"6583"	"GO:0043271"	34
"6584"	"GO:0043276"	36
"6585"	"GO:0043277"	38
"6586"	"GO:0043278"	18
"6587"	"GO:0043279"	18
"6588"	"GO:0043297"	10
"6589"	"GO:0043299"	5
"6590"	"GO:0043300"	5
"6591"	"GO:0043301"	5
"6592"	"GO:0043302"	5
"6593"	"GO:0043303"	38
"6594"	"GO:0043304"	5
"6595"	"GO:0043305"	5
"6596"	"GO:0043306"	5
"6597"	"GO:0043307"	29
"6598"	"GO:0043308"	38
"6599"	"GO:0043309"	6
"6600"	"GO:0043310"	6
"6601"	"GO:0043311"	5
"6602"	"GO:0043312"	5
"6603"	"GO:0043313"	5
"6604"	"GO:0043314"	6
"6605"	"GO:0043315"	5
"6606"	"GO:0043316"	5
"6607"	"GO:0043317"	6
"6608"	"GO:0043318"	6
"6609"	"GO:0043320"	5
"6610"	"GO:0043321"	6
"6611"	"GO:0043322"	6
"6612"	"GO:0043323"	6
"6613"	"GO:0043324"	49
"6614"	"GO:0043328"	37
"6615"	"GO:0043330"	18
"6616"	"GO:0043331"	18
"6617"	"GO:0043335"	26
"6618"	"GO:0043353"	24
"6619"	"GO:0043354"	24
"6620"	"GO:0043363"	24
"6621"	"GO:0043366"	47
"6622"	"GO:0043367"	47
"6623"	"GO:0043368"	47
"6624"	"GO:0043369"	47
"6625"	"GO:0043370"	13
"6626"	"GO:0043371"	13
"6627"	"GO:0043372"	13
"6628"	"GO:0043373"	47
"6629"	"GO:0043374"	47
"6630"	"GO:0043375"	24
"6631"	"GO:0043376"	13
"6632"	"GO:0043377"	13
"6633"	"GO:0043378"	13
"6634"	"GO:0043379"	47
"6635"	"GO:0043380"	13
"6636"	"GO:0043381"	13
"6637"	"GO:0043382"	13
"6638"	"GO:0043383"	47
"6639"	"GO:0043385"	49
"6640"	"GO:0043387"	49
"6641"	"GO:0043388"	19
"6642"	"GO:0043392"	19
"6643"	"GO:0043393"	19
"6644"	"GO:0043396"	5
"6645"	"GO:0043397"	5
"6646"	"GO:0043400"	5
"6647"	"GO:0043401"	9
"6648"	"GO:0043402"	35
"6649"	"GO:0043403"	27
"6650"	"GO:0043405"	28
"6651"	"GO:0043406"	28
"6652"	"GO:0043407"	28
"6653"	"GO:0043408"	44
"6654"	"GO:0043409"	44
"6655"	"GO:0043410"	44
"6656"	"GO:0043412"	28
"6657"	"GO:0043413"	26
"6658"	"GO:0043414"	25
"6659"	"GO:0043415"	7
"6660"	"GO:0043416"	39
"6661"	"GO:0043417"	39
"6662"	"GO:0043418"	21
"6663"	"GO:0043420"	21
"6664"	"GO:0043433"	28
"6665"	"GO:0043434"	18
"6666"	"GO:0043435"	18
"6667"	"GO:0043436"	16
"6668"	"GO:0043438"	21
"6669"	"GO:0043449"	49
"6670"	"GO:0043455"	49
"6671"	"GO:0043456"	16
"6672"	"GO:0043457"	16
"6673"	"GO:0043461"	10
"6674"	"GO:0043462"	19
"6675"	"GO:0043465"	16
"6676"	"GO:0043467"	16
"6677"	"GO:0043470"	16
"6678"	"GO:0043473"	38
"6679"	"GO:0043474"	49
"6680"	"GO:0043476"	11
"6681"	"GO:0043482"	11
"6682"	"GO:0043484"	4
"6683"	"GO:0043485"	37
"6684"	"GO:0043487"	4
"6685"	"GO:0043488"	4
"6686"	"GO:0043489"	4
"6687"	"GO:0043490"	12
"6688"	"GO:0043491"	44
"6689"	"GO:0043496"	19
"6690"	"GO:0043500"	53
"6691"	"GO:0043501"	53
"6692"	"GO:0043502"	53
"6693"	"GO:0043503"	24
"6694"	"GO:0043504"	2
"6695"	"GO:0043506"	28
"6696"	"GO:0043507"	28
"6697"	"GO:0043508"	19
"6698"	"GO:0043516"	44
"6699"	"GO:0043517"	44
"6700"	"GO:0043518"	20
"6701"	"GO:0043519"	8
"6702"	"GO:0043523"	44
"6703"	"GO:0043524"	44
"6704"	"GO:0043525"	44
"6705"	"GO:0043534"	30
"6706"	"GO:0043535"	30
"6707"	"GO:0043536"	30
"6708"	"GO:0043537"	30
"6709"	"GO:0043542"	30
"6710"	"GO:0043543"	26
"6711"	"GO:0043545"	40
"6712"	"GO:0043547"	19
"6713"	"GO:0043549"	28
"6714"	"GO:0043550"	19
"6715"	"GO:0043555"	4
"6716"	"GO:0043556"	4
"6717"	"GO:0043558"	4
"6718"	"GO:0043562"	50
"6719"	"GO:0043567"	9
"6720"	"GO:0043568"	35
"6721"	"GO:0043569"	35
"6722"	"GO:0043570"	2
"6723"	"GO:0043574"	12
"6724"	"GO:0043576"	33
"6725"	"GO:0043578"	11
"6726"	"GO:0043583"	32
"6727"	"GO:0043584"	3
"6728"	"GO:0043585"	48
"6729"	"GO:0043586"	32
"6730"	"GO:0043587"	48
"6731"	"GO:0043588"	32
"6732"	"GO:0043589"	48
"6733"	"GO:0043603"	27
"6734"	"GO:0043604"	27
"6735"	"GO:0043605"	21
"6736"	"GO:0043606"	21
"6737"	"GO:0043615"	30
"6738"	"GO:0043616"	41
"6739"	"GO:0043622"	11
"6740"	"GO:0043627"	18
"6741"	"GO:0043632"	28
"6742"	"GO:0043633"	25
"6743"	"GO:0043634"	25
"6744"	"GO:0043647"	40
"6745"	"GO:0043648"	21
"6746"	"GO:0043649"	21
"6747"	"GO:0043650"	21
"6748"	"GO:0043651"	21
"6749"	"GO:0043652"	11
"6750"	"GO:0043653"	11
"6751"	"GO:0043654"	11
"6752"	"GO:0043686"	26
"6753"	"GO:0043687"	28
"6754"	"GO:0043691"	12
"6755"	"GO:0043696"	24
"6756"	"GO:0043697"	24
"6757"	"GO:0043903"	1
"6758"	"GO:0043921"	1
"6759"	"GO:0043922"	1
"6760"	"GO:0043923"	1
"6761"	"GO:0043931"	32
"6762"	"GO:0043932"	48
"6763"	"GO:0043933"	10
"6764"	"GO:0043949"	44
"6765"	"GO:0043950"	9
"6766"	"GO:0043951"	20
"6767"	"GO:0043954"	11
"6768"	"GO:0044003"	1
"6769"	"GO:0044010"	1
"6770"	"GO:0044027"	4
"6771"	"GO:0044029"	4
"6772"	"GO:0044042"	16
"6773"	"GO:0044057"	33
"6774"	"GO:0044058"	53
"6775"	"GO:0044060"	5
"6776"	"GO:0044062"	53
"6777"	"GO:0044065"	33
"6778"	"GO:0044068"	1
"6779"	"GO:0044070"	34
"6780"	"GO:0044085"	10
"6781"	"GO:0044087"	8
"6782"	"GO:0044088"	8
"6783"	"GO:0044089"	8
"6784"	"GO:0044090"	43
"6785"	"GO:0044091"	11
"6786"	"GO:0044092"	19
"6787"	"GO:0044093"	28
"6788"	"GO:0044111"	1
"6789"	"GO:0044182"	14
"6790"	"GO:0044205"	40
"6791"	"GO:0044206"	40
"6792"	"GO:0044208"	40
"6793"	"GO:0044209"	40
"6794"	"GO:0044210"	40
"6795"	"GO:0044211"	40
"6796"	"GO:0044238"	27
"6797"	"GO:0044241"	33
"6798"	"GO:0044245"	33
"6799"	"GO:0044248"	16
"6800"	"GO:0044258"	49
"6801"	"GO:0044269"	49
"6802"	"GO:0044272"	49
"6803"	"GO:0044273"	21
"6804"	"GO:0044281"	16
"6805"	"GO:0044282"	16
"6806"	"GO:0044283"	16
"6807"	"GO:0044313"	26
"6808"	"GO:0044314"	26
"6809"	"GO:0044319"	30
"6810"	"GO:0044320"	18
"6811"	"GO:0044321"	18
"6812"	"GO:0044331"	30
"6813"	"GO:0044338"	35
"6814"	"GO:0044341"	12
"6815"	"GO:0044342"	41
"6816"	"GO:0044344"	27
"6817"	"GO:0044345"	14
"6818"	"GO:0044346"	36
"6819"	"GO:0044351"	11
"6820"	"GO:0044355"	1
"6821"	"GO:0044357"	4
"6822"	"GO:0044375"	8
"6823"	"GO:0044379"	37
"6824"	"GO:0044380"	37
"6825"	"GO:0044381"	12
"6826"	"GO:0044387"	19
"6827"	"GO:0044403"	1
"6828"	"GO:0044406"	1
"6829"	"GO:0044407"	1
"6830"	"GO:0044409"	1
"6831"	"GO:0044414"	1
"6832"	"GO:0044417"	1
"6833"	"GO:0044419"	1
"6834"	"GO:0044458"	10
"6835"	"GO:0044467"	31
"6836"	"GO:0044524"	26
"6837"	"GO:0044528"	4
"6838"	"GO:0044539"	12
"6839"	"GO:0044546"	10
"6840"	"GO:0044550"	49
"6841"	"GO:0044557"	53
"6842"	"GO:0044558"	53
"6843"	"GO:0044565"	47
"6844"	"GO:0044571"	10
"6845"	"GO:0044572"	10
"6846"	"GO:0044580"	21
"6847"	"GO:0044597"	49
"6848"	"GO:0044598"	49
"6849"	"GO:0044601"	26
"6850"	"GO:0044602"	26
"6851"	"GO:0044650"	1
"6852"	"GO:0044691"	3
"6853"	"GO:0044703"	32
"6854"	"GO:0044706"	32
"6855"	"GO:0044721"	10
"6856"	"GO:0044722"	33
"6857"	"GO:0044725"	4
"6858"	"GO:0044726"	4
"6859"	"GO:0044727"	4
"6860"	"GO:0044743"	37
"6861"	"GO:0044751"	18
"6862"	"GO:0044752"	18
"6863"	"GO:0044770"	22
"6864"	"GO:0044771"	22
"6865"	"GO:0044772"	22
"6866"	"GO:0044773"	22
"6867"	"GO:0044774"	22
"6868"	"GO:0044778"	42
"6869"	"GO:0044779"	22
"6870"	"GO:0044782"	11
"6871"	"GO:0044784"	22
"6872"	"GO:0044785"	22
"6873"	"GO:0044786"	2
"6874"	"GO:0044788"	1
"6875"	"GO:0044790"	1
"6876"	"GO:0044793"	1
"6877"	"GO:0044794"	1
"6878"	"GO:0044795"	37
"6879"	"GO:0044804"	10
"6880"	"GO:0044806"	2
"6881"	"GO:0044818"	22
"6882"	"GO:0044819"	22
"6883"	"GO:0044821"	22
"6884"	"GO:0044827"	1
"6885"	"GO:0044828"	1
"6886"	"GO:0044829"	1
"6887"	"GO:0044830"	1
"6888"	"GO:0044837"	10
"6889"	"GO:0044839"	22
"6890"	"GO:0044843"	22
"6891"	"GO:0044848"	14
"6892"	"GO:0044849"	33
"6893"	"GO:0044851"	14
"6894"	"GO:0044854"	11
"6895"	"GO:0044855"	11
"6896"	"GO:0044856"	37
"6897"	"GO:0044857"	11
"6898"	"GO:0044858"	11
"6899"	"GO:0044860"	37
"6900"	"GO:0044861"	37
"6901"	"GO:0044866"	1
"6902"	"GO:0044867"	1
"6903"	"GO:0044868"	1
"6904"	"GO:0044869"	19
"6905"	"GO:0044870"	1
"6906"	"GO:0044871"	31
"6907"	"GO:0044872"	37
"6908"	"GO:0044873"	37
"6909"	"GO:0044878"	22
"6910"	"GO:0045002"	2
"6911"	"GO:0045003"	2
"6912"	"GO:0045004"	2
"6913"	"GO:0045005"	2
"6914"	"GO:0045006"	25
"6915"	"GO:0045007"	26
"6916"	"GO:0045008"	40
"6917"	"GO:0045010"	10
"6918"	"GO:0045016"	34
"6919"	"GO:0045017"	16
"6920"	"GO:0045019"	46
"6921"	"GO:0045022"	38
"6922"	"GO:0045023"	22
"6923"	"GO:0045026"	11
"6924"	"GO:0045039"	37
"6925"	"GO:0045040"	37
"6926"	"GO:0045041"	37
"6927"	"GO:0045046"	37
"6928"	"GO:0045047"	37
"6929"	"GO:0045048"	37
"6930"	"GO:0045050"	37
"6931"	"GO:0045053"	37
"6932"	"GO:0045054"	37
"6933"	"GO:0045055"	5
"6934"	"GO:0045056"	38
"6935"	"GO:0045058"	47
"6936"	"GO:0045059"	47
"6937"	"GO:0045060"	47
"6938"	"GO:0045061"	47
"6939"	"GO:0045062"	47
"6940"	"GO:0045063"	47
"6941"	"GO:0045064"	47
"6942"	"GO:0045065"	47
"6943"	"GO:0045066"	47
"6944"	"GO:0045069"	1
"6945"	"GO:0045070"	1
"6946"	"GO:0045071"	1
"6947"	"GO:0045087"	1
"6948"	"GO:0045088"	6
"6949"	"GO:0045089"	6
"6950"	"GO:0045091"	4
"6951"	"GO:0045103"	11
"6952"	"GO:0045104"	11
"6953"	"GO:0045105"	10
"6954"	"GO:0045106"	10
"6955"	"GO:0045107"	10
"6956"	"GO:0045108"	43
"6957"	"GO:0045109"	10
"6958"	"GO:0045110"	11
"6959"	"GO:0045112"	49
"6960"	"GO:0045113"	46
"6961"	"GO:0045116"	26
"6962"	"GO:0045117"	12
"6963"	"GO:0045123"	30
"6964"	"GO:0045124"	13
"6965"	"GO:0045132"	22
"6966"	"GO:0045136"	32
"6967"	"GO:0045137"	32
"6968"	"GO:0045141"	22
"6969"	"GO:0045143"	22
"6970"	"GO:0045161"	11
"6971"	"GO:0045162"	11
"6972"	"GO:0045163"	11
"6973"	"GO:0045165"	27
"6974"	"GO:0045167"	37
"6975"	"GO:0045168"	45
"6976"	"GO:0045175"	37
"6977"	"GO:0045176"	37
"6978"	"GO:0045184"	38
"6979"	"GO:0045185"	38
"6980"	"GO:0045186"	10
"6981"	"GO:0045187"	53
"6982"	"GO:0045188"	53
"6983"	"GO:0045190"	29
"6984"	"GO:0045191"	29
"6985"	"GO:0045196"	24
"6986"	"GO:0045197"	11
"6987"	"GO:0045198"	15
"6988"	"GO:0045199"	15
"6989"	"GO:0045200"	24
"6990"	"GO:0045210"	49
"6991"	"GO:0045214"	11
"6992"	"GO:0045216"	11
"6993"	"GO:0045217"	11
"6994"	"GO:0045218"	10
"6995"	"GO:0045219"	31
"6996"	"GO:0045221"	31
"6997"	"GO:0045222"	49
"6998"	"GO:0045223"	46
"6999"	"GO:0045225"	46
"7000"	"GO:0045229"	32
"7001"	"GO:0045234"	26
"7002"	"GO:0045291"	25
"7003"	"GO:0045292"	25
"7004"	"GO:0045299"	32
"7005"	"GO:0045321"	47
"7006"	"GO:0045324"	38
"7007"	"GO:0045329"	21
"7008"	"GO:0045332"	12
"7009"	"GO:0045333"	16
"7010"	"GO:0045337"	49
"7011"	"GO:0045338"	49
"7012"	"GO:0045339"	49
"7013"	"GO:0045341"	46
"7014"	"GO:0045342"	1
"7015"	"GO:0045343"	31
"7016"	"GO:0045344"	46
"7017"	"GO:0045345"	31
"7018"	"GO:0045346"	31
"7019"	"GO:0045347"	46
"7020"	"GO:0045348"	31
"7021"	"GO:0045428"	16
"7022"	"GO:0045429"	16
"7023"	"GO:0045444"	27
"7024"	"GO:0045445"	27
"7025"	"GO:0045446"	27
"7026"	"GO:0045448"	22
"7027"	"GO:0045453"	52
"7028"	"GO:0045454"	34
"7029"	"GO:0045471"	18
"7030"	"GO:0045472"	18
"7031"	"GO:0045475"	33
"7032"	"GO:0045494"	52
"7033"	"GO:0045540"	46
"7034"	"GO:0045541"	46
"7035"	"GO:0045542"	46
"7036"	"GO:0045575"	47
"7037"	"GO:0045576"	47
"7038"	"GO:0045577"	13
"7039"	"GO:0045578"	13
"7040"	"GO:0045579"	13
"7041"	"GO:0045580"	13
"7042"	"GO:0045581"	13
"7043"	"GO:0045582"	13
"7044"	"GO:0045583"	13
"7045"	"GO:0045584"	13
"7046"	"GO:0045585"	13
"7047"	"GO:0045586"	13
"7048"	"GO:0045588"	13
"7049"	"GO:0045589"	13
"7050"	"GO:0045590"	13
"7051"	"GO:0045591"	13
"7052"	"GO:0045595"	27
"7053"	"GO:0045596"	27
"7054"	"GO:0045597"	27
"7055"	"GO:0045598"	27
"7056"	"GO:0045599"	39
"7057"	"GO:0045600"	27
"7058"	"GO:0045601"	39
"7059"	"GO:0045602"	39
"7060"	"GO:0045603"	7
"7061"	"GO:0045604"	39
"7062"	"GO:0045605"	39
"7063"	"GO:0045606"	7
"7064"	"GO:0045607"	39
"7065"	"GO:0045608"	39
"7066"	"GO:0045609"	7
"7067"	"GO:0045610"	13
"7068"	"GO:0045611"	39
"7069"	"GO:0045616"	39
"7070"	"GO:0045617"	39
"7071"	"GO:0045618"	7
"7072"	"GO:0045619"	13
"7073"	"GO:0045620"	13
"7074"	"GO:0045621"	13
"7075"	"GO:0045622"	13
"7076"	"GO:0045623"	13
"7077"	"GO:0045624"	13
"7078"	"GO:0045625"	13
"7079"	"GO:0045626"	13
"7080"	"GO:0045627"	13
"7081"	"GO:0045628"	13
"7082"	"GO:0045629"	13
"7083"	"GO:0045630"	13
"7084"	"GO:0045631"	39
"7085"	"GO:0045632"	39
"7086"	"GO:0045633"	7
"7087"	"GO:0045634"	7
"7088"	"GO:0045636"	7
"7089"	"GO:0045637"	27
"7090"	"GO:0045638"	39
"7091"	"GO:0045639"	7
"7092"	"GO:0045643"	7
"7093"	"GO:0045645"	7
"7094"	"GO:0045646"	7
"7095"	"GO:0045647"	39
"7096"	"GO:0045648"	7
"7097"	"GO:0045649"	7
"7098"	"GO:0045650"	39
"7099"	"GO:0045651"	7
"7100"	"GO:0045652"	7
"7101"	"GO:0045653"	39
"7102"	"GO:0045654"	7
"7103"	"GO:0045655"	7
"7104"	"GO:0045656"	39
"7105"	"GO:0045657"	7
"7106"	"GO:0045658"	13
"7107"	"GO:0045659"	39
"7108"	"GO:0045660"	7
"7109"	"GO:0045661"	27
"7110"	"GO:0045662"	39
"7111"	"GO:0045663"	7
"7112"	"GO:0045664"	27
"7113"	"GO:0045665"	39
"7114"	"GO:0045666"	7
"7115"	"GO:0045667"	27
"7116"	"GO:0045668"	27
"7117"	"GO:0045669"	27
"7118"	"GO:0045670"	7
"7119"	"GO:0045671"	39
"7120"	"GO:0045672"	7
"7121"	"GO:0045682"	39
"7122"	"GO:0045683"	39
"7123"	"GO:0045684"	7
"7124"	"GO:0045685"	39
"7125"	"GO:0045686"	39
"7126"	"GO:0045687"	7
"7127"	"GO:0045717"	46
"7128"	"GO:0045719"	46
"7129"	"GO:0045720"	4
"7130"	"GO:0045721"	16
"7131"	"GO:0045722"	16
"7132"	"GO:0045723"	46
"7133"	"GO:0045724"	43
"7134"	"GO:0045725"	16
"7135"	"GO:0045726"	46
"7136"	"GO:0045727"	4
"7137"	"GO:0045728"	1
"7138"	"GO:0045730"	1
"7139"	"GO:0045732"	28
"7140"	"GO:0045736"	28
"7141"	"GO:0045737"	28
"7142"	"GO:0045738"	2
"7143"	"GO:0045739"	2
"7144"	"GO:0045740"	2
"7145"	"GO:0045741"	9
"7146"	"GO:0045742"	9
"7147"	"GO:0045743"	35
"7148"	"GO:0045744"	35
"7149"	"GO:0045745"	35
"7150"	"GO:0045746"	9
"7151"	"GO:0045747"	9
"7152"	"GO:0045751"	20
"7153"	"GO:0045759"	51
"7154"	"GO:0045760"	51
"7155"	"GO:0045761"	19
"7156"	"GO:0045762"	19
"7157"	"GO:0045763"	46
"7158"	"GO:0045764"	46
"7159"	"GO:0045765"	27
"7160"	"GO:0045766"	27
"7161"	"GO:0045769"	42
"7162"	"GO:0045773"	43
"7163"	"GO:0045776"	33
"7164"	"GO:0045777"	33
"7165"	"GO:0045778"	32
"7166"	"GO:0045779"	53
"7167"	"GO:0045780"	13
"7168"	"GO:0045785"	13
"7169"	"GO:0045786"	22
"7170"	"GO:0045787"	22
"7171"	"GO:0045792"	43
"7172"	"GO:0045793"	43
"7173"	"GO:0045794"	34
"7174"	"GO:0045795"	43
"7175"	"GO:0045796"	53
"7176"	"GO:0045797"	53
"7177"	"GO:0045806"	38
"7178"	"GO:0045807"	38
"7179"	"GO:0045813"	35
"7180"	"GO:0045814"	4
"7181"	"GO:0045815"	4
"7182"	"GO:0045818"	46
"7183"	"GO:0045819"	46
"7184"	"GO:0045820"	16
"7185"	"GO:0045821"	16
"7186"	"GO:0045822"	53
"7187"	"GO:0045823"	53
"7188"	"GO:0045824"	6
"7189"	"GO:0045827"	46
"7190"	"GO:0045828"	46
"7191"	"GO:0045829"	6
"7192"	"GO:0045830"	29
"7193"	"GO:0045833"	46
"7194"	"GO:0045834"	16
"7195"	"GO:0045835"	42
"7196"	"GO:0045836"	22
"7197"	"GO:0045837"	51
"7198"	"GO:0045838"	51
"7199"	"GO:0045839"	22
"7200"	"GO:0045840"	22
"7201"	"GO:0045841"	22
"7202"	"GO:0045842"	22
"7203"	"GO:0045843"	39
"7204"	"GO:0045844"	7
"7205"	"GO:0045848"	20
"7206"	"GO:0045851"	34
"7207"	"GO:0045852"	34
"7208"	"GO:0045859"	28
"7209"	"GO:0045860"	28
"7210"	"GO:0045861"	28
"7211"	"GO:0045862"	28
"7212"	"GO:0045869"	4
"7213"	"GO:0045870"	4
"7214"	"GO:0045875"	22
"7215"	"GO:0045876"	22
"7216"	"GO:0045879"	9
"7217"	"GO:0045880"	9
"7218"	"GO:0045887"	43
"7219"	"GO:0045892"	27
"7220"	"GO:0045893"	27
"7221"	"GO:0045898"	4
"7222"	"GO:0045899"	4
"7223"	"GO:0045900"	4
"7224"	"GO:0045901"	4
"7225"	"GO:0045903"	4
"7226"	"GO:0045905"	4
"7227"	"GO:0045906"	53
"7228"	"GO:0045907"	53
"7229"	"GO:0045910"	2
"7230"	"GO:0045911"	2
"7231"	"GO:0045912"	16
"7232"	"GO:0045913"	16
"7233"	"GO:0045914"	46
"7234"	"GO:0045915"	46
"7235"	"GO:0045916"	6
"7236"	"GO:0045917"	6
"7237"	"GO:0045920"	5
"7238"	"GO:0045921"	5
"7239"	"GO:0045922"	46
"7240"	"GO:0045923"	16
"7241"	"GO:0045924"	33
"7242"	"GO:0045925"	53
"7243"	"GO:0045926"	27
"7244"	"GO:0045927"	27
"7245"	"GO:0045930"	22
"7246"	"GO:0045931"	22
"7247"	"GO:0045932"	53
"7248"	"GO:0045933"	53
"7249"	"GO:0045934"	27
"7250"	"GO:0045935"	27
"7251"	"GO:0045936"	28
"7252"	"GO:0045937"	28
"7253"	"GO:0045938"	53
"7254"	"GO:0045939"	46
"7255"	"GO:0045940"	46
"7256"	"GO:0045943"	4
"7257"	"GO:0045944"	27
"7258"	"GO:0045945"	4
"7259"	"GO:0045947"	4
"7260"	"GO:0045948"	4
"7261"	"GO:0045950"	2
"7262"	"GO:0045951"	2
"7263"	"GO:0045953"	6
"7264"	"GO:0045954"	6
"7265"	"GO:0045955"	5
"7266"	"GO:0045956"	5
"7267"	"GO:0045957"	6
"7268"	"GO:0045959"	6
"7269"	"GO:0045960"	6
"7270"	"GO:0045963"	46
"7271"	"GO:0045964"	46
"7272"	"GO:0045967"	31
"7273"	"GO:0045976"	42
"7274"	"GO:0045977"	42
"7275"	"GO:0045980"	16
"7276"	"GO:0045981"	16
"7277"	"GO:0045986"	53
"7278"	"GO:0045987"	53
"7279"	"GO:0045988"	53
"7280"	"GO:0045989"	53
"7281"	"GO:0045990"	4
"7282"	"GO:0045991"	4
"7283"	"GO:0045992"	39
"7284"	"GO:0045993"	4
"7285"	"GO:0045994"	4
"7286"	"GO:0045995"	27
"7287"	"GO:0046005"	53
"7288"	"GO:0046006"	13
"7289"	"GO:0046007"	13
"7290"	"GO:0046010"	53
"7291"	"GO:0046013"	13
"7292"	"GO:0046015"	4
"7293"	"GO:0046016"	4
"7294"	"GO:0046031"	16
"7295"	"GO:0046032"	16
"7296"	"GO:0046033"	40
"7297"	"GO:0046034"	16
"7298"	"GO:0046035"	40
"7299"	"GO:0046036"	40
"7300"	"GO:0046037"	40
"7301"	"GO:0046038"	40
"7302"	"GO:0046039"	40
"7303"	"GO:0046040"	40
"7304"	"GO:0046041"	40
"7305"	"GO:0046048"	40
"7306"	"GO:0046049"	40
"7307"	"GO:0046050"	40
"7308"	"GO:0046051"	40
"7309"	"GO:0046052"	40
"7310"	"GO:0046053"	40
"7311"	"GO:0046054"	40
"7312"	"GO:0046055"	40
"7313"	"GO:0046056"	40
"7314"	"GO:0046057"	40
"7315"	"GO:0046058"	40
"7316"	"GO:0046059"	40
"7317"	"GO:0046060"	40
"7318"	"GO:0046061"	40
"7319"	"GO:0046063"	40
"7320"	"GO:0046065"	40
"7321"	"GO:0046066"	40
"7322"	"GO:0046067"	40
"7323"	"GO:0046068"	40
"7324"	"GO:0046069"	40
"7325"	"GO:0046070"	40
"7326"	"GO:0046072"	40
"7327"	"GO:0046073"	40
"7328"	"GO:0046074"	40
"7329"	"GO:0046075"	40
"7330"	"GO:0046077"	40
"7331"	"GO:0046078"	40
"7332"	"GO:0046079"	40
"7333"	"GO:0046080"	40
"7334"	"GO:0046081"	40
"7335"	"GO:0046083"	40
"7336"	"GO:0046084"	40
"7337"	"GO:0046085"	40
"7338"	"GO:0046086"	40
"7339"	"GO:0046087"	40
"7340"	"GO:0046090"	40
"7341"	"GO:0046092"	40
"7342"	"GO:0046094"	40
"7343"	"GO:0046098"	40
"7344"	"GO:0046099"	40
"7345"	"GO:0046100"	40
"7346"	"GO:0046101"	40
"7347"	"GO:0046102"	40
"7348"	"GO:0046103"	40
"7349"	"GO:0046104"	40
"7350"	"GO:0046105"	40
"7351"	"GO:0046108"	40
"7352"	"GO:0046110"	40
"7353"	"GO:0046111"	40
"7354"	"GO:0046112"	40
"7355"	"GO:0046113"	40
"7356"	"GO:0046120"	40
"7357"	"GO:0046121"	40
"7358"	"GO:0046122"	40
"7359"	"GO:0046124"	40
"7360"	"GO:0046125"	40
"7361"	"GO:0046126"	40
"7362"	"GO:0046127"	40
"7363"	"GO:0046128"	40
"7364"	"GO:0046129"	40
"7365"	"GO:0046130"	40
"7366"	"GO:0046131"	40
"7367"	"GO:0046133"	40
"7368"	"GO:0046134"	40
"7369"	"GO:0046135"	40
"7370"	"GO:0046136"	46
"7371"	"GO:0046137"	46
"7372"	"GO:0046146"	49
"7373"	"GO:0046148"	49
"7374"	"GO:0046149"	49
"7375"	"GO:0046160"	49
"7376"	"GO:0046164"	49
"7377"	"GO:0046165"	16
"7378"	"GO:0046166"	40
"7379"	"GO:0046167"	40
"7380"	"GO:0046168"	49
"7381"	"GO:0046173"	49
"7382"	"GO:0046174"	49
"7383"	"GO:0046176"	21
"7384"	"GO:0046177"	21
"7385"	"GO:0046184"	49
"7386"	"GO:0046185"	49
"7387"	"GO:0046189"	49
"7388"	"GO:0046203"	49
"7389"	"GO:0046204"	49
"7390"	"GO:0046208"	49
"7391"	"GO:0046209"	16
"7392"	"GO:0046219"	49
"7393"	"GO:0046222"	49
"7394"	"GO:0046223"	49
"7395"	"GO:0046226"	49
"7396"	"GO:0046247"	49
"7397"	"GO:0046271"	49
"7398"	"GO:0046272"	49
"7399"	"GO:0046275"	49
"7400"	"GO:0046292"	49
"7401"	"GO:0046293"	40
"7402"	"GO:0046294"	49
"7403"	"GO:0046295"	21
"7404"	"GO:0046296"	21
"7405"	"GO:0046305"	21
"7406"	"GO:0046314"	21
"7407"	"GO:0046317"	46
"7408"	"GO:0046318"	46
"7409"	"GO:0046320"	46
"7410"	"GO:0046321"	46
"7411"	"GO:0046322"	46
"7412"	"GO:0046323"	12
"7413"	"GO:0046324"	23
"7414"	"GO:0046325"	23
"7415"	"GO:0046326"	23
"7416"	"GO:0046327"	21
"7417"	"GO:0046328"	44
"7418"	"GO:0046329"	44
"7419"	"GO:0046330"	44
"7420"	"GO:0046331"	45
"7421"	"GO:0046333"	49
"7422"	"GO:0046337"	49
"7423"	"GO:0046338"	49
"7424"	"GO:0046339"	49
"7425"	"GO:0046340"	49
"7426"	"GO:0046341"	49
"7427"	"GO:0046348"	49
"7428"	"GO:0046349"	49
"7429"	"GO:0046351"	49
"7430"	"GO:0046352"	49
"7431"	"GO:0046356"	40
"7432"	"GO:0046359"	21
"7433"	"GO:0046360"	21
"7434"	"GO:0046361"	21
"7435"	"GO:0046364"	16
"7436"	"GO:0046365"	16
"7437"	"GO:0046368"	40
"7438"	"GO:0046370"	49
"7439"	"GO:0046373"	49
"7440"	"GO:0046380"	21
"7441"	"GO:0046381"	40
"7442"	"GO:0046385"	40
"7443"	"GO:0046386"	40
"7444"	"GO:0046390"	40
"7445"	"GO:0046391"	40
"7446"	"GO:0046394"	21
"7447"	"GO:0046395"	21
"7448"	"GO:0046398"	21
"7449"	"GO:0046415"	21
"7450"	"GO:0046416"	21
"7451"	"GO:0046425"	44
"7452"	"GO:0046426"	9
"7453"	"GO:0046427"	9
"7454"	"GO:0046434"	16
"7455"	"GO:0046436"	21
"7456"	"GO:0046437"	21
"7457"	"GO:0046439"	21
"7458"	"GO:0046440"	21
"7459"	"GO:0046443"	40
"7460"	"GO:0046444"	40
"7461"	"GO:0046448"	49
"7462"	"GO:0046449"	21
"7463"	"GO:0046452"	21
"7464"	"GO:0046456"	21
"7465"	"GO:0046457"	21
"7466"	"GO:0046458"	49
"7467"	"GO:0046459"	21
"7468"	"GO:0046460"	16
"7469"	"GO:0046461"	49
"7470"	"GO:0046462"	49
"7471"	"GO:0046463"	49
"7472"	"GO:0046464"	49
"7473"	"GO:0046465"	49
"7474"	"GO:0046466"	49
"7475"	"GO:0046467"	49
"7476"	"GO:0046469"	49
"7477"	"GO:0046470"	49
"7478"	"GO:0046471"	49
"7479"	"GO:0046473"	49
"7480"	"GO:0046474"	49
"7481"	"GO:0046475"	49
"7482"	"GO:0046476"	49
"7483"	"GO:0046477"	49
"7484"	"GO:0046478"	49
"7485"	"GO:0046479"	49
"7486"	"GO:0046485"	49
"7487"	"GO:0046486"	16
"7488"	"GO:0046487"	21
"7489"	"GO:0046488"	49
"7490"	"GO:0046490"	49
"7491"	"GO:0046491"	21
"7492"	"GO:0046495"	40
"7493"	"GO:0046496"	16
"7494"	"GO:0046498"	21
"7495"	"GO:0046499"	40
"7496"	"GO:0046500"	21
"7497"	"GO:0046501"	49
"7498"	"GO:0046502"	21
"7499"	"GO:0046503"	49
"7500"	"GO:0046504"	49
"7501"	"GO:0046511"	49
"7502"	"GO:0046512"	49
"7503"	"GO:0046513"	49
"7504"	"GO:0046514"	49
"7505"	"GO:0046519"	49
"7506"	"GO:0046520"	49
"7507"	"GO:0046521"	49
"7508"	"GO:0046530"	24
"7509"	"GO:0046532"	39
"7510"	"GO:0046533"	39
"7511"	"GO:0046541"	5
"7512"	"GO:0046543"	32
"7513"	"GO:0046544"	3
"7514"	"GO:0046545"	32
"7515"	"GO:0046546"	32
"7516"	"GO:0046548"	3
"7517"	"GO:0046549"	3
"7518"	"GO:0046552"	24
"7519"	"GO:0046578"	44
"7520"	"GO:0046579"	44
"7521"	"GO:0046580"	44
"7522"	"GO:0046586"	30
"7523"	"GO:0046587"	7
"7524"	"GO:0046588"	39
"7525"	"GO:0046596"	1
"7526"	"GO:0046597"	1
"7527"	"GO:0046598"	1
"7528"	"GO:0046599"	8
"7529"	"GO:0046600"	8
"7530"	"GO:0046601"	8
"7531"	"GO:0046602"	22
"7532"	"GO:0046603"	42
"7533"	"GO:0046604"	22
"7534"	"GO:0046605"	22
"7535"	"GO:0046606"	8
"7536"	"GO:0046618"	12
"7537"	"GO:0046619"	48
"7538"	"GO:0046620"	27
"7539"	"GO:0046621"	39
"7540"	"GO:0046622"	27
"7541"	"GO:0046626"	9
"7542"	"GO:0046627"	9
"7543"	"GO:0046628"	9
"7544"	"GO:0046629"	47
"7545"	"GO:0046630"	13
"7546"	"GO:0046631"	47
"7547"	"GO:0046632"	47
"7548"	"GO:0046633"	13
"7549"	"GO:0046634"	13
"7550"	"GO:0046635"	13
"7551"	"GO:0046636"	13
"7552"	"GO:0046637"	13
"7553"	"GO:0046638"	13
"7554"	"GO:0046639"	13
"7555"	"GO:0046640"	13
"7556"	"GO:0046641"	13
"7557"	"GO:0046642"	13
"7558"	"GO:0046643"	13
"7559"	"GO:0046645"	13
"7560"	"GO:0046649"	47
"7561"	"GO:0046651"	13
"7562"	"GO:0046653"	21
"7563"	"GO:0046654"	21
"7564"	"GO:0046655"	21
"7565"	"GO:0046657"	21
"7566"	"GO:0046660"	32
"7567"	"GO:0046661"	32
"7568"	"GO:0046666"	36
"7569"	"GO:0046668"	36
"7570"	"GO:0046671"	36
"7571"	"GO:0046676"	5
"7572"	"GO:0046677"	18
"7573"	"GO:0046683"	18
"7574"	"GO:0046684"	18
"7575"	"GO:0046685"	50
"7576"	"GO:0046686"	50
"7577"	"GO:0046688"	50
"7578"	"GO:0046689"	50
"7579"	"GO:0046692"	15
"7580"	"GO:0046697"	14
"7581"	"GO:0046704"	40
"7582"	"GO:0046705"	40
"7583"	"GO:0046710"	40
"7584"	"GO:0046711"	40
"7585"	"GO:0046712"	40
"7586"	"GO:0046713"	12
"7587"	"GO:0046716"	34
"7588"	"GO:0046717"	5
"7589"	"GO:0046718"	1
"7590"	"GO:0046719"	1
"7591"	"GO:0046720"	12
"7592"	"GO:0046722"	12
"7593"	"GO:0046724"	12
"7594"	"GO:0046725"	1
"7595"	"GO:0046726"	1
"7596"	"GO:0046745"	15
"7597"	"GO:0046753"	1
"7598"	"GO:0046754"	1
"7599"	"GO:0046755"	11
"7600"	"GO:0046761"	1
"7601"	"GO:0046777"	28
"7602"	"GO:0046782"	4
"7603"	"GO:0046784"	1
"7604"	"GO:0046785"	10
"7605"	"GO:0046794"	1
"7606"	"GO:0046813"	1
"7607"	"GO:0046814"	1
"7608"	"GO:0046822"	38
"7609"	"GO:0046823"	38
"7610"	"GO:0046824"	38
"7611"	"GO:0046825"	38
"7612"	"GO:0046826"	38
"7613"	"GO:0046827"	23
"7614"	"GO:0046831"	4
"7615"	"GO:0046832"	4
"7616"	"GO:0046833"	4
"7617"	"GO:0046834"	49
"7618"	"GO:0046835"	16
"7619"	"GO:0046836"	12
"7620"	"GO:0046839"	49
"7621"	"GO:0046847"	11
"7622"	"GO:0046849"	52
"7623"	"GO:0046850"	33
"7624"	"GO:0046851"	53
"7625"	"GO:0046854"	49
"7626"	"GO:0046856"	49
"7627"	"GO:0046864"	12
"7628"	"GO:0046865"	12
"7629"	"GO:0046866"	12
"7630"	"GO:0046867"	12
"7631"	"GO:0046874"	21
"7632"	"GO:0046877"	5
"7633"	"GO:0046878"	5
"7634"	"GO:0046879"	5
"7635"	"GO:0046880"	5
"7636"	"GO:0046881"	5
"7637"	"GO:0046882"	5
"7638"	"GO:0046883"	5
"7639"	"GO:0046884"	5
"7640"	"GO:0046885"	46
"7641"	"GO:0046886"	46
"7642"	"GO:0046887"	5
"7643"	"GO:0046888"	5
"7644"	"GO:0046889"	46
"7645"	"GO:0046890"	16
"7646"	"GO:0046898"	18
"7647"	"GO:0046900"	21
"7648"	"GO:0046901"	21
"7649"	"GO:0046902"	43
"7650"	"GO:0046903"	5
"7651"	"GO:0046907"	38
"7652"	"GO:0046928"	5
"7653"	"GO:0046929"	5
"7654"	"GO:0046931"	10
"7655"	"GO:0046940"	40
"7656"	"GO:0046942"	12
"7657"	"GO:0046946"	21
"7658"	"GO:0046947"	21
"7659"	"GO:0046949"	40
"7660"	"GO:0046951"	21
"7661"	"GO:0046952"	49
"7662"	"GO:0046958"	33
"7663"	"GO:0046959"	33
"7664"	"GO:0046960"	33
"7665"	"GO:0046963"	12
"7666"	"GO:0046967"	12
"7667"	"GO:0046968"	12
"7668"	"GO:0046984"	46
"7669"	"GO:0046985"	46
"7670"	"GO:0046986"	46
"7671"	"GO:0047484"	52
"7672"	"GO:0047496"	38
"7673"	"GO:0047497"	37
"7674"	"GO:0048002"	29
"7675"	"GO:0048003"	47
"7676"	"GO:0048006"	29
"7677"	"GO:0048007"	47
"7678"	"GO:0048008"	9
"7679"	"GO:0048009"	9
"7680"	"GO:0048010"	9
"7681"	"GO:0048011"	9
"7682"	"GO:0048012"	9
"7683"	"GO:0048013"	9
"7684"	"GO:0048014"	9
"7685"	"GO:0048015"	9
"7686"	"GO:0048021"	46
"7687"	"GO:0048022"	46
"7688"	"GO:0048023"	46
"7689"	"GO:0048024"	4
"7690"	"GO:0048025"	4
"7691"	"GO:0048026"	4
"7692"	"GO:0048041"	10
"7693"	"GO:0048048"	48
"7694"	"GO:0048050"	48
"7695"	"GO:0048066"	24
"7696"	"GO:0048069"	15
"7697"	"GO:0048070"	7
"7698"	"GO:0048073"	7
"7699"	"GO:0048074"	39
"7700"	"GO:0048075"	7
"7701"	"GO:0048086"	39
"7702"	"GO:0048087"	7
"7703"	"GO:0048102"	11
"7704"	"GO:0048103"	14
"7705"	"GO:0048104"	48
"7706"	"GO:0048105"	48
"7707"	"GO:0048133"	14
"7708"	"GO:0048137"	22
"7709"	"GO:0048143"	47
"7710"	"GO:0048144"	41
"7711"	"GO:0048145"	41
"7712"	"GO:0048146"	41
"7713"	"GO:0048147"	41
"7714"	"GO:0048148"	52
"7715"	"GO:0048149"	52
"7716"	"GO:0048160"	14
"7717"	"GO:0048162"	14
"7718"	"GO:0048165"	15
"7719"	"GO:0048167"	45
"7720"	"GO:0048168"	45
"7721"	"GO:0048169"	45
"7722"	"GO:0048170"	45
"7723"	"GO:0048172"	45
"7724"	"GO:0048174"	45
"7725"	"GO:0048193"	38
"7726"	"GO:0048194"	11
"7727"	"GO:0048199"	37
"7728"	"GO:0048200"	37
"7729"	"GO:0048203"	37
"7730"	"GO:0048205"	11
"7731"	"GO:0048207"	37
"7732"	"GO:0048208"	11
"7733"	"GO:0048210"	11
"7734"	"GO:0048211"	37
"7735"	"GO:0048219"	37
"7736"	"GO:0048227"	37
"7737"	"GO:0048232"	15
"7738"	"GO:0048239"	2
"7739"	"GO:0048240"	15
"7740"	"GO:0048241"	5
"7741"	"GO:0048242"	5
"7742"	"GO:0048243"	5
"7743"	"GO:0048245"	30
"7744"	"GO:0048246"	30
"7745"	"GO:0048247"	30
"7746"	"GO:0048250"	34
"7747"	"GO:0048251"	10
"7748"	"GO:0048252"	21
"7749"	"GO:0048254"	37
"7750"	"GO:0048255"	4
"7751"	"GO:0048259"	38
"7752"	"GO:0048260"	38
"7753"	"GO:0048261"	38
"7754"	"GO:0048262"	15
"7755"	"GO:0048263"	15
"7756"	"GO:0048264"	15
"7757"	"GO:0048265"	52
"7758"	"GO:0048266"	52
"7759"	"GO:0048268"	10
"7760"	"GO:0048278"	37
"7761"	"GO:0048280"	11
"7762"	"GO:0048284"	11
"7763"	"GO:0048285"	22
"7764"	"GO:0048286"	32
"7765"	"GO:0048289"	29
"7766"	"GO:0048290"	29
"7767"	"GO:0048291"	29
"7768"	"GO:0048293"	29
"7769"	"GO:0048294"	6
"7770"	"GO:0048295"	29
"7771"	"GO:0048296"	29
"7772"	"GO:0048297"	6
"7773"	"GO:0048298"	29
"7774"	"GO:0048302"	29
"7775"	"GO:0048304"	29
"7776"	"GO:0048308"	11
"7777"	"GO:0048311"	37
"7778"	"GO:0048312"	37
"7779"	"GO:0048313"	11
"7780"	"GO:0048318"	3
"7781"	"GO:0048319"	48
"7782"	"GO:0048320"	48
"7783"	"GO:0048321"	24
"7784"	"GO:0048322"	24
"7785"	"GO:0048327"	24
"7786"	"GO:0048332"	48
"7787"	"GO:0048333"	24
"7788"	"GO:0048337"	7
"7789"	"GO:0048338"	48
"7790"	"GO:0048339"	3
"7791"	"GO:0048340"	48
"7792"	"GO:0048341"	48
"7793"	"GO:0048342"	24
"7794"	"GO:0048343"	24
"7795"	"GO:0048352"	48
"7796"	"GO:0048368"	3
"7797"	"GO:0048369"	48
"7798"	"GO:0048370"	48
"7799"	"GO:0048371"	24
"7800"	"GO:0048372"	24
"7801"	"GO:0048377"	24
"7802"	"GO:0048378"	39
"7803"	"GO:0048382"	3
"7804"	"GO:0048384"	9
"7805"	"GO:0048385"	35
"7806"	"GO:0048386"	35
"7807"	"GO:0048387"	35
"7808"	"GO:0048388"	34
"7809"	"GO:0048389"	3
"7810"	"GO:0048390"	48
"7811"	"GO:0048391"	48
"7812"	"GO:0048392"	24
"7813"	"GO:0048468"	27
"7814"	"GO:0048469"	24
"7815"	"GO:0048477"	15
"7816"	"GO:0048483"	3
"7817"	"GO:0048484"	3
"7818"	"GO:0048485"	3
"7819"	"GO:0048486"	3
"7820"	"GO:0048488"	38
"7821"	"GO:0048489"	38
"7822"	"GO:0048490"	37
"7823"	"GO:0048496"	39
"7824"	"GO:0048499"	11
"7825"	"GO:0048505"	39
"7826"	"GO:0048511"	27
"7827"	"GO:0048512"	33
"7828"	"GO:0048513"	27
"7829"	"GO:0048514"	32
"7830"	"GO:0048515"	15
"7831"	"GO:0048518"	27
"7832"	"GO:0048519"	27
"7833"	"GO:0048520"	33
"7834"	"GO:0048521"	33
"7835"	"GO:0048522"	27
"7836"	"GO:0048523"	27
"7837"	"GO:0048524"	1
"7838"	"GO:0048525"	1
"7839"	"GO:0048532"	3
"7840"	"GO:0048534"	32
"7841"	"GO:0048535"	47
"7842"	"GO:0048536"	32
"7843"	"GO:0048537"	47
"7844"	"GO:0048538"	32
"7845"	"GO:0048539"	32
"7846"	"GO:0048541"	3
"7847"	"GO:0048545"	18
"7848"	"GO:0048546"	48
"7849"	"GO:0048548"	23
"7850"	"GO:0048549"	23
"7851"	"GO:0048550"	23
"7852"	"GO:0048557"	48
"7853"	"GO:0048560"	15
"7854"	"GO:0048561"	15
"7855"	"GO:0048562"	32
"7856"	"GO:0048565"	32
"7857"	"GO:0048566"	32
"7858"	"GO:0048567"	48
"7859"	"GO:0048568"	32
"7860"	"GO:0048570"	48
"7861"	"GO:0048571"	50
"7862"	"GO:0048583"	44
"7863"	"GO:0048584"	44
"7864"	"GO:0048585"	44
"7865"	"GO:0048588"	27
"7866"	"GO:0048589"	27
"7867"	"GO:0048592"	32
"7868"	"GO:0048593"	32
"7869"	"GO:0048596"	48
"7870"	"GO:0048597"	48
"7871"	"GO:0048598"	32
"7872"	"GO:0048599"	14
"7873"	"GO:0048608"	32
"7874"	"GO:0048609"	15
"7875"	"GO:0048611"	3
"7876"	"GO:0048613"	48
"7877"	"GO:0048617"	48
"7878"	"GO:0048619"	48
"7879"	"GO:0048621"	48
"7880"	"GO:0048625"	24
"7881"	"GO:0048626"	24
"7882"	"GO:0048627"	24
"7883"	"GO:0048630"	53
"7884"	"GO:0048631"	39
"7885"	"GO:0048632"	39
"7886"	"GO:0048633"	7
"7887"	"GO:0048634"	39
"7888"	"GO:0048635"	39
"7889"	"GO:0048636"	7
"7890"	"GO:0048638"	27
"7891"	"GO:0048639"	27
"7892"	"GO:0048640"	27
"7893"	"GO:0048641"	39
"7894"	"GO:0048642"	39
"7895"	"GO:0048643"	7
"7896"	"GO:0048644"	48
"7897"	"GO:0048645"	48
"7898"	"GO:0048646"	27
"7899"	"GO:0048659"	41
"7900"	"GO:0048660"	41
"7901"	"GO:0048661"	41
"7902"	"GO:0048662"	41
"7903"	"GO:0048663"	17
"7904"	"GO:0048664"	24
"7905"	"GO:0048665"	24
"7906"	"GO:0048666"	17
"7907"	"GO:0048667"	17
"7908"	"GO:0048668"	17
"7909"	"GO:0048669"	17
"7910"	"GO:0048670"	43
"7911"	"GO:0048671"	39
"7912"	"GO:0048672"	43
"7913"	"GO:0048673"	17
"7914"	"GO:0048675"	17
"7915"	"GO:0048677"	17
"7916"	"GO:0048678"	50
"7917"	"GO:0048679"	43
"7918"	"GO:0048680"	43
"7919"	"GO:0048681"	43
"7920"	"GO:0048682"	17
"7921"	"GO:0048683"	43
"7922"	"GO:0048685"	39
"7923"	"GO:0048686"	43
"7924"	"GO:0048687"	43
"7925"	"GO:0048688"	39
"7926"	"GO:0048690"	43
"7927"	"GO:0048692"	39
"7928"	"GO:0048696"	43
"7929"	"GO:0048697"	43
"7930"	"GO:0048698"	39
"7931"	"GO:0048699"	17
"7932"	"GO:0048701"	48
"7933"	"GO:0048702"	48
"7934"	"GO:0048703"	48
"7935"	"GO:0048704"	48
"7936"	"GO:0048705"	32
"7937"	"GO:0048706"	32
"7938"	"GO:0048708"	17
"7939"	"GO:0048709"	17
"7940"	"GO:0048710"	39
"7941"	"GO:0048711"	7
"7942"	"GO:0048712"	39
"7943"	"GO:0048713"	39
"7944"	"GO:0048714"	7
"7945"	"GO:0048715"	39
"7946"	"GO:0048729"	32
"7947"	"GO:0048730"	32
"7948"	"GO:0048731"	27
"7949"	"GO:0048732"	32
"7950"	"GO:0048733"	32
"7951"	"GO:0048736"	32
"7952"	"GO:0048738"	32
"7953"	"GO:0048741"	3
"7954"	"GO:0048742"	39
"7955"	"GO:0048743"	7
"7956"	"GO:0048745"	3
"7957"	"GO:0048752"	48
"7958"	"GO:0048753"	11
"7959"	"GO:0048754"	48
"7960"	"GO:0048755"	17
"7961"	"GO:0048757"	17
"7962"	"GO:0048762"	27
"7963"	"GO:0048769"	11
"7964"	"GO:0048771"	32
"7965"	"GO:0048773"	24
"7966"	"GO:0048789"	11
"7967"	"GO:0048790"	11
"7968"	"GO:0048791"	5
"7969"	"GO:0048792"	5
"7970"	"GO:0048793"	3
"7971"	"GO:0048799"	32
"7972"	"GO:0048806"	32
"7973"	"GO:0048807"	48
"7974"	"GO:0048808"	48
"7975"	"GO:0048812"	17
"7976"	"GO:0048813"	17
"7977"	"GO:0048814"	43
"7978"	"GO:0048817"	39
"7979"	"GO:0048818"	7
"7980"	"GO:0048819"	39
"7981"	"GO:0048820"	32
"7982"	"GO:0048821"	24
"7983"	"GO:0048822"	24
"7984"	"GO:0048839"	32
"7985"	"GO:0048840"	3
"7986"	"GO:0048841"	17
"7987"	"GO:0048842"	43
"7988"	"GO:0048843"	39
"7989"	"GO:0048844"	48
"7990"	"GO:0048845"	48
"7991"	"GO:0048846"	17
"7992"	"GO:0048850"	48
"7993"	"GO:0048852"	3
"7994"	"GO:0048853"	17
"7995"	"GO:0048854"	17
"7996"	"GO:0048855"	48
"7997"	"GO:0048856"	27
"7998"	"GO:0048857"	17
"7999"	"GO:0048858"	17
"8000"	"GO:0048859"	48
"8001"	"GO:0048861"	35
"8002"	"GO:0048863"	27
"8003"	"GO:0048864"	27
"8004"	"GO:0048865"	24
"8005"	"GO:0048866"	24
"8006"	"GO:0048869"	27
"8007"	"GO:0048870"	30
"8008"	"GO:0048871"	52
"8009"	"GO:0048872"	52
"8010"	"GO:0048873"	52
"8011"	"GO:0048874"	1
"8012"	"GO:0048877"	52
"8013"	"GO:0048878"	34
"8014"	"GO:0048880"	32
"8015"	"GO:0048881"	3
"8016"	"GO:0048882"	3
"8017"	"GO:0048884"	3
"8018"	"GO:0048886"	24
"8019"	"GO:0048892"	3
"8020"	"GO:0048894"	17
"8021"	"GO:0048915"	3
"8022"	"GO:0048916"	3
"8023"	"GO:0048919"	3
"8024"	"GO:0048923"	24
"8025"	"GO:0048925"	3
"8026"	"GO:0048934"	24
"8027"	"GO:0048935"	17
"8028"	"GO:0048936"	17
"8029"	"GO:0050000"	22
"8030"	"GO:0050427"	40
"8031"	"GO:0050428"	40
"8032"	"GO:0050432"	5
"8033"	"GO:0050433"	5
"8034"	"GO:0050434"	19
"8035"	"GO:0050435"	26
"8036"	"GO:0050482"	5
"8037"	"GO:0050650"	49
"8038"	"GO:0050651"	49
"8039"	"GO:0050652"	49
"8040"	"GO:0050653"	49
"8041"	"GO:0050654"	49
"8042"	"GO:0050655"	49
"8043"	"GO:0050657"	38
"8044"	"GO:0050658"	38
"8045"	"GO:0050665"	49
"8046"	"GO:0050666"	46
"8047"	"GO:0050667"	21
"8048"	"GO:0050670"	13
"8049"	"GO:0050671"	13
"8050"	"GO:0050672"	13
"8051"	"GO:0050673"	41
"8052"	"GO:0050674"	41
"8053"	"GO:0050675"	36
"8054"	"GO:0050677"	41
"8055"	"GO:0050678"	41
"8056"	"GO:0050679"	41
"8057"	"GO:0050680"	41
"8058"	"GO:0050684"	4
"8059"	"GO:0050685"	4
"8060"	"GO:0050686"	4
"8061"	"GO:0050687"	6
"8062"	"GO:0050688"	1
"8063"	"GO:0050689"	1
"8064"	"GO:0050691"	1
"8065"	"GO:0050708"	5
"8066"	"GO:0050709"	5
"8067"	"GO:0050714"	5
"8068"	"GO:0050727"	1
"8069"	"GO:0050728"	1
"8070"	"GO:0050729"	1
"8071"	"GO:0050730"	28
"8072"	"GO:0050731"	28
"8073"	"GO:0050732"	28
"8074"	"GO:0050746"	46
"8075"	"GO:0050747"	46
"8076"	"GO:0050748"	46
"8077"	"GO:0050764"	38
"8078"	"GO:0050765"	38
"8079"	"GO:0050766"	6
"8080"	"GO:0050767"	27
"8081"	"GO:0050768"	39
"8082"	"GO:0050769"	27
"8083"	"GO:0050770"	17
"8084"	"GO:0050771"	39
"8085"	"GO:0050772"	43
"8086"	"GO:0050773"	43
"8087"	"GO:0050774"	39
"8088"	"GO:0050775"	43
"8089"	"GO:0050776"	29
"8090"	"GO:0050777"	29
"8091"	"GO:0050778"	29
"8092"	"GO:0050779"	4
"8093"	"GO:0050783"	49
"8094"	"GO:0050787"	34
"8095"	"GO:0050789"	27
"8096"	"GO:0050790"	19
"8097"	"GO:0050792"	1
"8098"	"GO:0050793"	27
"8099"	"GO:0050794"	27
"8100"	"GO:0050795"	33
"8101"	"GO:0050796"	5
"8102"	"GO:0050798"	13
"8103"	"GO:0050801"	34
"8104"	"GO:0050802"	33
"8105"	"GO:0050803"	11
"8106"	"GO:0050804"	45
"8107"	"GO:0050805"	45
"8108"	"GO:0050806"	45
"8109"	"GO:0050807"	11
"8110"	"GO:0050808"	11
"8111"	"GO:0050810"	46
"8112"	"GO:0050812"	46
"8113"	"GO:0050817"	30
"8114"	"GO:0050818"	53
"8115"	"GO:0050819"	53
"8116"	"GO:0050820"	53
"8117"	"GO:0050821"	28
"8118"	"GO:0050822"	26
"8119"	"GO:0050823"	26
"8120"	"GO:0050829"	1
"8121"	"GO:0050830"	1
"8122"	"GO:0050832"	1
"8123"	"GO:0050847"	9
"8124"	"GO:0050848"	44
"8125"	"GO:0050849"	20
"8126"	"GO:0050850"	44
"8127"	"GO:0050851"	29
"8128"	"GO:0050852"	29
"8129"	"GO:0050853"	35
"8130"	"GO:0050854"	13
"8131"	"GO:0050855"	35
"8132"	"GO:0050856"	13
"8133"	"GO:0050857"	35
"8134"	"GO:0050858"	20
"8135"	"GO:0050859"	20
"8136"	"GO:0050860"	20
"8137"	"GO:0050861"	35
"8138"	"GO:0050862"	35
"8139"	"GO:0050863"	13
"8140"	"GO:0050864"	13
"8141"	"GO:0050865"	13
"8142"	"GO:0050866"	13
"8143"	"GO:0050867"	13
"8144"	"GO:0050868"	13
"8145"	"GO:0050869"	13
"8146"	"GO:0050870"	13
"8147"	"GO:0050871"	13
"8148"	"GO:0050872"	24
"8149"	"GO:0050873"	32
"8150"	"GO:0050877"	33
"8151"	"GO:0050878"	30
"8152"	"GO:0050879"	33
"8153"	"GO:0050881"	33
"8154"	"GO:0050882"	33
"8155"	"GO:0050883"	33
"8156"	"GO:0050884"	33
"8157"	"GO:0050885"	33
"8158"	"GO:0050886"	5
"8159"	"GO:0050890"	33
"8160"	"GO:0050891"	52
"8161"	"GO:0050892"	33
"8162"	"GO:0050893"	33
"8163"	"GO:0050894"	33
"8164"	"GO:0050896"	27
"8165"	"GO:0050900"	30
"8166"	"GO:0050901"	30
"8167"	"GO:0050902"	47
"8168"	"GO:0050904"	47
"8169"	"GO:0050905"	33
"8170"	"GO:0050906"	52
"8171"	"GO:0050907"	52
"8172"	"GO:0050908"	52
"8173"	"GO:0050909"	52
"8174"	"GO:0050910"	52
"8175"	"GO:0050911"	52
"8176"	"GO:0050912"	52
"8177"	"GO:0050913"	52
"8178"	"GO:0050914"	52
"8179"	"GO:0050915"	52
"8180"	"GO:0050916"	52
"8181"	"GO:0050917"	52
"8182"	"GO:0050918"	30
"8183"	"GO:0050919"	30
"8184"	"GO:0050920"	30
"8185"	"GO:0050921"	30
"8186"	"GO:0050922"	30
"8187"	"GO:0050923"	6
"8188"	"GO:0050924"	6
"8189"	"GO:0050925"	20
"8190"	"GO:0050926"	30
"8191"	"GO:0050927"	30
"8192"	"GO:0050928"	6
"8193"	"GO:0050929"	6
"8194"	"GO:0050930"	30
"8195"	"GO:0050931"	24
"8196"	"GO:0050932"	7
"8197"	"GO:0050942"	7
"8198"	"GO:0050951"	52
"8199"	"GO:0050953"	52
"8200"	"GO:0050954"	52
"8201"	"GO:0050955"	52
"8202"	"GO:0050957"	52
"8203"	"GO:0050960"	52
"8204"	"GO:0050961"	52
"8205"	"GO:0050962"	52
"8206"	"GO:0050965"	52
"8207"	"GO:0050966"	52
"8208"	"GO:0050968"	52
"8209"	"GO:0050973"	52
"8210"	"GO:0050974"	52
"8211"	"GO:0050975"	52
"8212"	"GO:0050976"	52
"8213"	"GO:0050982"	52
"8214"	"GO:0050992"	49
"8215"	"GO:0050993"	49
"8216"	"GO:0050994"	46
"8217"	"GO:0050995"	46
"8218"	"GO:0050996"	46
"8219"	"GO:0050999"	19
"8220"	"GO:0051000"	19
"8221"	"GO:0051001"	19
"8222"	"GO:0051004"	19
"8223"	"GO:0051005"	19
"8224"	"GO:0051006"	19
"8225"	"GO:0051012"	10
"8226"	"GO:0051013"	10
"8227"	"GO:0051014"	11
"8228"	"GO:0051016"	8
"8229"	"GO:0051017"	10
"8230"	"GO:0051026"	22
"8231"	"GO:0051028"	38
"8232"	"GO:0051029"	12
"8233"	"GO:0051030"	12
"8234"	"GO:0051031"	12
"8235"	"GO:0051036"	8
"8236"	"GO:0051040"	30
"8237"	"GO:0051041"	7
"8238"	"GO:0051042"	39
"8239"	"GO:0051043"	28
"8240"	"GO:0051044"	28
"8241"	"GO:0051045"	19
"8242"	"GO:0051046"	5
"8243"	"GO:0051047"	5
"8244"	"GO:0051048"	5
"8245"	"GO:0051049"	38
"8246"	"GO:0051050"	38
"8247"	"GO:0051051"	38
"8248"	"GO:0051052"	2
"8249"	"GO:0051053"	2
"8250"	"GO:0051054"	2
"8251"	"GO:0051055"	46
"8252"	"GO:0051056"	44
"8253"	"GO:0051057"	44
"8254"	"GO:0051058"	44
"8255"	"GO:0051066"	49
"8256"	"GO:0051081"	11
"8257"	"GO:0051083"	26
"8258"	"GO:0051084"	26
"8259"	"GO:0051085"	26
"8260"	"GO:0051086"	26
"8261"	"GO:0051089"	26
"8262"	"GO:0051090"	28
"8263"	"GO:0051091"	28
"8264"	"GO:0051092"	28
"8265"	"GO:0051093"	27
"8266"	"GO:0051094"	27
"8267"	"GO:0051095"	19
"8268"	"GO:0051096"	19
"8269"	"GO:0051097"	19
"8270"	"GO:0051098"	19
"8271"	"GO:0051099"	19
"8272"	"GO:0051100"	19
"8273"	"GO:0051101"	19
"8274"	"GO:0051102"	2
"8275"	"GO:0051103"	2
"8276"	"GO:0051105"	2
"8277"	"GO:0051106"	2
"8278"	"GO:0051107"	4
"8279"	"GO:0051121"	21
"8280"	"GO:0051122"	21
"8281"	"GO:0051123"	10
"8282"	"GO:0051124"	11
"8283"	"GO:0051125"	8
"8284"	"GO:0051126"	8
"8285"	"GO:0051127"	8
"8286"	"GO:0051128"	8
"8287"	"GO:0051129"	8
"8288"	"GO:0051130"	43
"8289"	"GO:0051131"	10
"8290"	"GO:0051132"	47
"8291"	"GO:0051133"	13
"8292"	"GO:0051134"	13
"8293"	"GO:0051135"	13
"8294"	"GO:0051136"	13
"8295"	"GO:0051138"	13
"8296"	"GO:0051140"	13
"8297"	"GO:0051141"	13
"8298"	"GO:0051142"	13
"8299"	"GO:0051145"	24
"8300"	"GO:0051146"	27
"8301"	"GO:0051147"	27
"8302"	"GO:0051148"	27
"8303"	"GO:0051149"	27
"8304"	"GO:0051150"	39
"8305"	"GO:0051151"	39
"8306"	"GO:0051152"	7
"8307"	"GO:0051153"	27
"8308"	"GO:0051154"	39
"8309"	"GO:0051155"	7
"8310"	"GO:0051156"	16
"8311"	"GO:0051160"	49
"8312"	"GO:0051164"	49
"8313"	"GO:0051167"	40
"8314"	"GO:0051168"	38
"8315"	"GO:0051169"	38
"8316"	"GO:0051170"	38
"8317"	"GO:0051174"	28
"8318"	"GO:0051176"	46
"8319"	"GO:0051177"	22
"8320"	"GO:0051179"	38
"8321"	"GO:0051180"	12
"8322"	"GO:0051189"	21
"8323"	"GO:0051204"	37
"8324"	"GO:0051205"	37
"8325"	"GO:0051208"	34
"8326"	"GO:0051209"	34
"8327"	"GO:0051216"	32
"8328"	"GO:0051220"	37
"8329"	"GO:0051222"	38
"8330"	"GO:0051223"	38
"8331"	"GO:0051224"	38
"8332"	"GO:0051225"	22
"8333"	"GO:0051228"	22
"8334"	"GO:0051230"	22
"8335"	"GO:0051231"	22
"8336"	"GO:0051232"	22
"8337"	"GO:0051234"	38
"8338"	"GO:0051235"	38
"8339"	"GO:0051236"	38
"8340"	"GO:0051238"	34
"8341"	"GO:0051239"	27
"8342"	"GO:0051240"	27
"8343"	"GO:0051241"	27
"8344"	"GO:0051246"	28
"8345"	"GO:0051247"	28
"8346"	"GO:0051248"	28
"8347"	"GO:0051249"	13
"8348"	"GO:0051250"	13
"8349"	"GO:0051251"	13
"8350"	"GO:0051252"	27
"8351"	"GO:0051253"	27
"8352"	"GO:0051254"	27
"8353"	"GO:0051255"	22
"8354"	"GO:0051256"	22
"8355"	"GO:0051257"	22
"8356"	"GO:0051258"	10
"8357"	"GO:0051259"	10
"8358"	"GO:0051260"	10
"8359"	"GO:0051261"	10
"8360"	"GO:0051262"	10
"8361"	"GO:0051276"	22
"8362"	"GO:0051279"	34
"8363"	"GO:0051280"	34
"8364"	"GO:0051281"	34
"8365"	"GO:0051282"	34
"8366"	"GO:0051283"	34
"8367"	"GO:0051284"	51
"8368"	"GO:0051289"	10
"8369"	"GO:0051290"	10
"8370"	"GO:0051291"	10
"8371"	"GO:0051292"	10
"8372"	"GO:0051293"	22
"8373"	"GO:0051294"	22
"8374"	"GO:0051295"	22
"8375"	"GO:0051296"	22
"8376"	"GO:0051298"	22
"8377"	"GO:0051299"	22
"8378"	"GO:0051301"	22
"8379"	"GO:0051302"	42
"8380"	"GO:0051303"	22
"8381"	"GO:0051304"	22
"8382"	"GO:0051305"	22
"8383"	"GO:0051306"	22
"8384"	"GO:0051307"	22
"8385"	"GO:0051308"	22
"8386"	"GO:0051309"	22
"8387"	"GO:0051310"	22
"8388"	"GO:0051311"	22
"8389"	"GO:0051315"	22
"8390"	"GO:0051316"	22
"8391"	"GO:0051321"	22
"8392"	"GO:0051336"	28
"8393"	"GO:0051338"	28
"8394"	"GO:0051339"	19
"8395"	"GO:0051340"	19
"8396"	"GO:0051341"	19
"8397"	"GO:0051342"	19
"8398"	"GO:0051343"	19
"8399"	"GO:0051344"	19
"8400"	"GO:0051345"	19
"8401"	"GO:0051346"	19
"8402"	"GO:0051347"	28
"8403"	"GO:0051348"	28
"8404"	"GO:0051349"	19
"8405"	"GO:0051350"	19
"8406"	"GO:0051351"	19
"8407"	"GO:0051352"	19
"8408"	"GO:0051353"	19
"8409"	"GO:0051354"	19
"8410"	"GO:0051355"	33
"8411"	"GO:0051365"	50
"8412"	"GO:0051382"	10
"8413"	"GO:0051383"	10
"8414"	"GO:0051384"	18
"8415"	"GO:0051385"	18
"8416"	"GO:0051386"	9
"8417"	"GO:0051387"	35
"8418"	"GO:0051388"	35
"8419"	"GO:0051391"	26
"8420"	"GO:0051394"	9
"8421"	"GO:0051402"	44
"8422"	"GO:0051403"	44
"8423"	"GO:0051409"	50
"8424"	"GO:0051410"	50
"8425"	"GO:0051412"	18
"8426"	"GO:0051413"	18
"8427"	"GO:0051414"	18
"8428"	"GO:0051415"	10
"8429"	"GO:0051418"	10
"8430"	"GO:0051438"	19
"8431"	"GO:0051443"	19
"8432"	"GO:0051444"	19
"8433"	"GO:0051445"	22
"8434"	"GO:0051446"	22
"8435"	"GO:0051447"	42
"8436"	"GO:0051450"	41
"8437"	"GO:0051451"	30
"8438"	"GO:0051452"	34
"8439"	"GO:0051453"	34
"8440"	"GO:0051454"	34
"8441"	"GO:0051455"	22
"8442"	"GO:0051457"	37
"8443"	"GO:0051458"	5
"8444"	"GO:0051459"	5
"8445"	"GO:0051460"	5
"8446"	"GO:0051461"	5
"8447"	"GO:0051462"	5
"8448"	"GO:0051463"	5
"8449"	"GO:0051464"	5
"8450"	"GO:0051466"	5
"8451"	"GO:0051469"	11
"8452"	"GO:0051480"	34
"8453"	"GO:0051481"	34
"8454"	"GO:0051489"	43
"8455"	"GO:0051490"	43
"8456"	"GO:0051491"	43
"8457"	"GO:0051492"	8
"8458"	"GO:0051493"	8
"8459"	"GO:0051494"	8
"8460"	"GO:0051495"	8
"8461"	"GO:0051496"	8
"8462"	"GO:0051497"	8
"8463"	"GO:0051503"	12
"8464"	"GO:0051541"	49
"8465"	"GO:0051542"	49
"8466"	"GO:0051543"	46
"8467"	"GO:0051545"	46
"8468"	"GO:0051546"	30
"8469"	"GO:0051547"	30
"8470"	"GO:0051548"	39
"8471"	"GO:0051549"	7
"8472"	"GO:0051552"	49
"8473"	"GO:0051560"	34
"8474"	"GO:0051561"	34
"8475"	"GO:0051562"	34
"8476"	"GO:0051563"	34
"8477"	"GO:0051580"	5
"8478"	"GO:0051581"	5
"8479"	"GO:0051582"	23
"8480"	"GO:0051583"	5
"8481"	"GO:0051584"	5
"8482"	"GO:0051585"	23
"8483"	"GO:0051586"	23
"8484"	"GO:0051588"	5
"8485"	"GO:0051589"	5
"8486"	"GO:0051590"	5
"8487"	"GO:0051591"	18
"8488"	"GO:0051592"	50
"8489"	"GO:0051593"	18
"8490"	"GO:0051594"	52
"8491"	"GO:0051595"	18
"8492"	"GO:0051596"	49
"8493"	"GO:0051597"	18
"8494"	"GO:0051598"	22
"8495"	"GO:0051599"	50
"8496"	"GO:0051601"	37
"8497"	"GO:0051602"	50
"8498"	"GO:0051603"	28
"8499"	"GO:0051604"	26
"8500"	"GO:0051606"	52
"8501"	"GO:0051607"	1
"8502"	"GO:0051608"	5
"8503"	"GO:0051610"	12
"8504"	"GO:0051611"	5
"8505"	"GO:0051612"	23
"8506"	"GO:0051615"	12
"8507"	"GO:0051620"	12
"8508"	"GO:0051621"	23
"8509"	"GO:0051622"	23
"8510"	"GO:0051623"	23
"8511"	"GO:0051625"	5
"8512"	"GO:0051630"	12
"8513"	"GO:0051631"	23
"8514"	"GO:0051638"	8
"8515"	"GO:0051639"	10
"8516"	"GO:0051640"	38
"8517"	"GO:0051641"	38
"8518"	"GO:0051642"	37
"8519"	"GO:0051643"	37
"8520"	"GO:0051645"	38
"8521"	"GO:0051646"	38
"8522"	"GO:0051647"	38
"8523"	"GO:0051648"	38
"8524"	"GO:0051649"	38
"8525"	"GO:0051650"	38
"8526"	"GO:0051651"	34
"8527"	"GO:0051653"	38
"8528"	"GO:0051654"	38
"8529"	"GO:0051656"	38
"8530"	"GO:0051657"	37
"8531"	"GO:0051658"	37
"8532"	"GO:0051659"	37
"8533"	"GO:0051660"	37
"8534"	"GO:0051661"	37
"8535"	"GO:0051664"	37
"8536"	"GO:0051665"	37
"8537"	"GO:0051666"	37
"8538"	"GO:0051668"	37
"8539"	"GO:0051673"	1
"8540"	"GO:0051674"	37
"8541"	"GO:0051683"	38
"8542"	"GO:0051684"	37
"8543"	"GO:0051685"	37
"8544"	"GO:0051693"	8
"8545"	"GO:0051694"	8
"8546"	"GO:0051695"	8
"8547"	"GO:0051697"	26
"8548"	"GO:0051701"	1
"8549"	"GO:0051702"	1
"8550"	"GO:0051703"	33
"8551"	"GO:0051707"	1
"8552"	"GO:0051709"	1
"8553"	"GO:0051712"	1
"8554"	"GO:0051715"	1
"8555"	"GO:0051716"	44
"8556"	"GO:0051725"	26
"8557"	"GO:0051726"	22
"8558"	"GO:0051728"	22
"8559"	"GO:0051729"	22
"8560"	"GO:0051754"	22
"8561"	"GO:0051755"	22
"8562"	"GO:0051757"	22
"8563"	"GO:0051758"	22
"8564"	"GO:0051764"	10
"8565"	"GO:0051775"	50
"8566"	"GO:0051780"	52
"8567"	"GO:0051781"	42
"8568"	"GO:0051782"	42
"8569"	"GO:0051783"	22
"8570"	"GO:0051784"	22
"8571"	"GO:0051785"	22
"8572"	"GO:0051788"	50
"8573"	"GO:0051790"	21
"8574"	"GO:0051791"	21
"8575"	"GO:0051792"	21
"8576"	"GO:0051793"	21
"8577"	"GO:0051794"	39
"8578"	"GO:0051795"	7
"8579"	"GO:0051796"	39
"8580"	"GO:0051797"	39
"8581"	"GO:0051798"	7
"8582"	"GO:0051799"	39
"8583"	"GO:0051823"	43
"8584"	"GO:0051835"	43
"8585"	"GO:0051838"	1
"8586"	"GO:0051851"	1
"8587"	"GO:0051865"	26
"8588"	"GO:0051866"	52
"8589"	"GO:0051867"	33
"8590"	"GO:0051873"	1
"8591"	"GO:0051875"	38
"8592"	"GO:0051877"	37
"8593"	"GO:0051878"	2
"8594"	"GO:0051881"	51
"8595"	"GO:0051882"	51
"8596"	"GO:0051884"	39
"8597"	"GO:0051885"	7
"8598"	"GO:0051886"	39
"8599"	"GO:0051890"	39
"8600"	"GO:0051891"	7
"8601"	"GO:0051892"	39
"8602"	"GO:0051893"	43
"8603"	"GO:0051894"	43
"8604"	"GO:0051895"	43
"8605"	"GO:0051896"	44
"8606"	"GO:0051897"	44
"8607"	"GO:0051898"	44
"8608"	"GO:0051899"	51
"8609"	"GO:0051900"	51
"8610"	"GO:0051901"	51
"8611"	"GO:0051902"	51
"8612"	"GO:0051904"	38
"8613"	"GO:0051905"	38
"8614"	"GO:0051913"	45
"8615"	"GO:0051914"	45
"8616"	"GO:0051915"	45
"8617"	"GO:0051917"	53
"8618"	"GO:0051918"	53
"8619"	"GO:0051919"	53
"8620"	"GO:0051923"	49
"8621"	"GO:0051924"	34
"8622"	"GO:0051926"	34
"8623"	"GO:0051928"	34
"8624"	"GO:0051930"	33
"8625"	"GO:0051931"	33
"8626"	"GO:0051932"	45
"8627"	"GO:0051933"	12
"8628"	"GO:0051934"	38
"8629"	"GO:0051935"	12
"8630"	"GO:0051936"	12
"8631"	"GO:0051937"	5
"8632"	"GO:0051938"	12
"8633"	"GO:0051939"	12
"8634"	"GO:0051940"	5
"8635"	"GO:0051941"	23
"8636"	"GO:0051943"	23
"8637"	"GO:0051944"	23
"8638"	"GO:0051945"	5
"8639"	"GO:0051946"	23
"8640"	"GO:0051951"	23
"8641"	"GO:0051952"	5
"8642"	"GO:0051953"	5
"8643"	"GO:0051954"	5
"8644"	"GO:0051955"	5
"8645"	"GO:0051956"	5
"8646"	"GO:0051957"	5
"8647"	"GO:0051958"	12
"8648"	"GO:0051960"	27
"8649"	"GO:0051961"	39
"8650"	"GO:0051962"	27
"8651"	"GO:0051963"	43
"8652"	"GO:0051964"	43
"8653"	"GO:0051965"	43
"8654"	"GO:0051966"	45
"8655"	"GO:0051967"	45
"8656"	"GO:0051968"	45
"8657"	"GO:0051969"	33
"8658"	"GO:0051970"	33
"8659"	"GO:0051971"	33
"8660"	"GO:0051977"	12
"8661"	"GO:0051983"	22
"8662"	"GO:0051984"	22
"8663"	"GO:0051985"	22
"8664"	"GO:0051987"	22
"8665"	"GO:0051988"	22
"8666"	"GO:0052008"	1
"8667"	"GO:0052027"	45
"8668"	"GO:0052029"	45
"8669"	"GO:0052031"	1
"8670"	"GO:0052111"	1
"8671"	"GO:0052167"	1
"8672"	"GO:0052170"	1
"8673"	"GO:0052173"	1
"8674"	"GO:0052200"	1
"8675"	"GO:0052314"	49
"8676"	"GO:0052372"	1
"8677"	"GO:0052373"	1
"8678"	"GO:0052403"	1
"8679"	"GO:0052422"	1
"8680"	"GO:0052472"	1
"8681"	"GO:0052547"	28
"8682"	"GO:0052548"	28
"8683"	"GO:0052553"	1
"8684"	"GO:0052562"	1
"8685"	"GO:0052572"	1
"8686"	"GO:0052646"	40
"8687"	"GO:0052651"	49
"8688"	"GO:0052652"	40
"8689"	"GO:0052695"	21
"8690"	"GO:0052696"	21
"8691"	"GO:0052697"	21
"8692"	"GO:0052803"	49
"8693"	"GO:0052805"	49
"8694"	"GO:0055001"	27
"8695"	"GO:0055002"	24
"8696"	"GO:0055003"	15
"8697"	"GO:0055005"	11
"8698"	"GO:0055006"	32
"8699"	"GO:0055007"	27
"8700"	"GO:0055008"	48
"8701"	"GO:0055009"	48
"8702"	"GO:0055010"	48
"8703"	"GO:0055011"	24
"8704"	"GO:0055012"	24
"8705"	"GO:0055013"	32
"8706"	"GO:0055014"	3
"8707"	"GO:0055015"	3
"8708"	"GO:0055017"	32
"8709"	"GO:0055018"	39
"8710"	"GO:0055020"	7
"8711"	"GO:0055021"	27
"8712"	"GO:0055022"	39
"8713"	"GO:0055023"	41
"8714"	"GO:0055024"	39
"8715"	"GO:0055025"	7
"8716"	"GO:0055026"	39
"8717"	"GO:0055048"	10
"8718"	"GO:0055057"	17
"8719"	"GO:0055059"	24
"8720"	"GO:0055062"	34
"8721"	"GO:0055064"	34
"8722"	"GO:0055070"	34
"8723"	"GO:0055071"	34
"8724"	"GO:0055074"	34
"8725"	"GO:0055075"	34
"8726"	"GO:0055078"	34
"8727"	"GO:0055080"	34
"8728"	"GO:0055081"	34
"8729"	"GO:0055082"	34
"8730"	"GO:0055085"	34
"8731"	"GO:0055086"	16
"8732"	"GO:0055088"	34
"8733"	"GO:0055089"	34
"8734"	"GO:0055090"	52
"8735"	"GO:0055091"	34
"8736"	"GO:0055092"	32
"8737"	"GO:0055093"	50
"8738"	"GO:0055094"	18
"8739"	"GO:0055095"	45
"8740"	"GO:0055096"	45
"8741"	"GO:0055107"	37
"8742"	"GO:0055111"	17
"8743"	"GO:0055113"	48
"8744"	"GO:0055117"	51
"8745"	"GO:0055118"	53
"8746"	"GO:0055119"	53
"8747"	"GO:0055123"	32
"8748"	"GO:0055129"	21
"8749"	"GO:0055130"	21
"8750"	"GO:0060003"	12
"8751"	"GO:0060004"	52
"8752"	"GO:0060005"	52
"8753"	"GO:0060007"	52
"8754"	"GO:0060008"	24
"8755"	"GO:0060009"	24
"8756"	"GO:0060010"	24
"8757"	"GO:0060011"	41
"8758"	"GO:0060012"	45
"8759"	"GO:0060013"	52
"8760"	"GO:0060014"	24
"8761"	"GO:0060017"	3
"8762"	"GO:0060018"	24
"8763"	"GO:0060019"	17
"8764"	"GO:0060020"	24
"8765"	"GO:0060021"	32
"8766"	"GO:0060022"	3
"8767"	"GO:0060023"	3
"8768"	"GO:0060024"	45
"8769"	"GO:0060025"	45
"8770"	"GO:0060026"	48
"8771"	"GO:0060027"	48
"8772"	"GO:0060028"	48
"8773"	"GO:0060029"	48
"8774"	"GO:0060031"	30
"8775"	"GO:0060032"	48
"8776"	"GO:0060033"	48
"8777"	"GO:0060034"	24
"8778"	"GO:0060035"	3
"8779"	"GO:0060037"	48
"8780"	"GO:0060038"	41
"8781"	"GO:0060039"	48
"8782"	"GO:0060040"	24
"8783"	"GO:0060041"	32
"8784"	"GO:0060042"	48
"8785"	"GO:0060043"	41
"8786"	"GO:0060044"	39
"8787"	"GO:0060045"	41
"8788"	"GO:0060046"	53
"8789"	"GO:0060047"	53
"8790"	"GO:0060048"	53
"8791"	"GO:0060049"	46
"8792"	"GO:0060050"	31
"8793"	"GO:0060051"	31
"8794"	"GO:0060052"	11
"8795"	"GO:0060054"	41
"8796"	"GO:0060055"	41
"8797"	"GO:0060056"	14
"8798"	"GO:0060057"	36
"8799"	"GO:0060058"	36
"8800"	"GO:0060059"	48
"8801"	"GO:0060060"	48
"8802"	"GO:0060061"	48
"8803"	"GO:0060064"	48
"8804"	"GO:0060065"	32
"8805"	"GO:0060066"	3
"8806"	"GO:0060067"	3
"8807"	"GO:0060068"	32
"8808"	"GO:0060070"	27
"8809"	"GO:0060071"	9
"8810"	"GO:0060073"	33
"8811"	"GO:0060074"	17
"8812"	"GO:0060075"	51
"8813"	"GO:0060078"	33
"8814"	"GO:0060079"	33
"8815"	"GO:0060080"	33
"8816"	"GO:0060081"	51
"8817"	"GO:0060082"	52
"8818"	"GO:0060083"	53
"8819"	"GO:0060084"	45
"8820"	"GO:0060086"	33
"8821"	"GO:0060087"	53
"8822"	"GO:0060088"	11
"8823"	"GO:0060092"	45
"8824"	"GO:0060094"	45
"8825"	"GO:0060097"	11
"8826"	"GO:0060099"	43
"8827"	"GO:0060100"	43
"8828"	"GO:0060101"	43
"8829"	"GO:0060112"	14
"8830"	"GO:0060113"	24
"8831"	"GO:0060114"	24
"8832"	"GO:0060116"	48
"8833"	"GO:0060117"	3
"8834"	"GO:0060118"	3
"8835"	"GO:0060119"	3
"8836"	"GO:0060120"	24
"8837"	"GO:0060121"	11
"8838"	"GO:0060122"	11
"8839"	"GO:0060123"	5
"8840"	"GO:0060124"	5
"8841"	"GO:0060125"	5
"8842"	"GO:0060126"	24
"8843"	"GO:0060127"	24
"8844"	"GO:0060128"	24
"8845"	"GO:0060129"	24
"8846"	"GO:0060133"	3
"8847"	"GO:0060134"	33
"8848"	"GO:0060135"	15
"8849"	"GO:0060136"	15
"8850"	"GO:0060137"	15
"8851"	"GO:0060142"	43
"8852"	"GO:0060143"	43
"8853"	"GO:0060147"	4
"8854"	"GO:0060148"	4
"8855"	"GO:0060149"	4
"8856"	"GO:0060151"	37
"8857"	"GO:0060152"	37
"8858"	"GO:0060155"	11
"8859"	"GO:0060156"	33
"8860"	"GO:0060157"	3
"8861"	"GO:0060158"	35
"8862"	"GO:0060159"	35
"8863"	"GO:0060160"	35
"8864"	"GO:0060161"	35
"8865"	"GO:0060163"	24
"8866"	"GO:0060164"	7
"8867"	"GO:0060165"	24
"8868"	"GO:0060166"	3
"8869"	"GO:0060167"	35
"8870"	"GO:0060168"	35
"8871"	"GO:0060169"	35
"8872"	"GO:0060173"	32
"8873"	"GO:0060174"	48
"8874"	"GO:0060177"	46
"8875"	"GO:0060178"	23
"8876"	"GO:0060179"	15
"8877"	"GO:0060180"	33
"8878"	"GO:0060183"	35
"8879"	"GO:0060184"	22
"8880"	"GO:0060191"	19
"8881"	"GO:0060192"	19
"8882"	"GO:0060193"	19
"8883"	"GO:0060197"	48
"8884"	"GO:0060211"	4
"8885"	"GO:0060212"	4
"8886"	"GO:0060213"	4
"8887"	"GO:0060214"	48
"8888"	"GO:0060215"	24
"8889"	"GO:0060216"	47
"8890"	"GO:0060217"	24
"8891"	"GO:0060218"	24
"8892"	"GO:0060219"	24
"8893"	"GO:0060220"	24
"8894"	"GO:0060221"	24
"8895"	"GO:0060231"	24
"8896"	"GO:0060232"	30
"8897"	"GO:0060234"	42
"8898"	"GO:0060235"	48
"8899"	"GO:0060236"	8
"8900"	"GO:0060242"	52
"8901"	"GO:0060243"	43
"8902"	"GO:0060244"	42
"8903"	"GO:0060245"	52
"8904"	"GO:0060249"	52
"8905"	"GO:0060251"	41
"8906"	"GO:0060252"	7
"8907"	"GO:0060253"	39
"8908"	"GO:0060254"	46
"8909"	"GO:0060255"	27
"8910"	"GO:0060259"	53
"8911"	"GO:0060260"	4
"8912"	"GO:0060261"	4
"8913"	"GO:0060262"	46
"8914"	"GO:0060263"	16
"8915"	"GO:0060264"	6
"8916"	"GO:0060265"	6
"8917"	"GO:0060266"	6
"8918"	"GO:0060267"	1
"8919"	"GO:0060268"	31
"8920"	"GO:0060271"	11
"8921"	"GO:0060272"	48
"8922"	"GO:0060278"	53
"8923"	"GO:0060279"	53
"8924"	"GO:0060280"	53
"8925"	"GO:0060281"	39
"8926"	"GO:0060282"	7
"8927"	"GO:0060283"	39
"8928"	"GO:0060284"	27
"8929"	"GO:0060285"	15
"8930"	"GO:0060287"	15
"8931"	"GO:0060290"	24
"8932"	"GO:0060291"	45
"8933"	"GO:0060292"	45
"8934"	"GO:0060294"	15
"8935"	"GO:0060295"	30
"8936"	"GO:0060296"	30
"8937"	"GO:0060297"	8
"8938"	"GO:0060298"	43
"8939"	"GO:0060299"	43
"8940"	"GO:0060300"	9
"8941"	"GO:0060301"	19
"8942"	"GO:0060302"	9
"8943"	"GO:0060304"	46
"8944"	"GO:0060305"	43
"8945"	"GO:0060306"	51
"8946"	"GO:0060307"	51
"8947"	"GO:0060309"	49
"8948"	"GO:0060310"	46
"8949"	"GO:0060311"	46
"8950"	"GO:0060312"	53
"8951"	"GO:0060313"	53
"8952"	"GO:0060314"	51
"8953"	"GO:0060315"	51
"8954"	"GO:0060316"	51
"8955"	"GO:0060317"	24
"8956"	"GO:0060318"	24
"8957"	"GO:0060319"	24
"8958"	"GO:0060322"	32
"8959"	"GO:0060323"	32
"8960"	"GO:0060324"	32
"8961"	"GO:0060325"	48
"8962"	"GO:0060326"	30
"8963"	"GO:0060327"	30
"8964"	"GO:0060330"	6
"8965"	"GO:0060331"	6
"8966"	"GO:0060332"	6
"8967"	"GO:0060333"	35
"8968"	"GO:0060334"	6
"8969"	"GO:0060335"	6
"8970"	"GO:0060336"	6
"8971"	"GO:0060337"	35
"8972"	"GO:0060338"	6
"8973"	"GO:0060339"	6
"8974"	"GO:0060340"	6
"8975"	"GO:0060341"	38
"8976"	"GO:0060343"	48
"8977"	"GO:0060345"	48
"8978"	"GO:0060346"	48
"8979"	"GO:0060347"	48
"8980"	"GO:0060348"	32
"8981"	"GO:0060349"	32
"8982"	"GO:0060350"	32
"8983"	"GO:0060351"	32
"8984"	"GO:0060352"	30
"8985"	"GO:0060353"	30
"8986"	"GO:0060354"	31
"8987"	"GO:0060355"	31
"8988"	"GO:0060359"	18
"8989"	"GO:0060363"	48
"8990"	"GO:0060364"	48
"8991"	"GO:0060366"	48
"8992"	"GO:0060367"	48
"8993"	"GO:0060368"	35
"8994"	"GO:0060369"	35
"8995"	"GO:0060370"	6
"8996"	"GO:0060371"	51
"8997"	"GO:0060372"	51
"8998"	"GO:0060373"	51
"8999"	"GO:0060374"	24
"9000"	"GO:0060375"	13
"9001"	"GO:0060376"	7
"9002"	"GO:0060377"	13
"9003"	"GO:0060378"	14
"9004"	"GO:0060379"	24
"9005"	"GO:0060380"	19
"9006"	"GO:0060381"	19
"9007"	"GO:0060382"	2
"9008"	"GO:0060383"	2
"9009"	"GO:0060384"	33
"9010"	"GO:0060385"	17
"9011"	"GO:0060386"	11
"9012"	"GO:0060390"	9
"9013"	"GO:0060391"	9
"9014"	"GO:0060392"	9
"9015"	"GO:0060395"	9
"9016"	"GO:0060396"	9
"9017"	"GO:0060397"	9
"9018"	"GO:0060398"	35
"9019"	"GO:0060399"	35
"9020"	"GO:0060400"	35
"9021"	"GO:0060402"	34
"9022"	"GO:0060404"	10
"9023"	"GO:0060405"	53
"9024"	"GO:0060406"	53
"9025"	"GO:0060407"	53
"9026"	"GO:0060408"	33
"9027"	"GO:0060411"	48
"9028"	"GO:0060412"	48
"9029"	"GO:0060413"	48
"9030"	"GO:0060414"	48
"9031"	"GO:0060415"	48
"9032"	"GO:0060416"	18
"9033"	"GO:0060419"	27
"9034"	"GO:0060420"	27
"9035"	"GO:0060421"	48
"9036"	"GO:0060423"	15
"9037"	"GO:0060424"	15
"9038"	"GO:0060425"	48
"9039"	"GO:0060426"	3
"9040"	"GO:0060427"	3
"9041"	"GO:0060428"	3
"9042"	"GO:0060429"	32
"9043"	"GO:0060430"	3
"9044"	"GO:0060431"	48
"9045"	"GO:0060432"	15
"9046"	"GO:0060433"	3
"9047"	"GO:0060434"	48
"9048"	"GO:0060435"	3
"9049"	"GO:0060436"	48
"9050"	"GO:0060437"	14
"9051"	"GO:0060438"	3
"9052"	"GO:0060439"	48
"9053"	"GO:0060440"	48
"9054"	"GO:0060441"	48
"9055"	"GO:0060442"	48
"9056"	"GO:0060443"	48
"9057"	"GO:0060444"	48
"9058"	"GO:0060445"	48
"9059"	"GO:0060447"	48
"9060"	"GO:0060448"	48
"9061"	"GO:0060449"	48
"9062"	"GO:0060452"	53
"9063"	"GO:0060453"	5
"9064"	"GO:0060455"	5
"9065"	"GO:0060456"	53
"9066"	"GO:0060457"	53
"9067"	"GO:0060458"	3
"9068"	"GO:0060459"	3
"9069"	"GO:0060460"	48
"9070"	"GO:0060461"	48
"9071"	"GO:0060462"	3
"9072"	"GO:0060463"	48
"9073"	"GO:0060465"	3
"9074"	"GO:0060466"	22
"9075"	"GO:0060467"	15
"9076"	"GO:0060468"	15
"9077"	"GO:0060470"	53
"9078"	"GO:0060471"	5
"9079"	"GO:0060474"	22
"9080"	"GO:0060478"	5
"9081"	"GO:0060479"	24
"9082"	"GO:0060480"	24
"9083"	"GO:0060481"	3
"9084"	"GO:0060482"	3
"9085"	"GO:0060484"	3
"9086"	"GO:0060485"	27
"9087"	"GO:0060486"	24
"9088"	"GO:0060487"	24
"9089"	"GO:0060488"	48
"9090"	"GO:0060489"	48
"9091"	"GO:0060490"	48
"9092"	"GO:0060491"	43
"9093"	"GO:0060492"	48
"9094"	"GO:0060495"	45
"9095"	"GO:0060496"	45
"9096"	"GO:0060501"	41
"9097"	"GO:0060502"	41
"9098"	"GO:0060503"	48
"9099"	"GO:0060506"	9
"9100"	"GO:0060509"	24
"9101"	"GO:0060510"	24
"9102"	"GO:0060512"	48
"9103"	"GO:0060513"	48
"9104"	"GO:0060514"	48
"9105"	"GO:0060515"	15
"9106"	"GO:0060516"	48
"9107"	"GO:0060517"	41
"9108"	"GO:0060523"	48
"9109"	"GO:0060525"	3
"9110"	"GO:0060526"	48
"9111"	"GO:0060527"	48
"9112"	"GO:0060528"	24
"9113"	"GO:0060529"	24
"9114"	"GO:0060532"	3
"9115"	"GO:0060534"	3
"9116"	"GO:0060535"	48
"9117"	"GO:0060536"	48
"9118"	"GO:0060537"	27
"9119"	"GO:0060538"	27
"9120"	"GO:0060539"	3
"9121"	"GO:0060541"	32
"9122"	"GO:0060542"	2
"9123"	"GO:0060544"	36
"9124"	"GO:0060545"	36
"9125"	"GO:0060546"	36
"9126"	"GO:0060549"	19
"9127"	"GO:0060550"	19
"9128"	"GO:0060551"	46
"9129"	"GO:0060552"	46
"9130"	"GO:0060556"	46
"9131"	"GO:0060557"	46
"9132"	"GO:0060558"	19
"9133"	"GO:0060559"	19
"9134"	"GO:0060560"	27
"9135"	"GO:0060561"	41
"9136"	"GO:0060562"	48
"9137"	"GO:0060563"	24
"9138"	"GO:0060566"	4
"9139"	"GO:0060567"	4
"9140"	"GO:0060571"	48
"9141"	"GO:0060572"	48
"9142"	"GO:0060573"	24
"9143"	"GO:0060574"	24
"9144"	"GO:0060575"	24
"9145"	"GO:0060576"	3
"9146"	"GO:0060577"	48
"9147"	"GO:0060579"	17
"9148"	"GO:0060580"	24
"9149"	"GO:0060581"	24
"9150"	"GO:0060582"	24
"9151"	"GO:0060584"	19
"9152"	"GO:0060585"	19
"9153"	"GO:0060586"	34
"9154"	"GO:0060587"	46
"9155"	"GO:0060588"	46
"9156"	"GO:0060591"	24
"9157"	"GO:0060592"	48
"9158"	"GO:0060594"	48
"9159"	"GO:0060595"	9
"9160"	"GO:0060596"	48
"9161"	"GO:0060598"	48
"9162"	"GO:0060599"	48
"9163"	"GO:0060600"	48
"9164"	"GO:0060601"	48
"9165"	"GO:0060602"	48
"9166"	"GO:0060603"	48
"9167"	"GO:0060605"	48
"9168"	"GO:0060606"	48
"9169"	"GO:0060611"	3
"9170"	"GO:0060612"	32
"9171"	"GO:0060613"	32
"9172"	"GO:0060615"	48
"9173"	"GO:0060618"	3
"9174"	"GO:0060620"	5
"9175"	"GO:0060621"	5
"9176"	"GO:0060623"	22
"9177"	"GO:0060627"	38
"9178"	"GO:0060628"	38
"9179"	"GO:0060629"	22
"9180"	"GO:0060631"	22
"9181"	"GO:0060632"	38
"9182"	"GO:0060633"	4
"9183"	"GO:0060638"	14
"9184"	"GO:0060644"	24
"9185"	"GO:0060648"	48
"9186"	"GO:0060658"	48
"9187"	"GO:0060661"	48
"9188"	"GO:0060662"	48
"9189"	"GO:0060664"	41
"9190"	"GO:0060665"	14
"9191"	"GO:0060666"	48
"9192"	"GO:0060667"	48
"9193"	"GO:0060668"	45
"9194"	"GO:0060669"	48
"9195"	"GO:0060670"	48
"9196"	"GO:0060671"	24
"9197"	"GO:0060672"	14
"9198"	"GO:0060674"	32
"9199"	"GO:0060675"	48
"9200"	"GO:0060676"	48
"9201"	"GO:0060677"	48
"9202"	"GO:0060678"	48
"9203"	"GO:0060681"	48
"9204"	"GO:0060682"	48
"9205"	"GO:0060683"	14
"9206"	"GO:0060684"	14
"9207"	"GO:0060685"	48
"9208"	"GO:0060686"	48
"9209"	"GO:0060687"	14
"9210"	"GO:0060688"	48
"9211"	"GO:0060689"	24
"9212"	"GO:0060693"	48
"9213"	"GO:0060694"	23
"9214"	"GO:0060695"	19
"9215"	"GO:0060696"	46
"9216"	"GO:0060697"	46
"9217"	"GO:0060699"	19
"9218"	"GO:0060700"	19
"9219"	"GO:0060701"	19
"9220"	"GO:0060702"	19
"9221"	"GO:0060706"	24
"9222"	"GO:0060707"	24
"9223"	"GO:0060708"	24
"9224"	"GO:0060709"	24
"9225"	"GO:0060710"	41
"9226"	"GO:0060711"	32
"9227"	"GO:0060712"	3
"9228"	"GO:0060713"	48
"9229"	"GO:0060715"	24
"9230"	"GO:0060716"	48
"9231"	"GO:0060717"	3
"9232"	"GO:0060718"	24
"9233"	"GO:0060719"	3
"9234"	"GO:0060720"	41
"9235"	"GO:0060721"	41
"9236"	"GO:0060722"	41
"9237"	"GO:0060723"	41
"9238"	"GO:0060729"	33
"9239"	"GO:0060730"	53
"9240"	"GO:0060731"	53
"9241"	"GO:0060732"	46
"9242"	"GO:0060734"	4
"9243"	"GO:0060735"	4
"9244"	"GO:0060736"	14
"9245"	"GO:0060737"	14
"9246"	"GO:0060738"	41
"9247"	"GO:0060739"	45
"9248"	"GO:0060740"	48
"9249"	"GO:0060741"	48
"9250"	"GO:0060742"	24
"9251"	"GO:0060743"	3
"9252"	"GO:0060744"	48
"9253"	"GO:0060745"	48
"9254"	"GO:0060746"	33
"9255"	"GO:0060748"	48
"9256"	"GO:0060749"	3
"9257"	"GO:0060750"	41
"9258"	"GO:0060751"	48
"9259"	"GO:0060752"	33
"9260"	"GO:0060753"	6
"9261"	"GO:0060754"	6
"9262"	"GO:0060755"	6
"9263"	"GO:0060759"	44
"9264"	"GO:0060760"	35
"9265"	"GO:0060761"	20
"9266"	"GO:0060762"	48
"9267"	"GO:0060763"	48
"9268"	"GO:0060764"	45
"9269"	"GO:0060765"	35
"9270"	"GO:0060766"	35
"9271"	"GO:0060767"	41
"9272"	"GO:0060768"	41
"9273"	"GO:0060769"	41
"9274"	"GO:0060770"	42
"9275"	"GO:0060781"	41
"9276"	"GO:0060782"	41
"9277"	"GO:0060783"	9
"9278"	"GO:0060784"	41
"9279"	"GO:0060785"	36
"9280"	"GO:0060788"	48
"9281"	"GO:0060789"	48
"9282"	"GO:0060792"	3
"9283"	"GO:0060795"	24
"9284"	"GO:0060800"	39
"9285"	"GO:0060802"	45
"9286"	"GO:0060806"	39
"9287"	"GO:0060809"	15
"9288"	"GO:0060816"	4
"9289"	"GO:0060818"	4
"9290"	"GO:0060825"	9
"9291"	"GO:0060828"	44
"9292"	"GO:0060831"	9
"9293"	"GO:0060836"	24
"9294"	"GO:0060837"	24
"9295"	"GO:0060838"	24
"9296"	"GO:0060839"	24
"9297"	"GO:0060840"	32
"9298"	"GO:0060841"	48
"9299"	"GO:0060842"	24
"9300"	"GO:0060843"	24
"9301"	"GO:0060844"	24
"9302"	"GO:0060846"	24
"9303"	"GO:0060847"	24
"9304"	"GO:0060853"	35
"9305"	"GO:0060854"	48
"9306"	"GO:0060856"	3
"9307"	"GO:0060857"	3
"9308"	"GO:0060872"	3
"9309"	"GO:0060873"	3
"9310"	"GO:0060875"	3
"9311"	"GO:0060876"	48
"9312"	"GO:0060879"	48
"9313"	"GO:0060887"	3
"9314"	"GO:0060896"	15
"9315"	"GO:0060897"	15
"9316"	"GO:0060900"	48
"9317"	"GO:0060903"	22
"9318"	"GO:0060904"	26
"9319"	"GO:0060907"	29
"9320"	"GO:0060911"	24
"9321"	"GO:0060912"	24
"9322"	"GO:0060913"	24
"9323"	"GO:0060914"	48
"9324"	"GO:0060915"	24
"9325"	"GO:0060916"	41
"9326"	"GO:0060920"	24
"9327"	"GO:0060921"	24
"9328"	"GO:0060922"	24
"9329"	"GO:0060923"	24
"9330"	"GO:0060926"	3
"9331"	"GO:0060927"	24
"9332"	"GO:0060928"	3
"9333"	"GO:0060929"	24
"9334"	"GO:0060930"	24
"9335"	"GO:0060931"	3
"9336"	"GO:0060932"	24
"9337"	"GO:0060935"	24
"9338"	"GO:0060936"	3
"9339"	"GO:0060938"	24
"9340"	"GO:0060939"	3
"9341"	"GO:0060940"	24
"9342"	"GO:0060945"	24
"9343"	"GO:0060947"	24
"9344"	"GO:0060948"	3
"9345"	"GO:0060956"	24
"9346"	"GO:0060957"	24
"9347"	"GO:0060964"	4
"9348"	"GO:0060965"	4
"9349"	"GO:0060966"	4
"9350"	"GO:0060967"	4
"9351"	"GO:0060971"	15
"9352"	"GO:0060972"	15
"9353"	"GO:0060973"	30
"9354"	"GO:0060974"	17
"9355"	"GO:0060975"	24
"9356"	"GO:0060976"	32
"9357"	"GO:0060977"	48
"9358"	"GO:0060978"	48
"9359"	"GO:0060979"	24
"9360"	"GO:0060980"	30
"9361"	"GO:0060981"	30
"9362"	"GO:0060982"	48
"9363"	"GO:0060986"	5
"9364"	"GO:0060988"	10
"9365"	"GO:0060989"	10
"9366"	"GO:0060992"	18
"9367"	"GO:0060993"	48
"9368"	"GO:0060996"	17
"9369"	"GO:0060997"	17
"9370"	"GO:0060998"	43
"9371"	"GO:0060999"	43
"9372"	"GO:0061000"	39
"9373"	"GO:0061001"	43
"9374"	"GO:0061002"	43
"9375"	"GO:0061003"	43
"9376"	"GO:0061004"	15
"9377"	"GO:0061005"	24
"9378"	"GO:0061006"	41
"9379"	"GO:0061008"	32
"9380"	"GO:0061009"	3
"9381"	"GO:0061010"	3
"9382"	"GO:0061013"	4
"9383"	"GO:0061014"	4
"9384"	"GO:0061015"	12
"9385"	"GO:0061017"	24
"9386"	"GO:0061024"	11
"9387"	"GO:0061025"	11
"9388"	"GO:0061026"	3
"9389"	"GO:0061027"	3
"9390"	"GO:0061028"	3
"9391"	"GO:0061029"	3
"9392"	"GO:0061030"	24
"9393"	"GO:0061031"	48
"9394"	"GO:0061032"	3
"9395"	"GO:0061033"	14
"9396"	"GO:0061034"	3
"9397"	"GO:0061035"	32
"9398"	"GO:0061036"	32
"9399"	"GO:0061037"	32
"9400"	"GO:0061038"	48
"9401"	"GO:0061040"	48
"9402"	"GO:0061041"	30
"9403"	"GO:0061042"	41
"9404"	"GO:0061043"	41
"9405"	"GO:0061044"	53
"9406"	"GO:0061045"	30
"9407"	"GO:0061046"	48
"9408"	"GO:0061047"	48
"9409"	"GO:0061048"	48
"9410"	"GO:0061049"	3
"9411"	"GO:0061050"	39
"9412"	"GO:0061051"	7
"9413"	"GO:0061052"	39
"9414"	"GO:0061053"	32
"9415"	"GO:0061054"	3
"9416"	"GO:0061055"	3
"9417"	"GO:0061056"	3
"9418"	"GO:0061061"	27
"9419"	"GO:0061072"	48
"9420"	"GO:0061073"	48
"9421"	"GO:0061074"	3
"9422"	"GO:0061077"	26
"9423"	"GO:0061078"	5
"9424"	"GO:0061081"	29
"9425"	"GO:0061082"	29
"9426"	"GO:0061083"	19
"9427"	"GO:0061084"	19
"9428"	"GO:0061091"	43
"9429"	"GO:0061092"	23
"9430"	"GO:0061097"	19
"9431"	"GO:0061098"	19
"9432"	"GO:0061099"	19
"9433"	"GO:0061100"	24
"9434"	"GO:0061101"	24
"9435"	"GO:0061102"	24
"9436"	"GO:0061103"	24
"9437"	"GO:0061104"	24
"9438"	"GO:0061105"	39
"9439"	"GO:0061106"	39
"9440"	"GO:0061107"	3
"9441"	"GO:0061108"	3
"9442"	"GO:0061110"	10
"9443"	"GO:0061113"	48
"9444"	"GO:0061114"	48
"9445"	"GO:0061115"	15
"9446"	"GO:0061117"	53
"9447"	"GO:0061136"	28
"9448"	"GO:0061138"	48
"9449"	"GO:0061140"	24
"9450"	"GO:0061141"	24
"9451"	"GO:0061143"	3
"9452"	"GO:0061144"	3
"9453"	"GO:0061145"	3
"9454"	"GO:0061146"	48
"9455"	"GO:0061152"	3
"9456"	"GO:0061153"	3
"9457"	"GO:0061154"	48
"9458"	"GO:0061156"	48
"9459"	"GO:0061157"	4
"9460"	"GO:0061158"	4
"9461"	"GO:0061159"	15
"9462"	"GO:0061162"	11
"9463"	"GO:0061163"	11
"9464"	"GO:0061168"	39
"9465"	"GO:0061170"	39
"9466"	"GO:0061171"	15
"9467"	"GO:0061172"	42
"9468"	"GO:0061178"	5
"9469"	"GO:0061179"	5
"9470"	"GO:0061180"	32
"9471"	"GO:0061181"	39
"9472"	"GO:0061182"	39
"9473"	"GO:0061183"	3
"9474"	"GO:0061184"	7
"9475"	"GO:0061185"	39
"9476"	"GO:0061187"	4
"9477"	"GO:0061188"	4
"9478"	"GO:0061189"	3
"9479"	"GO:0061190"	3
"9480"	"GO:0061193"	3
"9481"	"GO:0061196"	3
"9482"	"GO:0061197"	48
"9483"	"GO:0061198"	48
"9484"	"GO:0061205"	3
"9485"	"GO:0061206"	48
"9486"	"GO:0061209"	41
"9487"	"GO:0061215"	3
"9488"	"GO:0061217"	3
"9489"	"GO:0061218"	39
"9490"	"GO:0061227"	15
"9491"	"GO:0061228"	48
"9492"	"GO:0061235"	14
"9493"	"GO:0061245"	11
"9494"	"GO:0061295"	36
"9495"	"GO:0061296"	36
"9496"	"GO:0061298"	32
"9497"	"GO:0061299"	48
"9498"	"GO:0061300"	3
"9499"	"GO:0061301"	48
"9500"	"GO:0061302"	30
"9501"	"GO:0061303"	3
"9502"	"GO:0061304"	3
"9503"	"GO:0061307"	24
"9504"	"GO:0061308"	24
"9505"	"GO:0061309"	24
"9506"	"GO:0061311"	35
"9507"	"GO:0061314"	35
"9508"	"GO:0061318"	3
"9509"	"GO:0061323"	41
"9510"	"GO:0061325"	41
"9511"	"GO:0061326"	48
"9512"	"GO:0061333"	48
"9513"	"GO:0061337"	51
"9514"	"GO:0061339"	11
"9515"	"GO:0061341"	35
"9516"	"GO:0061343"	48
"9517"	"GO:0061344"	41
"9518"	"GO:0061351"	41
"9519"	"GO:0061355"	37
"9520"	"GO:0061356"	5
"9521"	"GO:0061357"	23
"9522"	"GO:0061358"	5
"9523"	"GO:0061360"	3
"9524"	"GO:0061364"	36
"9525"	"GO:0061365"	19
"9526"	"GO:0061366"	52
"9527"	"GO:0061367"	52
"9528"	"GO:0061368"	52
"9529"	"GO:0061369"	39
"9530"	"GO:0061370"	49
"9531"	"GO:0061371"	15
"9532"	"GO:0061373"	3
"9533"	"GO:0061374"	3
"9534"	"GO:0061377"	3
"9535"	"GO:0061378"	3
"9536"	"GO:0061379"	3
"9537"	"GO:0061381"	17
"9538"	"GO:0061383"	48
"9539"	"GO:0061384"	48
"9540"	"GO:0061386"	48
"9541"	"GO:0061387"	17
"9542"	"GO:0061430"	48
"9543"	"GO:0061431"	18
"9544"	"GO:0061433"	50
"9545"	"GO:0061436"	32
"9546"	"GO:0061437"	3
"9547"	"GO:0061438"	48
"9548"	"GO:0061439"	48
"9549"	"GO:0061440"	3
"9550"	"GO:0061441"	48
"9551"	"GO:0061443"	24
"9552"	"GO:0061444"	3
"9553"	"GO:0061445"	24
"9554"	"GO:0061448"	32
"9555"	"GO:0061450"	30
"9556"	"GO:0061451"	3
"9557"	"GO:0061452"	24
"9558"	"GO:0061458"	32
"9559"	"GO:0061462"	37
"9560"	"GO:0061469"	41
"9561"	"GO:0061470"	47
"9562"	"GO:0061481"	18
"9563"	"GO:0061484"	52
"9564"	"GO:0061485"	47
"9565"	"GO:0061502"	37
"9566"	"GO:0061511"	22
"9567"	"GO:0061512"	37
"9568"	"GO:0061514"	35
"9569"	"GO:0061515"	47
"9570"	"GO:0061516"	47
"9571"	"GO:0061517"	47
"9572"	"GO:0061518"	47
"9573"	"GO:0061519"	47
"9574"	"GO:0061520"	47
"9575"	"GO:0061523"	11
"9576"	"GO:0061525"	3
"9577"	"GO:0061526"	5
"9578"	"GO:0061528"	12
"9579"	"GO:0061534"	5
"9580"	"GO:0061535"	12
"9581"	"GO:0061548"	3
"9582"	"GO:0061549"	3
"9583"	"GO:0061550"	3
"9584"	"GO:0061551"	3
"9585"	"GO:0061552"	48
"9586"	"GO:0061564"	17
"9587"	"GO:0061572"	10
"9588"	"GO:0061573"	11
"9589"	"GO:0061577"	34
"9590"	"GO:0061580"	30
"9591"	"GO:0061582"	30
"9592"	"GO:0061586"	4
"9593"	"GO:0061588"	12
"9594"	"GO:0061589"	12
"9595"	"GO:0061590"	12
"9596"	"GO:0061591"	12
"9597"	"GO:0061611"	40
"9598"	"GO:0061614"	4
"9599"	"GO:0061615"	40
"9600"	"GO:0061620"	40
"9601"	"GO:0061621"	16
"9602"	"GO:0061622"	40
"9603"	"GO:0061623"	40
"9604"	"GO:0061624"	40
"9605"	"GO:0061626"	48
"9606"	"GO:0061635"	11
"9607"	"GO:0061640"	22
"9608"	"GO:0061642"	17
"9609"	"GO:0061643"	17
"9610"	"GO:0061644"	37
"9611"	"GO:0061646"	23
"9612"	"GO:0061668"	10
"9613"	"GO:0061669"	5
"9614"	"GO:0061670"	5
"9615"	"GO:0061682"	48
"9616"	"GO:0061684"	26
"9617"	"GO:0061687"	34
"9618"	"GO:0061691"	34
"9619"	"GO:0061692"	34
"9620"	"GO:0061698"	26
"9621"	"GO:0061709"	10
"9622"	"GO:0061713"	48
"9623"	"GO:0061718"	21
"9624"	"GO:0061723"	26
"9625"	"GO:0061724"	10
"9626"	"GO:0061727"	21
"9627"	"GO:0061734"	26
"9628"	"GO:0061736"	11
"9629"	"GO:0061737"	35
"9630"	"GO:0061738"	26
"9631"	"GO:0061739"	26
"9632"	"GO:0061740"	37
"9633"	"GO:0061743"	33
"9634"	"GO:0061744"	52
"9635"	"GO:0061753"	37
"9636"	"GO:0061756"	30
"9637"	"GO:0061757"	30
"9638"	"GO:0061760"	1
"9639"	"GO:0061762"	9
"9640"	"GO:0061763"	11
"9641"	"GO:0061764"	12
"9642"	"GO:0061767"	53
"9643"	"GO:0061771"	50
"9644"	"GO:0061772"	12
"9645"	"GO:0061789"	10
"9646"	"GO:0061792"	11
"9647"	"GO:0061795"	34
"9648"	"GO:0061817"	37
"9649"	"GO:0061819"	2
"9650"	"GO:0061820"	2
"9651"	"GO:0061824"	11
"9652"	"GO:0061833"	37
"9653"	"GO:0061837"	26
"9654"	"GO:0061842"	37
"9655"	"GO:0061844"	1
"9656"	"GO:0061847"	18
"9657"	"GO:0061853"	39
"9658"	"GO:0061855"	39
"9659"	"GO:0061857"	26
"9660"	"GO:0061864"	37
"9661"	"GO:0061865"	37
"9662"	"GO:0061868"	30
"9663"	"GO:0061869"	36
"9664"	"GO:0061870"	7
"9665"	"GO:0061872"	30
"9666"	"GO:0061873"	53
"9667"	"GO:0061874"	7
"9668"	"GO:0061880"	23
"9669"	"GO:0061881"	23
"9670"	"GO:0061884"	45
"9671"	"GO:0061885"	33
"9672"	"GO:0061886"	45
"9673"	"GO:0061888"	7
"9674"	"GO:0061889"	39
"9675"	"GO:0061890"	7
"9676"	"GO:0061900"	47
"9677"	"GO:0061909"	11
"9678"	"GO:0061910"	11
"9679"	"GO:0061919"	28
"9680"	"GO:0061921"	26
"9681"	"GO:0061930"	7
"9682"	"GO:0061931"	7
"9683"	"GO:0061938"	37
"9684"	"GO:0061939"	45
"9685"	"GO:0061944"	19
"9686"	"GO:0061945"	28
"9687"	"GO:0061951"	37
"9688"	"GO:0061952"	11
"9689"	"GO:0061956"	15
"9690"	"GO:0061966"	15
"9691"	"GO:0061973"	48
"9692"	"GO:0061974"	48
"9693"	"GO:0061975"	3
"9694"	"GO:0061982"	22
"9695"	"GO:0061983"	22
"9696"	"GO:0061986"	4
"9697"	"GO:0061987"	4
"9698"	"GO:0061999"	39
"9699"	"GO:0062000"	7
"9700"	"GO:0062009"	48
"9701"	"GO:0062012"	16
"9702"	"GO:0062013"	16
"9703"	"GO:0062014"	16
"9704"	"GO:0062025"	46
"9705"	"GO:0062026"	46
"9706"	"GO:0062028"	8
"9707"	"GO:0062029"	8
"9708"	"GO:0062030"	8
"9709"	"GO:0062033"	22
"9710"	"GO:0062035"	52
"9711"	"GO:0062036"	52
"9712"	"GO:0062042"	39
"9713"	"GO:0062043"	7
"9714"	"GO:0062044"	39
"9715"	"GO:0062094"	3
"9716"	"GO:0062098"	36
"9717"	"GO:0062099"	36
"9718"	"GO:0062100"	36
"9719"	"GO:0062111"	34
"9720"	"GO:0062112"	49
"9721"	"GO:0062125"	4
"9722"	"GO:0062126"	49
"9723"	"GO:0062149"	52
"9724"	"GO:0062170"	49
"9725"	"GO:0062172"	49
"9726"	"GO:0062173"	49
"9727"	"GO:0062175"	49
"9728"	"GO:0062176"	25
"9729"	"GO:0062177"	10
"9730"	"GO:0062196"	43
"9731"	"GO:0062197"	50
"9732"	"GO:0062207"	35
"9733"	"GO:0062208"	35
"9734"	"GO:0062232"	21
"9735"	"GO:0062234"	49
"9736"	"GO:0062237"	37
"9737"	"GO:0065001"	15
"9738"	"GO:0065002"	37
"9739"	"GO:0065003"	10
"9740"	"GO:0065004"	10
"9741"	"GO:0065005"	10
"9742"	"GO:0065007"	27
"9743"	"GO:0065008"	27
"9744"	"GO:0065009"	28
"9745"	"GO:0070050"	34
"9746"	"GO:0070054"	25
"9747"	"GO:0070059"	44
"9748"	"GO:0070060"	10
"9749"	"GO:0070070"	10
"9750"	"GO:0070071"	10
"9751"	"GO:0070072"	10
"9752"	"GO:0070075"	5
"9753"	"GO:0070085"	26
"9754"	"GO:0070086"	37
"9755"	"GO:0070091"	5
"9756"	"GO:0070092"	5
"9757"	"GO:0070093"	5
"9758"	"GO:0070094"	5
"9759"	"GO:0070098"	35
"9760"	"GO:0070099"	35
"9761"	"GO:0070100"	35
"9762"	"GO:0070101"	35
"9763"	"GO:0070102"	35
"9764"	"GO:0070103"	20
"9765"	"GO:0070104"	20
"9766"	"GO:0070105"	20
"9767"	"GO:0070106"	35
"9768"	"GO:0070120"	35
"9769"	"GO:0070121"	3
"9770"	"GO:0070124"	25
"9771"	"GO:0070125"	26
"9772"	"GO:0070126"	10
"9773"	"GO:0070127"	25
"9774"	"GO:0070129"	4
"9775"	"GO:0070130"	4
"9776"	"GO:0070131"	4
"9777"	"GO:0070141"	50
"9778"	"GO:0070142"	11
"9779"	"GO:0070143"	25
"9780"	"GO:0070145"	25
"9781"	"GO:0070150"	25
"9782"	"GO:0070158"	25
"9783"	"GO:0070159"	25
"9784"	"GO:0070162"	5
"9785"	"GO:0070163"	5
"9786"	"GO:0070164"	5
"9787"	"GO:0070165"	5
"9788"	"GO:0070166"	32
"9789"	"GO:0070167"	32
"9790"	"GO:0070168"	32
"9791"	"GO:0070169"	32
"9792"	"GO:0070170"	39
"9793"	"GO:0070171"	39
"9794"	"GO:0070172"	7
"9795"	"GO:0070173"	7
"9796"	"GO:0070175"	7
"9797"	"GO:0070178"	21
"9798"	"GO:0070179"	21
"9799"	"GO:0070183"	25
"9800"	"GO:0070184"	25
"9801"	"GO:0070189"	21
"9802"	"GO:0070192"	22
"9803"	"GO:0070193"	2
"9804"	"GO:0070194"	10
"9805"	"GO:0070197"	22
"9806"	"GO:0070198"	37
"9807"	"GO:0070199"	37
"9808"	"GO:0070200"	37
"9809"	"GO:0070201"	38
"9810"	"GO:0070202"	23
"9811"	"GO:0070203"	23
"9812"	"GO:0070206"	10
"9813"	"GO:0070207"	10
"9814"	"GO:0070208"	10
"9815"	"GO:0070212"	26
"9816"	"GO:0070213"	26
"9817"	"GO:0070221"	21
"9818"	"GO:0070227"	47
"9819"	"GO:0070228"	36
"9820"	"GO:0070229"	36
"9821"	"GO:0070230"	36
"9822"	"GO:0070231"	47
"9823"	"GO:0070232"	36
"9824"	"GO:0070233"	36
"9825"	"GO:0070234"	36
"9826"	"GO:0070235"	36
"9827"	"GO:0070236"	36
"9828"	"GO:0070238"	47
"9829"	"GO:0070239"	13
"9830"	"GO:0070241"	13
"9831"	"GO:0070242"	47
"9832"	"GO:0070243"	36
"9833"	"GO:0070244"	36
"9834"	"GO:0070245"	36
"9835"	"GO:0070246"	47
"9836"	"GO:0070247"	36
"9837"	"GO:0070252"	51
"9838"	"GO:0070253"	5
"9839"	"GO:0070254"	5
"9840"	"GO:0070255"	5
"9841"	"GO:0070256"	5
"9842"	"GO:0070257"	5
"9843"	"GO:0070262"	26
"9844"	"GO:0070266"	44
"9845"	"GO:0070268"	3
"9846"	"GO:0070269"	1
"9847"	"GO:0070278"	5
"9848"	"GO:0070285"	24
"9849"	"GO:0070286"	10
"9850"	"GO:0070291"	49
"9851"	"GO:0070292"	49
"9852"	"GO:0070293"	33
"9853"	"GO:0070294"	34
"9854"	"GO:0070295"	33
"9855"	"GO:0070296"	34
"9856"	"GO:0070301"	50
"9857"	"GO:0070302"	44
"9858"	"GO:0070303"	20
"9859"	"GO:0070304"	44
"9860"	"GO:0070305"	18
"9861"	"GO:0070306"	24
"9862"	"GO:0070307"	3
"9863"	"GO:0070309"	48
"9864"	"GO:0070314"	22
"9865"	"GO:0070315"	22
"9866"	"GO:0070316"	42
"9867"	"GO:0070317"	42
"9868"	"GO:0070318"	22
"9869"	"GO:0070327"	5
"9870"	"GO:0070328"	52
"9871"	"GO:0070339"	18
"9872"	"GO:0070340"	52
"9873"	"GO:0070341"	41
"9874"	"GO:0070342"	41
"9875"	"GO:0070343"	41
"9876"	"GO:0070344"	41
"9877"	"GO:0070345"	36
"9878"	"GO:0070346"	41
"9879"	"GO:0070350"	41
"9880"	"GO:0070352"	41
"9881"	"GO:0070358"	30
"9882"	"GO:0070365"	24
"9883"	"GO:0070366"	39
"9884"	"GO:0070367"	39
"9885"	"GO:0070368"	7
"9886"	"GO:0070370"	50
"9887"	"GO:0070371"	44
"9888"	"GO:0070372"	44
"9889"	"GO:0070373"	44
"9890"	"GO:0070374"	44
"9891"	"GO:0070375"	9
"9892"	"GO:0070376"	20
"9893"	"GO:0070378"	20
"9894"	"GO:0070383"	26
"9895"	"GO:0070384"	3
"9896"	"GO:0070391"	18
"9897"	"GO:0070392"	52
"9898"	"GO:0070407"	26
"9899"	"GO:0070408"	40
"9900"	"GO:0070409"	40
"9901"	"GO:0070413"	49
"9902"	"GO:0070417"	50
"9903"	"GO:0070424"	35
"9904"	"GO:0070425"	20
"9905"	"GO:0070426"	35
"9906"	"GO:0070427"	35
"9907"	"GO:0070428"	6
"9908"	"GO:0070429"	20
"9909"	"GO:0070430"	35
"9910"	"GO:0070431"	35
"9911"	"GO:0070432"	35
"9912"	"GO:0070433"	20
"9913"	"GO:0070434"	35
"9914"	"GO:0070444"	41
"9915"	"GO:0070445"	41
"9916"	"GO:0070446"	39
"9917"	"GO:0070447"	7
"9918"	"GO:0070453"	46
"9919"	"GO:0070455"	46
"9920"	"GO:0070458"	50
"9921"	"GO:0070459"	5
"9922"	"GO:0070460"	5
"9923"	"GO:0070462"	10
"9924"	"GO:0070471"	53
"9925"	"GO:0070472"	53
"9926"	"GO:0070473"	53
"9927"	"GO:0070474"	53
"9928"	"GO:0070475"	25
"9929"	"GO:0070476"	25
"9930"	"GO:0070478"	4
"9931"	"GO:0070481"	4
"9932"	"GO:0070482"	50
"9933"	"GO:0070483"	52
"9934"	"GO:0070486"	30
"9935"	"GO:0070487"	30
"9936"	"GO:0070488"	30
"9937"	"GO:0070489"	47
"9938"	"GO:0070493"	35
"9939"	"GO:0070494"	35
"9940"	"GO:0070495"	35
"9941"	"GO:0070498"	35
"9942"	"GO:0070507"	8
"9943"	"GO:0070508"	12
"9944"	"GO:0070509"	34
"9945"	"GO:0070525"	25
"9946"	"GO:0070527"	30
"9947"	"GO:0070528"	44
"9948"	"GO:0070534"	28
"9949"	"GO:0070536"	26
"9950"	"GO:0070541"	50
"9951"	"GO:0070542"	18
"9952"	"GO:0070543"	18
"9953"	"GO:0070555"	18
"9954"	"GO:0070560"	37
"9955"	"GO:0070561"	35
"9956"	"GO:0070562"	20
"9957"	"GO:0070563"	20
"9958"	"GO:0070564"	35
"9959"	"GO:0070570"	43
"9960"	"GO:0070571"	43
"9961"	"GO:0070572"	43
"9962"	"GO:0070574"	34
"9963"	"GO:0070585"	37
"9964"	"GO:0070586"	30
"9965"	"GO:0070587"	30
"9966"	"GO:0070588"	34
"9967"	"GO:0070593"	17
"9968"	"GO:0070601"	22
"9969"	"GO:0070602"	22
"9970"	"GO:0070613"	31
"9971"	"GO:0070633"	12
"9972"	"GO:0070634"	12
"9973"	"GO:0070637"	40
"9974"	"GO:0070638"	40
"9975"	"GO:0070640"	49
"9976"	"GO:0070646"	26
"9977"	"GO:0070647"	28
"9978"	"GO:0070649"	10
"9979"	"GO:0070650"	10
"9980"	"GO:0070651"	25
"9981"	"GO:0070654"	3
"9982"	"GO:0070661"	13
"9983"	"GO:0070662"	47
"9984"	"GO:0070663"	13
"9985"	"GO:0070664"	13
"9986"	"GO:0070665"	13
"9987"	"GO:0070666"	41
"9988"	"GO:0070667"	36
"9989"	"GO:0070668"	13
"9990"	"GO:0070669"	18
"9991"	"GO:0070670"	18
"9992"	"GO:0070671"	18
"9993"	"GO:0070672"	18
"9994"	"GO:0070673"	18
"9995"	"GO:0070676"	11
"9996"	"GO:0070681"	25
"9997"	"GO:0070682"	10
"9998"	"GO:0070684"	15
"9999"	"GO:0070715"	12
"10000"	"GO:0070716"	2
"10001"	"GO:0070723"	18
"10002"	"GO:0070727"	38
"10003"	"GO:0070729"	12
"10004"	"GO:0070730"	12
"10005"	"GO:0070731"	12
"10006"	"GO:0070741"	18
"10007"	"GO:0070757"	35
"10008"	"GO:0070777"	12
"10009"	"GO:0070778"	12
"10010"	"GO:0070779"	12
"10011"	"GO:0070781"	18
"10012"	"GO:0070782"	11
"10013"	"GO:0070783"	14
"10014"	"GO:0070784"	42
"10015"	"GO:0070786"	7
"10016"	"GO:0070813"	21
"10017"	"GO:0070814"	21
"10018"	"GO:0070828"	4
"10019"	"GO:0070830"	10
"10020"	"GO:0070831"	11
"10021"	"GO:0070836"	11
"10022"	"GO:0070837"	12
"10023"	"GO:0070841"	10
"10024"	"GO:0070842"	10
"10025"	"GO:0070843"	37
"10026"	"GO:0070844"	37
"10027"	"GO:0070845"	37
"10028"	"GO:0070848"	27
"10029"	"GO:0070849"	18
"10030"	"GO:0070857"	46
"10031"	"GO:0070858"	46
"10032"	"GO:0070859"	46
"10033"	"GO:0070861"	38
"10034"	"GO:0070862"	23
"10035"	"GO:0070863"	23
"10036"	"GO:0070873"	16
"10037"	"GO:0070874"	46
"10038"	"GO:0070875"	16
"10039"	"GO:0070881"	23
"10040"	"GO:0070884"	44
"10041"	"GO:0070885"	44
"10042"	"GO:0070886"	44
"10043"	"GO:0070887"	18
"10044"	"GO:0070889"	10
"10045"	"GO:0070897"	10
"10046"	"GO:0070898"	10
"10047"	"GO:0070899"	25
"10048"	"GO:0070900"	25
"10049"	"GO:0070901"	25
"10050"	"GO:0070902"	25
"10051"	"GO:0070911"	2
"10052"	"GO:0070914"	2
"10053"	"GO:0070918"	4
"10054"	"GO:0070920"	4
"10055"	"GO:0070921"	4
"10056"	"GO:0070922"	10
"10057"	"GO:0070925"	10
"10058"	"GO:0070926"	23
"10059"	"GO:0070934"	4
"10060"	"GO:0070935"	4
"10061"	"GO:0070936"	26
"10062"	"GO:0070942"	1
"10063"	"GO:0070943"	1
"10064"	"GO:0070944"	1
"10065"	"GO:0070945"	1
"10066"	"GO:0070946"	1
"10067"	"GO:0070947"	6
"10068"	"GO:0070948"	6
"10069"	"GO:0070949"	6
"10070"	"GO:0070950"	6
"10071"	"GO:0070951"	6
"10072"	"GO:0070953"	6
"10073"	"GO:0070960"	6
"10074"	"GO:0070961"	6
"10075"	"GO:0070962"	6
"10076"	"GO:0070963"	6
"10077"	"GO:0070965"	6
"10078"	"GO:0070966"	4
"10079"	"GO:0070972"	37
"10080"	"GO:0070973"	37
"10081"	"GO:0070977"	32
"10082"	"GO:0070979"	26
"10083"	"GO:0070980"	49
"10084"	"GO:0070981"	21
"10085"	"GO:0070982"	21
"10086"	"GO:0070986"	15
"10087"	"GO:0070987"	2
"10088"	"GO:0070988"	26
"10089"	"GO:0070989"	25
"10090"	"GO:0070994"	52
"10091"	"GO:0070995"	40
"10092"	"GO:0071000"	18
"10093"	"GO:0071025"	25
"10094"	"GO:0071026"	25
"10095"	"GO:0071027"	25
"10096"	"GO:0071028"	4
"10097"	"GO:0071031"	4
"10098"	"GO:0071034"	25
"10099"	"GO:0071035"	25
"10100"	"GO:0071036"	25
"10101"	"GO:0071037"	25
"10102"	"GO:0071038"	25
"10103"	"GO:0071039"	25
"10104"	"GO:0071040"	25
"10105"	"GO:0071041"	25
"10106"	"GO:0071042"	4
"10107"	"GO:0071043"	25
"10108"	"GO:0071044"	4
"10109"	"GO:0071045"	4
"10110"	"GO:0071046"	25
"10111"	"GO:0071047"	4
"10112"	"GO:0071051"	25
"10113"	"GO:0071071"	46
"10114"	"GO:0071072"	46
"10115"	"GO:0071073"	46
"10116"	"GO:0071076"	25
"10117"	"GO:0071103"	2
"10118"	"GO:0071104"	18
"10119"	"GO:0071105"	18
"10120"	"GO:0071106"	12
"10121"	"GO:0071107"	18
"10122"	"GO:0071108"	26
"10123"	"GO:0071109"	3
"10124"	"GO:0071139"	2
"10125"	"GO:0071140"	2
"10126"	"GO:0071163"	10
"10127"	"GO:0071166"	37
"10128"	"GO:0071168"	37
"10129"	"GO:0071169"	37
"10130"	"GO:0071173"	22
"10131"	"GO:0071174"	22
"10132"	"GO:0071205"	37
"10133"	"GO:0071206"	37
"10134"	"GO:0071211"	37
"10135"	"GO:0071214"	50
"10136"	"GO:0071215"	18
"10137"	"GO:0071216"	1
"10138"	"GO:0071217"	18
"10139"	"GO:0071218"	50
"10140"	"GO:0071219"	1
"10141"	"GO:0071220"	18
"10142"	"GO:0071221"	18
"10143"	"GO:0071222"	1
"10144"	"GO:0071223"	18
"10145"	"GO:0071224"	18
"10146"	"GO:0071225"	18
"10147"	"GO:0071226"	18
"10148"	"GO:0071228"	18
"10149"	"GO:0071229"	50
"10150"	"GO:0071230"	18
"10151"	"GO:0071231"	18
"10152"	"GO:0071233"	18
"10153"	"GO:0071236"	18
"10154"	"GO:0071242"	18
"10155"	"GO:0071243"	50
"10156"	"GO:0071244"	18
"10157"	"GO:0071248"	50
"10158"	"GO:0071257"	50
"10159"	"GO:0071258"	18
"10160"	"GO:0071259"	18
"10161"	"GO:0071260"	50
"10162"	"GO:0071262"	4
"10163"	"GO:0071264"	4
"10164"	"GO:0071265"	21
"10165"	"GO:0071266"	21
"10166"	"GO:0071267"	21
"10167"	"GO:0071275"	50
"10168"	"GO:0071276"	50
"10169"	"GO:0071277"	50
"10170"	"GO:0071279"	50
"10171"	"GO:0071280"	50
"10172"	"GO:0071281"	50
"10173"	"GO:0071283"	50
"10174"	"GO:0071284"	50
"10175"	"GO:0071285"	50
"10176"	"GO:0071286"	50
"10177"	"GO:0071287"	50
"10178"	"GO:0071288"	50
"10179"	"GO:0071294"	50
"10180"	"GO:0071295"	18
"10181"	"GO:0071298"	18
"10182"	"GO:0071300"	18
"10183"	"GO:0071301"	18
"10184"	"GO:0071305"	18
"10185"	"GO:0071306"	18
"10186"	"GO:0071307"	18
"10187"	"GO:0071312"	18
"10188"	"GO:0071313"	18
"10189"	"GO:0071314"	18
"10190"	"GO:0071315"	18
"10191"	"GO:0071316"	18
"10192"	"GO:0071317"	18
"10193"	"GO:0071318"	18
"10194"	"GO:0071320"	18
"10195"	"GO:0071321"	18
"10196"	"GO:0071322"	18
"10197"	"GO:0071324"	18
"10198"	"GO:0071326"	18
"10199"	"GO:0071329"	18
"10200"	"GO:0071331"	18
"10201"	"GO:0071332"	18
"10202"	"GO:0071333"	18
"10203"	"GO:0071335"	41
"10204"	"GO:0071336"	36
"10205"	"GO:0071338"	41
"10206"	"GO:0071340"	37
"10207"	"GO:0071344"	21
"10208"	"GO:0071345"	18
"10209"	"GO:0071346"	1
"10210"	"GO:0071347"	18
"10211"	"GO:0071348"	18
"10212"	"GO:0071349"	18
"10213"	"GO:0071350"	18
"10214"	"GO:0071351"	18
"10215"	"GO:0071352"	18
"10216"	"GO:0071353"	18
"10217"	"GO:0071354"	18
"10218"	"GO:0071355"	18
"10219"	"GO:0071356"	18
"10220"	"GO:0071357"	1
"10221"	"GO:0071358"	18
"10222"	"GO:0071359"	18
"10223"	"GO:0071360"	18
"10224"	"GO:0071361"	18
"10225"	"GO:0071362"	18
"10226"	"GO:0071363"	27
"10227"	"GO:0071364"	18
"10228"	"GO:0071370"	18
"10229"	"GO:0071371"	18
"10230"	"GO:0071372"	18
"10231"	"GO:0071373"	18
"10232"	"GO:0071374"	18
"10233"	"GO:0071375"	18
"10234"	"GO:0071376"	18
"10235"	"GO:0071377"	18
"10236"	"GO:0071378"	18
"10237"	"GO:0071379"	18
"10238"	"GO:0071380"	18
"10239"	"GO:0071383"	18
"10240"	"GO:0071384"	18
"10241"	"GO:0071385"	18
"10242"	"GO:0071386"	18
"10243"	"GO:0071387"	18
"10244"	"GO:0071389"	18
"10245"	"GO:0071391"	18
"10246"	"GO:0071392"	18
"10247"	"GO:0071393"	18
"10248"	"GO:0071394"	18
"10249"	"GO:0071395"	18
"10250"	"GO:0071396"	18
"10251"	"GO:0071397"	18
"10252"	"GO:0071398"	18
"10253"	"GO:0071400"	18
"10254"	"GO:0071401"	18
"10255"	"GO:0071402"	18
"10256"	"GO:0071403"	18
"10257"	"GO:0071404"	18
"10258"	"GO:0071407"	18
"10259"	"GO:0071409"	18
"10260"	"GO:0071412"	18
"10261"	"GO:0071413"	18
"10262"	"GO:0071415"	18
"10263"	"GO:0071418"	18
"10264"	"GO:0071420"	18
"10265"	"GO:0071421"	34
"10266"	"GO:0071422"	12
"10267"	"GO:0071423"	12
"10268"	"GO:0071425"	41
"10269"	"GO:0071444"	18
"10270"	"GO:0071447"	18
"10271"	"GO:0071449"	18
"10272"	"GO:0071450"	50
"10273"	"GO:0071451"	50
"10274"	"GO:0071453"	50
"10275"	"GO:0071454"	50
"10276"	"GO:0071455"	50
"10277"	"GO:0071456"	50
"10278"	"GO:0071459"	37
"10279"	"GO:0071461"	50
"10280"	"GO:0071462"	50
"10281"	"GO:0071464"	18
"10282"	"GO:0071466"	18
"10283"	"GO:0071467"	50
"10284"	"GO:0071468"	50
"10285"	"GO:0071469"	50
"10286"	"GO:0071470"	50
"10287"	"GO:0071471"	50
"10288"	"GO:0071472"	50
"10289"	"GO:0071474"	50
"10290"	"GO:0071475"	50
"10291"	"GO:0071476"	50
"10292"	"GO:0071477"	50
"10293"	"GO:0071478"	50
"10294"	"GO:0071479"	50
"10295"	"GO:0071480"	50
"10296"	"GO:0071481"	50
"10297"	"GO:0071482"	50
"10298"	"GO:0071483"	50
"10299"	"GO:0071484"	50
"10300"	"GO:0071485"	50
"10301"	"GO:0071486"	50
"10302"	"GO:0071492"	50
"10303"	"GO:0071493"	50
"10304"	"GO:0071494"	50
"10305"	"GO:0071495"	27
"10306"	"GO:0071496"	50
"10307"	"GO:0071498"	50
"10308"	"GO:0071499"	50
"10309"	"GO:0071500"	50
"10310"	"GO:0071501"	50
"10311"	"GO:0071502"	50
"10312"	"GO:0071503"	18
"10313"	"GO:0071504"	18
"10314"	"GO:0071505"	18
"10315"	"GO:0071506"	18
"10316"	"GO:0071514"	4
"10317"	"GO:0071526"	35
"10318"	"GO:0071528"	12
"10319"	"GO:0071529"	3
"10320"	"GO:0071539"	37
"10321"	"GO:0071542"	24
"10322"	"GO:0071543"	40
"10323"	"GO:0071544"	40
"10324"	"GO:0071545"	40
"10325"	"GO:0071548"	18
"10326"	"GO:0071549"	18
"10327"	"GO:0071550"	10
"10328"	"GO:0071559"	27
"10329"	"GO:0071560"	27
"10330"	"GO:0071569"	26
"10331"	"GO:0071573"	10
"10332"	"GO:0071577"	12
"10333"	"GO:0071578"	12
"10334"	"GO:0071579"	34
"10335"	"GO:0071580"	34
"10336"	"GO:0071581"	23
"10337"	"GO:0071582"	34
"10338"	"GO:0071583"	23
"10339"	"GO:0071584"	23
"10340"	"GO:0071585"	34
"10341"	"GO:0071586"	26
"10342"	"GO:0071588"	45
"10343"	"GO:0071593"	47
"10344"	"GO:0071596"	26
"10345"	"GO:0071599"	48
"10346"	"GO:0071600"	48
"10347"	"GO:0071602"	49
"10348"	"GO:0071603"	30
"10349"	"GO:0071604"	1
"10350"	"GO:0071605"	1
"10351"	"GO:0071606"	1
"10352"	"GO:0071608"	1
"10353"	"GO:0071609"	1
"10354"	"GO:0071610"	1
"10355"	"GO:0071611"	1
"10356"	"GO:0071612"	1
"10357"	"GO:0071613"	29
"10358"	"GO:0071616"	40
"10359"	"GO:0071621"	30
"10360"	"GO:0071622"	30
"10361"	"GO:0071623"	6
"10362"	"GO:0071624"	6
"10363"	"GO:0071625"	33
"10364"	"GO:0071626"	33
"10365"	"GO:0071629"	26
"10366"	"GO:0071630"	26
"10367"	"GO:0071634"	31
"10368"	"GO:0071635"	31
"10369"	"GO:0071636"	31
"10370"	"GO:0071637"	31
"10371"	"GO:0071638"	31
"10372"	"GO:0071639"	31
"10373"	"GO:0071640"	31
"10374"	"GO:0071641"	31
"10375"	"GO:0071642"	31
"10376"	"GO:0071643"	31
"10377"	"GO:0071644"	31
"10378"	"GO:0071649"	31
"10379"	"GO:0071650"	31
"10380"	"GO:0071651"	31
"10381"	"GO:0071652"	31
"10382"	"GO:0071654"	31
"10383"	"GO:0071655"	31
"10384"	"GO:0071656"	31
"10385"	"GO:0071657"	31
"10386"	"GO:0071658"	31
"10387"	"GO:0071659"	31
"10388"	"GO:0071660"	31
"10389"	"GO:0071661"	6
"10390"	"GO:0071663"	29
"10391"	"GO:0071670"	30
"10392"	"GO:0071671"	6
"10393"	"GO:0071672"	20
"10394"	"GO:0071673"	6
"10395"	"GO:0071674"	30
"10396"	"GO:0071675"	30
"10397"	"GO:0071676"	30
"10398"	"GO:0071677"	30
"10399"	"GO:0071678"	17
"10400"	"GO:0071679"	17
"10401"	"GO:0071680"	18
"10402"	"GO:0071681"	18
"10403"	"GO:0071684"	32
"10404"	"GO:0071688"	10
"10405"	"GO:0071691"	10
"10406"	"GO:0071692"	5
"10407"	"GO:0071693"	37
"10408"	"GO:0071694"	37
"10409"	"GO:0071695"	32
"10410"	"GO:0071696"	3
"10411"	"GO:0071697"	48
"10412"	"GO:0071698"	3
"10413"	"GO:0071699"	48
"10414"	"GO:0071705"	38
"10415"	"GO:0071706"	1
"10416"	"GO:0071707"	2
"10417"	"GO:0071709"	11
"10418"	"GO:0071711"	11
"10419"	"GO:0071715"	12
"10420"	"GO:0071716"	12
"10421"	"GO:0071724"	50
"10422"	"GO:0071725"	18
"10423"	"GO:0071726"	18
"10424"	"GO:0071727"	18
"10425"	"GO:0071731"	18
"10426"	"GO:0071732"	18
"10427"	"GO:0071763"	11
"10428"	"GO:0071765"	11
"10429"	"GO:0071772"	27
"10430"	"GO:0071773"	27
"10431"	"GO:0071774"	27
"10432"	"GO:0071786"	11
"10433"	"GO:0071787"	11
"10434"	"GO:0071788"	11
"10435"	"GO:0071798"	18
"10436"	"GO:0071799"	18
"10437"	"GO:0071800"	10
"10438"	"GO:0071801"	8
"10439"	"GO:0071803"	8
"10440"	"GO:0071805"	34
"10441"	"GO:0071806"	37
"10442"	"GO:0071812"	5
"10443"	"GO:0071816"	37
"10444"	"GO:0071824"	10
"10445"	"GO:0071825"	10
"10446"	"GO:0071826"	10
"10447"	"GO:0071827"	10
"10448"	"GO:0071830"	53
"10449"	"GO:0071831"	53
"10450"	"GO:0071838"	41
"10451"	"GO:0071839"	36
"10452"	"GO:0071840"	27
"10453"	"GO:0071846"	15
"10454"	"GO:0071863"	41
"10455"	"GO:0071864"	41
"10456"	"GO:0071865"	36
"10457"	"GO:0071866"	36
"10458"	"GO:0071867"	18
"10459"	"GO:0071868"	18
"10460"	"GO:0071869"	18
"10461"	"GO:0071870"	18
"10462"	"GO:0071871"	18
"10463"	"GO:0071872"	18
"10464"	"GO:0071873"	18
"10465"	"GO:0071874"	18
"10466"	"GO:0071875"	35
"10467"	"GO:0071877"	35
"10468"	"GO:0071878"	35
"10469"	"GO:0071879"	35
"10470"	"GO:0071880"	35
"10471"	"GO:0071881"	35
"10472"	"GO:0071882"	35
"10473"	"GO:0071887"	47
"10474"	"GO:0071888"	47
"10475"	"GO:0071895"	24
"10476"	"GO:0071896"	37
"10477"	"GO:0071897"	2
"10478"	"GO:0071900"	28
"10479"	"GO:0071901"	28
"10480"	"GO:0071902"	28
"10481"	"GO:0071907"	15
"10482"	"GO:0071908"	15
"10483"	"GO:0071909"	15
"10484"	"GO:0071910"	15
"10485"	"GO:0071911"	5
"10486"	"GO:0071918"	12
"10487"	"GO:0071919"	2
"10488"	"GO:0071926"	35
"10489"	"GO:0071929"	26
"10490"	"GO:0071932"	2
"10491"	"GO:0071934"	12
"10492"	"GO:0071938"	12
"10493"	"GO:0071939"	12
"10494"	"GO:0071941"	21
"10495"	"GO:0071947"	26
"10496"	"GO:0071951"	26
"10497"	"GO:0071955"	37
"10498"	"GO:0071960"	22
"10499"	"GO:0071962"	22
"10500"	"GO:0071963"	43
"10501"	"GO:0071965"	52
"10502"	"GO:0071971"	11
"10503"	"GO:0071976"	30
"10504"	"GO:0071985"	37
"10505"	"GO:0071988"	37
"10506"	"GO:0072001"	32
"10507"	"GO:0072003"	48
"10508"	"GO:0072004"	15
"10509"	"GO:0072006"	32
"10510"	"GO:0072007"	24
"10511"	"GO:0072008"	24
"10512"	"GO:0072009"	32
"10513"	"GO:0072010"	3
"10514"	"GO:0072011"	3
"10515"	"GO:0072012"	3
"10516"	"GO:0072014"	3
"10517"	"GO:0072015"	3
"10518"	"GO:0072016"	3
"10519"	"GO:0072017"	3
"10520"	"GO:0072019"	3
"10521"	"GO:0072020"	3
"10522"	"GO:0072021"	3
"10523"	"GO:0072022"	3
"10524"	"GO:0072023"	3
"10525"	"GO:0072024"	3
"10526"	"GO:0072025"	3
"10527"	"GO:0072027"	3
"10528"	"GO:0072028"	48
"10529"	"GO:0072032"	3
"10530"	"GO:0072033"	48
"10531"	"GO:0072034"	48
"10532"	"GO:0072036"	24
"10533"	"GO:0072038"	14
"10534"	"GO:0072039"	36
"10535"	"GO:0072040"	36
"10536"	"GO:0072044"	3
"10537"	"GO:0072046"	48
"10538"	"GO:0072047"	15
"10539"	"GO:0072048"	15
"10540"	"GO:0072049"	48
"10541"	"GO:0072050"	48
"10542"	"GO:0072051"	3
"10543"	"GO:0072053"	3
"10544"	"GO:0072054"	3
"10545"	"GO:0072055"	3
"10546"	"GO:0072059"	3
"10547"	"GO:0072060"	3
"10548"	"GO:0072061"	3
"10549"	"GO:0072069"	24
"10550"	"GO:0072070"	3
"10551"	"GO:0072071"	24
"10552"	"GO:0072073"	32
"10553"	"GO:0072074"	3
"10554"	"GO:0072075"	3
"10555"	"GO:0072076"	3
"10556"	"GO:0072077"	48
"10557"	"GO:0072078"	48
"10558"	"GO:0072079"	48
"10559"	"GO:0072080"	48
"10560"	"GO:0072081"	15
"10561"	"GO:0072086"	15
"10562"	"GO:0072087"	3
"10563"	"GO:0072088"	48
"10564"	"GO:0072089"	41
"10565"	"GO:0072091"	41
"10566"	"GO:0072092"	48
"10567"	"GO:0072093"	48
"10568"	"GO:0072095"	48
"10569"	"GO:0072098"	15
"10570"	"GO:0072102"	48
"10571"	"GO:0072103"	48
"10572"	"GO:0072104"	3
"10573"	"GO:0072105"	53
"10574"	"GO:0072106"	48
"10575"	"GO:0072107"	48
"10576"	"GO:0072108"	7
"10577"	"GO:0072109"	3
"10578"	"GO:0072110"	41
"10579"	"GO:0072111"	41
"10580"	"GO:0072112"	24
"10581"	"GO:0072114"	48
"10582"	"GO:0072124"	41
"10583"	"GO:0072125"	36
"10584"	"GO:0072126"	41
"10585"	"GO:0072127"	3
"10586"	"GO:0072128"	48
"10587"	"GO:0072129"	48
"10588"	"GO:0072130"	15
"10589"	"GO:0072131"	48
"10590"	"GO:0072132"	48
"10591"	"GO:0072133"	48
"10592"	"GO:0072134"	48
"10593"	"GO:0072135"	41
"10594"	"GO:0072136"	41
"10595"	"GO:0072137"	41
"10596"	"GO:0072138"	41
"10597"	"GO:0072139"	24
"10598"	"GO:0072141"	3
"10599"	"GO:0072143"	3
"10600"	"GO:0072144"	3
"10601"	"GO:0072148"	24
"10602"	"GO:0072156"	48
"10603"	"GO:0072158"	48
"10604"	"GO:0072160"	24
"10605"	"GO:0072161"	24
"10606"	"GO:0072162"	24
"10607"	"GO:0072163"	48
"10608"	"GO:0072164"	48
"10609"	"GO:0072165"	3
"10610"	"GO:0072166"	3
"10611"	"GO:0072167"	15
"10612"	"GO:0072168"	15
"10613"	"GO:0072169"	15
"10614"	"GO:0072170"	3
"10615"	"GO:0072171"	48
"10616"	"GO:0072172"	48
"10617"	"GO:0072173"	48
"10618"	"GO:0072174"	48
"10619"	"GO:0072175"	48
"10620"	"GO:0072176"	3
"10621"	"GO:0072177"	3
"10622"	"GO:0072178"	48
"10623"	"GO:0072179"	48
"10624"	"GO:0072180"	48
"10625"	"GO:0072181"	48
"10626"	"GO:0072182"	39
"10627"	"GO:0072183"	39
"10628"	"GO:0072184"	24
"10629"	"GO:0072185"	3
"10630"	"GO:0072186"	48
"10631"	"GO:0072189"	48
"10632"	"GO:0072190"	3
"10633"	"GO:0072191"	3
"10634"	"GO:0072193"	24
"10635"	"GO:0072194"	3
"10636"	"GO:0072195"	24
"10637"	"GO:0072197"	48
"10638"	"GO:0072198"	41
"10639"	"GO:0072199"	41
"10640"	"GO:0072200"	42
"10641"	"GO:0072201"	41
"10642"	"GO:0072202"	24
"10643"	"GO:0072203"	41
"10644"	"GO:0072205"	3
"10645"	"GO:0072206"	3
"10646"	"GO:0072207"	3
"10647"	"GO:0072208"	3
"10648"	"GO:0072209"	24
"10649"	"GO:0072210"	3
"10650"	"GO:0072213"	3
"10651"	"GO:0072214"	3
"10652"	"GO:0072215"	3
"10653"	"GO:0072216"	3
"10654"	"GO:0072217"	39
"10655"	"GO:0072218"	3
"10656"	"GO:0072219"	3
"10657"	"GO:0072220"	3
"10658"	"GO:0072221"	3
"10659"	"GO:0072223"	3
"10660"	"GO:0072224"	3
"10661"	"GO:0072227"	3
"10662"	"GO:0072229"	3
"10663"	"GO:0072230"	3
"10664"	"GO:0072232"	3
"10665"	"GO:0072233"	3
"10666"	"GO:0072234"	3
"10667"	"GO:0072235"	3
"10668"	"GO:0072236"	3
"10669"	"GO:0072237"	3
"10670"	"GO:0072239"	3
"10671"	"GO:0072240"	24
"10672"	"GO:0072243"	3
"10673"	"GO:0072244"	3
"10674"	"GO:0072248"	24
"10675"	"GO:0072249"	3
"10676"	"GO:0072254"	24
"10677"	"GO:0072255"	3
"10678"	"GO:0072257"	24
"10679"	"GO:0072258"	24
"10680"	"GO:0072259"	3
"10681"	"GO:0072262"	41
"10682"	"GO:0072265"	48
"10683"	"GO:0072266"	48
"10684"	"GO:0072267"	15
"10685"	"GO:0072268"	15
"10686"	"GO:0072272"	15
"10687"	"GO:0072273"	48
"10688"	"GO:0072274"	3
"10689"	"GO:0072275"	48
"10690"	"GO:0072276"	48
"10691"	"GO:0072277"	48
"10692"	"GO:0072278"	48
"10693"	"GO:0072282"	48
"10694"	"GO:0072283"	48
"10695"	"GO:0072284"	48
"10696"	"GO:0072285"	24
"10697"	"GO:0072286"	3
"10698"	"GO:0072287"	48
"10699"	"GO:0072289"	48
"10700"	"GO:0072298"	3
"10701"	"GO:0072300"	3
"10702"	"GO:0072301"	41
"10703"	"GO:0072302"	36
"10704"	"GO:0072303"	41
"10705"	"GO:0072304"	36
"10706"	"GO:0072305"	36
"10707"	"GO:0072307"	39
"10708"	"GO:0072308"	39
"10709"	"GO:0072309"	14
"10710"	"GO:0072310"	3
"10711"	"GO:0072311"	24
"10712"	"GO:0072312"	24
"10713"	"GO:0072313"	3
"10714"	"GO:0072318"	11
"10715"	"GO:0072319"	10
"10716"	"GO:0072329"	21
"10717"	"GO:0072330"	16
"10718"	"GO:0072331"	44
"10719"	"GO:0072332"	44
"10720"	"GO:0072334"	12
"10721"	"GO:0072337"	12
"10722"	"GO:0072338"	21
"10723"	"GO:0072340"	21
"10724"	"GO:0072343"	41
"10725"	"GO:0072344"	10
"10726"	"GO:0072347"	18
"10727"	"GO:0072348"	12
"10728"	"GO:0072350"	21
"10729"	"GO:0072356"	37
"10730"	"GO:0072359"	27
"10731"	"GO:0072376"	26
"10732"	"GO:0072377"	26
"10733"	"GO:0072378"	26
"10734"	"GO:0072383"	37
"10735"	"GO:0072384"	38
"10736"	"GO:0072385"	37
"10737"	"GO:0072386"	37
"10738"	"GO:0072387"	40
"10739"	"GO:0072388"	40
"10740"	"GO:0072389"	40
"10741"	"GO:0072393"	10
"10742"	"GO:0072396"	22
"10743"	"GO:0072402"	22
"10744"	"GO:0072414"	20
"10745"	"GO:0072423"	22
"10746"	"GO:0072429"	22
"10747"	"GO:0072432"	22
"10748"	"GO:0072488"	12
"10749"	"GO:0072489"	12
"10750"	"GO:0072497"	24
"10751"	"GO:0072498"	48
"10752"	"GO:0072513"	41
"10753"	"GO:0072520"	15
"10754"	"GO:0072521"	16
"10755"	"GO:0072522"	40
"10756"	"GO:0072523"	16
"10757"	"GO:0072524"	16
"10758"	"GO:0072525"	40
"10759"	"GO:0072526"	16
"10760"	"GO:0072527"	40
"10761"	"GO:0072528"	40
"10762"	"GO:0072529"	40
"10763"	"GO:0072530"	12
"10764"	"GO:0072531"	12
"10765"	"GO:0072535"	1
"10766"	"GO:0072537"	47
"10767"	"GO:0072538"	29
"10768"	"GO:0072539"	47
"10769"	"GO:0072540"	47
"10770"	"GO:0072553"	11
"10771"	"GO:0072554"	48
"10772"	"GO:0072560"	24
"10773"	"GO:0072564"	11
"10774"	"GO:0072566"	1
"10775"	"GO:0072567"	1
"10776"	"GO:0072573"	20
"10777"	"GO:0072574"	41
"10778"	"GO:0072575"	41
"10779"	"GO:0072576"	41
"10780"	"GO:0072577"	41
"10781"	"GO:0072578"	37
"10782"	"GO:0072579"	37
"10783"	"GO:0072583"	38
"10784"	"GO:0072584"	38
"10785"	"GO:0072592"	21
"10786"	"GO:0072593"	16
"10787"	"GO:0072594"	38
"10788"	"GO:0072595"	37
"10789"	"GO:0072599"	37
"10790"	"GO:0072639"	1
"10791"	"GO:0072655"	37
"10792"	"GO:0072656"	37
"10793"	"GO:0072657"	37
"10794"	"GO:0072658"	37
"10795"	"GO:0072659"	38
"10796"	"GO:0072660"	37
"10797"	"GO:0072662"	37
"10798"	"GO:0072663"	37
"10799"	"GO:0072665"	37
"10800"	"GO:0072666"	37
"10801"	"GO:0072672"	30
"10802"	"GO:0072673"	11
"10803"	"GO:0072674"	24
"10804"	"GO:0072675"	3
"10805"	"GO:0072676"	30
"10806"	"GO:0072677"	30
"10807"	"GO:0072678"	30
"10808"	"GO:0072679"	30
"10809"	"GO:0072680"	30
"10810"	"GO:0072681"	30
"10811"	"GO:0072682"	47
"10812"	"GO:0072683"	30
"10813"	"GO:0072695"	2
"10814"	"GO:0072697"	37
"10815"	"GO:0072698"	37
"10816"	"GO:0072702"	18
"10817"	"GO:0072703"	18
"10818"	"GO:0072706"	18
"10819"	"GO:0072707"	18
"10820"	"GO:0072708"	18
"10821"	"GO:0072709"	18
"10822"	"GO:0072710"	18
"10823"	"GO:0072711"	18
"10824"	"GO:0072714"	18
"10825"	"GO:0072715"	18
"10826"	"GO:0072716"	18
"10827"	"GO:0072717"	18
"10828"	"GO:0072718"	18
"10829"	"GO:0072719"	18
"10830"	"GO:0072720"	18
"10831"	"GO:0072721"	18
"10832"	"GO:0072732"	50
"10833"	"GO:0072733"	18
"10834"	"GO:0072734"	18
"10835"	"GO:0072737"	18
"10836"	"GO:0072738"	18
"10837"	"GO:0072739"	18
"10838"	"GO:0072740"	18
"10839"	"GO:0072749"	18
"10840"	"GO:0072750"	18
"10841"	"GO:0072752"	18
"10842"	"GO:0072757"	18
"10843"	"GO:0075071"	1
"10844"	"GO:0075136"	1
"10845"	"GO:0075294"	1
"10846"	"GO:0075342"	1
"10847"	"GO:0075506"	12
"10848"	"GO:0075509"	12
"10849"	"GO:0075512"	12
"10850"	"GO:0075519"	37
"10851"	"GO:0075521"	12
"10852"	"GO:0075522"	25
"10853"	"GO:0075523"	25
"10854"	"GO:0075525"	25
"10855"	"GO:0075528"	1
"10856"	"GO:0075606"	12
"10857"	"GO:0075713"	2
"10858"	"GO:0075732"	12
"10859"	"GO:0075733"	12
"10860"	"GO:0080021"	18
"10861"	"GO:0080090"	27
"10862"	"GO:0080120"	26
"10863"	"GO:0080121"	12
"10864"	"GO:0080129"	10
"10865"	"GO:0080134"	27
"10866"	"GO:0080135"	44
"10867"	"GO:0080144"	34
"10868"	"GO:0080154"	22
"10869"	"GO:0080164"	16
"10870"	"GO:0080170"	12
"10871"	"GO:0080171"	11
"10872"	"GO:0080184"	18
"10873"	"GO:0085017"	1
"10874"	"GO:0085020"	26
"10875"	"GO:0085029"	10
"10876"	"GO:0086001"	51
"10877"	"GO:0086002"	51
"10878"	"GO:0086003"	51
"10879"	"GO:0086004"	51
"10880"	"GO:0086005"	51
"10881"	"GO:0086009"	51
"10882"	"GO:0086010"	51
"10883"	"GO:0086011"	51
"10884"	"GO:0086012"	51
"10885"	"GO:0086013"	51
"10886"	"GO:0086014"	51
"10887"	"GO:0086015"	51
"10888"	"GO:0086016"	51
"10889"	"GO:0086017"	51
"10890"	"GO:0086018"	51
"10891"	"GO:0086019"	51
"10892"	"GO:0086021"	51
"10893"	"GO:0086023"	35
"10894"	"GO:0086026"	51
"10895"	"GO:0086027"	51
"10896"	"GO:0086028"	51
"10897"	"GO:0086029"	51
"10898"	"GO:0086030"	51
"10899"	"GO:0086036"	51
"10900"	"GO:0086042"	51
"10901"	"GO:0086043"	51
"10902"	"GO:0086044"	51
"10903"	"GO:0086045"	51
"10904"	"GO:0086046"	51
"10905"	"GO:0086047"	51
"10906"	"GO:0086048"	51
"10907"	"GO:0086050"	51
"10908"	"GO:0086052"	51
"10909"	"GO:0086053"	51
"10910"	"GO:0086054"	51
"10911"	"GO:0086055"	51
"10912"	"GO:0086064"	51
"10913"	"GO:0086065"	51
"10914"	"GO:0086066"	51
"10915"	"GO:0086067"	51
"10916"	"GO:0086068"	51
"10917"	"GO:0086069"	51
"10918"	"GO:0086070"	51
"10919"	"GO:0086072"	51
"10920"	"GO:0086073"	51
"10921"	"GO:0086091"	51
"10922"	"GO:0086092"	53
"10923"	"GO:0086097"	35
"10924"	"GO:0086098"	35
"10925"	"GO:0086100"	35
"10926"	"GO:0086101"	35
"10927"	"GO:0086103"	35
"10928"	"GO:0089708"	12
"10929"	"GO:0089709"	12
"10930"	"GO:0089718"	12
"10931"	"GO:0090009"	48
"10932"	"GO:0090022"	30
"10933"	"GO:0090023"	30
"10934"	"GO:0090024"	6
"10935"	"GO:0090025"	30
"10936"	"GO:0090026"	30
"10937"	"GO:0090027"	6
"10938"	"GO:0090030"	46
"10939"	"GO:0090031"	46
"10940"	"GO:0090032"	46
"10941"	"GO:0090033"	7
"10942"	"GO:0090034"	8
"10943"	"GO:0090035"	8
"10944"	"GO:0090036"	44
"10945"	"GO:0090037"	9
"10946"	"GO:0090038"	9
"10947"	"GO:0090042"	26
"10948"	"GO:0090043"	46
"10949"	"GO:0090044"	46
"10950"	"GO:0090045"	19
"10951"	"GO:0090049"	30
"10952"	"GO:0090050"	30
"10953"	"GO:0090051"	30
"10954"	"GO:0090063"	8
"10955"	"GO:0090066"	30
"10956"	"GO:0090067"	3
"10957"	"GO:0090068"	22
"10958"	"GO:0090069"	8
"10959"	"GO:0090070"	8
"10960"	"GO:0090071"	8
"10961"	"GO:0090074"	19
"10962"	"GO:0090075"	53
"10963"	"GO:0090076"	53
"10964"	"GO:0090077"	24
"10965"	"GO:0090080"	9
"10966"	"GO:0090083"	8
"10967"	"GO:0090084"	8
"10968"	"GO:0090085"	19
"10969"	"GO:0090086"	46
"10970"	"GO:0090087"	5
"10971"	"GO:0090088"	5
"10972"	"GO:0090089"	23
"10973"	"GO:0090090"	44
"10974"	"GO:0090091"	43
"10975"	"GO:0090092"	9
"10976"	"GO:0090094"	41
"10977"	"GO:0090095"	41
"10978"	"GO:0090096"	41
"10979"	"GO:0090100"	9
"10980"	"GO:0090101"	9
"10981"	"GO:0090102"	32
"10982"	"GO:0090103"	48
"10983"	"GO:0090104"	24
"10984"	"GO:0090107"	8
"10985"	"GO:0090108"	43
"10986"	"GO:0090109"	43
"10987"	"GO:0090110"	37
"10988"	"GO:0090114"	11
"10989"	"GO:0090117"	12
"10990"	"GO:0090118"	12
"10991"	"GO:0090119"	12
"10992"	"GO:0090122"	49
"10993"	"GO:0090125"	11
"10994"	"GO:0090126"	10
"10995"	"GO:0090128"	43
"10996"	"GO:0090129"	43
"10997"	"GO:0090130"	30
"10998"	"GO:0090131"	30
"10999"	"GO:0090132"	30
"11000"	"GO:0090133"	14
"11001"	"GO:0090134"	30
"11002"	"GO:0090135"	11
"11003"	"GO:0090136"	30
"11004"	"GO:0090138"	8
"11005"	"GO:0090140"	43
"11006"	"GO:0090141"	43
"11007"	"GO:0090143"	11
"11008"	"GO:0090144"	11
"11009"	"GO:0090148"	11
"11010"	"GO:0090149"	11
"11011"	"GO:0090150"	37
"11012"	"GO:0090151"	37
"11013"	"GO:0090152"	37
"11014"	"GO:0090153"	46
"11015"	"GO:0090154"	46
"11016"	"GO:0090155"	46
"11017"	"GO:0090156"	34
"11018"	"GO:0090158"	11
"11019"	"GO:0090160"	37
"11020"	"GO:0090161"	11
"11021"	"GO:0090162"	38
"11022"	"GO:0090164"	11
"11023"	"GO:0090166"	11
"11024"	"GO:0090168"	11
"11025"	"GO:0090169"	8
"11026"	"GO:0090170"	8
"11027"	"GO:0090171"	24
"11028"	"GO:0090174"	11
"11029"	"GO:0090175"	48
"11030"	"GO:0090176"	11
"11031"	"GO:0090177"	48
"11032"	"GO:0090178"	48
"11033"	"GO:0090181"	46
"11034"	"GO:0090182"	5
"11035"	"GO:0090183"	48
"11036"	"GO:0090184"	3
"11037"	"GO:0090185"	39
"11038"	"GO:0090186"	5
"11039"	"GO:0090187"	5
"11040"	"GO:0090188"	5
"11041"	"GO:0090189"	48
"11042"	"GO:0090190"	48
"11043"	"GO:0090191"	48
"11044"	"GO:0090192"	3
"11045"	"GO:0090193"	3
"11046"	"GO:0090194"	3
"11047"	"GO:0090199"	44
"11048"	"GO:0090200"	43
"11049"	"GO:0090201"	44
"11050"	"GO:0090204"	37
"11051"	"GO:0090205"	46
"11052"	"GO:0090206"	46
"11053"	"GO:0090207"	46
"11054"	"GO:0090208"	46
"11055"	"GO:0090209"	46
"11056"	"GO:0090210"	39
"11057"	"GO:0090212"	39
"11058"	"GO:0090214"	3
"11059"	"GO:0090218"	19
"11060"	"GO:0090219"	19
"11061"	"GO:0090220"	22
"11062"	"GO:0090222"	10
"11063"	"GO:0090224"	8
"11064"	"GO:0090230"	8
"11065"	"GO:0090231"	22
"11066"	"GO:0090232"	22
"11067"	"GO:0090233"	42
"11068"	"GO:0090234"	8
"11069"	"GO:0090235"	22
"11070"	"GO:0090237"	5
"11071"	"GO:0090238"	5
"11072"	"GO:0090244"	35
"11073"	"GO:0090245"	48
"11074"	"GO:0090246"	48
"11075"	"GO:0090248"	30
"11076"	"GO:0090249"	30
"11077"	"GO:0090251"	37
"11078"	"GO:0090257"	53
"11079"	"GO:0090258"	43
"11080"	"GO:0090259"	17
"11081"	"GO:0090260"	20
"11082"	"GO:0090261"	8
"11083"	"GO:0090262"	2
"11084"	"GO:0090263"	9
"11085"	"GO:0090264"	6
"11086"	"GO:0090265"	13
"11087"	"GO:0090266"	22
"11088"	"GO:0090267"	22
"11089"	"GO:0090269"	1
"11090"	"GO:0090270"	31
"11091"	"GO:0090271"	31
"11092"	"GO:0090272"	31
"11093"	"GO:0090273"	5
"11094"	"GO:0090274"	5
"11095"	"GO:0090275"	5
"11096"	"GO:0090276"	5
"11097"	"GO:0090277"	5
"11098"	"GO:0090278"	5
"11099"	"GO:0090279"	34
"11100"	"GO:0090280"	34
"11101"	"GO:0090281"	34
"11102"	"GO:0090287"	9
"11103"	"GO:0090288"	9
"11104"	"GO:0090289"	41
"11105"	"GO:0090290"	41
"11106"	"GO:0090291"	36
"11107"	"GO:0090292"	37
"11108"	"GO:0090293"	4
"11109"	"GO:0090294"	4
"11110"	"GO:0090296"	4
"11111"	"GO:0090297"	2
"11112"	"GO:0090298"	4
"11113"	"GO:0090299"	39
"11114"	"GO:0090301"	39
"11115"	"GO:0090303"	30
"11116"	"GO:0090304"	27
"11117"	"GO:0090306"	22
"11118"	"GO:0090307"	22
"11119"	"GO:0090310"	4
"11120"	"GO:0090311"	28
"11121"	"GO:0090312"	46
"11122"	"GO:0090313"	38
"11123"	"GO:0090314"	23
"11124"	"GO:0090315"	51
"11125"	"GO:0090316"	38
"11126"	"GO:0090317"	38
"11127"	"GO:0090320"	53
"11128"	"GO:0090321"	53
"11129"	"GO:0090322"	46
"11130"	"GO:0090323"	5
"11131"	"GO:0090324"	16
"11132"	"GO:0090325"	53
"11133"	"GO:0090326"	53
"11134"	"GO:0090327"	53
"11135"	"GO:0090329"	2
"11136"	"GO:0090330"	30
"11137"	"GO:0090331"	30
"11138"	"GO:0090335"	16
"11139"	"GO:0090336"	7
"11140"	"GO:0090340"	5
"11141"	"GO:0090341"	5
"11142"	"GO:0090345"	49
"11143"	"GO:0090346"	49
"11144"	"GO:0090347"	46
"11145"	"GO:0090348"	46
"11146"	"GO:0090349"	46
"11147"	"GO:0090350"	46
"11148"	"GO:0090357"	46
"11149"	"GO:0090360"	1
"11150"	"GO:0090361"	31
"11151"	"GO:0090362"	31
"11152"	"GO:0090364"	8
"11153"	"GO:0090365"	4
"11154"	"GO:0090367"	4
"11155"	"GO:0090370"	5
"11156"	"GO:0090382"	11
"11157"	"GO:0090383"	34
"11158"	"GO:0090384"	11
"11159"	"GO:0090385"	11
"11160"	"GO:0090386"	11
"11161"	"GO:0090387"	11
"11162"	"GO:0090389"	11
"11163"	"GO:0090394"	45
"11164"	"GO:0090398"	27
"11165"	"GO:0090399"	2
"11166"	"GO:0090400"	44
"11167"	"GO:0090402"	2
"11168"	"GO:0090403"	50
"11169"	"GO:0090407"	16
"11170"	"GO:0090410"	21
"11171"	"GO:0090425"	24
"11172"	"GO:0090427"	22
"11173"	"GO:0090435"	37
"11174"	"GO:0090459"	50
"11175"	"GO:0090461"	34
"11176"	"GO:0090472"	26
"11177"	"GO:0090480"	12
"11178"	"GO:0090481"	12
"11179"	"GO:0090493"	5
"11180"	"GO:0090494"	5
"11181"	"GO:0090497"	30
"11182"	"GO:0090500"	24
"11183"	"GO:0090504"	48
"11184"	"GO:0090505"	48
"11185"	"GO:0090520"	35
"11186"	"GO:0090521"	30
"11187"	"GO:0090522"	11
"11188"	"GO:0090529"	10
"11189"	"GO:0090557"	3
"11190"	"GO:0090559"	43
"11191"	"GO:0090592"	2
"11192"	"GO:0090594"	1
"11193"	"GO:0090596"	32
"11194"	"GO:0090598"	48
"11195"	"GO:0090601"	10
"11196"	"GO:0090611"	26
"11197"	"GO:0090615"	25
"11198"	"GO:0090618"	2
"11199"	"GO:0090625"	4
"11200"	"GO:0090630"	19
"11201"	"GO:0090634"	6
"11202"	"GO:0090646"	25
"11203"	"GO:0090648"	18
"11204"	"GO:0090649"	50
"11205"	"GO:0090650"	50
"11206"	"GO:0090656"	2
"11207"	"GO:0090657"	2
"11208"	"GO:0090659"	33
"11209"	"GO:0090660"	15
"11210"	"GO:0090663"	35
"11211"	"GO:0090666"	37
"11212"	"GO:0090667"	30
"11213"	"GO:0090668"	30
"11214"	"GO:0090669"	4
"11215"	"GO:0090670"	37
"11216"	"GO:0090671"	37
"11217"	"GO:0090672"	37
"11218"	"GO:0090673"	30
"11219"	"GO:0090674"	30
"11220"	"GO:0090675"	11
"11221"	"GO:0090676"	34
"11222"	"GO:0090677"	24
"11223"	"GO:0090678"	24
"11224"	"GO:0090679"	24
"11225"	"GO:0090685"	37
"11226"	"GO:0090713"	29
"11227"	"GO:0090715"	47
"11228"	"GO:0090716"	29
"11229"	"GO:0090717"	29
"11230"	"GO:0090720"	29
"11231"	"GO:0090721"	29
"11232"	"GO:0090731"	18
"11233"	"GO:0090735"	10
"11234"	"GO:0090737"	2
"11235"	"GO:0093001"	40
"11236"	"GO:0095500"	35
"11237"	"GO:0097006"	53
"11238"	"GO:0097009"	52
"11239"	"GO:0097010"	10
"11240"	"GO:0097011"	18
"11241"	"GO:0097012"	18
"11242"	"GO:0097017"	33
"11243"	"GO:0097018"	33
"11244"	"GO:0097021"	47
"11245"	"GO:0097022"	47
"11246"	"GO:0097026"	11
"11247"	"GO:0097028"	47
"11248"	"GO:0097029"	47
"11249"	"GO:0097035"	11
"11250"	"GO:0097036"	43
"11251"	"GO:0097037"	12
"11252"	"GO:0097039"	26
"11253"	"GO:0097045"	43
"11254"	"GO:0097048"	47
"11255"	"GO:0097049"	17
"11256"	"GO:0097050"	36
"11257"	"GO:0097051"	37
"11258"	"GO:0097052"	21
"11259"	"GO:0097053"	21
"11260"	"GO:0097055"	49
"11261"	"GO:0097061"	11
"11262"	"GO:0097062"	11
"11263"	"GO:0097065"	3
"11264"	"GO:0097066"	18
"11265"	"GO:0097067"	18
"11266"	"GO:0097068"	18
"11267"	"GO:0097069"	18
"11268"	"GO:0097070"	48
"11269"	"GO:0097080"	12
"11270"	"GO:0097084"	24
"11271"	"GO:0097086"	24
"11272"	"GO:0097087"	1
"11273"	"GO:0097089"	21
"11274"	"GO:0097090"	11
"11275"	"GO:0097091"	37
"11276"	"GO:0097094"	48
"11277"	"GO:0097101"	24
"11278"	"GO:0097102"	24
"11279"	"GO:0097104"	11
"11280"	"GO:0097105"	11
"11281"	"GO:0097106"	11
"11282"	"GO:0097107"	11
"11283"	"GO:0097111"	11
"11284"	"GO:0097112"	37
"11285"	"GO:0097113"	37
"11286"	"GO:0097114"	37
"11287"	"GO:0097115"	37
"11288"	"GO:0097116"	37
"11289"	"GO:0097117"	37
"11290"	"GO:0097118"	37
"11291"	"GO:0097119"	37
"11292"	"GO:0097120"	38
"11293"	"GO:0097150"	14
"11294"	"GO:0097151"	33
"11295"	"GO:0097152"	14
"11296"	"GO:0097154"	17
"11297"	"GO:0097155"	17
"11298"	"GO:0097156"	17
"11299"	"GO:0097164"	49
"11300"	"GO:0097166"	41
"11301"	"GO:0097167"	4
"11302"	"GO:0097168"	41
"11303"	"GO:0097176"	49
"11304"	"GO:0097178"	11
"11305"	"GO:0097184"	18
"11306"	"GO:0097185"	18
"11307"	"GO:0097186"	32
"11308"	"GO:0097187"	3
"11309"	"GO:0097188"	3
"11310"	"GO:0097190"	44
"11311"	"GO:0097191"	44
"11312"	"GO:0097192"	44
"11313"	"GO:0097193"	44
"11314"	"GO:0097194"	44
"11315"	"GO:0097195"	53
"11316"	"GO:0097202"	19
"11317"	"GO:0097205"	33
"11318"	"GO:0097210"	18
"11319"	"GO:0097211"	18
"11320"	"GO:0097212"	11
"11321"	"GO:0097213"	43
"11322"	"GO:0097214"	43
"11323"	"GO:0097222"	25
"11324"	"GO:0097237"	50
"11325"	"GO:0097238"	18
"11326"	"GO:0097240"	22
"11327"	"GO:0097241"	47
"11328"	"GO:0097242"	38
"11329"	"GO:0097250"	10
"11330"	"GO:0097252"	24
"11331"	"GO:0097254"	33
"11332"	"GO:0097264"	26
"11333"	"GO:0097267"	21
"11334"	"GO:0097272"	34
"11335"	"GO:0097278"	29
"11336"	"GO:0097279"	5
"11337"	"GO:0097280"	5
"11338"	"GO:0097281"	29
"11339"	"GO:0097283"	36
"11340"	"GO:0097284"	36
"11341"	"GO:0097291"	33
"11342"	"GO:0097292"	40
"11343"	"GO:0097293"	40
"11344"	"GO:0097294"	40
"11345"	"GO:0097298"	43
"11346"	"GO:0097300"	44
"11347"	"GO:0097305"	18
"11348"	"GO:0097306"	18
"11349"	"GO:0097314"	10
"11350"	"GO:0097320"	11
"11351"	"GO:0097323"	47
"11352"	"GO:0097324"	30
"11353"	"GO:0097325"	41
"11354"	"GO:0097326"	30
"11355"	"GO:0097327"	18
"11356"	"GO:0097332"	18
"11357"	"GO:0097340"	31
"11358"	"GO:0097341"	31
"11359"	"GO:0097343"	10
"11360"	"GO:0097345"	43
"11361"	"GO:0097350"	12
"11362"	"GO:0097352"	11
"11363"	"GO:0097354"	26
"11364"	"GO:0097355"	37
"11365"	"GO:0097359"	40
"11366"	"GO:0097360"	41
"11367"	"GO:0097368"	3
"11368"	"GO:0097370"	26
"11369"	"GO:0097374"	17
"11370"	"GO:0097376"	17
"11371"	"GO:0097377"	17
"11372"	"GO:0097378"	17
"11373"	"GO:0097379"	17
"11374"	"GO:0097380"	17
"11375"	"GO:0097396"	18
"11376"	"GO:0097398"	18
"11377"	"GO:0097400"	35
"11378"	"GO:0097401"	34
"11379"	"GO:0097402"	17
"11380"	"GO:0097403"	18
"11381"	"GO:0097411"	45
"11382"	"GO:0097421"	32
"11383"	"GO:0097428"	26
"11384"	"GO:0097435"	10
"11385"	"GO:0097466"	26
"11386"	"GO:0097468"	36
"11387"	"GO:0097473"	24
"11388"	"GO:0097474"	24
"11389"	"GO:0097475"	17
"11390"	"GO:0097476"	17
"11391"	"GO:0097477"	17
"11392"	"GO:0097479"	38
"11393"	"GO:0097484"	17
"11394"	"GO:0097485"	17
"11395"	"GO:0097490"	17
"11396"	"GO:0097491"	17
"11397"	"GO:0097492"	17
"11398"	"GO:0097494"	43
"11399"	"GO:0097497"	30
"11400"	"GO:0097498"	48
"11401"	"GO:0097499"	37
"11402"	"GO:0097500"	37
"11403"	"GO:0097501"	50
"11404"	"GO:0097502"	26
"11405"	"GO:0097503"	26
"11406"	"GO:0097510"	2
"11407"	"GO:0097527"	44
"11408"	"GO:0097528"	11
"11409"	"GO:0097529"	30
"11410"	"GO:0097530"	30
"11411"	"GO:0097531"	30
"11412"	"GO:0097532"	50
"11413"	"GO:0097533"	50
"11414"	"GO:0097534"	30
"11415"	"GO:0097535"	24
"11416"	"GO:0097536"	48
"11417"	"GO:0097551"	2
"11418"	"GO:0097552"	2
"11419"	"GO:0097553"	34
"11420"	"GO:0097576"	11
"11421"	"GO:0097577"	34
"11422"	"GO:0097581"	11
"11423"	"GO:0097601"	52
"11424"	"GO:0097623"	34
"11425"	"GO:0097638"	12
"11426"	"GO:0097639"	12
"11427"	"GO:0097640"	12
"11428"	"GO:0097646"	35
"11429"	"GO:0097647"	35
"11430"	"GO:0097680"	2
"11431"	"GO:0097681"	2
"11432"	"GO:0097688"	37
"11433"	"GO:0097694"	37
"11434"	"GO:0097695"	37
"11435"	"GO:0097696"	28
"11436"	"GO:0097698"	2
"11437"	"GO:0097699"	47
"11438"	"GO:0097707"	36
"11439"	"GO:0097709"	33
"11440"	"GO:0097711"	11
"11441"	"GO:0097712"	37
"11442"	"GO:0097719"	3
"11443"	"GO:0097720"	44
"11444"	"GO:0097722"	15
"11445"	"GO:0097734"	11
"11446"	"GO:0097742"	10
"11447"	"GO:0097744"	33
"11448"	"GO:0097745"	25
"11449"	"GO:0097746"	33
"11450"	"GO:0097749"	11
"11451"	"GO:0097750"	11
"11452"	"GO:0097752"	2
"11453"	"GO:0097753"	11
"11454"	"GO:0098038"	2
"11455"	"GO:0098508"	39
"11456"	"GO:0098528"	24
"11457"	"GO:0098529"	11
"11458"	"GO:0098530"	2
"11459"	"GO:0098534"	10
"11460"	"GO:0098535"	10
"11461"	"GO:0098542"	1
"11462"	"GO:0098543"	1
"11463"	"GO:0098544"	37
"11464"	"GO:0098581"	1
"11465"	"GO:0098583"	33
"11466"	"GO:0098586"	1
"11467"	"GO:0098596"	33
"11468"	"GO:0098597"	33
"11469"	"GO:0098598"	33
"11470"	"GO:0098609"	30
"11471"	"GO:0098629"	11
"11472"	"GO:0098630"	10
"11473"	"GO:0098655"	34
"11474"	"GO:0098656"	34
"11475"	"GO:0098657"	38
"11476"	"GO:0098658"	12
"11477"	"GO:0098659"	34
"11478"	"GO:0098660"	34
"11479"	"GO:0098661"	34
"11480"	"GO:0098662"	34
"11481"	"GO:0098664"	35
"11482"	"GO:0098670"	1
"11483"	"GO:0098693"	23
"11484"	"GO:0098694"	43
"11485"	"GO:0098696"	43
"11486"	"GO:0098698"	11
"11487"	"GO:0098700"	12
"11488"	"GO:0098703"	34
"11489"	"GO:0098704"	12
"11490"	"GO:0098705"	12
"11491"	"GO:0098708"	12
"11492"	"GO:0098711"	34
"11493"	"GO:0098712"	12
"11494"	"GO:0098718"	12
"11495"	"GO:0098719"	34
"11496"	"GO:0098722"	14
"11497"	"GO:0098725"	22
"11498"	"GO:0098727"	27
"11499"	"GO:0098728"	14
"11500"	"GO:0098732"	26
"11501"	"GO:0098734"	26
"11502"	"GO:0098735"	53
"11503"	"GO:0098736"	53
"11504"	"GO:0098737"	37
"11505"	"GO:0098739"	34
"11506"	"GO:0098742"	30
"11507"	"GO:0098743"	32
"11508"	"GO:0098746"	45
"11509"	"GO:0098749"	17
"11510"	"GO:0098751"	24
"11511"	"GO:0098754"	50
"11512"	"GO:0098756"	18
"11513"	"GO:0098757"	18
"11514"	"GO:0098758"	18
"11515"	"GO:0098759"	18
"11516"	"GO:0098760"	18
"11517"	"GO:0098761"	18
"11518"	"GO:0098771"	34
"11519"	"GO:0098773"	32
"11520"	"GO:0098780"	50
"11521"	"GO:0098784"	10
"11522"	"GO:0098786"	11
"11523"	"GO:0098792"	26
"11524"	"GO:0098795"	4
"11525"	"GO:0098801"	53
"11526"	"GO:0098810"	38
"11527"	"GO:0098813"	22
"11528"	"GO:0098814"	45
"11529"	"GO:0098815"	33
"11530"	"GO:0098816"	45
"11531"	"GO:0098828"	33
"11532"	"GO:0098829"	33
"11533"	"GO:0098838"	12
"11534"	"GO:0098840"	37
"11535"	"GO:0098849"	34
"11536"	"GO:0098856"	33
"11537"	"GO:0098868"	14
"11538"	"GO:0098869"	50
"11539"	"GO:0098870"	51
"11540"	"GO:0098874"	45
"11541"	"GO:0098876"	38
"11542"	"GO:0098877"	37
"11543"	"GO:0098880"	11
"11544"	"GO:0098883"	11
"11545"	"GO:0098884"	38
"11546"	"GO:0098885"	11
"11547"	"GO:0098886"	11
"11548"	"GO:0098887"	37
"11549"	"GO:0098900"	51
"11550"	"GO:0098901"	51
"11551"	"GO:0098902"	51
"11552"	"GO:0098903"	51
"11553"	"GO:0098904"	51
"11554"	"GO:0098905"	51
"11555"	"GO:0098906"	51
"11556"	"GO:0098907"	51
"11557"	"GO:0098908"	33
"11558"	"GO:0098909"	51
"11559"	"GO:0098910"	51
"11560"	"GO:0098911"	51
"11561"	"GO:0098912"	51
"11562"	"GO:0098914"	51
"11563"	"GO:0098915"	51
"11564"	"GO:0098916"	45
"11565"	"GO:0098917"	45
"11566"	"GO:0098920"	45
"11567"	"GO:0098921"	45
"11568"	"GO:0098923"	45
"11569"	"GO:0098924"	45
"11570"	"GO:0098925"	45
"11571"	"GO:0098926"	45
"11572"	"GO:0098927"	38
"11573"	"GO:0098928"	45
"11574"	"GO:0098930"	37
"11575"	"GO:0098935"	37
"11576"	"GO:0098937"	37
"11577"	"GO:0098939"	37
"11578"	"GO:0098942"	45
"11579"	"GO:0098943"	37
"11580"	"GO:0098953"	37
"11581"	"GO:0098957"	37
"11582"	"GO:0098958"	37
"11583"	"GO:0098961"	37
"11584"	"GO:0098962"	45
"11585"	"GO:0098963"	37
"11586"	"GO:0098964"	37
"11587"	"GO:0098967"	5
"11588"	"GO:0098968"	37
"11589"	"GO:0098969"	38
"11590"	"GO:0098970"	45
"11591"	"GO:0098971"	37
"11592"	"GO:0098972"	37
"11593"	"GO:0098974"	11
"11594"	"GO:0098976"	45
"11595"	"GO:0098977"	45
"11596"	"GO:0098990"	35
"11597"	"GO:0099003"	38
"11598"	"GO:0099010"	11
"11599"	"GO:0099011"	5
"11600"	"GO:0099022"	11
"11601"	"GO:0099024"	11
"11602"	"GO:0099039"	12
"11603"	"GO:0099040"	12
"11604"	"GO:0099041"	11
"11605"	"GO:0099044"	11
"11606"	"GO:0099046"	1
"11607"	"GO:0099054"	11
"11608"	"GO:0099068"	11
"11609"	"GO:0099072"	38
"11610"	"GO:0099074"	38
"11611"	"GO:0099075"	37
"11612"	"GO:0099082"	45
"11613"	"GO:0099084"	11
"11614"	"GO:0099088"	37
"11615"	"GO:0099093"	34
"11616"	"GO:0099105"	35
"11617"	"GO:0099109"	45
"11618"	"GO:0099111"	38
"11619"	"GO:0099116"	25
"11620"	"GO:0099118"	37
"11621"	"GO:0099123"	5
"11622"	"GO:0099140"	11
"11623"	"GO:0099145"	23
"11624"	"GO:0099149"	23
"11625"	"GO:0099150"	43
"11626"	"GO:0099151"	43
"11627"	"GO:0099152"	23
"11628"	"GO:0099156"	45
"11629"	"GO:0099158"	23
"11630"	"GO:0099159"	43
"11631"	"GO:0099161"	5
"11632"	"GO:0099163"	45
"11633"	"GO:0099170"	45
"11634"	"GO:0099171"	45
"11635"	"GO:0099172"	11
"11636"	"GO:0099173"	11
"11637"	"GO:0099174"	43
"11638"	"GO:0099175"	11
"11639"	"GO:0099177"	45
"11640"	"GO:0099178"	45
"11641"	"GO:0099179"	43
"11642"	"GO:0099180"	34
"11643"	"GO:0099183"	45
"11644"	"GO:0099185"	11
"11645"	"GO:0099187"	11
"11646"	"GO:0099188"	11
"11647"	"GO:0099191"	45
"11648"	"GO:0099403"	22
"11649"	"GO:0099404"	22
"11650"	"GO:0099500"	11
"11651"	"GO:0099502"	23
"11652"	"GO:0099504"	38
"11653"	"GO:0099505"	51
"11654"	"GO:0099509"	34
"11655"	"GO:0099514"	37
"11656"	"GO:0099515"	38
"11657"	"GO:0099517"	37
"11658"	"GO:0099518"	38
"11659"	"GO:0099519"	37
"11660"	"GO:0099525"	5
"11661"	"GO:0099526"	45
"11662"	"GO:0099527"	45
"11663"	"GO:0099532"	37
"11664"	"GO:0099536"	33
"11665"	"GO:0099537"	45
"11666"	"GO:0099538"	45
"11667"	"GO:0099540"	45
"11668"	"GO:0099541"	45
"11669"	"GO:0099542"	45
"11670"	"GO:0099543"	45
"11671"	"GO:0099545"	45
"11672"	"GO:0099547"	4
"11673"	"GO:0099548"	45
"11674"	"GO:0099550"	45
"11675"	"GO:0099551"	45
"11676"	"GO:0099552"	45
"11677"	"GO:0099553"	45
"11678"	"GO:0099554"	45
"11679"	"GO:0099555"	45
"11680"	"GO:0099557"	45
"11681"	"GO:0099558"	11
"11682"	"GO:0099560"	11
"11683"	"GO:0099562"	11
"11684"	"GO:0099563"	11
"11685"	"GO:0099565"	33
"11686"	"GO:0099566"	34
"11687"	"GO:0099575"	45
"11688"	"GO:0099576"	45
"11689"	"GO:0099578"	4
"11690"	"GO:0099587"	34
"11691"	"GO:0099590"	38
"11692"	"GO:0099601"	45
"11693"	"GO:0099606"	22
"11694"	"GO:0099607"	22
"11695"	"GO:0099608"	33
"11696"	"GO:0099610"	45
"11697"	"GO:0099611"	51
"11698"	"GO:0099612"	37
"11699"	"GO:0099622"	51
"11700"	"GO:0099623"	51
"11701"	"GO:0099624"	51
"11702"	"GO:0099625"	51
"11703"	"GO:0099627"	37
"11704"	"GO:0099628"	37
"11705"	"GO:0099630"	37
"11706"	"GO:0099633"	37
"11707"	"GO:0099637"	37
"11708"	"GO:0099638"	37
"11709"	"GO:0099639"	37
"11710"	"GO:0099640"	37
"11711"	"GO:0099641"	37
"11712"	"GO:0099642"	37
"11713"	"GO:0099643"	5
"11714"	"GO:0099645"	37
"11715"	"GO:0100001"	53
"11716"	"GO:0101023"	41
"11717"	"GO:0101024"	22
"11718"	"GO:0101027"	17
"11719"	"GO:0101030"	25
"11720"	"GO:0104004"	50
"11721"	"GO:0106001"	33
"11722"	"GO:0106004"	25
"11723"	"GO:0106005"	25
"11724"	"GO:0106014"	6
"11725"	"GO:0106015"	20
"11726"	"GO:0106016"	6
"11727"	"GO:0106020"	23
"11728"	"GO:0106022"	23
"11729"	"GO:0106027"	11
"11730"	"GO:0106028"	11
"11731"	"GO:0106030"	17
"11732"	"GO:0106034"	26
"11733"	"GO:0106035"	26
"11734"	"GO:0106040"	45
"11735"	"GO:0106044"	40
"11736"	"GO:0106045"	40
"11737"	"GO:0106046"	40
"11738"	"GO:0106047"	26
"11739"	"GO:0106048"	26
"11740"	"GO:0106049"	20
"11741"	"GO:0106056"	44
"11742"	"GO:0106057"	44
"11743"	"GO:0106058"	44
"11744"	"GO:0106064"	46
"11745"	"GO:0106070"	35
"11746"	"GO:0106071"	35
"11747"	"GO:0106072"	35
"11748"	"GO:0106074"	25
"11749"	"GO:0106088"	39
"11750"	"GO:0106089"	39
"11751"	"GO:0106091"	17
"11752"	"GO:0106101"	37
"11753"	"GO:0106104"	23
"11754"	"GO:0106106"	52
"11755"	"GO:0106118"	46
"11756"	"GO:0106119"	46
"11757"	"GO:0106120"	46
"11758"	"GO:0106121"	46
"11759"	"GO:0106134"	51
"11760"	"GO:0106135"	53
"11761"	"GO:0106217"	25
"11762"	"GO:0106227"	26
"11763"	"GO:0106230"	26
"11764"	"GO:0106272"	37
"11765"	"GO:0106273"	37
"11766"	"GO:0106288"	4
"11767"	"GO:0106289"	4
"11768"	"GO:0106300"	2
"11769"	"GO:0106342"	49
"11770"	"GO:0106349"	25
"11771"	"GO:0106354"	25
"11772"	"GO:0106380"	40
"11773"	"GO:0106381"	40
"11774"	"GO:0106383"	40
"11775"	"GO:0106402"	49
"11776"	"GO:0110002"	4
"11777"	"GO:0110009"	10
"11778"	"GO:0110010"	37
"11779"	"GO:0110011"	43
"11780"	"GO:0110012"	37
"11781"	"GO:0110017"	25
"11782"	"GO:0110020"	8
"11783"	"GO:0110021"	41
"11784"	"GO:0110022"	41
"11785"	"GO:0110024"	41
"11786"	"GO:0110025"	2
"11787"	"GO:0110026"	2
"11788"	"GO:0110029"	42
"11789"	"GO:0110030"	22
"11790"	"GO:0110031"	42
"11791"	"GO:0110032"	22
"11792"	"GO:0110051"	40
"11793"	"GO:0110053"	8
"11794"	"GO:0110057"	39
"11795"	"GO:0110059"	39
"11796"	"GO:0110061"	35
"11797"	"GO:0110062"	20
"11798"	"GO:0110063"	35
"11799"	"GO:0110064"	25
"11800"	"GO:0110075"	36
"11801"	"GO:0110076"	36
"11802"	"GO:0110077"	37
"11803"	"GO:0110088"	36
"11804"	"GO:0110089"	36
"11805"	"GO:0110091"	36
"11806"	"GO:0110095"	49
"11807"	"GO:0110096"	18
"11808"	"GO:0110097"	23
"11809"	"GO:0110099"	23
"11810"	"GO:0110104"	25
"11811"	"GO:0110110"	48
"11812"	"GO:0110111"	39
"11813"	"GO:0110112"	19
"11814"	"GO:0110113"	23
"11815"	"GO:0110114"	19
"11816"	"GO:0110135"	35
"11817"	"GO:0110154"	25
"11818"	"GO:0110155"	25
"11819"	"GO:0110156"	25
"11820"	"GO:0120006"	39
"11821"	"GO:0120007"	39
"11822"	"GO:0120008"	7
"11823"	"GO:0120009"	11
"11824"	"GO:0120012"	12
"11825"	"GO:0120031"	11
"11826"	"GO:0120032"	43
"11827"	"GO:0120033"	43
"11828"	"GO:0120034"	43
"11829"	"GO:0120035"	11
"11830"	"GO:0120036"	11
"11831"	"GO:0120039"	17
"11832"	"GO:0120040"	13
"11833"	"GO:0120041"	7
"11834"	"GO:0120042"	36
"11835"	"GO:0120045"	17
"11836"	"GO:0120049"	25
"11837"	"GO:0120054"	53
"11838"	"GO:0120055"	53
"11839"	"GO:0120056"	33
"11840"	"GO:0120057"	53
"11841"	"GO:0120058"	53
"11842"	"GO:0120063"	53
"11843"	"GO:0120064"	53
"11844"	"GO:0120065"	53
"11845"	"GO:0120071"	53
"11846"	"GO:0120072"	53
"11847"	"GO:0120077"	48
"11848"	"GO:0120078"	30
"11849"	"GO:0120093"	31
"11850"	"GO:0120094"	31
"11851"	"GO:0120116"	26
"11852"	"GO:0120117"	47
"11853"	"GO:0120126"	50
"11854"	"GO:0120127"	50
"11855"	"GO:0120154"	20
"11856"	"GO:0120158"	46
"11857"	"GO:0120161"	27
"11858"	"GO:0120162"	52
"11859"	"GO:0120163"	16
"11860"	"GO:0120168"	52
"11861"	"GO:0120169"	52
"11862"	"GO:0120178"	49
"11863"	"GO:0120179"	11
"11864"	"GO:0120180"	11
"11865"	"GO:0120181"	11
"11866"	"GO:0120182"	43
"11867"	"GO:0120183"	43
"11868"	"GO:0120186"	4
"11869"	"GO:0120187"	23
"11870"	"GO:0120188"	5
"11871"	"GO:0120189"	23
"11872"	"GO:0120190"	5
"11873"	"GO:0120191"	8
"11874"	"GO:0120192"	10
"11875"	"GO:0120193"	10
"11876"	"GO:0120197"	37
"11877"	"GO:0120211"	11
"11878"	"GO:0120221"	15
"11879"	"GO:0120222"	39
"11880"	"GO:0120223"	48
"11881"	"GO:0120224"	3
"11882"	"GO:0120229"	37
"11883"	"GO:0120252"	49
"11884"	"GO:0120253"	49
"11885"	"GO:0120254"	49
"11886"	"GO:0120255"	49
"11887"	"GO:0120256"	49
"11888"	"GO:0120261"	8
"11889"	"GO:0120262"	8
"11890"	"GO:0120263"	8
"11891"	"GO:0120302"	52
"11892"	"GO:0120305"	7
"11893"	"GO:0120316"	15
"11894"	"GO:0120317"	10
"11895"	"GO:0120322"	26
"11896"	"GO:0120323"	26
"11897"	"GO:0140009"	12
"11898"	"GO:0140013"	22
"11899"	"GO:0140014"	22
"11900"	"GO:0140018"	4
"11901"	"GO:0140021"	12
"11902"	"GO:0140029"	38
"11903"	"GO:0140039"	30
"11904"	"GO:0140041"	26
"11905"	"GO:0140042"	10
"11906"	"GO:0140048"	12
"11907"	"GO:0140049"	7
"11908"	"GO:0140051"	7
"11909"	"GO:0140052"	18
"11910"	"GO:0140053"	25
"11911"	"GO:0140056"	37
"11912"	"GO:0140058"	17
"11913"	"GO:0140059"	17
"11914"	"GO:0140060"	17
"11915"	"GO:0140066"	26
"11916"	"GO:0140067"	26
"11917"	"GO:0140074"	24
"11918"	"GO:0140105"	35
"11919"	"GO:0140112"	11
"11920"	"GO:0140115"	34
"11921"	"GO:0140121"	10
"11922"	"GO:0140122"	8
"11923"	"GO:0140123"	8
"11924"	"GO:0140131"	6
"11925"	"GO:0140141"	34
"11926"	"GO:0140157"	12
"11927"	"GO:0140199"	20
"11928"	"GO:0140205"	12
"11929"	"GO:0140206"	12
"11930"	"GO:0140207"	12
"11931"	"GO:0140208"	36
"11932"	"GO:0140212"	5
"11933"	"GO:0140213"	23
"11934"	"GO:0140214"	23
"11935"	"GO:0140231"	37
"11936"	"GO:0140236"	26
"11937"	"GO:0140238"	38
"11938"	"GO:0140239"	38
"11939"	"GO:0140241"	26
"11940"	"GO:0140243"	4
"11941"	"GO:0140245"	4
"11942"	"GO:0140246"	26
"11943"	"GO:0140249"	26
"11944"	"GO:0140250"	46
"11945"	"GO:0140251"	46
"11946"	"GO:0140252"	46
"11947"	"GO:0140253"	11
"11948"	"GO:0140271"	12
"11949"	"GO:0140285"	11
"11950"	"GO:0140290"	26
"11951"	"GO:0140291"	26
"11952"	"GO:0140298"	34
"11953"	"GO:0140300"	12
"11954"	"GO:0140329"	12
"11955"	"GO:0140331"	12
"11956"	"GO:0140352"	5
"11957"	"GO:0140353"	5
"11958"	"GO:0140354"	12
"11959"	"GO:0140361"	12
"11960"	"GO:0140367"	1
"11961"	"GO:0140374"	1
"11962"	"GO:0140438"	26
"11963"	"GO:0140447"	26
"11964"	"GO:0140448"	26
"11965"	"GO:0140450"	37
"11966"	"GO:0140454"	10
"11967"	"GO:0140455"	26
"11968"	"GO:0140459"	1
"11969"	"GO:0140460"	1
"11970"	"GO:0140466"	12
"11971"	"GO:0140467"	44
"11972"	"GO:0140468"	44
"11973"	"GO:0140469"	9
"11974"	"GO:0140484"	12
"11975"	"GO:0140493"	21
"11976"	"GO:0140495"	37
"11977"	"GO:0140499"	42
"11978"	"GO:0140507"	36
"11979"	"GO:0140527"	2
"11980"	"GO:0140541"	25
"11981"	"GO:0140542"	4
"11982"	"GO:0140543"	4
"11983"	"GO:0140546"	1
"11984"	"GO:0140568"	37
"11985"	"GO:0140569"	37
"11986"	"GO:0140570"	37
"11987"	"GO:0140576"	34
"11988"	"GO:0140588"	2
"11989"	"GO:0140591"	12
"11990"	"GO:0140627"	26
"11991"	"GO:0140632"	10
"11992"	"GO:0140633"	10
"11993"	"GO:0140639"	6
"11994"	"GO:0140647"	26
"11995"	"GO:0140650"	17
"11996"	"GO:0140651"	50
"11997"	"GO:0140667"	31
"11998"	"GO:0140668"	31
"11999"	"GO:0140673"	25
"12000"	"GO:0140694"	10
"12001"	"GO:0140706"	37
"12002"	"GO:0140708"	26
"12003"	"GO:0140718"	4
"12004"	"GO:0140719"	4
"12005"	"GO:0140739"	10
"12006"	"GO:0140742"	25
"12007"	"GO:0140743"	4
"12008"	"GO:0140744"	4
"12009"	"GO:0140745"	25
"12010"	"GO:0140754"	1
"12011"	"GO:0140766"	4
"12012"	"GO:0140820"	12
"12013"	"GO:0140861"	2
"12014"	"GO:0140865"	35
"12015"	"GO:0140882"	12
"12016"	"GO:0140886"	45
"12017"	"GO:0140888"	35
"12018"	"GO:0140889"	2
"12019"	"GO:0140894"	35
"12020"	"GO:0140895"	35
"12021"	"GO:0140896"	35
"12022"	"GO:0140914"	34
"12023"	"GO:0140915"	12
"12024"	"GO:0140916"	12
"12025"	"GO:0140917"	34
"12026"	"GO:0140924"	12
"12027"	"GO:0140928"	52
"12028"	"GO:0140958"	4
"12029"	"GO:0140961"	34
"12030"	"GO:0140962"	34
"12031"	"GO:0140965"	25
"12032"	"GO:0140966"	4
"12033"	"GO:0140970"	10
"12034"	"GO:0140971"	8
"12035"	"GO:0140972"	8
"12036"	"GO:0140973"	8
"12037"	"GO:0140975"	1
"12038"	"GO:0140990"	25
"12039"	"GO:0141005"	4
"12040"	"GO:0141006"	4
"12041"	"GO:0141007"	4
"12042"	"GO:0141008"	4
"12043"	"GO:0141013"	12
"12044"	"GO:0141014"	4
"12045"	"GO:0141060"	1
"12046"	"GO:0141061"	1
"12047"	"GO:0141067"	50
"12048"	"GO:0141068"	4
"12049"	"GO:0141084"	35
"12050"	"GO:0141085"	35
"12051"	"GO:0141086"	20
"12052"	"GO:0141087"	35
"12053"	"GO:0141091"	9
"12054"	"GO:0141113"	20
"12055"	"GO:0141124"	44
"12056"	"GO:0141137"	4
"12057"	"GO:0150003"	45
"12058"	"GO:0150007"	37
"12059"	"GO:0150011"	43
"12060"	"GO:0150012"	43
"12061"	"GO:0150013"	39
"12062"	"GO:0150018"	17
"12063"	"GO:0150019"	17
"12064"	"GO:0150020"	17
"12065"	"GO:0150024"	53
"12066"	"GO:0150031"	23
"12067"	"GO:0150032"	23
"12068"	"GO:0150033"	23
"12069"	"GO:0150035"	45
"12070"	"GO:0150036"	45
"12071"	"GO:0150037"	23
"12072"	"GO:0150038"	5
"12073"	"GO:0150044"	23
"12074"	"GO:0150045"	45
"12075"	"GO:0150052"	43
"12076"	"GO:0150054"	23
"12077"	"GO:0150062"	11
"12078"	"GO:0150063"	32
"12079"	"GO:0150064"	17
"12080"	"GO:0150065"	19
"12081"	"GO:0150070"	19
"12082"	"GO:0150072"	19
"12083"	"GO:0150073"	19
"12084"	"GO:0150074"	19
"12085"	"GO:0150076"	1
"12086"	"GO:0150077"	6
"12087"	"GO:0150078"	6
"12088"	"GO:0150079"	6
"12089"	"GO:0150089"	11
"12090"	"GO:0150090"	11
"12091"	"GO:0150093"	38
"12092"	"GO:0150094"	37
"12093"	"GO:0150098"	45
"12094"	"GO:0150099"	45
"12095"	"GO:0150101"	8
"12096"	"GO:0150102"	13
"12097"	"GO:0150103"	17
"12098"	"GO:0150104"	33
"12099"	"GO:0150105"	37
"12100"	"GO:0150106"	23
"12101"	"GO:0150107"	23
"12102"	"GO:0150111"	23
"12103"	"GO:0150115"	11
"12104"	"GO:0150116"	43
"12105"	"GO:0150117"	43
"12106"	"GO:0150118"	8
"12107"	"GO:0150127"	31
"12108"	"GO:0150129"	31
"12109"	"GO:0150140"	31
"12110"	"GO:0150142"	31
"12111"	"GO:0150143"	31
"12112"	"GO:0150145"	31
"12113"	"GO:0150146"	11
"12114"	"GO:0150147"	10
"12115"	"GO:0150151"	31
"12116"	"GO:0150153"	31
"12117"	"GO:0150172"	46
"12118"	"GO:0150173"	46
"12119"	"GO:0150174"	46
"12120"	"GO:0150175"	46
"12121"	"GO:0150178"	46
"12122"	"GO:0150200"	23
"12123"	"GO:0150201"	23
"12124"	"GO:0160006"	37
"12125"	"GO:0160007"	12
"12126"	"GO:0160020"	36
"12127"	"GO:0160021"	4
"12128"	"GO:0160023"	52
"12129"	"GO:0160024"	41
"12130"	"GO:0160025"	33
"12131"	"GO:0160040"	37
"12132"	"GO:0160049"	35
"12133"	"GO:0160054"	10
"12134"	"GO:0160063"	37
"12135"	"GO:0160075"	10
"12136"	"GO:0160077"	11
"12137"	"GO:0160093"	3
"12138"	"GO:0170033"	21
"12139"	"GO:0170034"	21
"12140"	"GO:0170035"	21
"12141"	"GO:0170036"	12
"12142"	"GO:0170037"	12
"12143"	"GO:0170038"	21
"12144"	"GO:0170039"	21
"12145"	"GO:0170040"	21
"12146"	"GO:0170041"	21
"12147"	"GO:0170043"	21
"12148"	"GO:0170044"	21
"12149"	"GO:0180010"	25
"12150"	"GO:0180011"	25
"12151"	"GO:0180012"	25
"12152"	"GO:0180015"	12
"12153"	"GO:0180025"	10
"12154"	"GO:1900003"	19
"12155"	"GO:1900004"	19
"12156"	"GO:1900005"	19
"12157"	"GO:1900006"	43
"12158"	"GO:1900010"	45
"12159"	"GO:1900011"	20
"12160"	"GO:1900015"	1
"12161"	"GO:1900016"	31
"12162"	"GO:1900017"	1
"12163"	"GO:1900019"	19
"12164"	"GO:1900020"	19
"12165"	"GO:1900024"	30
"12166"	"GO:1900025"	30
"12167"	"GO:1900026"	30
"12168"	"GO:1900027"	43
"12169"	"GO:1900028"	43
"12170"	"GO:1900029"	43
"12171"	"GO:1900034"	8
"12172"	"GO:1900036"	20
"12173"	"GO:1900037"	20
"12174"	"GO:1900038"	20
"12175"	"GO:1900039"	20
"12176"	"GO:1900044"	28
"12177"	"GO:1900045"	19
"12178"	"GO:1900046"	30
"12179"	"GO:1900047"	53
"12180"	"GO:1900048"	53
"12181"	"GO:1900052"	46
"12182"	"GO:1900053"	46
"12183"	"GO:1900054"	46
"12184"	"GO:1900060"	46
"12185"	"GO:1900063"	8
"12186"	"GO:1900069"	20
"12187"	"GO:1900073"	45
"12188"	"GO:1900075"	45
"12189"	"GO:1900076"	44
"12190"	"GO:1900077"	9
"12191"	"GO:1900078"	9
"12192"	"GO:1900079"	46
"12193"	"GO:1900081"	46
"12194"	"GO:1900082"	46
"12195"	"GO:1900084"	19
"12196"	"GO:1900085"	19
"12197"	"GO:1900086"	19
"12198"	"GO:1900087"	22
"12199"	"GO:1900098"	13
"12200"	"GO:1900099"	13
"12201"	"GO:1900100"	13
"12202"	"GO:1900101"	44
"12203"	"GO:1900102"	20
"12204"	"GO:1900103"	44
"12205"	"GO:1900104"	8
"12206"	"GO:1900106"	8
"12207"	"GO:1900107"	35
"12208"	"GO:1900108"	35
"12209"	"GO:1900115"	35
"12210"	"GO:1900116"	35
"12211"	"GO:1900117"	36
"12212"	"GO:1900118"	36
"12213"	"GO:1900119"	36
"12214"	"GO:1900120"	19
"12215"	"GO:1900121"	19
"12216"	"GO:1900122"	19
"12217"	"GO:1900125"	46
"12218"	"GO:1900126"	46
"12219"	"GO:1900127"	31
"12220"	"GO:1900130"	19
"12221"	"GO:1900131"	19
"12222"	"GO:1900133"	5
"12223"	"GO:1900134"	5
"12224"	"GO:1900135"	23
"12225"	"GO:1900138"	19
"12226"	"GO:1900139"	5
"12227"	"GO:1900141"	36
"12228"	"GO:1900142"	36
"12229"	"GO:1900143"	36
"12230"	"GO:1900147"	39
"12231"	"GO:1900148"	39
"12232"	"GO:1900149"	7
"12233"	"GO:1900150"	6
"12234"	"GO:1900151"	4
"12235"	"GO:1900152"	4
"12236"	"GO:1900153"	4
"12237"	"GO:1900154"	39
"12238"	"GO:1900155"	39
"12239"	"GO:1900157"	39
"12240"	"GO:1900158"	39
"12241"	"GO:1900159"	7
"12242"	"GO:1900161"	23
"12243"	"GO:1900163"	23
"12244"	"GO:1900166"	31
"12245"	"GO:1900168"	31
"12246"	"GO:1900180"	38
"12247"	"GO:1900181"	38
"12248"	"GO:1900182"	28
"12249"	"GO:1900186"	23
"12250"	"GO:1900190"	8
"12251"	"GO:1900191"	8
"12252"	"GO:1900193"	39
"12253"	"GO:1900194"	39
"12254"	"GO:1900195"	7
"12255"	"GO:1900200"	36
"12256"	"GO:1900204"	36
"12257"	"GO:1900205"	36
"12258"	"GO:1900208"	46
"12259"	"GO:1900210"	46
"12260"	"GO:1900211"	36
"12261"	"GO:1900212"	36
"12262"	"GO:1900214"	36
"12263"	"GO:1900215"	36
"12264"	"GO:1900217"	36
"12265"	"GO:1900218"	36
"12266"	"GO:1900221"	53
"12267"	"GO:1900222"	53
"12268"	"GO:1900223"	53
"12269"	"GO:1900225"	8
"12270"	"GO:1900226"	8
"12271"	"GO:1900227"	8
"12272"	"GO:1900228"	1
"12273"	"GO:1900229"	8
"12274"	"GO:1900234"	20
"12275"	"GO:1900235"	20
"12276"	"GO:1900238"	9
"12277"	"GO:1900239"	39
"12278"	"GO:1900240"	39
"12279"	"GO:1900242"	23
"12280"	"GO:1900244"	23
"12281"	"GO:1900245"	35
"12282"	"GO:1900246"	35
"12283"	"GO:1900247"	4
"12284"	"GO:1900248"	4
"12285"	"GO:1900259"	19
"12286"	"GO:1900260"	19
"12287"	"GO:1900262"	4
"12288"	"GO:1900264"	19
"12289"	"GO:1900271"	45
"12290"	"GO:1900272"	45
"12291"	"GO:1900273"	45
"12292"	"GO:1900276"	35
"12293"	"GO:1900279"	13
"12294"	"GO:1900280"	13
"12295"	"GO:1900281"	13
"12296"	"GO:1900368"	4
"12297"	"GO:1900369"	4
"12298"	"GO:1900370"	4
"12299"	"GO:1900371"	40
"12300"	"GO:1900372"	46
"12301"	"GO:1900373"	40
"12302"	"GO:1900376"	46
"12303"	"GO:1900377"	46
"12304"	"GO:1900378"	46
"12305"	"GO:1900407"	50
"12306"	"GO:1900408"	20
"12307"	"GO:1900409"	20
"12308"	"GO:1900424"	6
"12309"	"GO:1900425"	6
"12310"	"GO:1900426"	6
"12311"	"GO:1900428"	43
"12312"	"GO:1900430"	7
"12313"	"GO:1900449"	20
"12314"	"GO:1900450"	20
"12315"	"GO:1900451"	35
"12316"	"GO:1900452"	45
"12317"	"GO:1900453"	45
"12318"	"GO:1900454"	45
"12319"	"GO:1900461"	4
"12320"	"GO:1900480"	46
"12321"	"GO:1900533"	21
"12322"	"GO:1900535"	21
"12323"	"GO:1900542"	16
"12324"	"GO:1900543"	16
"12325"	"GO:1900544"	16
"12326"	"GO:1900619"	21
"12327"	"GO:1900620"	21
"12328"	"GO:1900623"	13
"12329"	"GO:1900625"	13
"12330"	"GO:1900673"	49
"12331"	"GO:1900719"	53
"12332"	"GO:1900721"	53
"12333"	"GO:1900729"	35
"12334"	"GO:1900731"	35
"12335"	"GO:1900736"	35
"12336"	"GO:1900737"	20
"12337"	"GO:1900738"	35
"12338"	"GO:1900744"	44
"12339"	"GO:1900745"	44
"12340"	"GO:1900746"	9
"12341"	"GO:1900747"	20
"12342"	"GO:1900748"	9
"12343"	"GO:1900749"	12
"12344"	"GO:1900753"	12
"12345"	"GO:1900756"	26
"12346"	"GO:1900757"	19
"12347"	"GO:1900825"	51
"12348"	"GO:1900826"	51
"12349"	"GO:1900827"	51
"12350"	"GO:1900864"	25
"12351"	"GO:1900923"	23
"12352"	"GO:1900924"	23
"12353"	"GO:1901000"	20
"12354"	"GO:1901003"	46
"12355"	"GO:1901004"	49
"12356"	"GO:1901006"	49
"12357"	"GO:1901016"	51
"12358"	"GO:1901017"	51
"12359"	"GO:1901018"	23
"12360"	"GO:1901019"	51
"12361"	"GO:1901020"	34
"12362"	"GO:1901021"	51
"12363"	"GO:1901026"	10
"12364"	"GO:1901027"	49
"12365"	"GO:1901028"	43
"12366"	"GO:1901029"	20
"12367"	"GO:1901030"	43
"12368"	"GO:1901031"	52
"12369"	"GO:1901032"	20
"12370"	"GO:1901034"	23
"12371"	"GO:1901036"	23
"12372"	"GO:1901052"	21
"12373"	"GO:1901053"	21
"12374"	"GO:1901068"	40
"12375"	"GO:1901071"	49
"12376"	"GO:1901072"	49
"12377"	"GO:1901073"	49
"12378"	"GO:1901074"	23
"12379"	"GO:1901076"	23
"12380"	"GO:1901077"	53
"12381"	"GO:1901078"	53
"12382"	"GO:1901079"	53
"12383"	"GO:1901080"	53
"12384"	"GO:1901081"	53
"12385"	"GO:1901082"	53
"12386"	"GO:1901096"	8
"12387"	"GO:1901097"	8
"12388"	"GO:1901098"	8
"12389"	"GO:1901099"	44
"12390"	"GO:1901128"	49
"12391"	"GO:1901135"	16
"12392"	"GO:1901136"	16
"12393"	"GO:1901137"	16
"12394"	"GO:1901142"	26
"12395"	"GO:1901143"	49
"12396"	"GO:1901145"	36
"12397"	"GO:1901146"	36
"12398"	"GO:1901147"	36
"12399"	"GO:1901148"	25
"12400"	"GO:1901159"	49
"12401"	"GO:1901160"	49
"12402"	"GO:1901162"	49
"12403"	"GO:1901163"	42
"12404"	"GO:1901164"	39
"12405"	"GO:1901165"	7
"12406"	"GO:1901166"	17
"12407"	"GO:1901170"	49
"12408"	"GO:1901175"	49
"12409"	"GO:1901176"	49
"12410"	"GO:1901184"	9
"12411"	"GO:1901185"	9
"12412"	"GO:1901186"	9
"12413"	"GO:1901187"	20
"12414"	"GO:1901189"	20
"12415"	"GO:1901193"	4
"12416"	"GO:1901194"	4
"12417"	"GO:1901201"	43
"12418"	"GO:1901202"	8
"12419"	"GO:1901203"	43
"12420"	"GO:1901207"	39
"12421"	"GO:1901208"	39
"12422"	"GO:1901210"	39
"12423"	"GO:1901211"	39
"12424"	"GO:1901222"	44
"12425"	"GO:1901223"	9
"12426"	"GO:1901224"	44
"12427"	"GO:1901246"	39
"12428"	"GO:1901247"	39
"12429"	"GO:1901248"	7
"12430"	"GO:1901249"	7
"12431"	"GO:1901251"	7
"12432"	"GO:1901252"	1
"12433"	"GO:1901253"	42
"12434"	"GO:1901254"	23
"12435"	"GO:1901255"	2
"12436"	"GO:1901256"	31
"12437"	"GO:1901257"	31
"12438"	"GO:1901258"	31
"12439"	"GO:1901264"	12
"12440"	"GO:1901289"	40
"12441"	"GO:1901290"	40
"12442"	"GO:1901291"	4
"12443"	"GO:1901292"	16
"12444"	"GO:1901293"	40
"12445"	"GO:1901298"	36
"12446"	"GO:1901299"	36
"12447"	"GO:1901300"	36
"12448"	"GO:1901301"	23
"12449"	"GO:1901303"	23
"12450"	"GO:1901304"	46
"12451"	"GO:1901307"	46
"12452"	"GO:1901317"	42
"12453"	"GO:1901318"	42
"12454"	"GO:1901327"	18
"12455"	"GO:1901328"	18
"12456"	"GO:1901329"	39
"12457"	"GO:1901330"	39
"12458"	"GO:1901331"	7
"12459"	"GO:1901334"	21
"12460"	"GO:1901336"	21
"12461"	"GO:1901337"	12
"12462"	"GO:1901339"	23
"12463"	"GO:1901340"	23
"12464"	"GO:1901341"	23
"12465"	"GO:1901342"	27
"12466"	"GO:1901343"	27
"12467"	"GO:1901344"	18
"12468"	"GO:1901346"	39
"12469"	"GO:1901355"	18
"12470"	"GO:1901373"	12
"12471"	"GO:1901374"	12
"12472"	"GO:1901376"	49
"12473"	"GO:1901377"	49
"12474"	"GO:1901379"	51
"12475"	"GO:1901380"	51
"12476"	"GO:1901381"	51
"12477"	"GO:1901382"	41
"12478"	"GO:1901383"	36
"12479"	"GO:1901384"	41
"12480"	"GO:1901385"	51
"12481"	"GO:1901386"	23
"12482"	"GO:1901387"	23
"12483"	"GO:1901401"	46
"12484"	"GO:1901403"	46
"12485"	"GO:1901419"	20
"12486"	"GO:1901463"	46
"12487"	"GO:1901465"	46
"12488"	"GO:1901475"	12
"12489"	"GO:1901490"	39
"12490"	"GO:1901491"	39
"12491"	"GO:1901492"	7
"12492"	"GO:1901494"	46
"12493"	"GO:1901502"	49
"12494"	"GO:1901503"	49
"12495"	"GO:1901506"	23
"12496"	"GO:1901508"	23
"12497"	"GO:1901509"	48
"12498"	"GO:1901523"	21
"12499"	"GO:1901524"	46
"12500"	"GO:1901525"	46
"12501"	"GO:1901526"	46
"12502"	"GO:1901529"	23
"12503"	"GO:1901532"	39
"12504"	"GO:1901533"	39
"12505"	"GO:1901534"	7
"12506"	"GO:1901545"	18
"12507"	"GO:1901550"	39
"12508"	"GO:1901551"	39
"12509"	"GO:1901552"	7
"12510"	"GO:1901557"	18
"12511"	"GO:1901563"	18
"12512"	"GO:1901568"	16
"12513"	"GO:1901569"	21
"12514"	"GO:1901570"	49
"12515"	"GO:1901594"	18
"12516"	"GO:1901605"	21
"12517"	"GO:1901606"	21
"12518"	"GO:1901607"	21
"12519"	"GO:1901608"	23
"12520"	"GO:1901610"	23
"12521"	"GO:1901615"	16
"12522"	"GO:1901616"	49
"12523"	"GO:1901617"	16
"12524"	"GO:1901620"	20
"12525"	"GO:1901621"	20
"12526"	"GO:1901623"	6
"12527"	"GO:1901624"	6
"12528"	"GO:1901625"	18
"12529"	"GO:1901626"	43
"12530"	"GO:1901628"	43
"12531"	"GO:1901629"	43
"12532"	"GO:1901631"	43
"12533"	"GO:1901632"	43
"12534"	"GO:1901634"	43
"12535"	"GO:1901642"	12
"12536"	"GO:1901645"	41
"12537"	"GO:1901647"	41
"12538"	"GO:1901652"	18
"12539"	"GO:1901653"	18
"12540"	"GO:1901654"	18
"12541"	"GO:1901655"	18
"12542"	"GO:1901656"	12
"12543"	"GO:1901657"	40
"12544"	"GO:1901658"	40
"12545"	"GO:1901659"	40
"12546"	"GO:1901660"	34
"12547"	"GO:1901661"	49
"12548"	"GO:1901662"	49
"12549"	"GO:1901663"	49
"12550"	"GO:1901668"	19
"12551"	"GO:1901671"	19
"12552"	"GO:1901673"	8
"12553"	"GO:1901678"	12
"12554"	"GO:1901679"	12
"12555"	"GO:1901684"	12
"12556"	"GO:1901685"	49
"12557"	"GO:1901687"	49
"12558"	"GO:1901696"	49
"12559"	"GO:1901698"	18
"12560"	"GO:1901699"	18
"12561"	"GO:1901700"	18
"12562"	"GO:1901701"	18
"12563"	"GO:1901706"	24
"12564"	"GO:1901722"	41
"12565"	"GO:1901723"	36
"12566"	"GO:1901724"	41
"12567"	"GO:1901731"	13
"12568"	"GO:1901732"	49
"12569"	"GO:1901733"	49
"12570"	"GO:1901739"	43
"12571"	"GO:1901740"	43
"12572"	"GO:1901741"	43
"12573"	"GO:1901748"	21
"12574"	"GO:1901749"	21
"12575"	"GO:1901750"	21
"12576"	"GO:1901751"	21
"12577"	"GO:1901753"	21
"12578"	"GO:1901787"	40
"12579"	"GO:1901796"	44
"12580"	"GO:1901797"	20
"12581"	"GO:1901798"	44
"12582"	"GO:1901799"	28
"12583"	"GO:1901800"	28
"12584"	"GO:1901804"	49
"12585"	"GO:1901805"	49
"12586"	"GO:1901810"	49
"12587"	"GO:1901825"	49
"12588"	"GO:1901826"	49
"12589"	"GO:1901827"	49
"12590"	"GO:1901834"	4
"12591"	"GO:1901835"	4
"12592"	"GO:1901836"	4
"12593"	"GO:1901837"	4
"12594"	"GO:1901838"	4
"12595"	"GO:1901841"	51
"12596"	"GO:1901842"	23
"12597"	"GO:1901843"	23
"12598"	"GO:1901844"	51
"12599"	"GO:1901845"	51
"12600"	"GO:1901846"	51
"12601"	"GO:1901856"	46
"12602"	"GO:1901857"	16
"12603"	"GO:1901858"	4
"12604"	"GO:1901859"	4
"12605"	"GO:1901860"	2
"12606"	"GO:1901861"	27
"12607"	"GO:1901862"	39
"12608"	"GO:1901863"	7
"12609"	"GO:1901873"	28
"12610"	"GO:1901874"	28
"12611"	"GO:1901875"	28
"12612"	"GO:1901876"	51
"12613"	"GO:1901877"	19
"12614"	"GO:1901879"	8
"12615"	"GO:1901880"	8
"12616"	"GO:1901881"	8
"12617"	"GO:1901888"	43
"12618"	"GO:1901889"	43
"12619"	"GO:1901890"	43
"12620"	"GO:1901894"	23
"12621"	"GO:1901895"	23
"12622"	"GO:1901896"	23
"12623"	"GO:1901897"	53
"12624"	"GO:1901898"	53
"12625"	"GO:1901899"	53
"12626"	"GO:1901906"	40
"12627"	"GO:1901907"	40
"12628"	"GO:1901908"	40
"12629"	"GO:1901909"	40
"12630"	"GO:1901910"	40
"12631"	"GO:1901911"	40
"12632"	"GO:1901950"	38
"12633"	"GO:1901951"	23
"12634"	"GO:1901953"	23
"12635"	"GO:1901954"	23
"12636"	"GO:1901956"	23
"12637"	"GO:1901962"	12
"12638"	"GO:1901970"	22
"12639"	"GO:1901976"	22
"12640"	"GO:1901977"	20
"12641"	"GO:1901978"	22
"12642"	"GO:1901979"	23
"12643"	"GO:1901980"	23
"12644"	"GO:1901983"	28
"12645"	"GO:1901984"	19
"12646"	"GO:1901985"	46
"12647"	"GO:1901986"	18
"12648"	"GO:1901987"	22
"12649"	"GO:1901988"	22
"12650"	"GO:1901989"	22
"12651"	"GO:1901990"	22
"12652"	"GO:1901991"	22
"12653"	"GO:1901992"	22
"12654"	"GO:1901993"	22
"12655"	"GO:1901994"	42
"12656"	"GO:1901995"	22
"12657"	"GO:1901999"	21
"12658"	"GO:1902000"	21
"12659"	"GO:1902001"	12
"12660"	"GO:1902003"	28
"12661"	"GO:1902004"	46
"12662"	"GO:1902010"	4
"12663"	"GO:1902017"	43
"12664"	"GO:1902018"	43
"12665"	"GO:1902019"	30
"12666"	"GO:1902020"	42
"12667"	"GO:1902022"	12
"12668"	"GO:1902024"	12
"12669"	"GO:1902025"	12
"12670"	"GO:1902031"	16
"12671"	"GO:1902033"	41
"12672"	"GO:1902034"	39
"12673"	"GO:1902035"	41
"12674"	"GO:1902036"	39
"12675"	"GO:1902037"	39
"12676"	"GO:1902038"	7
"12677"	"GO:1902041"	44
"12678"	"GO:1902042"	44
"12679"	"GO:1902043"	20
"12680"	"GO:1902044"	20
"12681"	"GO:1902045"	20
"12682"	"GO:1902047"	12
"12683"	"GO:1902065"	18
"12684"	"GO:1902068"	20
"12685"	"GO:1902070"	20
"12686"	"GO:1902071"	20
"12687"	"GO:1902073"	20
"12688"	"GO:1902074"	18
"12689"	"GO:1902075"	18
"12690"	"GO:1902076"	7
"12691"	"GO:1902078"	7
"12692"	"GO:1902080"	23
"12693"	"GO:1902081"	23
"12694"	"GO:1902082"	23
"12695"	"GO:1902083"	46
"12696"	"GO:1902093"	7
"12697"	"GO:1902099"	22
"12698"	"GO:1902100"	22
"12699"	"GO:1902101"	22
"12700"	"GO:1902102"	22
"12701"	"GO:1902103"	42
"12702"	"GO:1902104"	22
"12703"	"GO:1902105"	13
"12704"	"GO:1902106"	13
"12705"	"GO:1902107"	13
"12706"	"GO:1902108"	43
"12707"	"GO:1902109"	43
"12708"	"GO:1902110"	43
"12709"	"GO:1902115"	8
"12710"	"GO:1902116"	8
"12711"	"GO:1902117"	8
"12712"	"GO:1902145"	20
"12713"	"GO:1902151"	20
"12714"	"GO:1902153"	20
"12715"	"GO:1902159"	23
"12716"	"GO:1902161"	23
"12717"	"GO:1902162"	20
"12718"	"GO:1902164"	20
"12719"	"GO:1902165"	20
"12720"	"GO:1902166"	20
"12721"	"GO:1902167"	20
"12722"	"GO:1902170"	18
"12723"	"GO:1902172"	36
"12724"	"GO:1902173"	36
"12725"	"GO:1902174"	36
"12726"	"GO:1902175"	44
"12727"	"GO:1902176"	20
"12728"	"GO:1902177"	20
"12729"	"GO:1902178"	9
"12730"	"GO:1902202"	35
"12731"	"GO:1902203"	20
"12732"	"GO:1902204"	20
"12733"	"GO:1902205"	20
"12734"	"GO:1902206"	20
"12735"	"GO:1902214"	20
"12736"	"GO:1902215"	20
"12737"	"GO:1902216"	20
"12738"	"GO:1902217"	36
"12739"	"GO:1902218"	20
"12740"	"GO:1902219"	20
"12741"	"GO:1902220"	20
"12742"	"GO:1902221"	21
"12743"	"GO:1902222"	21
"12744"	"GO:1902224"	21
"12745"	"GO:1902225"	42
"12746"	"GO:1902226"	20
"12747"	"GO:1902227"	20
"12748"	"GO:1902228"	20
"12749"	"GO:1902229"	20
"12750"	"GO:1902230"	20
"12751"	"GO:1902231"	20
"12752"	"GO:1902232"	13
"12753"	"GO:1902233"	13
"12754"	"GO:1902235"	44
"12755"	"GO:1902236"	20
"12756"	"GO:1902237"	20
"12757"	"GO:1902238"	20
"12758"	"GO:1902239"	20
"12759"	"GO:1902247"	49
"12760"	"GO:1902250"	36
"12761"	"GO:1902251"	36
"12762"	"GO:1902253"	20
"12763"	"GO:1902254"	20
"12764"	"GO:1902255"	20
"12765"	"GO:1902256"	36
"12766"	"GO:1902257"	39
"12767"	"GO:1902259"	51
"12768"	"GO:1902260"	23
"12769"	"GO:1902261"	51
"12770"	"GO:1902262"	36
"12771"	"GO:1902263"	36
"12772"	"GO:1902267"	23
"12773"	"GO:1902268"	23
"12774"	"GO:1902269"	23
"12775"	"GO:1902270"	12
"12776"	"GO:1902275"	8
"12777"	"GO:1902283"	19
"12778"	"GO:1902284"	17
"12779"	"GO:1902285"	35
"12780"	"GO:1902287"	35
"12781"	"GO:1902292"	2
"12782"	"GO:1902294"	2
"12783"	"GO:1902296"	2
"12784"	"GO:1902298"	2
"12785"	"GO:1902305"	51
"12786"	"GO:1902306"	23
"12787"	"GO:1902307"	23
"12788"	"GO:1902311"	23
"12789"	"GO:1902315"	2
"12790"	"GO:1902317"	2
"12791"	"GO:1902319"	2
"12792"	"GO:1902336"	43
"12793"	"GO:1902337"	36
"12794"	"GO:1902338"	39
"12795"	"GO:1902339"	36
"12796"	"GO:1902340"	8
"12797"	"GO:1902349"	18
"12798"	"GO:1902350"	18
"12799"	"GO:1902356"	12
"12800"	"GO:1902358"	12
"12801"	"GO:1902359"	35
"12802"	"GO:1902362"	36
"12803"	"GO:1902363"	23
"12804"	"GO:1902365"	23
"12805"	"GO:1902366"	20
"12806"	"GO:1902367"	20
"12807"	"GO:1902369"	4
"12808"	"GO:1902370"	4
"12809"	"GO:1902371"	4
"12810"	"GO:1902373"	4
"12811"	"GO:1902374"	4
"12812"	"GO:1902380"	19
"12813"	"GO:1902389"	12
"12814"	"GO:1902396"	37
"12815"	"GO:1902407"	10
"12816"	"GO:1902410"	22
"12817"	"GO:1902412"	22
"12818"	"GO:1902414"	38
"12819"	"GO:1902415"	19
"12820"	"GO:1902416"	19
"12821"	"GO:1902423"	22
"12822"	"GO:1902425"	22
"12823"	"GO:1902426"	22
"12824"	"GO:1902430"	46
"12825"	"GO:1902435"	53
"12826"	"GO:1902437"	31
"12827"	"GO:1902442"	8
"12828"	"GO:1902443"	8
"12829"	"GO:1902445"	43
"12830"	"GO:1902455"	39
"12831"	"GO:1902459"	7
"12832"	"GO:1902460"	41
"12833"	"GO:1902462"	41
"12834"	"GO:1902463"	37
"12835"	"GO:1902473"	43
"12836"	"GO:1902474"	23
"12837"	"GO:1902475"	12
"12838"	"GO:1902476"	34
"12839"	"GO:1902480"	37
"12840"	"GO:1902482"	47
"12841"	"GO:1902483"	6
"12842"	"GO:1902488"	36
"12843"	"GO:1902490"	39
"12844"	"GO:1902491"	39
"12845"	"GO:1902492"	7
"12846"	"GO:1902497"	12
"12847"	"GO:1902498"	19
"12848"	"GO:1902499"	19
"12849"	"GO:1902510"	4
"12850"	"GO:1902511"	4
"12851"	"GO:1902512"	4
"12852"	"GO:1902513"	38
"12853"	"GO:1902514"	51
"12854"	"GO:1902523"	19
"12855"	"GO:1902524"	19
"12856"	"GO:1902525"	19
"12857"	"GO:1902527"	19
"12858"	"GO:1902528"	19
"12859"	"GO:1902530"	19
"12860"	"GO:1902531"	44
"12861"	"GO:1902532"	44
"12862"	"GO:1902533"	44
"12863"	"GO:1902547"	9
"12864"	"GO:1902548"	20
"12865"	"GO:1902551"	19
"12866"	"GO:1902553"	19
"12867"	"GO:1902558"	12
"12868"	"GO:1902559"	12
"12869"	"GO:1902563"	13
"12870"	"GO:1902564"	13
"12871"	"GO:1902565"	13
"12872"	"GO:1902566"	13
"12873"	"GO:1902567"	13
"12874"	"GO:1902570"	37
"12875"	"GO:1902571"	19
"12876"	"GO:1902572"	19
"12877"	"GO:1902573"	19
"12878"	"GO:1902576"	2
"12879"	"GO:1902595"	19
"12880"	"GO:1902600"	34
"12881"	"GO:1902601"	12
"12882"	"GO:1902603"	12
"12883"	"GO:1902605"	10
"12884"	"GO:1902606"	23
"12885"	"GO:1902608"	23
"12886"	"GO:1902612"	20
"12887"	"GO:1902613"	20
"12888"	"GO:1902615"	6
"12889"	"GO:1902616"	12
"12890"	"GO:1902617"	18
"12891"	"GO:1902618"	18
"12892"	"GO:1902622"	30
"12893"	"GO:1902623"	13
"12894"	"GO:1902624"	30
"12895"	"GO:1902626"	10
"12896"	"GO:1902629"	4
"12897"	"GO:1902630"	51
"12898"	"GO:1902631"	51
"12899"	"GO:1902633"	40
"12900"	"GO:1902635"	40
"12901"	"GO:1902644"	49
"12902"	"GO:1902645"	49
"12903"	"GO:1902652"	16
"12904"	"GO:1902653"	49
"12905"	"GO:1902656"	34
"12906"	"GO:1902659"	20
"12907"	"GO:1902661"	20
"12908"	"GO:1902667"	20
"12909"	"GO:1902668"	20
"12910"	"GO:1902669"	43
"12911"	"GO:1902679"	27
"12912"	"GO:1902680"	27
"12913"	"GO:1902682"	37
"12914"	"GO:1902683"	23
"12915"	"GO:1902685"	23
"12916"	"GO:1902686"	43
"12917"	"GO:1902688"	46
"12918"	"GO:1902691"	24
"12919"	"GO:1902692"	41
"12920"	"GO:1902722"	5
"12921"	"GO:1902723"	42
"12922"	"GO:1902724"	7
"12923"	"GO:1902725"	39
"12924"	"GO:1902728"	7
"12925"	"GO:1902729"	46
"12926"	"GO:1902730"	31
"12927"	"GO:1902731"	36
"12928"	"GO:1902732"	41
"12929"	"GO:1902742"	41
"12930"	"GO:1902743"	43
"12931"	"GO:1902744"	43
"12932"	"GO:1902745"	43
"12933"	"GO:1902746"	39
"12934"	"GO:1902747"	39
"12935"	"GO:1902748"	7
"12936"	"GO:1902749"	22
"12937"	"GO:1902750"	22
"12938"	"GO:1902751"	22
"12939"	"GO:1902761"	7
"12940"	"GO:1902766"	30
"12941"	"GO:1902774"	38
"12942"	"GO:1902775"	10
"12943"	"GO:1902803"	23
"12944"	"GO:1902805"	23
"12945"	"GO:1902806"	22
"12946"	"GO:1902807"	42
"12947"	"GO:1902808"	22
"12948"	"GO:1902809"	7
"12949"	"GO:1902811"	7
"12950"	"GO:1902816"	23
"12951"	"GO:1902817"	23
"12952"	"GO:1902822"	23
"12953"	"GO:1902823"	23
"12954"	"GO:1902824"	23
"12955"	"GO:1902834"	23
"12956"	"GO:1902836"	23
"12957"	"GO:1902838"	23
"12958"	"GO:1902846"	22
"12959"	"GO:1902847"	20
"12960"	"GO:1902850"	22
"12961"	"GO:1902855"	43
"12962"	"GO:1902856"	43
"12963"	"GO:1902857"	43
"12964"	"GO:1902858"	40
"12965"	"GO:1902859"	40
"12966"	"GO:1902860"	40
"12967"	"GO:1902866"	39
"12968"	"GO:1902869"	39
"12969"	"GO:1902870"	39
"12970"	"GO:1902871"	7
"12971"	"GO:1902882"	52
"12972"	"GO:1902883"	20
"12973"	"GO:1902884"	7
"12974"	"GO:1902888"	37
"12975"	"GO:1902889"	37
"12976"	"GO:1902893"	4
"12977"	"GO:1902894"	4
"12978"	"GO:1902895"	4
"12979"	"GO:1902896"	10
"12980"	"GO:1902897"	43
"12981"	"GO:1902902"	8
"12982"	"GO:1902903"	8
"12983"	"GO:1902904"	8
"12984"	"GO:1902905"	8
"12985"	"GO:1902908"	23
"12986"	"GO:1902910"	23
"12987"	"GO:1902913"	7
"12988"	"GO:1902914"	28
"12989"	"GO:1902915"	19
"12990"	"GO:1902916"	28
"12991"	"GO:1902930"	46
"12992"	"GO:1902931"	46
"12993"	"GO:1902932"	46
"12994"	"GO:1902941"	23
"12995"	"GO:1902943"	23
"12996"	"GO:1902946"	37
"12997"	"GO:1902947"	19
"12998"	"GO:1902948"	19
"12999"	"GO:1902949"	19
"13000"	"GO:1902950"	43
"13001"	"GO:1902951"	43
"13002"	"GO:1902952"	43
"13003"	"GO:1902953"	23
"13004"	"GO:1902954"	23
"13005"	"GO:1902955"	23
"13006"	"GO:1902956"	23
"13007"	"GO:1902957"	51
"13008"	"GO:1902958"	23
"13009"	"GO:1902959"	19
"13010"	"GO:1902960"	19
"13011"	"GO:1902961"	19
"13012"	"GO:1902962"	19
"13013"	"GO:1902965"	23
"13014"	"GO:1902966"	23
"13015"	"GO:1902969"	2
"13016"	"GO:1902975"	2
"13017"	"GO:1902977"	10
"13018"	"GO:1902979"	2
"13019"	"GO:1902983"	2
"13020"	"GO:1902988"	10
"13021"	"GO:1902990"	2
"13022"	"GO:1902991"	28
"13023"	"GO:1902992"	46
"13024"	"GO:1902993"	28
"13025"	"GO:1902994"	23
"13026"	"GO:1902995"	23
"13027"	"GO:1902996"	8
"13028"	"GO:1902997"	8
"13029"	"GO:1902998"	43
"13030"	"GO:1903000"	23
"13031"	"GO:1903002"	23
"13032"	"GO:1903003"	19
"13033"	"GO:1903004"	46
"13034"	"GO:1903006"	19
"13035"	"GO:1903007"	19
"13036"	"GO:1903008"	10
"13037"	"GO:1903010"	39
"13038"	"GO:1903011"	39
"13039"	"GO:1903012"	7
"13040"	"GO:1903015"	19
"13041"	"GO:1903016"	19
"13042"	"GO:1903018"	46
"13043"	"GO:1903019"	31
"13044"	"GO:1903020"	31
"13045"	"GO:1903025"	19
"13046"	"GO:1903026"	19
"13047"	"GO:1903027"	6
"13048"	"GO:1903028"	23
"13049"	"GO:1903034"	30
"13050"	"GO:1903035"	30
"13051"	"GO:1903036"	30
"13052"	"GO:1903037"	13
"13053"	"GO:1903038"	13
"13054"	"GO:1903039"	13
"13055"	"GO:1903041"	39
"13056"	"GO:1903043"	7
"13057"	"GO:1903044"	37
"13058"	"GO:1903046"	22
"13059"	"GO:1903047"	22
"13060"	"GO:1903048"	23
"13061"	"GO:1903050"	28
"13062"	"GO:1903051"	28
"13063"	"GO:1903052"	28
"13064"	"GO:1903053"	43
"13065"	"GO:1903054"	43
"13066"	"GO:1903055"	43
"13067"	"GO:1903056"	8
"13068"	"GO:1903059"	46
"13069"	"GO:1903060"	46
"13070"	"GO:1903061"	46
"13071"	"GO:1903062"	23
"13072"	"GO:1903064"	23
"13073"	"GO:1903072"	8
"13074"	"GO:1903073"	20
"13075"	"GO:1903076"	38
"13076"	"GO:1903077"	23
"13077"	"GO:1903078"	23
"13078"	"GO:1903080"	20
"13079"	"GO:1903082"	35
"13080"	"GO:1903083"	37
"13081"	"GO:1903093"	46
"13082"	"GO:1903094"	46
"13083"	"GO:1903096"	37
"13084"	"GO:1903100"	49
"13085"	"GO:1903108"	4
"13086"	"GO:1903109"	4
"13087"	"GO:1903115"	51
"13088"	"GO:1903116"	51
"13089"	"GO:1903119"	37
"13090"	"GO:1903121"	20
"13091"	"GO:1903122"	20
"13092"	"GO:1903125"	19
"13093"	"GO:1903126"	42
"13094"	"GO:1903131"	47
"13095"	"GO:1903140"	39
"13096"	"GO:1903141"	39
"13097"	"GO:1903142"	7
"13098"	"GO:1903146"	46
"13099"	"GO:1903147"	46
"13100"	"GO:1903167"	19
"13101"	"GO:1903168"	19
"13102"	"GO:1903169"	34
"13103"	"GO:1903170"	34
"13104"	"GO:1903173"	21
"13105"	"GO:1903176"	19
"13106"	"GO:1903178"	19
"13107"	"GO:1903179"	46
"13108"	"GO:1903181"	46
"13109"	"GO:1903182"	19
"13110"	"GO:1903184"	21
"13111"	"GO:1903185"	21
"13112"	"GO:1903189"	26
"13113"	"GO:1903190"	49
"13114"	"GO:1903195"	46
"13115"	"GO:1903197"	46
"13116"	"GO:1903198"	19
"13117"	"GO:1903200"	19
"13118"	"GO:1903210"	36
"13119"	"GO:1903214"	37
"13120"	"GO:1903215"	23
"13121"	"GO:1903216"	31
"13122"	"GO:1903217"	31
"13123"	"GO:1903224"	39
"13124"	"GO:1903225"	39
"13125"	"GO:1903226"	7
"13126"	"GO:1903232"	10
"13127"	"GO:1903233"	5
"13128"	"GO:1903235"	23
"13129"	"GO:1903236"	30
"13130"	"GO:1903237"	30
"13131"	"GO:1903238"	30
"13132"	"GO:1903241"	10
"13133"	"GO:1903242"	53
"13134"	"GO:1903243"	53
"13135"	"GO:1903244"	53
"13136"	"GO:1903248"	46
"13137"	"GO:1903249"	46
"13138"	"GO:1903251"	24
"13139"	"GO:1903259"	10
"13140"	"GO:1903265"	20
"13141"	"GO:1903276"	23
"13142"	"GO:1903278"	23
"13143"	"GO:1903279"	23
"13144"	"GO:1903281"	23
"13145"	"GO:1903282"	19
"13146"	"GO:1903284"	19
"13147"	"GO:1903285"	46
"13148"	"GO:1903286"	23
"13149"	"GO:1903288"	23
"13150"	"GO:1903292"	37
"13151"	"GO:1903294"	5
"13152"	"GO:1903296"	23
"13153"	"GO:1903297"	20
"13154"	"GO:1903298"	20
"13155"	"GO:1903299"	19
"13156"	"GO:1903300"	19
"13157"	"GO:1903301"	19
"13158"	"GO:1903302"	19
"13159"	"GO:1903305"	5
"13160"	"GO:1903306"	5
"13161"	"GO:1903307"	5
"13162"	"GO:1903311"	4
"13163"	"GO:1903312"	4
"13164"	"GO:1903313"	4
"13165"	"GO:1903314"	46
"13166"	"GO:1903317"	31
"13167"	"GO:1903318"	31
"13168"	"GO:1903319"	31
"13169"	"GO:1903320"	28
"13170"	"GO:1903321"	28
"13171"	"GO:1903322"	28
"13172"	"GO:1903326"	4
"13173"	"GO:1903327"	4
"13174"	"GO:1903329"	43
"13175"	"GO:1903331"	43
"13176"	"GO:1903332"	19
"13177"	"GO:1903333"	19
"13178"	"GO:1903334"	7
"13179"	"GO:1903335"	23
"13180"	"GO:1903336"	23
"13181"	"GO:1903337"	23
"13182"	"GO:1903341"	2
"13183"	"GO:1903343"	2
"13184"	"GO:1903347"	8
"13185"	"GO:1903348"	43
"13186"	"GO:1903350"	18
"13187"	"GO:1903351"	18
"13188"	"GO:1903352"	12
"13189"	"GO:1903353"	43
"13190"	"GO:1903358"	8
"13191"	"GO:1903361"	37
"13192"	"GO:1903365"	53
"13193"	"GO:1903367"	53
"13194"	"GO:1903371"	43
"13195"	"GO:1903373"	43
"13196"	"GO:1903375"	3
"13197"	"GO:1903376"	20
"13198"	"GO:1903377"	20
"13199"	"GO:1903378"	20
"13200"	"GO:1903379"	22
"13201"	"GO:1903381"	20
"13202"	"GO:1903382"	20
"13203"	"GO:1903383"	20
"13204"	"GO:1903384"	20
"13205"	"GO:1903385"	7
"13206"	"GO:1903387"	7
"13207"	"GO:1903391"	43
"13208"	"GO:1903392"	8
"13209"	"GO:1903393"	43
"13210"	"GO:1903394"	37
"13211"	"GO:1903401"	12
"13212"	"GO:1903402"	23
"13213"	"GO:1903403"	53
"13214"	"GO:1903405"	37
"13215"	"GO:1903406"	23
"13216"	"GO:1903408"	23
"13217"	"GO:1903409"	16
"13218"	"GO:1903412"	18
"13219"	"GO:1903413"	18
"13220"	"GO:1903416"	18
"13221"	"GO:1903420"	37
"13222"	"GO:1903421"	23
"13223"	"GO:1903422"	23
"13224"	"GO:1903423"	23
"13225"	"GO:1903424"	12
"13226"	"GO:1903426"	16
"13227"	"GO:1903427"	46
"13228"	"GO:1903428"	46
"13229"	"GO:1903429"	39
"13230"	"GO:1903430"	39
"13231"	"GO:1903431"	7
"13232"	"GO:1903432"	44
"13233"	"GO:1903433"	5
"13234"	"GO:1903434"	5
"13235"	"GO:1903435"	23
"13236"	"GO:1903436"	22
"13237"	"GO:1903438"	22
"13238"	"GO:1903441"	37
"13239"	"GO:1903442"	18
"13240"	"GO:1903444"	39
"13241"	"GO:1903445"	37
"13242"	"GO:1903450"	42
"13243"	"GO:1903451"	42
"13244"	"GO:1903457"	21
"13245"	"GO:1903461"	2
"13246"	"GO:1903463"	2
"13247"	"GO:1903464"	2
"13248"	"GO:1903465"	2
"13249"	"GO:1903475"	10
"13250"	"GO:1903479"	10
"13251"	"GO:1903487"	23
"13252"	"GO:1903489"	7
"13253"	"GO:1903490"	22
"13254"	"GO:1903494"	18
"13255"	"GO:1903495"	18
"13256"	"GO:1903496"	18
"13257"	"GO:1903504"	22
"13258"	"GO:1903509"	49
"13259"	"GO:1903510"	49
"13260"	"GO:1903512"	21
"13261"	"GO:1903513"	37
"13262"	"GO:1903514"	34
"13263"	"GO:1903515"	34
"13264"	"GO:1903516"	2
"13265"	"GO:1903517"	4
"13266"	"GO:1903518"	2
"13267"	"GO:1903522"	53
"13268"	"GO:1903523"	53
"13269"	"GO:1903524"	53
"13270"	"GO:1903525"	43
"13271"	"GO:1903526"	43
"13272"	"GO:1903527"	43
"13273"	"GO:1903530"	5
"13274"	"GO:1903531"	5
"13275"	"GO:1903532"	5
"13276"	"GO:1903533"	23
"13277"	"GO:1903537"	22
"13278"	"GO:1903538"	42
"13279"	"GO:1903539"	37
"13280"	"GO:1903540"	37
"13281"	"GO:1903541"	5
"13282"	"GO:1903542"	5
"13283"	"GO:1903543"	23
"13284"	"GO:1903544"	18
"13285"	"GO:1903545"	18
"13286"	"GO:1903546"	37
"13287"	"GO:1903551"	43
"13288"	"GO:1903553"	43
"13289"	"GO:1903555"	1
"13290"	"GO:1903556"	31
"13291"	"GO:1903557"	1
"13292"	"GO:1903564"	23
"13293"	"GO:1903565"	23
"13294"	"GO:1903566"	23
"13295"	"GO:1903567"	23
"13296"	"GO:1903568"	23
"13297"	"GO:1903569"	23
"13298"	"GO:1903573"	20
"13299"	"GO:1903575"	11
"13300"	"GO:1903576"	18
"13301"	"GO:1903577"	18
"13302"	"GO:1903578"	16
"13303"	"GO:1903579"	16
"13304"	"GO:1903580"	16
"13305"	"GO:1903587"	41
"13306"	"GO:1903588"	36
"13307"	"GO:1903589"	41
"13308"	"GO:1903593"	5
"13309"	"GO:1903595"	5
"13310"	"GO:1903596"	43
"13311"	"GO:1903597"	43
"13312"	"GO:1903598"	43
"13313"	"GO:1903599"	28
"13314"	"GO:1903608"	37
"13315"	"GO:1903609"	23
"13316"	"GO:1903610"	19
"13317"	"GO:1903612"	19
"13318"	"GO:1903618"	7
"13319"	"GO:1903620"	7
"13320"	"GO:1903621"	37
"13321"	"GO:1903624"	4
"13322"	"GO:1903625"	4
"13323"	"GO:1903626"	4
"13324"	"GO:1903636"	23
"13325"	"GO:1903638"	23
"13326"	"GO:1903639"	5
"13327"	"GO:1903640"	5
"13328"	"GO:1903644"	19
"13329"	"GO:1903645"	19
"13330"	"GO:1903659"	6
"13331"	"GO:1903660"	39
"13332"	"GO:1903661"	7
"13333"	"GO:1903670"	27
"13334"	"GO:1903671"	39
"13335"	"GO:1903672"	7
"13336"	"GO:1903673"	22
"13337"	"GO:1903674"	4
"13338"	"GO:1903676"	4
"13339"	"GO:1903677"	4
"13340"	"GO:1903679"	4
"13341"	"GO:1903689"	39
"13342"	"GO:1903690"	20
"13343"	"GO:1903691"	7
"13344"	"GO:1903697"	43
"13345"	"GO:1903699"	3
"13346"	"GO:1903701"	3
"13347"	"GO:1903703"	24
"13348"	"GO:1903706"	13
"13349"	"GO:1903707"	13
"13350"	"GO:1903708"	13
"13351"	"GO:1903709"	3
"13352"	"GO:1903710"	12
"13353"	"GO:1903711"	12
"13354"	"GO:1903712"	12
"13355"	"GO:1903713"	12
"13356"	"GO:1903714"	12
"13357"	"GO:1903715"	16
"13358"	"GO:1903716"	12
"13359"	"GO:1903719"	19
"13360"	"GO:1903720"	46
"13361"	"GO:1903721"	19
"13362"	"GO:1903722"	42
"13363"	"GO:1903723"	42
"13364"	"GO:1903724"	8
"13365"	"GO:1903725"	46
"13366"	"GO:1903726"	46
"13367"	"GO:1903727"	46
"13368"	"GO:1903729"	43
"13369"	"GO:1903742"	23
"13370"	"GO:1903744"	23
"13371"	"GO:1903747"	43
"13372"	"GO:1903748"	23
"13373"	"GO:1903749"	23
"13374"	"GO:1903750"	20
"13375"	"GO:1903751"	20
"13376"	"GO:1903753"	20
"13377"	"GO:1903755"	19
"13378"	"GO:1903760"	51
"13379"	"GO:1903762"	51
"13380"	"GO:1903764"	23
"13381"	"GO:1903765"	23
"13382"	"GO:1903766"	23
"13383"	"GO:1903770"	19
"13384"	"GO:1903771"	19
"13385"	"GO:1903772"	43
"13386"	"GO:1903774"	23
"13387"	"GO:1903775"	2
"13388"	"GO:1903778"	37
"13389"	"GO:1903779"	51
"13390"	"GO:1903780"	53
"13391"	"GO:1903781"	53
"13392"	"GO:1903785"	12
"13393"	"GO:1903786"	46
"13394"	"GO:1903788"	46
"13395"	"GO:1903789"	23
"13396"	"GO:1903790"	12
"13397"	"GO:1903791"	12
"13398"	"GO:1903792"	23
"13399"	"GO:1903793"	23
"13400"	"GO:1903795"	23
"13401"	"GO:1903797"	23
"13402"	"GO:1903798"	4
"13403"	"GO:1903799"	4
"13404"	"GO:1903800"	4
"13405"	"GO:1903801"	12
"13406"	"GO:1903803"	12
"13407"	"GO:1903804"	12
"13408"	"GO:1903806"	12
"13409"	"GO:1903810"	12
"13410"	"GO:1903811"	12
"13411"	"GO:1903812"	12
"13412"	"GO:1903817"	23
"13413"	"GO:1903818"	51
"13414"	"GO:1903823"	2
"13415"	"GO:1903824"	4
"13416"	"GO:1903825"	12
"13417"	"GO:1903826"	12
"13418"	"GO:1903828"	38
"13419"	"GO:1903829"	38
"13420"	"GO:1903830"	34
"13421"	"GO:1903840"	18
"13422"	"GO:1903841"	18
"13423"	"GO:1903842"	18
"13424"	"GO:1903843"	18
"13425"	"GO:1903844"	9
"13426"	"GO:1903845"	20
"13427"	"GO:1903846"	9
"13428"	"GO:1903847"	7
"13429"	"GO:1903849"	7
"13430"	"GO:1903850"	43
"13431"	"GO:1903852"	43
"13432"	"GO:1903859"	43
"13433"	"GO:1903860"	39
"13434"	"GO:1903861"	43
"13435"	"GO:1903862"	46
"13436"	"GO:1903867"	3
"13437"	"GO:1903881"	20
"13438"	"GO:1903883"	20
"13439"	"GO:1903884"	31
"13440"	"GO:1903886"	31
"13441"	"GO:1903891"	20
"13442"	"GO:1903892"	20
"13443"	"GO:1903893"	20
"13444"	"GO:1903894"	20
"13445"	"GO:1903895"	20
"13446"	"GO:1903896"	20
"13447"	"GO:1903897"	20
"13448"	"GO:1903898"	20
"13449"	"GO:1903899"	20
"13450"	"GO:1903900"	1
"13451"	"GO:1903901"	1
"13452"	"GO:1903902"	1
"13453"	"GO:1903903"	36
"13454"	"GO:1903904"	13
"13455"	"GO:1903905"	13
"13456"	"GO:1903906"	43
"13457"	"GO:1903909"	51
"13458"	"GO:1903910"	51
"13459"	"GO:1903911"	23
"13460"	"GO:1903912"	31
"13461"	"GO:1903913"	43
"13462"	"GO:1903914"	43
"13463"	"GO:1903918"	51
"13464"	"GO:1903919"	43
"13465"	"GO:1903920"	7
"13466"	"GO:1903921"	31
"13467"	"GO:1903923"	31
"13468"	"GO:1903925"	18
"13469"	"GO:1903926"	18
"13470"	"GO:1903929"	3
"13471"	"GO:1903932"	19
"13472"	"GO:1903934"	19
"13473"	"GO:1903935"	18
"13474"	"GO:1903936"	18
"13475"	"GO:1903937"	18
"13476"	"GO:1903939"	20
"13477"	"GO:1903940"	20
"13478"	"GO:1903941"	53
"13479"	"GO:1903942"	53
"13480"	"GO:1903943"	36
"13481"	"GO:1903944"	36
"13482"	"GO:1903945"	36
"13483"	"GO:1903946"	53
"13484"	"GO:1903949"	51
"13485"	"GO:1903952"	51
"13486"	"GO:1903955"	43
"13487"	"GO:1903959"	23
"13488"	"GO:1903960"	23
"13489"	"GO:1903961"	23
"13490"	"GO:1903963"	12
"13491"	"GO:1903964"	21
"13492"	"GO:1903965"	21
"13493"	"GO:1903966"	21
"13494"	"GO:1903969"	20
"13495"	"GO:1903971"	20
"13496"	"GO:1903972"	20
"13497"	"GO:1903974"	20
"13498"	"GO:1903975"	30
"13499"	"GO:1903976"	30
"13500"	"GO:1903977"	7
"13501"	"GO:1903978"	6
"13502"	"GO:1903979"	6
"13503"	"GO:1903980"	6
"13504"	"GO:1903984"	20
"13505"	"GO:1903988"	12
"13506"	"GO:1903995"	19
"13507"	"GO:1903996"	19
"13508"	"GO:1903997"	19
"13509"	"GO:1903998"	53
"13510"	"GO:1903999"	53
"13511"	"GO:1904000"	53
"13512"	"GO:1904002"	36
"13513"	"GO:1904003"	36
"13514"	"GO:1904010"	18
"13515"	"GO:1904014"	18
"13516"	"GO:1904015"	18
"13517"	"GO:1904016"	18
"13518"	"GO:1904017"	18
"13519"	"GO:1904018"	27
"13520"	"GO:1904019"	41
"13521"	"GO:1904020"	35
"13522"	"GO:1904021"	20
"13523"	"GO:1904022"	35
"13524"	"GO:1904023"	46
"13525"	"GO:1904024"	46
"13526"	"GO:1904025"	46
"13527"	"GO:1904026"	8
"13528"	"GO:1904027"	8
"13529"	"GO:1904028"	8
"13530"	"GO:1904029"	28
"13531"	"GO:1904030"	19
"13532"	"GO:1904031"	19
"13533"	"GO:1904032"	23
"13534"	"GO:1904034"	23
"13535"	"GO:1904035"	36
"13536"	"GO:1904036"	36
"13537"	"GO:1904037"	36
"13538"	"GO:1904041"	19
"13539"	"GO:1904042"	19
"13540"	"GO:1904044"	18
"13541"	"GO:1904045"	18
"13542"	"GO:1904046"	31
"13543"	"GO:1904048"	5
"13544"	"GO:1904049"	5
"13545"	"GO:1904050"	23
"13546"	"GO:1904054"	36
"13547"	"GO:1904055"	36
"13548"	"GO:1904056"	41
"13549"	"GO:1904057"	53
"13550"	"GO:1904058"	53
"13551"	"GO:1904059"	53
"13552"	"GO:1904062"	34
"13553"	"GO:1904063"	34
"13554"	"GO:1904064"	34
"13555"	"GO:1904071"	11
"13556"	"GO:1904073"	36
"13557"	"GO:1904075"	7
"13558"	"GO:1904082"	12
"13559"	"GO:1904092"	36
"13560"	"GO:1904093"	36
"13561"	"GO:1904094"	36
"13562"	"GO:1904098"	46
"13563"	"GO:1904100"	31
"13564"	"GO:1904103"	7
"13565"	"GO:1904105"	7
"13566"	"GO:1904106"	37
"13567"	"GO:1904108"	37
"13568"	"GO:1904116"	18
"13569"	"GO:1904117"	18
"13570"	"GO:1904118"	7
"13571"	"GO:1904120"	7
"13572"	"GO:1904124"	30
"13573"	"GO:1904139"	13
"13574"	"GO:1904140"	39
"13575"	"GO:1904141"	13
"13576"	"GO:1904149"	6
"13577"	"GO:1904150"	6
"13578"	"GO:1904151"	13
"13579"	"GO:1904152"	23
"13580"	"GO:1904153"	23
"13581"	"GO:1904154"	23
"13582"	"GO:1904155"	47
"13583"	"GO:1904156"	47
"13584"	"GO:1904157"	47
"13585"	"GO:1904158"	10
"13586"	"GO:1904161"	2
"13587"	"GO:1904170"	43
"13588"	"GO:1904172"	43
"13589"	"GO:1904177"	7
"13590"	"GO:1904178"	39
"13591"	"GO:1904179"	7
"13592"	"GO:1904180"	51
"13593"	"GO:1904181"	51
"13594"	"GO:1904182"	19
"13595"	"GO:1904187"	1
"13596"	"GO:1904188"	1
"13597"	"GO:1904189"	1
"13598"	"GO:1904192"	36
"13599"	"GO:1904193"	36
"13600"	"GO:1904195"	36
"13601"	"GO:1904197"	41
"13602"	"GO:1904199"	51
"13603"	"GO:1904200"	12
"13604"	"GO:1904204"	53
"13605"	"GO:1904205"	53
"13606"	"GO:1904206"	53
"13607"	"GO:1904210"	10
"13608"	"GO:1904211"	26
"13609"	"GO:1904217"	19
"13610"	"GO:1904220"	19
"13611"	"GO:1904222"	19
"13612"	"GO:1904223"	19
"13613"	"GO:1904226"	19
"13614"	"GO:1904227"	19
"13615"	"GO:1904229"	19
"13616"	"GO:1904231"	19
"13617"	"GO:1904232"	19
"13618"	"GO:1904234"	19
"13619"	"GO:1904235"	30
"13620"	"GO:1904237"	7
"13621"	"GO:1904238"	24
"13622"	"GO:1904239"	8
"13623"	"GO:1904240"	8
"13624"	"GO:1904245"	19
"13625"	"GO:1904246"	19
"13626"	"GO:1904247"	19
"13627"	"GO:1904251"	46
"13628"	"GO:1904252"	46
"13629"	"GO:1904253"	46
"13630"	"GO:1904257"	12
"13631"	"GO:1904259"	43
"13632"	"GO:1904261"	43
"13633"	"GO:1904262"	44
"13634"	"GO:1904263"	44
"13635"	"GO:1904266"	39
"13636"	"GO:1904268"	39
"13637"	"GO:1904270"	10
"13638"	"GO:1904271"	12
"13639"	"GO:1904273"	12
"13640"	"GO:1904274"	10
"13641"	"GO:1904282"	6
"13642"	"GO:1904283"	6
"13643"	"GO:1904289"	20
"13644"	"GO:1904290"	20
"13645"	"GO:1904291"	20
"13646"	"GO:1904292"	46
"13647"	"GO:1904293"	46
"13648"	"GO:1904294"	28
"13649"	"GO:1904298"	23
"13650"	"GO:1904300"	23
"13651"	"GO:1904301"	53
"13652"	"GO:1904303"	53
"13653"	"GO:1904304"	53
"13654"	"GO:1904306"	53
"13655"	"GO:1904313"	18
"13656"	"GO:1904316"	18
"13657"	"GO:1904317"	18
"13658"	"GO:1904321"	18
"13659"	"GO:1904322"	18
"13660"	"GO:1904323"	19
"13661"	"GO:1904325"	19
"13662"	"GO:1904328"	51
"13663"	"GO:1904330"	7
"13664"	"GO:1904331"	4
"13665"	"GO:1904333"	4
"13666"	"GO:1904338"	39
"13667"	"GO:1904339"	39
"13668"	"GO:1904340"	7
"13669"	"GO:1904341"	53
"13670"	"GO:1904343"	53
"13671"	"GO:1904344"	53
"13672"	"GO:1904346"	53
"13673"	"GO:1904347"	53
"13674"	"GO:1904349"	53
"13675"	"GO:1904350"	46
"13676"	"GO:1904351"	46
"13677"	"GO:1904352"	46
"13678"	"GO:1904353"	2
"13679"	"GO:1904354"	2
"13680"	"GO:1904355"	2
"13681"	"GO:1904356"	2
"13682"	"GO:1904357"	2
"13683"	"GO:1904358"	2
"13684"	"GO:1904370"	23
"13685"	"GO:1904372"	23
"13686"	"GO:1904373"	18
"13687"	"GO:1904375"	38
"13688"	"GO:1904376"	23
"13689"	"GO:1904377"	23
"13690"	"GO:1904378"	37
"13691"	"GO:1904380"	26
"13692"	"GO:1904382"	26
"13693"	"GO:1904383"	18
"13694"	"GO:1904385"	18
"13695"	"GO:1904386"	18
"13696"	"GO:1904387"	18
"13697"	"GO:1904389"	24
"13698"	"GO:1904390"	24
"13699"	"GO:1904393"	51
"13700"	"GO:1904394"	51
"13701"	"GO:1904395"	23
"13702"	"GO:1904396"	43
"13703"	"GO:1904398"	43
"13704"	"GO:1904400"	18
"13705"	"GO:1904401"	18
"13706"	"GO:1904404"	18
"13707"	"GO:1904406"	46
"13708"	"GO:1904407"	16
"13709"	"GO:1904409"	43
"13710"	"GO:1904411"	23
"13711"	"GO:1904412"	7
"13712"	"GO:1904414"	7
"13713"	"GO:1904415"	6
"13714"	"GO:1904417"	6
"13715"	"GO:1904424"	19
"13716"	"GO:1904426"	19
"13717"	"GO:1904427"	34
"13718"	"GO:1904428"	46
"13719"	"GO:1904429"	8
"13720"	"GO:1904430"	8
"13721"	"GO:1904431"	2
"13722"	"GO:1904432"	19
"13723"	"GO:1904434"	19
"13724"	"GO:1904435"	19
"13725"	"GO:1904437"	19
"13726"	"GO:1904438"	23
"13727"	"GO:1904439"	23
"13728"	"GO:1904440"	23
"13729"	"GO:1904441"	36
"13730"	"GO:1904442"	39
"13731"	"GO:1904444"	39
"13732"	"GO:1904445"	39
"13733"	"GO:1904447"	12
"13734"	"GO:1904448"	5
"13735"	"GO:1904450"	23
"13736"	"GO:1904456"	39
"13737"	"GO:1904457"	51
"13738"	"GO:1904464"	5
"13739"	"GO:1904465"	5
"13740"	"GO:1904466"	23
"13741"	"GO:1904470"	31
"13742"	"GO:1904472"	31
"13743"	"GO:1904478"	53
"13744"	"GO:1904479"	53
"13745"	"GO:1904480"	53
"13746"	"GO:1904481"	18
"13747"	"GO:1904482"	18
"13748"	"GO:1904491"	37
"13749"	"GO:1904502"	46
"13750"	"GO:1904504"	46
"13751"	"GO:1904505"	2
"13752"	"GO:1904506"	2
"13753"	"GO:1904507"	2
"13754"	"GO:1904508"	23
"13755"	"GO:1904510"	23
"13756"	"GO:1904515"	20
"13757"	"GO:1904516"	36
"13758"	"GO:1904518"	37
"13759"	"GO:1904520"	36
"13760"	"GO:1904526"	19
"13761"	"GO:1904527"	19
"13762"	"GO:1904528"	19
"13763"	"GO:1904529"	19
"13764"	"GO:1904530"	19
"13765"	"GO:1904531"	19
"13766"	"GO:1904533"	8
"13767"	"GO:1904534"	8
"13768"	"GO:1904535"	2
"13769"	"GO:1904538"	46
"13770"	"GO:1904539"	16
"13771"	"GO:1904542"	8
"13772"	"GO:1904544"	8
"13773"	"GO:1904550"	18
"13774"	"GO:1904555"	12
"13775"	"GO:1904556"	12
"13776"	"GO:1904557"	12
"13777"	"GO:1904562"	49
"13778"	"GO:1904565"	18
"13779"	"GO:1904566"	18
"13780"	"GO:1904567"	18
"13781"	"GO:1904568"	18
"13782"	"GO:1904569"	4
"13783"	"GO:1904570"	4
"13784"	"GO:1904580"	23
"13785"	"GO:1904582"	23
"13786"	"GO:1904585"	18
"13787"	"GO:1904586"	18
"13788"	"GO:1904587"	18
"13789"	"GO:1904588"	18
"13790"	"GO:1904589"	23
"13791"	"GO:1904591"	23
"13792"	"GO:1904594"	4
"13793"	"GO:1904595"	4
"13794"	"GO:1904596"	53
"13795"	"GO:1904597"	53
"13796"	"GO:1904606"	36
"13797"	"GO:1904612"	18
"13798"	"GO:1904613"	18
"13799"	"GO:1904616"	19
"13800"	"GO:1904617"	19
"13801"	"GO:1904618"	19
"13802"	"GO:1904627"	18
"13803"	"GO:1904628"	18
"13804"	"GO:1904633"	36
"13805"	"GO:1904635"	36
"13806"	"GO:1904636"	18
"13807"	"GO:1904637"	18
"13808"	"GO:1904638"	18
"13809"	"GO:1904640"	18
"13810"	"GO:1904643"	18
"13811"	"GO:1904645"	18
"13812"	"GO:1904646"	18
"13813"	"GO:1904649"	36
"13814"	"GO:1904651"	36
"13815"	"GO:1904659"	12
"13816"	"GO:1904666"	19
"13817"	"GO:1904667"	19
"13818"	"GO:1904668"	19
"13819"	"GO:1904669"	12
"13820"	"GO:1904672"	36
"13821"	"GO:1904673"	39
"13822"	"GO:1904674"	7
"13823"	"GO:1904675"	42
"13824"	"GO:1904677"	36
"13825"	"GO:1904679"	12
"13826"	"GO:1904683"	19
"13827"	"GO:1904684"	19
"13828"	"GO:1904685"	19
"13829"	"GO:1904688"	4
"13830"	"GO:1904689"	4
"13831"	"GO:1904690"	4
"13832"	"GO:1904691"	36
"13833"	"GO:1904692"	41
"13834"	"GO:1904693"	48
"13835"	"GO:1904694"	53
"13836"	"GO:1904695"	53
"13837"	"GO:1904697"	36
"13838"	"GO:1904700"	36
"13839"	"GO:1904701"	10
"13840"	"GO:1904702"	43
"13841"	"GO:1904705"	41
"13842"	"GO:1904706"	36
"13843"	"GO:1904707"	41
"13844"	"GO:1904708"	36
"13845"	"GO:1904711"	8
"13846"	"GO:1904714"	46
"13847"	"GO:1904715"	46
"13848"	"GO:1904716"	46
"13849"	"GO:1904717"	23
"13850"	"GO:1904719"	23
"13851"	"GO:1904723"	8
"13852"	"GO:1904729"	53
"13853"	"GO:1904730"	53
"13854"	"GO:1904731"	53
"13855"	"GO:1904732"	19
"13856"	"GO:1904733"	19
"13857"	"GO:1904734"	19
"13858"	"GO:1904735"	46
"13859"	"GO:1904736"	46
"13860"	"GO:1904738"	30
"13861"	"GO:1904742"	19
"13862"	"GO:1904743"	19
"13863"	"GO:1904744"	19
"13864"	"GO:1904746"	36
"13865"	"GO:1904747"	36
"13866"	"GO:1904748"	36
"13867"	"GO:1904749"	23
"13868"	"GO:1904750"	23
"13869"	"GO:1904751"	23
"13870"	"GO:1904752"	30
"13871"	"GO:1904753"	39
"13872"	"GO:1904754"	7
"13873"	"GO:1904760"	39
"13874"	"GO:1904761"	39
"13875"	"GO:1904762"	7
"13876"	"GO:1904764"	10
"13877"	"GO:1904772"	18
"13878"	"GO:1904776"	23
"13879"	"GO:1904777"	23
"13880"	"GO:1904778"	23
"13881"	"GO:1904779"	8
"13882"	"GO:1904780"	42
"13883"	"GO:1904781"	23
"13884"	"GO:1904782"	23
"13885"	"GO:1904783"	19
"13886"	"GO:1904784"	10
"13887"	"GO:1904790"	8
"13888"	"GO:1904791"	8
"13889"	"GO:1904792"	8
"13890"	"GO:1904796"	19
"13891"	"GO:1904797"	19
"13892"	"GO:1904798"	19
"13893"	"GO:1904799"	39
"13894"	"GO:1904800"	39
"13895"	"GO:1904803"	4
"13896"	"GO:1904806"	19
"13897"	"GO:1904808"	19
"13898"	"GO:1904809"	23
"13899"	"GO:1904811"	23
"13900"	"GO:1904812"	25
"13901"	"GO:1904814"	8
"13902"	"GO:1904815"	8
"13903"	"GO:1904816"	23
"13904"	"GO:1904823"	12
"13905"	"GO:1904825"	37
"13906"	"GO:1904826"	46
"13907"	"GO:1904828"	46
"13908"	"GO:1904829"	39
"13909"	"GO:1904831"	7
"13910"	"GO:1904835"	48
"13911"	"GO:1904837"	10
"13912"	"GO:1904842"	18
"13913"	"GO:1904843"	18
"13914"	"GO:1904844"	18
"13915"	"GO:1904845"	18
"13916"	"GO:1904847"	20
"13917"	"GO:1904848"	20
"13918"	"GO:1904849"	20
"13919"	"GO:1904850"	23
"13920"	"GO:1904851"	23
"13921"	"GO:1904860"	2
"13922"	"GO:1904861"	11
"13923"	"GO:1904862"	11
"13924"	"GO:1904863"	8
"13925"	"GO:1904864"	8
"13926"	"GO:1904867"	37
"13927"	"GO:1904868"	10
"13928"	"GO:1904869"	23
"13929"	"GO:1904871"	23
"13930"	"GO:1904872"	4
"13931"	"GO:1904874"	23
"13932"	"GO:1904875"	19
"13933"	"GO:1904877"	19
"13934"	"GO:1904878"	34
"13935"	"GO:1904879"	23
"13936"	"GO:1904880"	18
"13937"	"GO:1904881"	18
"13938"	"GO:1904882"	8
"13939"	"GO:1904884"	8
"13940"	"GO:1904886"	10
"13941"	"GO:1904887"	10
"13942"	"GO:1904888"	32
"13943"	"GO:1904889"	43
"13944"	"GO:1904890"	39
"13945"	"GO:1904891"	7
"13946"	"GO:1904892"	44
"13947"	"GO:1904893"	9
"13948"	"GO:1904894"	9
"13949"	"GO:1904895"	10
"13950"	"GO:1904896"	10
"13951"	"GO:1904897"	41
"13952"	"GO:1904899"	41
"13953"	"GO:1904902"	10
"13954"	"GO:1904903"	10
"13955"	"GO:1904904"	30
"13956"	"GO:1904905"	39
"13957"	"GO:1904906"	7
"13958"	"GO:1904907"	22
"13959"	"GO:1904908"	22
"13960"	"GO:1904910"	23
"13961"	"GO:1904911"	4
"13962"	"GO:1904913"	8
"13963"	"GO:1904914"	8
"13964"	"GO:1904933"	41
"13965"	"GO:1904934"	36
"13966"	"GO:1904935"	41
"13967"	"GO:1904936"	17
"13968"	"GO:1904937"	30
"13969"	"GO:1904947"	12
"13970"	"GO:1904948"	24
"13971"	"GO:1904950"	38
"13972"	"GO:1904951"	38
"13973"	"GO:1904956"	39
"13974"	"GO:1904958"	7
"13975"	"GO:1904959"	23
"13976"	"GO:1904960"	23
"13977"	"GO:1904970"	10
"13978"	"GO:1904971"	31
"13979"	"GO:1904973"	31
"13980"	"GO:1904975"	18
"13981"	"GO:1904976"	18
"13982"	"GO:1904977"	30
"13983"	"GO:1904978"	8
"13984"	"GO:1904979"	8
"13985"	"GO:1904980"	23
"13986"	"GO:1904983"	12
"13987"	"GO:1904984"	46
"13988"	"GO:1904985"	46
"13989"	"GO:1904990"	35
"13990"	"GO:1904992"	35
"13991"	"GO:1904994"	30
"13992"	"GO:1904995"	30
"13993"	"GO:1904996"	30
"13994"	"GO:1904997"	30
"13995"	"GO:1904998"	39
"13996"	"GO:1904999"	7
"13997"	"GO:1905000"	51
"13998"	"GO:1905003"	21
"13999"	"GO:1905004"	21
"14000"	"GO:1905005"	39
"14001"	"GO:1905006"	39
"14002"	"GO:1905007"	7
"14003"	"GO:1905012"	46
"14004"	"GO:1905024"	51
"14005"	"GO:1905025"	51
"14006"	"GO:1905026"	51
"14007"	"GO:1905031"	51
"14008"	"GO:1905032"	51
"14009"	"GO:1905033"	51
"14010"	"GO:1905034"	6
"14011"	"GO:1905035"	6
"14012"	"GO:1905036"	6
"14013"	"GO:1905037"	11
"14014"	"GO:1905038"	46
"14015"	"GO:1905039"	12
"14016"	"GO:1905040"	3
"14017"	"GO:1905041"	39
"14018"	"GO:1905042"	39
"14019"	"GO:1905044"	36
"14020"	"GO:1905045"	39
"14021"	"GO:1905048"	19
"14022"	"GO:1905049"	19
"14023"	"GO:1905050"	19
"14024"	"GO:1905051"	4
"14025"	"GO:1905053"	4
"14026"	"GO:1905062"	41
"14027"	"GO:1905063"	39
"14028"	"GO:1905064"	39
"14029"	"GO:1905065"	7
"14030"	"GO:1905069"	3
"14031"	"GO:1905070"	30
"14032"	"GO:1905071"	10
"14033"	"GO:1905072"	3
"14034"	"GO:1905073"	43
"14035"	"GO:1905075"	43
"14036"	"GO:1905089"	46
"14037"	"GO:1905090"	46
"14038"	"GO:1905091"	46
"14039"	"GO:1905097"	19
"14040"	"GO:1905098"	19
"14041"	"GO:1905099"	19
"14042"	"GO:1905115"	22
"14043"	"GO:1905116"	22
"14044"	"GO:1905126"	23
"14045"	"GO:1905128"	23
"14046"	"GO:1905132"	42
"14047"	"GO:1905133"	42
"14048"	"GO:1905134"	22
"14049"	"GO:1905135"	12
"14050"	"GO:1905143"	10
"14051"	"GO:1905144"	18
"14052"	"GO:1905145"	18
"14053"	"GO:1905146"	26
"14054"	"GO:1905150"	23
"14055"	"GO:1905151"	23
"14056"	"GO:1905152"	23
"14057"	"GO:1905153"	43
"14058"	"GO:1905154"	43
"14059"	"GO:1905155"	43
"14060"	"GO:1905161"	37
"14061"	"GO:1905162"	8
"14062"	"GO:1905164"	8
"14063"	"GO:1905165"	46
"14064"	"GO:1905166"	46
"14065"	"GO:1905167"	46
"14066"	"GO:1905168"	2
"14067"	"GO:1905169"	23
"14068"	"GO:1905171"	23
"14069"	"GO:1905174"	7
"14070"	"GO:1905176"	7
"14071"	"GO:1905178"	39
"14072"	"GO:1905179"	39
"14073"	"GO:1905186"	22
"14074"	"GO:1905188"	22
"14075"	"GO:1905198"	10
"14076"	"GO:1905199"	10
"14077"	"GO:1905203"	53
"14078"	"GO:1905204"	53
"14079"	"GO:1905205"	53
"14080"	"GO:1905207"	39
"14081"	"GO:1905208"	39
"14082"	"GO:1905209"	7
"14083"	"GO:1905213"	8
"14084"	"GO:1905214"	19
"14085"	"GO:1905215"	19
"14086"	"GO:1905216"	19
"14087"	"GO:1905217"	18
"14088"	"GO:1905219"	7
"14089"	"GO:1905221"	7
"14090"	"GO:1905222"	48
"14091"	"GO:1905223"	48
"14092"	"GO:1905225"	18
"14093"	"GO:1905229"	18
"14094"	"GO:1905232"	18
"14095"	"GO:1905242"	18
"14096"	"GO:1905243"	18
"14097"	"GO:1905244"	43
"14098"	"GO:1905245"	19
"14099"	"GO:1905246"	19
"14100"	"GO:1905247"	19
"14101"	"GO:1905258"	20
"14102"	"GO:1905259"	20
"14103"	"GO:1905268"	8
"14104"	"GO:1905269"	8
"14105"	"GO:1905271"	23
"14106"	"GO:1905273"	23
"14107"	"GO:1905274"	43
"14108"	"GO:1905276"	7
"14109"	"GO:1905278"	7
"14110"	"GO:1905279"	23
"14111"	"GO:1905280"	23
"14112"	"GO:1905281"	23
"14113"	"GO:1905285"	48
"14114"	"GO:1905288"	36
"14115"	"GO:1905289"	20
"14116"	"GO:1905291"	20
"14117"	"GO:1905298"	7
"14118"	"GO:1905300"	7
"14119"	"GO:1905301"	23
"14120"	"GO:1905302"	23
"14121"	"GO:1905303"	23
"14122"	"GO:1905304"	43
"14123"	"GO:1905305"	39
"14124"	"GO:1905310"	30
"14125"	"GO:1905312"	7
"14126"	"GO:1905314"	32
"14127"	"GO:1905317"	48
"14128"	"GO:1905318"	22
"14129"	"GO:1905319"	30
"14130"	"GO:1905320"	42
"14131"	"GO:1905322"	7
"14132"	"GO:1905323"	10
"14133"	"GO:1905325"	22
"14134"	"GO:1905326"	22
"14135"	"GO:1905327"	48
"14136"	"GO:1905330"	48
"14137"	"GO:1905331"	48
"14138"	"GO:1905332"	48
"14139"	"GO:1905333"	53
"14140"	"GO:1905335"	46
"14141"	"GO:1905337"	46
"14142"	"GO:1905340"	23
"14143"	"GO:1905342"	23
"14144"	"GO:1905344"	49
"14145"	"GO:1905349"	10
"14146"	"GO:1905355"	10
"14147"	"GO:1905359"	37
"14148"	"GO:1905364"	23
"14149"	"GO:1905365"	43
"14150"	"GO:1905366"	43
"14151"	"GO:1905371"	49
"14152"	"GO:1905373"	49
"14153"	"GO:1905380"	4
"14154"	"GO:1905381"	4
"14155"	"GO:1905382"	4
"14156"	"GO:1905383"	37
"14157"	"GO:1905384"	23
"14158"	"GO:1905386"	23
"14159"	"GO:1905395"	18
"14160"	"GO:1905396"	18
"14161"	"GO:1905397"	36
"14162"	"GO:1905402"	36
"14163"	"GO:1905403"	36
"14164"	"GO:1905404"	13
"14165"	"GO:1905407"	23
"14166"	"GO:1905408"	23
"14167"	"GO:1905413"	23
"14168"	"GO:1905415"	23
"14169"	"GO:1905420"	24
"14170"	"GO:1905429"	18
"14171"	"GO:1905430"	18
"14172"	"GO:1905432"	45
"14173"	"GO:1905433"	20
"14174"	"GO:1905443"	43
"14175"	"GO:1905445"	43
"14176"	"GO:1905446"	23
"14177"	"GO:1905447"	23
"14178"	"GO:1905448"	23
"14179"	"GO:1905449"	20
"14180"	"GO:1905450"	20
"14181"	"GO:1905451"	35
"14182"	"GO:1905453"	39
"14183"	"GO:1905454"	39
"14184"	"GO:1905456"	39
"14185"	"GO:1905457"	39
"14186"	"GO:1905458"	7
"14187"	"GO:1905459"	36
"14188"	"GO:1905460"	36
"14189"	"GO:1905461"	36
"14190"	"GO:1905462"	2
"14191"	"GO:1905463"	8
"14192"	"GO:1905464"	8
"14193"	"GO:1905475"	38
"14194"	"GO:1905476"	23
"14195"	"GO:1905477"	23
"14196"	"GO:1905483"	7
"14197"	"GO:1905485"	7
"14198"	"GO:1905492"	7
"14199"	"GO:1905503"	43
"14200"	"GO:1905505"	43
"14201"	"GO:1905508"	37
"14202"	"GO:1905512"	45
"14203"	"GO:1905513"	45
"14204"	"GO:1905515"	10
"14205"	"GO:1905516"	31
"14206"	"GO:1905517"	30
"14207"	"GO:1905518"	43
"14208"	"GO:1905520"	43
"14209"	"GO:1905521"	30
"14210"	"GO:1905522"	6
"14211"	"GO:1905523"	30
"14212"	"GO:1905524"	19
"14213"	"GO:1905526"	34
"14214"	"GO:1905528"	23
"14215"	"GO:1905532"	23
"14216"	"GO:1905533"	23
"14217"	"GO:1905534"	23
"14218"	"GO:1905535"	8
"14219"	"GO:1905537"	8
"14220"	"GO:1905539"	20
"14221"	"GO:1905546"	18
"14222"	"GO:1905550"	23
"14223"	"GO:1905551"	23
"14224"	"GO:1905552"	23
"14225"	"GO:1905553"	7
"14226"	"GO:1905555"	7
"14227"	"GO:1905562"	41
"14228"	"GO:1905563"	36
"14229"	"GO:1905564"	41
"14230"	"GO:1905572"	12
"14231"	"GO:1905578"	20
"14232"	"GO:1905580"	20
"14233"	"GO:1905581"	53
"14234"	"GO:1905584"	36
"14235"	"GO:1905585"	36
"14236"	"GO:1905586"	36
"14237"	"GO:1905590"	10
"14238"	"GO:1905591"	43
"14239"	"GO:1905592"	39
"14240"	"GO:1905595"	19
"14241"	"GO:1905596"	19
"14242"	"GO:1905597"	19
"14243"	"GO:1905598"	19
"14244"	"GO:1905599"	19
"14245"	"GO:1905600"	23
"14246"	"GO:1905601"	23
"14247"	"GO:1905602"	23
"14248"	"GO:1905603"	53
"14249"	"GO:1905604"	53
"14250"	"GO:1905605"	53
"14251"	"GO:1905606"	43
"14252"	"GO:1905607"	39
"14253"	"GO:1905608"	43
"14254"	"GO:1905609"	7
"14255"	"GO:1905610"	19
"14256"	"GO:1905612"	19
"14257"	"GO:1905627"	46
"14258"	"GO:1905630"	18
"14259"	"GO:1905631"	18
"14260"	"GO:1905634"	8
"14261"	"GO:1905636"	19
"14262"	"GO:1905647"	12
"14263"	"GO:1905651"	7
"14264"	"GO:1905653"	7
"14265"	"GO:1905664"	23
"14266"	"GO:1905665"	23
"14267"	"GO:1905666"	23
"14268"	"GO:1905667"	23
"14269"	"GO:1905668"	23
"14270"	"GO:1905669"	10
"14271"	"GO:1905671"	8
"14272"	"GO:1905672"	8
"14273"	"GO:1905673"	8
"14274"	"GO:1905674"	6
"14275"	"GO:1905675"	6
"14276"	"GO:1905676"	6
"14277"	"GO:1905684"	43
"14278"	"GO:1905686"	43
"14279"	"GO:1905687"	19
"14280"	"GO:1905689"	19
"14281"	"GO:1905691"	10
"14282"	"GO:1905693"	46
"14283"	"GO:1905695"	46
"14284"	"GO:1905702"	43
"14285"	"GO:1905703"	43
"14286"	"GO:1905704"	43
"14287"	"GO:1905706"	46
"14288"	"GO:1905709"	51
"14289"	"GO:1905710"	51
"14290"	"GO:1905711"	18
"14291"	"GO:1905719"	37
"14292"	"GO:1905725"	37
"14293"	"GO:1905735"	23
"14294"	"GO:1905737"	23
"14295"	"GO:1905744"	4
"14296"	"GO:1905746"	4
"14297"	"GO:1905747"	53
"14298"	"GO:1905748"	48
"14299"	"GO:1905749"	23
"14300"	"GO:1905751"	23
"14301"	"GO:1905755"	37
"14302"	"GO:1905764"	2
"14303"	"GO:1905765"	2
"14304"	"GO:1905767"	19
"14305"	"GO:1905768"	19
"14306"	"GO:1905770"	39
"14307"	"GO:1905771"	39
"14308"	"GO:1905772"	7
"14309"	"GO:1905774"	8
"14310"	"GO:1905776"	8
"14311"	"GO:1905777"	19
"14312"	"GO:1905778"	19
"14313"	"GO:1905780"	43
"14314"	"GO:1905782"	43
"14315"	"GO:1905784"	46
"14316"	"GO:1905786"	46
"14317"	"GO:1905793"	37
"14318"	"GO:1905794"	18
"14319"	"GO:1905795"	18
"14320"	"GO:1905799"	23
"14321"	"GO:1905805"	11
"14322"	"GO:1905806"	43
"14323"	"GO:1905808"	43
"14324"	"GO:1905809"	43
"14325"	"GO:1905818"	22
"14326"	"GO:1905819"	22
"14327"	"GO:1905820"	22
"14328"	"GO:1905821"	8
"14329"	"GO:1905828"	46
"14330"	"GO:1905832"	8
"14331"	"GO:1905833"	8
"14332"	"GO:1905834"	18
"14333"	"GO:1905835"	18
"14334"	"GO:1905838"	2
"14335"	"GO:1905839"	8
"14336"	"GO:1905856"	46
"14337"	"GO:1905857"	16
"14338"	"GO:1905858"	19
"14339"	"GO:1905860"	19
"14340"	"GO:1905867"	3
"14341"	"GO:1905868"	4
"14342"	"GO:1905869"	4
"14343"	"GO:1905870"	4
"14344"	"GO:1905871"	23
"14345"	"GO:1905872"	23
"14346"	"GO:1905874"	43
"14347"	"GO:1905875"	43
"14348"	"GO:1905879"	39
"14349"	"GO:1905883"	23
"14350"	"GO:1905885"	23
"14351"	"GO:1905890"	53
"14352"	"GO:1905897"	44
"14353"	"GO:1905898"	44
"14354"	"GO:1905899"	39
"14355"	"GO:1905906"	8
"14356"	"GO:1905907"	8
"14357"	"GO:1905908"	8
"14358"	"GO:1905912"	23
"14359"	"GO:1905913"	23
"14360"	"GO:1905915"	39
"14361"	"GO:1905916"	39
"14362"	"GO:1905917"	7
"14363"	"GO:1905918"	19
"14364"	"GO:1905920"	19
"14365"	"GO:1905930"	39
"14366"	"GO:1905931"	39
"14367"	"GO:1905932"	7
"14368"	"GO:1905933"	39
"14369"	"GO:1905934"	39
"14370"	"GO:1905935"	7
"14371"	"GO:1905936"	42
"14372"	"GO:1905937"	42
"14373"	"GO:1905938"	41
"14374"	"GO:1905939"	39
"14375"	"GO:1905940"	39
"14376"	"GO:1905941"	7
"14377"	"GO:1905949"	23
"14378"	"GO:1905952"	5
"14379"	"GO:1905953"	5
"14380"	"GO:1905954"	5
"14381"	"GO:1905956"	7
"14382"	"GO:1905957"	20
"14383"	"GO:1905962"	24
"14384"	"GO:1990000"	10
"14385"	"GO:1990009"	36
"14386"	"GO:1990029"	53
"14387"	"GO:1990034"	34
"14388"	"GO:1990036"	34
"14389"	"GO:1990044"	37
"14390"	"GO:1990046"	11
"14391"	"GO:1990048"	37
"14392"	"GO:1990049"	37
"14393"	"GO:1990051"	19
"14394"	"GO:1990074"	4
"14395"	"GO:1990079"	52
"14396"	"GO:1990086"	24
"14397"	"GO:1990089"	18
"14398"	"GO:1990090"	18
"14399"	"GO:1990092"	26
"14400"	"GO:1990108"	26
"14401"	"GO:1990113"	10
"14402"	"GO:1990114"	10
"14403"	"GO:1990115"	10
"14404"	"GO:1990116"	26
"14405"	"GO:1990117"	35
"14406"	"GO:1990127"	20
"14407"	"GO:1990134"	14
"14408"	"GO:1990138"	17
"14409"	"GO:1990144"	36
"14410"	"GO:1990145"	25
"14411"	"GO:1990166"	37
"14412"	"GO:1990167"	26
"14413"	"GO:1990168"	26
"14414"	"GO:1990169"	50
"14415"	"GO:1990170"	50
"14416"	"GO:1990172"	35
"14417"	"GO:1990173"	37
"14418"	"GO:1990180"	25
"14419"	"GO:1990182"	38
"14420"	"GO:1990227"	11
"14421"	"GO:1990253"	50
"14422"	"GO:1990256"	45
"14423"	"GO:1990261"	25
"14424"	"GO:1990262"	9
"14425"	"GO:1990264"	28
"14426"	"GO:1990266"	30
"14427"	"GO:1990267"	18
"14428"	"GO:1990268"	50
"14429"	"GO:1990280"	37
"14430"	"GO:1990297"	33
"14431"	"GO:1990314"	18
"14432"	"GO:1990349"	12
"14433"	"GO:1990359"	50
"14434"	"GO:1990379"	12
"14435"	"GO:1990384"	3
"14436"	"GO:1990386"	11
"14437"	"GO:1990390"	26
"14438"	"GO:1990399"	3
"14439"	"GO:1990401"	3
"14440"	"GO:1990402"	3
"14441"	"GO:1990403"	3
"14442"	"GO:1990408"	35
"14443"	"GO:1990410"	35
"14444"	"GO:1990414"	2
"14445"	"GO:1990416"	18
"14446"	"GO:1990418"	18
"14447"	"GO:1990426"	2
"14448"	"GO:1990428"	12
"14449"	"GO:1990437"	25
"14450"	"GO:1990438"	25
"14451"	"GO:1990442"	20
"14452"	"GO:1990443"	26
"14453"	"GO:1990451"	50
"14454"	"GO:1990456"	11
"14455"	"GO:1990466"	26
"14456"	"GO:1990478"	18
"14457"	"GO:1990481"	25
"14458"	"GO:1990497"	4
"14459"	"GO:1990502"	10
"14460"	"GO:1990504"	5
"14461"	"GO:1990505"	2
"14462"	"GO:1990506"	2
"14463"	"GO:1990519"	12
"14464"	"GO:1990523"	3
"14465"	"GO:1990535"	17
"14466"	"GO:1990539"	12
"14467"	"GO:1990540"	12
"14468"	"GO:1990542"	12
"14469"	"GO:1990543"	12
"14470"	"GO:1990544"	12
"14471"	"GO:1990546"	12
"14472"	"GO:1990547"	12
"14473"	"GO:1990548"	12
"14474"	"GO:1990549"	12
"14475"	"GO:1990550"	12
"14476"	"GO:1990559"	12
"14477"	"GO:1990564"	26
"14478"	"GO:1990569"	12
"14479"	"GO:1990573"	34
"14480"	"GO:1990575"	12
"14481"	"GO:1990579"	26
"14482"	"GO:1990592"	26
"14483"	"GO:1990603"	50
"14484"	"GO:1990611"	4
"14485"	"GO:1990625"	4
"14486"	"GO:1990637"	18
"14487"	"GO:1990641"	50
"14488"	"GO:1990646"	18
"14489"	"GO:1990654"	41
"14490"	"GO:1990656"	37
"14491"	"GO:1990680"	18
"14492"	"GO:1990683"	22
"14493"	"GO:1990697"	26
"14494"	"GO:1990700"	10
"14495"	"GO:1990705"	41
"14496"	"GO:1990708"	33
"14497"	"GO:1990709"	11
"14498"	"GO:1990736"	51
"14499"	"GO:1990737"	50
"14500"	"GO:1990739"	41
"14501"	"GO:1990743"	26
"14502"	"GO:1990748"	50
"14503"	"GO:1990751"	30
"14504"	"GO:1990755"	10
"14505"	"GO:1990758"	22
"14506"	"GO:1990764"	30
"14507"	"GO:1990765"	53
"14508"	"GO:1990768"	33
"14509"	"GO:1990770"	53
"14510"	"GO:1990771"	37
"14511"	"GO:1990773"	5
"14512"	"GO:1990775"	1
"14513"	"GO:1990776"	18
"14514"	"GO:1990778"	38
"14515"	"GO:1990784"	18
"14516"	"GO:1990785"	18
"14517"	"GO:1990786"	18
"14518"	"GO:1990787"	9
"14519"	"GO:1990789"	41
"14520"	"GO:1990790"	18
"14521"	"GO:1990791"	3
"14522"	"GO:1990792"	18
"14523"	"GO:1990806"	45
"14524"	"GO:1990809"	11
"14525"	"GO:1990822"	12
"14526"	"GO:1990823"	18
"14527"	"GO:1990828"	24
"14528"	"GO:1990830"	18
"14529"	"GO:1990832"	37
"14530"	"GO:1990834"	18
"14531"	"GO:1990839"	18
"14532"	"GO:1990840"	18
"14533"	"GO:1990845"	52
"14534"	"GO:1990849"	38
"14535"	"GO:1990858"	18
"14536"	"GO:1990859"	18
"14537"	"GO:1990863"	24
"14538"	"GO:1990868"	18
"14539"	"GO:1990869"	18
"14540"	"GO:1990874"	41
"14541"	"GO:1990882"	25
"14542"	"GO:1990884"	25
"14543"	"GO:1990910"	50
"14544"	"GO:1990911"	50
"14545"	"GO:1990918"	2
"14546"	"GO:1990922"	47
"14547"	"GO:1990926"	45
"14548"	"GO:1990927"	5
"14549"	"GO:1990928"	50
"14550"	"GO:1990936"	24
"14551"	"GO:1990938"	26
"14552"	"GO:1990949"	22
"14553"	"GO:1990953"	37
"14554"	"GO:1990959"	47
"14555"	"GO:1990960"	47
"14556"	"GO:1990961"	12
"14557"	"GO:1990962"	12
"14558"	"GO:1990963"	3
"14559"	"GO:1990966"	40
"14560"	"GO:1990968"	1
"14561"	"GO:1990969"	19
"14562"	"GO:1990983"	4
"14563"	"GO:2000001"	20
"14564"	"GO:2000002"	20
"14565"	"GO:2000003"	20
"14566"	"GO:2000004"	39
"14567"	"GO:2000005"	39
"14568"	"GO:2000006"	39
"14569"	"GO:2000007"	39
"14570"	"GO:2000008"	38
"14571"	"GO:2000009"	38
"14572"	"GO:2000010"	23
"14573"	"GO:2000011"	31
"14574"	"GO:2000015"	39
"14575"	"GO:2000016"	31
"14576"	"GO:2000017"	7
"14577"	"GO:2000018"	39
"14578"	"GO:2000019"	39
"14579"	"GO:2000020"	7
"14580"	"GO:2000026"	27
"14581"	"GO:2000027"	48
"14582"	"GO:2000035"	42
"14583"	"GO:2000036"	41
"14584"	"GO:2000042"	2
"14585"	"GO:2000043"	39
"14586"	"GO:2000045"	22
"14587"	"GO:2000047"	30
"14588"	"GO:2000048"	30
"14589"	"GO:2000049"	7
"14590"	"GO:2000050"	35
"14591"	"GO:2000051"	20
"14592"	"GO:2000052"	35
"14593"	"GO:2000058"	28
"14594"	"GO:2000059"	28
"14595"	"GO:2000060"	28
"14596"	"GO:2000061"	39
"14597"	"GO:2000062"	39
"14598"	"GO:2000063"	7
"14599"	"GO:2000064"	46
"14600"	"GO:2000065"	46
"14601"	"GO:2000066"	46
"14602"	"GO:2000074"	39
"14603"	"GO:2000077"	39
"14604"	"GO:2000078"	7
"14605"	"GO:2000095"	20
"14606"	"GO:2000096"	35
"14607"	"GO:2000097"	43
"14608"	"GO:2000098"	53
"14609"	"GO:2000101"	41
"14610"	"GO:2000103"	41
"14611"	"GO:2000104"	2
"14612"	"GO:2000105"	2
"14613"	"GO:2000106"	36
"14614"	"GO:2000107"	36
"14615"	"GO:2000108"	36
"14616"	"GO:2000109"	36
"14617"	"GO:2000110"	36
"14618"	"GO:2000111"	36
"14619"	"GO:2000114"	30
"14620"	"GO:2000116"	28
"14621"	"GO:2000117"	28
"14622"	"GO:2000118"	23
"14623"	"GO:2000119"	23
"14624"	"GO:2000120"	23
"14625"	"GO:2000121"	46
"14626"	"GO:2000124"	35
"14627"	"GO:2000134"	22
"14628"	"GO:2000136"	41
"14629"	"GO:2000137"	41
"14630"	"GO:2000138"	41
"14631"	"GO:2000142"	4
"14632"	"GO:2000143"	4
"14633"	"GO:2000144"	4
"14634"	"GO:2000145"	30
"14635"	"GO:2000146"	30
"14636"	"GO:2000147"	30
"14637"	"GO:2000152"	19
"14638"	"GO:2000155"	7
"14639"	"GO:2000156"	23
"14640"	"GO:2000157"	19
"14641"	"GO:2000158"	19
"14642"	"GO:2000169"	19
"14643"	"GO:2000170"	19
"14644"	"GO:2000171"	43
"14645"	"GO:2000172"	39
"14646"	"GO:2000173"	39
"14647"	"GO:2000174"	13
"14648"	"GO:2000176"	13
"14649"	"GO:2000177"	41
"14650"	"GO:2000178"	41
"14651"	"GO:2000179"	41
"14652"	"GO:2000180"	46
"14653"	"GO:2000181"	27
"14654"	"GO:2000182"	46
"14655"	"GO:2000184"	46
"14656"	"GO:2000185"	23
"14657"	"GO:2000187"	23
"14658"	"GO:2000191"	5
"14659"	"GO:2000192"	5
"14660"	"GO:2000193"	5
"14661"	"GO:2000194"	39
"14662"	"GO:2000195"	39
"14663"	"GO:2000196"	7
"14664"	"GO:2000197"	23
"14665"	"GO:2000199"	23
"14666"	"GO:2000200"	23
"14667"	"GO:2000202"	23
"14668"	"GO:2000206"	23
"14669"	"GO:2000208"	23
"14670"	"GO:2000209"	36
"14671"	"GO:2000210"	36
"14672"	"GO:2000211"	46
"14673"	"GO:2000212"	46
"14674"	"GO:2000213"	46
"14675"	"GO:2000220"	43
"14676"	"GO:2000222"	43
"14677"	"GO:2000224"	46
"14678"	"GO:2000225"	46
"14679"	"GO:2000226"	39
"14680"	"GO:2000227"	39
"14681"	"GO:2000229"	41
"14682"	"GO:2000230"	36
"14683"	"GO:2000231"	41
"14684"	"GO:2000232"	4
"14685"	"GO:2000233"	4
"14686"	"GO:2000234"	4
"14687"	"GO:2000235"	4
"14688"	"GO:2000241"	14
"14689"	"GO:2000242"	14
"14690"	"GO:2000243"	14
"14691"	"GO:2000252"	53
"14692"	"GO:2000253"	53
"14693"	"GO:2000254"	42
"14694"	"GO:2000255"	42
"14695"	"GO:2000256"	41
"14696"	"GO:2000257"	31
"14697"	"GO:2000269"	36
"14698"	"GO:2000270"	36
"14699"	"GO:2000271"	36
"14700"	"GO:2000272"	9
"14701"	"GO:2000273"	9
"14702"	"GO:2000275"	23
"14703"	"GO:2000276"	23
"14704"	"GO:2000278"	2
"14705"	"GO:2000279"	2
"14706"	"GO:2000282"	46
"14707"	"GO:2000284"	46
"14708"	"GO:2000287"	7
"14709"	"GO:2000288"	41
"14710"	"GO:2000290"	7
"14711"	"GO:2000291"	41
"14712"	"GO:2000292"	5
"14713"	"GO:2000293"	5
"14714"	"GO:2000295"	46
"14715"	"GO:2000296"	46
"14716"	"GO:2000297"	43
"14717"	"GO:2000298"	19
"14718"	"GO:2000299"	19
"14719"	"GO:2000300"	5
"14720"	"GO:2000301"	5
"14721"	"GO:2000302"	23
"14722"	"GO:2000303"	46
"14723"	"GO:2000304"	46
"14724"	"GO:2000307"	31
"14725"	"GO:2000308"	31
"14726"	"GO:2000309"	31
"14727"	"GO:2000310"	23
"14728"	"GO:2000311"	23
"14729"	"GO:2000312"	23
"14730"	"GO:2000313"	35
"14731"	"GO:2000314"	20
"14732"	"GO:2000316"	29
"14733"	"GO:2000317"	6
"14734"	"GO:2000318"	29
"14735"	"GO:2000319"	13
"14736"	"GO:2000320"	13
"14737"	"GO:2000321"	13
"14738"	"GO:2000322"	20
"14739"	"GO:2000323"	20
"14740"	"GO:2000324"	20
"14741"	"GO:2000328"	13
"14742"	"GO:2000329"	13
"14743"	"GO:2000330"	13
"14744"	"GO:2000331"	43
"14745"	"GO:2000332"	43
"14746"	"GO:2000334"	43
"14747"	"GO:2000338"	31
"14748"	"GO:2000340"	31
"14749"	"GO:2000341"	31
"14750"	"GO:2000342"	31
"14751"	"GO:2000343"	31
"14752"	"GO:2000344"	7
"14753"	"GO:2000345"	41
"14754"	"GO:2000346"	36
"14755"	"GO:2000347"	41
"14756"	"GO:2000348"	20
"14757"	"GO:2000349"	20
"14758"	"GO:2000350"	20
"14759"	"GO:2000351"	36
"14760"	"GO:2000352"	36
"14761"	"GO:2000353"	36
"14762"	"GO:2000354"	39
"14763"	"GO:2000355"	39
"14764"	"GO:2000356"	7
"14765"	"GO:2000357"	39
"14766"	"GO:2000358"	7
"14767"	"GO:2000359"	31
"14768"	"GO:2000360"	42
"14769"	"GO:2000361"	19
"14770"	"GO:2000363"	19
"14771"	"GO:2000367"	5
"14772"	"GO:2000368"	23
"14773"	"GO:2000369"	23
"14774"	"GO:2000370"	23
"14775"	"GO:2000371"	19
"14776"	"GO:2000373"	19
"14777"	"GO:2000374"	46
"14778"	"GO:2000376"	46
"14779"	"GO:2000377"	16
"14780"	"GO:2000378"	16
"14781"	"GO:2000379"	16
"14782"	"GO:2000380"	39
"14783"	"GO:2000381"	39
"14784"	"GO:2000382"	7
"14785"	"GO:2000383"	39
"14786"	"GO:2000384"	39
"14787"	"GO:2000386"	7
"14788"	"GO:2000387"	7
"14789"	"GO:2000388"	7
"14790"	"GO:2000389"	30
"14791"	"GO:2000391"	13
"14792"	"GO:2000392"	43
"14793"	"GO:2000393"	43
"14794"	"GO:2000394"	43
"14795"	"GO:2000395"	23
"14796"	"GO:2000397"	23
"14797"	"GO:2000401"	30
"14798"	"GO:2000402"	30
"14799"	"GO:2000403"	30
"14800"	"GO:2000404"	30
"14801"	"GO:2000405"	13
"14802"	"GO:2000406"	30
"14803"	"GO:2000407"	13
"14804"	"GO:2000408"	13
"14805"	"GO:2000409"	13
"14806"	"GO:2000410"	30
"14807"	"GO:2000412"	13
"14808"	"GO:2000413"	13
"14809"	"GO:2000415"	13
"14810"	"GO:2000416"	13
"14811"	"GO:2000417"	13
"14812"	"GO:2000418"	13
"14813"	"GO:2000419"	13
"14814"	"GO:2000420"	13
"14815"	"GO:2000422"	6
"14816"	"GO:2000424"	6
"14817"	"GO:2000425"	23
"14818"	"GO:2000426"	36
"14819"	"GO:2000427"	23
"14820"	"GO:2000431"	8
"14821"	"GO:2000434"	28
"14822"	"GO:2000435"	46
"14823"	"GO:2000436"	19
"14824"	"GO:2000437"	30
"14825"	"GO:2000438"	13
"14826"	"GO:2000439"	13
"14827"	"GO:2000446"	20
"14828"	"GO:2000448"	20
"14829"	"GO:2000449"	13
"14830"	"GO:2000451"	13
"14831"	"GO:2000452"	13
"14832"	"GO:2000454"	13
"14833"	"GO:2000458"	6
"14834"	"GO:2000463"	45
"14835"	"GO:2000464"	13
"14836"	"GO:2000465"	19
"14837"	"GO:2000466"	19
"14838"	"GO:2000467"	19
"14839"	"GO:2000468"	19
"14840"	"GO:2000470"	19
"14841"	"GO:2000471"	13
"14842"	"GO:2000473"	7
"14843"	"GO:2000474"	35
"14844"	"GO:2000476"	35
"14845"	"GO:2000477"	39
"14846"	"GO:2000478"	7
"14847"	"GO:2000479"	19
"14848"	"GO:2000480"	19
"14849"	"GO:2000481"	19
"14850"	"GO:2000485"	23
"14851"	"GO:2000486"	23
"14852"	"GO:2000487"	23
"14853"	"GO:2000489"	13
"14854"	"GO:2000490"	36
"14855"	"GO:2000491"	7
"14856"	"GO:2000492"	20
"14857"	"GO:2000493"	20
"14858"	"GO:2000494"	20
"14859"	"GO:2000501"	6
"14860"	"GO:2000502"	6
"14861"	"GO:2000503"	13
"14862"	"GO:2000504"	53
"14863"	"GO:2000508"	6
"14864"	"GO:2000509"	6
"14865"	"GO:2000510"	6
"14866"	"GO:2000511"	6
"14867"	"GO:2000513"	6
"14868"	"GO:2000514"	13
"14869"	"GO:2000515"	13
"14870"	"GO:2000516"	13
"14871"	"GO:2000517"	13
"14872"	"GO:2000518"	13
"14873"	"GO:2000520"	13
"14874"	"GO:2000521"	13
"14875"	"GO:2000522"	13
"14876"	"GO:2000523"	13
"14877"	"GO:2000524"	13
"14878"	"GO:2000525"	13
"14879"	"GO:2000526"	31
"14880"	"GO:2000527"	13
"14881"	"GO:2000529"	13
"14882"	"GO:2000532"	53
"14883"	"GO:2000533"	53
"14884"	"GO:2000534"	53
"14885"	"GO:2000535"	1
"14886"	"GO:2000536"	1
"14887"	"GO:2000537"	6
"14888"	"GO:2000538"	13
"14889"	"GO:2000539"	31
"14890"	"GO:2000541"	31
"14891"	"GO:2000543"	7
"14892"	"GO:2000544"	39
"14893"	"GO:2000545"	20
"14894"	"GO:2000546"	39
"14895"	"GO:2000547"	43
"14896"	"GO:2000548"	43
"14897"	"GO:2000549"	43
"14898"	"GO:2000551"	29
"14899"	"GO:2000552"	6
"14900"	"GO:2000553"	29
"14901"	"GO:2000554"	29
"14902"	"GO:2000556"	29
"14903"	"GO:2000557"	29
"14904"	"GO:2000558"	29
"14905"	"GO:2000559"	31
"14906"	"GO:2000560"	31
"14907"	"GO:2000561"	13
"14908"	"GO:2000562"	13
"14909"	"GO:2000563"	13
"14910"	"GO:2000564"	13
"14911"	"GO:2000565"	13
"14912"	"GO:2000566"	13
"14913"	"GO:2000567"	13
"14914"	"GO:2000568"	13
"14915"	"GO:2000569"	13
"14916"	"GO:2000570"	13
"14917"	"GO:2000571"	6
"14918"	"GO:2000572"	6
"14919"	"GO:2000573"	2
"14920"	"GO:2000583"	35
"14921"	"GO:2000584"	20
"14922"	"GO:2000586"	35
"14923"	"GO:2000587"	20
"14924"	"GO:2000588"	35
"14925"	"GO:2000589"	20
"14926"	"GO:2000590"	39
"14927"	"GO:2000591"	36
"14928"	"GO:2000592"	7
"14929"	"GO:2000594"	7
"14930"	"GO:2000595"	43
"14931"	"GO:2000597"	7
"14932"	"GO:2000601"	8
"14933"	"GO:2000606"	36
"14934"	"GO:2000607"	39
"14935"	"GO:2000609"	46
"14936"	"GO:2000611"	23
"14937"	"GO:2000612"	5
"14938"	"GO:2000622"	4
"14939"	"GO:2000623"	4
"14940"	"GO:2000625"	4
"14941"	"GO:2000626"	4
"14942"	"GO:2000627"	4
"14943"	"GO:2000628"	4
"14944"	"GO:2000629"	4
"14945"	"GO:2000630"	4
"14946"	"GO:2000631"	4
"14947"	"GO:2000632"	4
"14948"	"GO:2000633"	4
"14949"	"GO:2000634"	4
"14950"	"GO:2000635"	4
"14951"	"GO:2000636"	4
"14952"	"GO:2000637"	4
"14953"	"GO:2000638"	20
"14954"	"GO:2000639"	20
"14955"	"GO:2000640"	20
"14956"	"GO:2000641"	23
"14957"	"GO:2000642"	23
"14958"	"GO:2000643"	23
"14959"	"GO:2000644"	46
"14960"	"GO:2000645"	46
"14961"	"GO:2000646"	46
"14962"	"GO:2000647"	41
"14963"	"GO:2000648"	41
"14964"	"GO:2000649"	51
"14965"	"GO:2000650"	23
"14966"	"GO:2000651"	23
"14967"	"GO:2000654"	20
"14968"	"GO:2000655"	20
"14969"	"GO:2000659"	20
"14970"	"GO:2000660"	20
"14971"	"GO:2000661"	20
"14972"	"GO:2000668"	36
"14973"	"GO:2000669"	36
"14974"	"GO:2000670"	36
"14975"	"GO:2000671"	36
"14976"	"GO:2000672"	36
"14977"	"GO:2000673"	36
"14978"	"GO:2000674"	36
"14979"	"GO:2000675"	36
"14980"	"GO:2000676"	36
"14981"	"GO:2000677"	19
"14982"	"GO:2000678"	19
"14983"	"GO:2000679"	19
"14984"	"GO:2000683"	20
"14985"	"GO:2000689"	10
"14986"	"GO:2000690"	39
"14987"	"GO:2000691"	39
"14988"	"GO:2000696"	39
"14989"	"GO:2000697"	39
"14990"	"GO:2000698"	7
"14991"	"GO:2000699"	9
"14992"	"GO:2000701"	9
"14993"	"GO:2000702"	20
"14994"	"GO:2000703"	20
"14995"	"GO:2000705"	8
"14996"	"GO:2000706"	8
"14997"	"GO:2000707"	23
"14998"	"GO:2000718"	22
"14999"	"GO:2000719"	22
"15000"	"GO:2000720"	22
"15001"	"GO:2000722"	39
"15002"	"GO:2000723"	39
"15003"	"GO:2000724"	7
"15004"	"GO:2000725"	39
"15005"	"GO:2000726"	39
"15006"	"GO:2000727"	7
"15007"	"GO:2000729"	41
"15008"	"GO:2000730"	4
"15009"	"GO:2000733"	35
"15010"	"GO:2000734"	20
"15011"	"GO:2000736"	27
"15012"	"GO:2000737"	39
"15013"	"GO:2000738"	7
"15014"	"GO:2000739"	39
"15015"	"GO:2000740"	39
"15016"	"GO:2000741"	7
"15017"	"GO:2000742"	7
"15018"	"GO:2000744"	7
"15019"	"GO:2000752"	46
"15020"	"GO:2000753"	46
"15021"	"GO:2000754"	46
"15022"	"GO:2000755"	46
"15023"	"GO:2000756"	46
"15024"	"GO:2000757"	46
"15025"	"GO:2000758"	46
"15026"	"GO:2000759"	31
"15027"	"GO:2000761"	31
"15028"	"GO:2000765"	4
"15029"	"GO:2000766"	4
"15030"	"GO:2000767"	4
"15031"	"GO:2000768"	7
"15032"	"GO:2000769"	39
"15033"	"GO:2000771"	7
"15034"	"GO:2000772"	27
"15035"	"GO:2000773"	4
"15036"	"GO:2000774"	4
"15037"	"GO:2000779"	2
"15038"	"GO:2000780"	2
"15039"	"GO:2000781"	2
"15040"	"GO:2000785"	43
"15041"	"GO:2000786"	43
"15042"	"GO:2000790"	36
"15043"	"GO:2000791"	39
"15044"	"GO:2000793"	41
"15045"	"GO:2000794"	41
"15046"	"GO:2000795"	36
"15047"	"GO:2000797"	39
"15048"	"GO:2000798"	39
"15049"	"GO:2000800"	7
"15050"	"GO:2000802"	7
"15051"	"GO:2000804"	4
"15052"	"GO:2000805"	4
"15053"	"GO:2000806"	4
"15054"	"GO:2000807"	23
"15055"	"GO:2000808"	23
"15056"	"GO:2000809"	23
"15057"	"GO:2000810"	43
"15058"	"GO:2000811"	36
"15059"	"GO:2000812"	8
"15060"	"GO:2000813"	8
"15061"	"GO:2000816"	22
"15062"	"GO:2000818"	42
"15063"	"GO:2000819"	2
"15064"	"GO:2000821"	53
"15065"	"GO:2000822"	33
"15066"	"GO:2000825"	9
"15067"	"GO:2000826"	48
"15068"	"GO:2000827"	25
"15069"	"GO:2000828"	5
"15070"	"GO:2000830"	5
"15071"	"GO:2000831"	5
"15072"	"GO:2000832"	5
"15073"	"GO:2000833"	5
"15074"	"GO:2000834"	5
"15075"	"GO:2000836"	5
"15076"	"GO:2000843"	5
"15077"	"GO:2000845"	5
"15078"	"GO:2000846"	5
"15079"	"GO:2000847"	5
"15080"	"GO:2000848"	5
"15081"	"GO:2000849"	5
"15082"	"GO:2000850"	5
"15083"	"GO:2000851"	5
"15084"	"GO:2000852"	5
"15085"	"GO:2000853"	5
"15086"	"GO:2000854"	5
"15087"	"GO:2000855"	5
"15088"	"GO:2000857"	5
"15089"	"GO:2000858"	5
"15090"	"GO:2000860"	5
"15091"	"GO:2000864"	5
"15092"	"GO:2000866"	5
"15093"	"GO:2000870"	5
"15094"	"GO:2000872"	23
"15095"	"GO:2000878"	23
"15096"	"GO:2000880"	23
"15097"	"GO:2000891"	49
"15098"	"GO:2000892"	49
"15099"	"GO:2000896"	49
"15100"	"GO:2000900"	49
"15101"	"GO:2000969"	23
"15102"	"GO:2000970"	20
"15103"	"GO:2000972"	20
"15104"	"GO:2000973"	39
"15105"	"GO:2000974"	39
"15106"	"GO:2000975"	7
"15107"	"GO:2000977"	39
"15108"	"GO:2000978"	39
"15109"	"GO:2000979"	7
"15110"	"GO:2000980"	39
"15111"	"GO:2000981"	39
"15112"	"GO:2000982"	7
"15113"	"GO:2000983"	19
"15114"	"GO:2000984"	19
"15115"	"GO:2000987"	53
"15116"	"GO:2001012"	3
"15117"	"GO:2001013"	41
"15118"	"GO:2001014"	39
"15119"	"GO:2001015"	39
"15120"	"GO:2001016"	7
"15121"	"GO:2001017"	23
"15122"	"GO:2001019"	23
"15123"	"GO:2001023"	20
"15124"	"GO:2001025"	20
"15125"	"GO:2001026"	30
"15126"	"GO:2001027"	20
"15127"	"GO:2001028"	35
"15128"	"GO:2001029"	46
"15129"	"GO:2001030"	46
"15130"	"GO:2001031"	46
"15131"	"GO:2001032"	2
"15132"	"GO:2001033"	2
"15133"	"GO:2001034"	2
"15134"	"GO:2001035"	7
"15135"	"GO:2001037"	7
"15136"	"GO:2001038"	20
"15137"	"GO:2001040"	20
"15138"	"GO:2001044"	9
"15139"	"GO:2001045"	20
"15140"	"GO:2001046"	35
"15141"	"GO:2001049"	7
"15142"	"GO:2001051"	7
"15143"	"GO:2001053"	36
"15144"	"GO:2001054"	36
"15145"	"GO:2001055"	36
"15146"	"GO:2001056"	28
"15147"	"GO:2001057"	16
"15148"	"GO:2001074"	7
"15149"	"GO:2001076"	7
"15150"	"GO:2001107"	19
"15151"	"GO:2001108"	19
"15152"	"GO:2001109"	41
"15153"	"GO:2001111"	41
"15154"	"GO:2001112"	20
"15155"	"GO:2001113"	20
"15156"	"GO:2001114"	20
"15157"	"GO:2001124"	4
"15158"	"GO:2001125"	4
"15159"	"GO:2001135"	23
"15160"	"GO:2001136"	23
"15161"	"GO:2001137"	23
"15162"	"GO:2001138"	23
"15163"	"GO:2001140"	23
"15164"	"GO:2001141"	27
"15165"	"GO:2001142"	12
"15166"	"GO:2001148"	23
"15167"	"GO:2001150"	23
"15168"	"GO:2001151"	53
"15169"	"GO:2001153"	53
"15170"	"GO:2001169"	40
"15171"	"GO:2001170"	46
"15172"	"GO:2001171"	40
"15173"	"GO:2001176"	8
"15174"	"GO:2001178"	8
"15175"	"GO:2001185"	13
"15176"	"GO:2001186"	13
"15177"	"GO:2001187"	13
"15178"	"GO:2001188"	13
"15179"	"GO:2001189"	13
"15180"	"GO:2001190"	13
"15181"	"GO:2001197"	11
"15182"	"GO:2001198"	13
"15183"	"GO:2001199"	39
"15184"	"GO:2001200"	13
"15185"	"GO:2001204"	7
"15186"	"GO:2001205"	39
"15187"	"GO:2001206"	7
"15188"	"GO:2001212"	39
"15189"	"GO:2001213"	39
"15190"	"GO:2001214"	7
"15191"	"GO:2001222"	30
"15192"	"GO:2001223"	39
"15193"	"GO:2001224"	30
"15194"	"GO:2001225"	23
"15195"	"GO:2001226"	23
"15196"	"GO:2001233"	44
"15197"	"GO:2001234"	44
"15198"	"GO:2001235"	44
"15199"	"GO:2001236"	44
"15200"	"GO:2001237"	44
"15201"	"GO:2001238"	44
"15202"	"GO:2001239"	44
"15203"	"GO:2001240"	36
"15204"	"GO:2001241"	20
"15205"	"GO:2001242"	44
"15206"	"GO:2001243"	44
"15207"	"GO:2001244"	44
"15208"	"GO:2001245"	46
"15209"	"GO:2001246"	46
"15210"	"GO:2001247"	46
"15211"	"GO:2001248"	46
"15212"	"GO:2001250"	46
"15213"	"GO:2001251"	22
"15214"	"GO:2001252"	2
"15215"	"GO:2001256"	34
"15216"	"GO:2001257"	51
"15217"	"GO:2001258"	51
"15218"	"GO:2001259"	51
"15219"	"GO:2001260"	20
"15220"	"GO:2001262"	20
"15221"	"GO:2001279"	46
"15222"	"GO:2001280"	46
"15223"	"GO:2001286"	23
"15224"	"GO:2001287"	23
"15225"	"GO:2001288"	23
"15226"	"GO:2001293"	40
"15227"	"GO:2001294"	40
"15228"	"GO:2001295"	40
"15229"	"GO:2001300"	27
"15230"	"GO:2001301"	27
"15231"	"GO:2001302"	27
"15232"	"GO:2001303"	27
"15233"	"GO:2001304"	15
"15234"	"GO:2001306"	27
"15235"	"GO:2001311"	27
